review_id,target_institution_id,target_programme_id,target_institution,target_programme,target_url,country,degree_level,discipline,field_name,resolution_level,final_value,target_scope,donor_institution,donor_programme,donor_value,donor_scope,provider,source_url,evidence_text,raw_document_id,support_count,combined_uncertainty,compatibility_reason
HQA-00011,oxford-uk-canary,00164ee0-24b0-5e69-8c8b-979d08113044,Oxford University,Mathematics and Computer Science,https://discoveruni.gov.uk/course-details/10007774/GG14/Full-time/,UK,bachelor,computer science,career_outcomes,H3,"{""data_period"": ""2021-23"", ""measure"": ""meaningfulness"", ""outcome_period"": ""15 months after graduation"", ""percentage"": 90, ""source"": ""Graduate Outcomes survey"", ""statement"": ""My current work is meaningful.""}",programme,Oxford University,Computer Science (3 or 4 years),"{""data_period"": ""2021-23"", ""measure"": ""meaningfulness"", ""outcome_period"": ""15 months after graduation"", ""percentage"": 90, ""source"": ""Graduate Outcomes survey"", ""statement"": ""My current work is meaningful.""}",programme,discover_uni_hesa,https://discoveruni.gov.uk/course-details/10007774/G400/Full-time/,90% Meaningfulness My current work is meaningful.,0c4dd25b-38b4-4b8d-8afd-2a1be734aafb,1,0.3403,HIERARCHICAL_DONOR_SELECTED
HQA-00012,oxford-uk-canary,00164ee0-24b0-5e69-8c8b-979d08113044,Oxford University,Mathematics and Computer Science,https://discoveruni.gov.uk/course-details/10007774/GG14/Full-time/,UK,bachelor,computer science,employment_outcomes,H3,"{""audience"": null, ""data_period"": ""2021-23"", ""occupation"": ""Information Technology Professionals"", ""outcome_period"": ""15 months after the course"", ""percentage"": 85, ""source"": ""Graduate Outcomes survey""}",programme,Oxford University,Computer Science (3 or 4 years),"{""audience"": null, ""data_period"": ""2021-23"", ""occupation"": ""Information Technology Professionals"", ""outcome_period"": ""15 months after the course"", ""percentage"": 85, ""source"": ""Graduate Outcomes survey""}",programme,discover_uni_hesa,https://discoveruni.gov.uk/course-details/10007774/G400/Full-time/,85% Information Technology Professionals,0c4dd25b-38b4-4b8d-8afd-2a1be734aafb,1,0.3403,HIERARCHICAL_DONOR_SELECTED
HQA-00115,manchester-uk-canary,056c787b-cb1e-526e-bb3d-9a731e339a19,The University of Manchester,Data Science,https://discoveruni.gov.uk/course-details/10007798/2571195/Full-time/,UK,bachelor,data science,programme_identity,H3,BSc (Hons) Computer Science,programme,The University of Manchester,Computer Science,BSc (Hons) Computer Science,programme,discover_uni_hesa,https://discoveruni.gov.uk/course-details/10007798/28/Full-time/,BSc (Hons) Computer Science,97877c20-4907-4527-80b9-bf0a1837029d,1,0.367,HIERARCHICAL_DONOR_SELECTED
HQA-00116,manchester-uk-canary,056c787b-cb1e-526e-bb3d-9a731e339a19,The University of Manchester,Data Science,https://discoveruni.gov.uk/course-details/10007798/2571195/Full-time/,UK,bachelor,data science,credential,H3,BSc (Hons),programme,The University of Manchester,Computer Science,BSc (Hons),programme,discover_uni_hesa,https://discoveruni.gov.uk/course-details/10007798/28/Full-time/,BSc (Hons) Computer Science,97877c20-4907-4527-80b9-bf0a1837029d,1,0.367,HIERARCHICAL_DONOR_SELECTED
HQA-00121,manchester-uk-canary,056c787b-cb1e-526e-bb3d-9a731e339a19,The University of Manchester,Data Science,https://discoveruni.gov.uk/course-details/10007798/2571195/Full-time/,UK,bachelor,data science,duration,H3,4 year course,programme,The University of Manchester,Computer Science,4 year course,programme,discover_uni_hesa,https://discoveruni.gov.uk/course-details/10007798/28/Full-time/,Length 4 year course,97877c20-4907-4527-80b9-bf0a1837029d,1,0.367,HIERARCHICAL_DONOR_SELECTED
HQA-00122,manchester-uk-canary,056c787b-cb1e-526e-bb3d-9a731e339a19,The University of Manchester,Data Science,https://discoveruni.gov.uk/course-details/10007798/2571195/Full-time/,UK,bachelor,data science,location,H3,Main Campus,programme,The University of Manchester,Computer Science,Main Campus,programme,discover_uni_hesa,https://discoveruni.gov.uk/course-details/10007798/28/Full-time/,Location : Main Campus,97877c20-4907-4527-80b9-bf0a1837029d,1,0.367,HIERARCHICAL_DONOR_SELECTED
HQA-00123,manchester-uk-canary,056c787b-cb1e-526e-bb3d-9a731e339a19,The University of Manchester,Data Science,https://discoveruni.gov.uk/course-details/10007798/2571195/Full-time/,UK,bachelor,data science,delivery_mode,H3,Full time,programme,The University of Manchester,Computer Science,Full time,programme,discover_uni_hesa,https://discoveruni.gov.uk/course-details/10007798/28/Full-time/,Study mode Full time,97877c20-4907-4527-80b9-bf0a1837029d,1,0.367,HIERARCHICAL_DONOR_SELECTED
HQA-00125,manchester-uk-canary,056c787b-cb1e-526e-bb3d-9a731e339a19,The University of Manchester,Data Science,https://discoveruni.gov.uk/course-details/10007798/2571195/Full-time/,UK,bachelor,data science,career_outcomes,H3,"{""metric"": ""work_meaningfulness"", ""percentage"": 80, ""period"": ""15 months after graduation"", ""population"": ""students graduating 2022-23""}",programme,The University of Manchester,Computer Science,"{""metric"": ""work_meaningfulness"", ""percentage"": 80, ""period"": ""15 months after graduation"", ""population"": ""students graduating 2022-23""}",programme,discover_uni_hesa,https://discoveruni.gov.uk/course-details/10007798/28/Full-time/,80% of graduates find their current work meaningful Source: Graduate Outcomes survey Data for students graduating 2022-23,97877c20-4907-4527-80b9-bf0a1837029d,1,0.367,HIERARCHICAL_DONOR_SELECTED
HQA-00126,manchester-uk-canary,056c787b-cb1e-526e-bb3d-9a731e339a19,The University of Manchester,Data Science,https://discoveruni.gov.uk/course-details/10007798/2571195/Full-time/,UK,bachelor,data science,employment_outcomes,H3,"{""audience"": null, ""metric"": ""occupation"", ""occupation"": ""Business and public service associate professionals"", ""percentage"": 5, ""period"": ""15 months after the course"", ""population"": ""students graduating 2022-23""}",programme,The University of Manchester,Computer Science,"{""audience"": null, ""metric"": ""occupation"", ""occupation"": ""Business and public service associate professionals"", ""percentage"": 5, ""period"": ""15 months after the course"", ""population"": ""students graduating 2022-23""}",programme,discover_uni_hesa,https://discoveruni.gov.uk/course-details/10007798/28/Full-time/,5% Business and public service associate professionals,97877c20-4907-4527-80b9-bf0a1837029d,1,0.367,HIERARCHICAL_DONOR_SELECTED
HQA-00271,scorecard-us-stage1-031,06cc4857-91a5-529b-9c56-bb6415e3e872,University of Illinois Chicago,University of Illinois Chicago Engineering,https://ed-public-download.scorecard.network/downloads/Most-Recent-Cohorts-Institution.zip?target=scorecard-us-stage1-031-b,US,bachelor,engineering,tuition,H2,USD 28448 / annual (international),institution,University of Illinois Chicago,,USD 28448 / annual (international),institution,college_scorecard_bulk,https://ed-public-download.scorecard.network/downloads/Most-Recent-Cohorts-Institution.zip,Annual tuition and fees for out-of-state students: 28448 [source column TUITIONFEE_OUT] (currency=USD; basis=annual; audience=international),c5f43040-3b24-4d76-97a5-f7ea3c68725e,1,0.3087,HIERARCHICAL_DONOR_SELECTED; institution-scoped finance context preserved (not programme tuition)
HQA-00309,harvard-us-canary,06e6e1c7-516e-521c-910b-5d397d4ec5a5,Harvard University,Harvard Computer Science (alternate),https://ed-public-download.scorecard.network/downloads/Most-Recent-Cohorts-Institution.zip?target=harvard-us-canary-b,US,bachelor,engineering,tuition,H2,USD 54002 / annual (international),institution,Harvard University,,USD 54002 / annual (international),institution,college_scorecard_bulk,https://ed-public-download.scorecard.network/downloads/Most-Recent-Cohorts-Institution.zip,Annual tuition and fees for out-of-state students: 54002 [source column TUITIONFEE_OUT] (currency=USD; basis=annual; audience=international),8445e0d3-ef6f-4bf3-89d0-1a864ae62a4d,1,0.3087,HIERARCHICAL_DONOR_SELECTED; institution-scoped finance context preserved (not programme tuition)
HQA-00347,scorecard-us-stage1-046,07ba2a88-3f5d-5be8-b27e-b38ad693eb6c,North Dakota State University-Main Campus,North Dakota State University-Main Campus Engineering,https://ed-public-download.scorecard.network/downloads/Most-Recent-Cohorts-Institution.zip?target=scorecard-us-stage1-046-b,US,bachelor,engineering,tuition,H2,USD 14471 / annual (international),institution,North Dakota State University-Main Campus,,USD 14471 / annual (international),institution,college_scorecard_bulk,https://ed-public-download.scorecard.network/downloads/Most-Recent-Cohorts-Institution.zip,Annual tuition and fees for out-of-state students: 14471 [source column TUITIONFEE_OUT] (currency=USD; basis=annual; audience=international),4a873f54-a461-4742-b2b4-02f131d16970,1,0.3087,HIERARCHICAL_DONOR_SELECTED; institution-scoped finance context preserved (not programme tuition)
HQA-00385,scorecard-us-stage1-020,07fb5ba7-f05e-5539-959d-cbb8fa5351d9,University of Central Florida,University of Central Florida Engineering,https://ed-public-download.scorecard.network/downloads/Most-Recent-Cohorts-Institution.zip?target=scorecard-us-stage1-020-b,US,bachelor,engineering,tuition,H2,USD 22467 / annual (international),institution,University of Central Florida,,USD 22467 / annual (international),institution,college_scorecard_bulk,https://ed-public-download.scorecard.network/downloads/Most-Recent-Cohorts-Institution.zip,Annual tuition and fees for out-of-state students: 22467 [source column TUITIONFEE_OUT] (currency=USD; basis=annual; audience=international),96bc1695-9c3b-4c34-b5d9-9dcc68be2591,1,0.3087,HIERARCHICAL_DONOR_SELECTED; institution-scoped finance context preserved (not programme tuition)
HQA-00423,epfl-ch-canary,08040d71-863c-55e5-bdae-b543a5522672,EPFL,EPFL Data Science,https://www.swissuniversities.ch/en/themen/lehre-studium/information-on-studies/tuition-fees/tuition-fees-at-universities?target=epfl-ch-canary-a,CH,master,data science,tuition,H2,CHF 2190 / per semester (international),institution,EPFL,,CHF 2190 / per semester (international),institution,swissuniversities_tuition,https://www.swissuniversities.ch/en/themen/lehre-studium/information-on-studies/tuition-fees/tuition-fees-at-universities,Foreign tuition: 2190 [literal matched-row value] (credential=Foreign tuition; currency=CHF; basis=per semester; audience=international; cycle=2026-2027),dabc92f9-d74b-4faa-8eeb-0bd4cbc43fce,1,0.2907,HIERARCHICAL_DONOR_SELECTED; institution-scoped finance context preserved (not programme tuition)
HQA-00424,epfl-ch-canary,08040d71-863c-55e5-bdae-b543a5522672,EPFL,EPFL Data Science,https://www.swissuniversities.ch/en/themen/lehre-studium/information-on-studies/tuition-fees/tuition-fees-at-universities?target=epfl-ch-canary-a,CH,master,data science,additional_fees,H2,CHF 25 / per semester,institution,EPFL,,CHF 25 / per semester,institution,swissuniversities_tuition,https://www.swissuniversities.ch/en/themen/lehre-studium/information-on-studies/tuition-fees/tuition-fees-at-universities,Other compulsory fees: 25 [literal matched-row value] (currency=CHF; basis=per semester; audience=all; cycle=2026-2027),dabc92f9-d74b-4faa-8eeb-0bd4cbc43fce,1,0.2907,HIERARCHICAL_DONOR_SELECTED; institution-scoped finance context preserved (not programme tuition)
HQA-00461,scorecard-us-stage1-047,087183cd-88d8-5380-828f-5f1c589845bd,University of Nebraska-Lincoln,University of Nebraska-Lincoln Engineering,https://ed-public-download.scorecard.network/downloads/Most-Recent-Cohorts-Institution.zip?target=scorecard-us-stage1-047-b,US,bachelor,engineering,tuition,H2,USD 26820 / annual (international),institution,University of Nebraska-Lincoln,,USD 26820 / annual (international),institution,college_scorecard_bulk,https://ed-public-download.scorecard.network/downloads/Most-Recent-Cohorts-Institution.zip,Annual tuition and fees for out-of-state students: 26820 [source column TUITIONFEE_OUT] (currency=USD; basis=annual; audience=international),57004e26-a725-432f-ab91-c2c683f0b87a,1,0.3087,HIERARCHICAL_DONOR_SELECTED; institution-scoped finance context preserved (not programme tuition)
HQA-00803,scorecard-us-stage1-061,0cdad72c-c49b-5049-b35d-3c61c4972feb,The University of Tennessee-Knoxville,The University of Tennessee-Knoxville Engineering,https://ed-public-download.scorecard.network/downloads/Most-Recent-Cohorts-Institution.zip?target=scorecard-us-stage1-061-b,US,bachelor,engineering,tuition,H2,USD 31664 / annual (international),institution,The University of Tennessee-Knoxville,,USD 31664 / annual (international),institution,college_scorecard_bulk,https://ed-public-download.scorecard.network/downloads/Most-Recent-Cohorts-Institution.zip,Annual tuition and fees for out-of-state students: 31664 [source column TUITIONFEE_OUT] (currency=USD; basis=annual; audience=international),1fd6b7e5-892d-4d96-b1f1-85176b24849f,1,0.3087,HIERARCHICAL_DONOR_SELECTED; institution-scoped finance context preserved (not programme tuition)
HQA-01255,discover-uk-stage1-001,1370d5b6-1a85-52bd-ab33-535fe62aeee9,Abingdon and Witney College,Business and Management Practice,https://discoveruni.gov.uk/en/course-details/10000055/FDA-BMP/Part-time/,UK,bachelor,business,programme_identity,H3,FdA Business and Management Practice,programme,Abingdon and Witney College,Business and Management Practice,FdA Business and Management Practice,programme,discover_uni_hesa,https://discoveruni.gov.uk/course-details/10000055/FDA-BMP/Full-time/,FdA Business and Management Practice,39c1f52c-8be8-4252-b5d2-7f00b0e4e35c,1,0.3403,HIERARCHICAL_DONOR_SELECTED
HQA-01256,discover-uk-stage1-001,1370d5b6-1a85-52bd-ab33-535fe62aeee9,Abingdon and Witney College,Business and Management Practice,https://discoveruni.gov.uk/en/course-details/10000055/FDA-BMP/Part-time/,UK,bachelor,business,credential,H3,FdA,programme,Abingdon and Witney College,Business and Management Practice,FdA,programme,discover_uni_hesa,https://discoveruni.gov.uk/course-details/10000055/FDA-BMP/Full-time/,FdA Business and Management Practice,39c1f52c-8be8-4252-b5d2-7f00b0e4e35c,1,0.3403,HIERARCHICAL_DONOR_SELECTED
HQA-01261,discover-uk-stage1-001,1370d5b6-1a85-52bd-ab33-535fe62aeee9,Abingdon and Witney College,Business and Management Practice,https://discoveruni.gov.uk/en/course-details/10000055/FDA-BMP/Part-time/,UK,bachelor,business,duration,H3,2 year course,programme,Abingdon and Witney College,Business and Management Practice,2 year course,programme,discover_uni_hesa,https://discoveruni.gov.uk/course-details/10000055/FDA-BMP/Full-time/,Length 2 year course,39c1f52c-8be8-4252-b5d2-7f00b0e4e35c,1,0.3403,HIERARCHICAL_DONOR_SELECTED
HQA-01262,discover-uk-stage1-001,1370d5b6-1a85-52bd-ab33-535fe62aeee9,Abingdon and Witney College,Business and Management Practice,https://discoveruni.gov.uk/en/course-details/10000055/FDA-BMP/Part-time/,UK,bachelor,business,location,H3,Abingdon and Witney College,programme,Abingdon and Witney College,Business and Management Practice,Abingdon and Witney College,programme,discover_uni_hesa,https://discoveruni.gov.uk/course-details/10000055/FDA-BMP/Full-time/,Location : Abingdon and Witney College,39c1f52c-8be8-4252-b5d2-7f00b0e4e35c,1,0.3403,HIERARCHICAL_DONOR_SELECTED
HQA-01263,discover-uk-stage1-001,1370d5b6-1a85-52bd-ab33-535fe62aeee9,Abingdon and Witney College,Business and Management Practice,https://discoveruni.gov.uk/en/course-details/10000055/FDA-BMP/Part-time/,UK,bachelor,business,delivery_mode,H3,Full time,programme,Abingdon and Witney College,Business and Management Practice,Full time,programme,discover_uni_hesa,https://discoveruni.gov.uk/course-details/10000055/FDA-BMP/Full-time/,Study mode Full time,39c1f52c-8be8-4252-b5d2-7f00b0e4e35c,1,0.3403,HIERARCHICAL_DONOR_SELECTED
HQA-01379,discover-uk-stage1-006,1494bc65-9315-5198-a797-81202c1520c0,The Arts University Bournemouth,Acting for Screen,https://discoveruni.gov.uk/en/course-details/10000385/BAACTF/Full-time/,UK,bachelor,other,career_outcomes,H3,"{""artistic_literary_and_media_occupations"": 30, ""business_and_public_service_associate_professionals"": 10, ""data_period"": ""students graduating 2021-23"", ""elementary_occupations"": 10, ""in_highly_skilled_work"": 50, ""in_other_work"": 30, ""in_unknown_work"": 20, ""leisure_travel_and_related_personal_service_occupations"": 5, ""metric"": ""occupation_types_15_months_after_course"", ""process_plant_and_machine_operatives"": 5, ""sales_occupations"": 10, ""source"": ""Graduate Outcomes survey"", ""teaching_professionals"": 5, ""welfare_and_housing_associate_professionals"": 5}",programme,The Arts University Bournemouth,Acting,"{""artistic_literary_and_media_occupations"": 30, ""business_and_public_service_associate_professionals"": 10, ""data_period"": ""students graduating 2021-23"", ""elementary_occupations"": 10, ""in_highly_skilled_work"": 50, ""in_other_work"": 30, ""in_unknown_work"": 20, ""leisure_travel_and_related_personal_service_occupations"": 5, ""metric"": ""occupation_types_15_months_after_course"", ""process_plant_and_machine_operatives"": 5, ""sales_occupations"": 10, ""source"": ""Graduate Outcomes survey"", ""teaching_professionals"": 5, ""welfare_and_housing_associate_professionals"": 5}",programme,discover_uni_hesa,https://discoveruni.gov.uk/course-details/10000385/BAACT/Full-time/,"50% In highly skilled work 30% Artistic, literary and media occupations 10% Business and public service associate professionals 5% Teaching Professionals 5% Welfare and housing associate professionals 30% In other work 10% Sales occupations 10% Elementary occupations 5% Leisure, travel and related personal service occupations 5% Process, plant and machine operatives 20% In unknown work",1d815bae-748e-41ac-8670-6aff5396f590,1,0.3403,HIERARCHICAL_DONOR_SELECTED
HQA-01677,princeton-us-canary,1bae0c84-4db6-52a9-b7ec-6d25cb566e33,Princeton University,Princeton Engineering,https://ed-public-download.scorecard.network/downloads/Most-Recent-Cohorts-Institution.zip?target=princeton-us-canary-a,US,master,engineering,tuition,H2,USD 48502 / annual (international),institution,Princeton University,,USD 48502 / annual (international),institution,college_scorecard_bulk,https://ed-public-download.scorecard.network/downloads/Most-Recent-Cohorts-Institution.zip,Annual tuition and fees for out-of-state students: 48502 [source column TUITIONFEE_OUT] (currency=USD; basis=annual; audience=international),af322480-3cb1-4a51-b922-4d2d9eaccb1c,1,0.3087,HIERARCHICAL_DONOR_SELECTED; institution-scoped finance context preserved (not programme tuition)
HQA-01753,scorecard-us-stage1-062,1cff6d4c-d70c-5246-9300-34f8f80bb2e3,Texas A & M University-College Station,Texas A & M University-College Station Engineering,https://ed-public-download.scorecard.network/downloads/Most-Recent-Cohorts-Institution.zip?target=scorecard-us-stage1-062-b,US,bachelor,engineering,tuition,H2,USD 39340 / annual (international),institution,Texas A & M University-College Station,,USD 39340 / annual (international),institution,college_scorecard_bulk,https://ed-public-download.scorecard.network/downloads/Most-Recent-Cohorts-Institution.zip,Annual tuition and fees for out-of-state students: 39340 [source column TUITIONFEE_OUT] (currency=USD; basis=annual; audience=international),c87140c5-8e2f-4534-b6df-f70e07ab3cb7,1,0.3087,HIERARCHICAL_DONOR_SELECTED; institution-scoped finance context preserved (not programme tuition)
HQA-01943,scorecard-us-stage1-037,1f31e079-6f54-5976-af80-0d23c0594968,University of Massachusetts-Amherst,University of Massachusetts-Amherst Engineering,https://ed-public-download.scorecard.network/downloads/Most-Recent-Cohorts-Institution.zip?target=scorecard-us-stage1-037-b,US,bachelor,engineering,tuition,H2,USD 36427 / annual (international),institution,University of Massachusetts-Amherst,,USD 36427 / annual (international),institution,college_scorecard_bulk,https://ed-public-download.scorecard.network/downloads/Most-Recent-Cohorts-Institution.zip,Annual tuition and fees for out-of-state students: 36427 [source column TUITIONFEE_OUT] (currency=USD; basis=annual; audience=international),8d8dcd63-75b5-42c2-8378-ec799049a5c2,1,0.3087,HIERARCHICAL_DONOR_SELECTED; institution-scoped finance context preserved (not programme tuition)
HQA-01981,basel-ch-canary,1fa25dc8-b853-590d-8481-27668ce3a81d,University of Basel,University of Basel Engineering,https://www.swissuniversities.ch/en/themen/lehre-studium/information-on-studies/tuition-fees/tuition-fees-at-universities?target=basel-ch-canary-b,CH,bachelor,engineering,tuition,H2,CHF 850 / per semester (international),institution,University of Basel,,CHF 850 / per semester (international),institution,swissuniversities_tuition,https://www.swissuniversities.ch/en/themen/lehre-studium/information-on-studies/tuition-fees/tuition-fees-at-universities,Foreign tuition: 850 [literal matched-row value] (credential=Foreign tuition; currency=CHF; basis=per semester; audience=international; cycle=2026-2027),8c2c5a87-220d-4998-aaab-0dca3d66f4a1,1,0.2907,HIERARCHICAL_DONOR_SELECTED; institution-scoped finance context preserved (not programme tuition)
HQA-01982,basel-ch-canary,1fa25dc8-b853-590d-8481-27668ce3a81d,University of Basel,University of Basel Engineering,https://www.swissuniversities.ch/en/themen/lehre-studium/information-on-studies/tuition-fees/tuition-fees-at-universities?target=basel-ch-canary-b,CH,bachelor,engineering,additional_fees,H2,CHF 100 / per semester,institution,University of Basel,,CHF 100 / per semester,institution,swissuniversities_tuition,https://www.swissuniversities.ch/en/themen/lehre-studium/information-on-studies/tuition-fees/tuition-fees-at-universities,Other compulsory fees: 100 [literal matched-row value] (currency=CHF; basis=per semester; audience=all; cycle=2026-2027),8c2c5a87-220d-4998-aaab-0dca3d66f4a1,1,0.2907,HIERARCHICAL_DONOR_SELECTED; institution-scoped finance context preserved (not programme tuition)
HQA-02015,nottingham-uk-canary,203e027d-3bf3-57ca-9bf7-6bcaf82a909a,University of Nottingham,Computer Science,https://discoveruni.gov.uk/course-details/10007154/G404/Full-time/,UK,bachelor,computer science,programme_identity,H3,BSc (Hons) Computer Science,programme,University of Nottingham,Computer Science,BSc (Hons) Computer Science,programme,discover_uni_hesa,https://discoveruni.gov.uk/course-details/10007154/G400/Full-time/,BSc (Hons) Computer Science,88e2f3a4-7810-4c98-9526-09db818fa4cb,1,0.3403,HIERARCHICAL_DONOR_SELECTED
HQA-02016,nottingham-uk-canary,203e027d-3bf3-57ca-9bf7-6bcaf82a909a,University of Nottingham,Computer Science,https://discoveruni.gov.uk/course-details/10007154/G404/Full-time/,UK,bachelor,computer science,credential,H3,BSc (Hons),programme,University of Nottingham,Computer Science,BSc (Hons),programme,discover_uni_hesa,https://discoveruni.gov.uk/course-details/10007154/G400/Full-time/,BSc (Hons) Computer Science,88e2f3a4-7810-4c98-9526-09db818fa4cb,1,0.3403,HIERARCHICAL_DONOR_SELECTED
HQA-02021,nottingham-uk-canary,203e027d-3bf3-57ca-9bf7-6bcaf82a909a,University of Nottingham,Computer Science,https://discoveruni.gov.uk/course-details/10007154/G404/Full-time/,UK,bachelor,computer science,duration,H3,3 year course,programme,University of Nottingham,Computer Science,3 year course,programme,discover_uni_hesa,https://discoveruni.gov.uk/course-details/10007154/G400/Full-time/,Length 3 year course,88e2f3a4-7810-4c98-9526-09db818fa4cb,1,0.3403,HIERARCHICAL_DONOR_SELECTED
HQA-02022,nottingham-uk-canary,203e027d-3bf3-57ca-9bf7-6bcaf82a909a,University of Nottingham,Computer Science,https://discoveruni.gov.uk/course-details/10007154/G404/Full-time/,UK,bachelor,computer science,location,H3,The University of Nottingham,programme,University of Nottingham,Computer Science,The University of Nottingham,programme,discover_uni_hesa,https://discoveruni.gov.uk/course-details/10007154/G400/Full-time/,Location : The University of Nottingham,88e2f3a4-7810-4c98-9526-09db818fa4cb,1,0.3403,HIERARCHICAL_DONOR_SELECTED
HQA-02023,nottingham-uk-canary,203e027d-3bf3-57ca-9bf7-6bcaf82a909a,University of Nottingham,Computer Science,https://discoveruni.gov.uk/course-details/10007154/G404/Full-time/,UK,bachelor,computer science,delivery_mode,H3,Full time,programme,University of Nottingham,Computer Science,Full time,programme,discover_uni_hesa,https://discoveruni.gov.uk/course-details/10007154/G400/Full-time/,Study mode Full time,88e2f3a4-7810-4c98-9526-09db818fa4cb,1,0.3403,HIERARCHICAL_DONOR_SELECTED
HQA-02025,nottingham-uk-canary,203e027d-3bf3-57ca-9bf7-6bcaf82a909a,University of Nottingham,Computer Science,https://discoveruni.gov.uk/course-details/10007154/G404/Full-time/,UK,bachelor,computer science,career_outcomes,H3,GBP 35000 / 15 months after the course,programme,University of Nottingham,Computer Science,GBP 35000 / 15 months after the course,programme,discover_uni_hesa,https://discoveruni.gov.uk/course-details/10007154/G400/Full-time/,"Median Earnings £35,000 15 months after the course for Computer science graduates at The University of Nottingham",88e2f3a4-7810-4c98-9526-09db818fa4cb,1,0.3403,HIERARCHICAL_DONOR_SELECTED
HQA-02026,nottingham-uk-canary,203e027d-3bf3-57ca-9bf7-6bcaf82a909a,University of Nottingham,Computer Science,https://discoveruni.gov.uk/course-details/10007154/G404/Full-time/,UK,bachelor,computer science,employment_outcomes,H3,"{""audience"": null, ""metric"": ""in_highly_skilled_work"", ""percentage"": 90, ""period"": ""15 months after the course"", ""population"": ""students graduating 2022-23""}",programme,University of Nottingham,Computer Science,"{""audience"": null, ""metric"": ""in_highly_skilled_work"", ""percentage"": 90, ""period"": ""15 months after the course"", ""population"": ""students graduating 2022-23""}",programme,discover_uni_hesa,https://discoveruni.gov.uk/course-details/10007154/G400/Full-time/,90% In highly skilled work,88e2f3a4-7810-4c98-9526-09db818fa4cb,1,0.3403,HIERARCHICAL_DONOR_SELECTED
HQA-02209,scorecard-us-stage1-008,225df47f-c7f1-50e6-8812-99c1bee2924f,University of Arizona,University of Arizona Engineering,https://ed-public-download.scorecard.network/downloads/Most-Recent-Cohorts-Institution.zip?target=scorecard-us-stage1-008-b,US,bachelor,engineering,tuition,H2,USD 36743 / annual (international),institution,University of Arizona,,USD 36743 / annual (international),institution,college_scorecard_bulk,https://ed-public-download.scorecard.network/downloads/Most-Recent-Cohorts-Institution.zip,Annual tuition and fees for out-of-state students: 36743 [source column TUITIONFEE_OUT] (currency=USD; basis=annual; audience=international),fe991c83-c2c2-4708-946a-59afd84febb2,1,0.3087,HIERARCHICAL_DONOR_SELECTED; institution-scoped finance context preserved (not programme tuition)
HQA-02323,scorecard-us-stage1-026,23b333c1-8505-5a89-af1a-a588e5894701,University of Hawaii at Manoa,University of Hawaii at Manoa Engineering,https://ed-public-download.scorecard.network/downloads/Most-Recent-Cohorts-Institution.zip?target=scorecard-us-stage1-026-b,US,bachelor,engineering,tuition,H2,USD 34218 / annual (international),institution,University of Hawaii at Manoa,,USD 34218 / annual (international),institution,college_scorecard_bulk,https://ed-public-download.scorecard.network/downloads/Most-Recent-Cohorts-Institution.zip,Annual tuition and fees for out-of-state students: 34218 [source column TUITIONFEE_OUT] (currency=USD; basis=annual; audience=international),e06484d6-e475-4870-ba00-f9d682ac8b22,1,0.3087,HIERARCHICAL_DONOR_SELECTED; institution-scoped finance context preserved (not programme tuition)
HQA-02437,scorecard-us-stage1-050,260a70ab-598d-5e73-a90c-f0f3f8798deb,University of New Mexico-Main Campus,University of New Mexico-Main Campus Engineering,https://ed-public-download.scorecard.network/downloads/Most-Recent-Cohorts-Institution.zip?target=scorecard-us-stage1-050-b,US,bachelor,engineering,tuition,H2,USD 24499 / annual (international),institution,University of New Mexico-Main Campus,,USD 24499 / annual (international),institution,college_scorecard_bulk,https://ed-public-download.scorecard.network/downloads/Most-Recent-Cohorts-Institution.zip,Annual tuition and fees for out-of-state students: 24499 [source column TUITIONFEE_OUT] (currency=USD; basis=annual; audience=international),f3363a99-29f3-401a-9010-6869d4d863c7,1,0.3087,HIERARCHICAL_DONOR_SELECTED; institution-scoped finance context preserved (not programme tuition)
HQA-02513,eth-zurich-ch-canary,287d21b6-9988-5ab2-8760-73790ce41946,ETH Zurich,ETH Zurich Data Science,https://www.swissuniversities.ch/en/themen/lehre-studium/information-on-studies/tuition-fees/tuition-fees-at-universities?target=eth-zurich-ch-canary-a,CH,master,data science,tuition,H2,CHF 2190 / per semester (international),institution,ETH Zurich,,CHF 2190 / per semester (international),institution,swissuniversities_tuition,https://www.swissuniversities.ch/en/themen/lehre-studium/information-on-studies/tuition-fees/tuition-fees-at-universities,Foreign tuition: 2190 [literal matched-row value] (credential=Foreign tuition; currency=CHF; basis=per semester; audience=international; cycle=2026-2027),c86c0b8d-1303-47ff-942e-a4807ac121be,1,0.2907,HIERARCHICAL_DONOR_SELECTED; institution-scoped finance context preserved (not programme tuition)
HQA-02514,eth-zurich-ch-canary,287d21b6-9988-5ab2-8760-73790ce41946,ETH Zurich,ETH Zurich Data Science,https://www.swissuniversities.ch/en/themen/lehre-studium/information-on-studies/tuition-fees/tuition-fees-at-universities?target=eth-zurich-ch-canary-a,CH,master,data science,additional_fees,H2,CHF 74 / per semester,institution,ETH Zurich,,CHF 74 / per semester,institution,swissuniversities_tuition,https://www.swissuniversities.ch/en/themen/lehre-studium/information-on-studies/tuition-fees/tuition-fees-at-universities,Other compulsory fees: 74 [literal matched-row value] (currency=CHF; basis=per semester; audience=all; cycle=2026-2027),c86c0b8d-1303-47ff-942e-a4807ac121be,1,0.2907,HIERARCHICAL_DONOR_SELECTED; institution-scoped finance context preserved (not programme tuition)
HQA-02551,scorecard-us-stage1-034,289ac7af-67d4-551c-afd2-e9801d14fd31,University of Kansas,University of Kansas Engineering,https://ed-public-download.scorecard.network/downloads/Most-Recent-Cohorts-Institution.zip?target=scorecard-us-stage1-034-b,US,bachelor,engineering,tuition,H2,USD 28034 / annual (international),institution,University of Kansas,,USD 28034 / annual (international),institution,college_scorecard_bulk,https://ed-public-download.scorecard.network/downloads/Most-Recent-Cohorts-Institution.zip,Annual tuition and fees for out-of-state students: 28034 [source column TUITIONFEE_OUT] (currency=USD; basis=annual; audience=international),a584809b-7965-49da-a0c4-771a6f9d6d63,1,0.3087,HIERARCHICAL_DONOR_SELECTED; institution-scoped finance context preserved (not programme tuition)
HQA-02627,scorecard-us-stage1-041,29340572-1f42-521e-ae17-360aea50d942,University of Minnesota-Twin Cities,University of Minnesota-Twin Cities Engineering,https://ed-public-download.scorecard.network/downloads/Most-Recent-Cohorts-Institution.zip?target=scorecard-us-stage1-041-b,US,bachelor,engineering,tuition,H2,USD 33325 / annual (international),institution,University of Minnesota-Twin Cities,,USD 33325 / annual (international),institution,college_scorecard_bulk,https://ed-public-download.scorecard.network/downloads/Most-Recent-Cohorts-Institution.zip,Annual tuition and fees for out-of-state students: 33325 [source column TUITIONFEE_OUT] (currency=USD; basis=annual; audience=international),10d0c78c-2934-4d69-a4f9-b38293d24a0d,1,0.3087,HIERARCHICAL_DONOR_SELECTED; institution-scoped finance context preserved (not programme tuition)
HQA-02861,discover-uk-stage1-018,2b10d957-eb9b-5583-b2bb-fc1c741a300b,Bournemouth University,Accounting,https://discoveruni.gov.uk/en/course-details/10000824/BAACS_N423/Full-time/,UK,bachelor,other,career_outcomes,H3,"{""data_period"": ""students graduating 2021-23"", ""measure"": ""graduates find their current work meaningful"", ""note"": ""data displayed is from students on this and other courses in Finance"", ""outcome_period"": ""15 months after graduation"", ""percentage"": 80}",programme,Bournemouth University,Accounting and Finance,"{""data_period"": ""students graduating 2021-23"", ""measure"": ""graduates find their current work meaningful"", ""note"": ""data displayed is from students on this and other courses in Finance"", ""outcome_period"": ""15 months after graduation"", ""percentage"": 80}",programme,discover_uni_hesa,https://discoveruni.gov.uk/course-details/10000824/BAAFS_N420/Full-time/,80% of graduates find their current work meaningful,1a40bedf-576c-4132-a997-02f5bf4e60a9,1,0.3403,HIERARCHICAL_DONOR_SELECTED
HQA-02862,discover-uk-stage1-018,2b10d957-eb9b-5583-b2bb-fc1c741a300b,Bournemouth University,Accounting,https://discoveruni.gov.uk/en/course-details/10000824/BAACS_N423/Full-time/,UK,bachelor,other,employment_outcomes,H3,"{""audience"": null, ""data_period"": ""students graduating 2021-23"", ""occupation"": ""Managers, directors and senior officials"", ""outcome_period"": ""15 months after the course"", ""percentage"": 5}",programme,Bournemouth University,Accounting and Finance,"{""audience"": null, ""data_period"": ""students graduating 2021-23"", ""occupation"": ""Managers, directors and senior officials"", ""outcome_period"": ""15 months after the course"", ""percentage"": 5}",programme,discover_uni_hesa,https://discoveruni.gov.uk/course-details/10000824/BAAFS_N420/Full-time/,"5% Managers, directors and senior officials",1a40bedf-576c-4132-a997-02f5bf4e60a9,1,0.3403,HIERARCHICAL_DONOR_SELECTED
HQA-02893,bern-ch-canary,2b6b45e5-a934-5676-ab10-f02491fef076,University of Bern,University of Bern Engineering,https://www.swissuniversities.ch/en/themen/lehre-studium/information-on-studies/tuition-fees/tuition-fees-at-universities?target=bern-ch-canary-b,CH,bachelor,engineering,tuition,H2,CHF 850 / per semester (international),institution,University of Bern,,CHF 850 / per semester (international),institution,swissuniversities_tuition,https://www.swissuniversities.ch/en/themen/lehre-studium/information-on-studies/tuition-fees/tuition-fees-at-universities,Foreign tuition: 850 [literal matched-row value] (credential=Foreign tuition; currency=CHF; basis=per semester; audience=international; cycle=2026-2027),83163a99-30f5-49c3-83dc-60e3417454de,1,0.2907,HIERARCHICAL_DONOR_SELECTED; institution-scoped finance context preserved (not programme tuition)
HQA-02894,bern-ch-canary,2b6b45e5-a934-5676-ab10-f02491fef076,University of Bern,University of Bern Engineering,https://www.swissuniversities.ch/en/themen/lehre-studium/information-on-studies/tuition-fees/tuition-fees-at-universities?target=bern-ch-canary-b,CH,bachelor,engineering,additional_fees,H2,CHF 2550 / per semester,institution,University of Bern,,CHF 2550 / per semester,institution,swissuniversities_tuition,https://www.swissuniversities.ch/en/themen/lehre-studium/information-on-studies/tuition-fees/tuition-fees-at-universities,Other compulsory fees: 2550 [literal matched-row value] (currency=CHF; basis=per semester; audience=all; cycle=2026-2027),83163a99-30f5-49c3-83dc-60e3417454de,1,0.2907,HIERARCHICAL_DONOR_SELECTED; institution-scoped finance context preserved (not programme tuition)
HQA-03273,epfl-ch-canary,31142093-9075-5d8c-8037-92ac8cae54dd,EPFL,EPFL Engineering,https://www.swissuniversities.ch/en/themen/lehre-studium/information-on-studies/tuition-fees/tuition-fees-at-universities?target=epfl-ch-canary-b,CH,bachelor,engineering,tuition,H2,CHF 2190 / per semester (international),institution,EPFL,,CHF 2190 / per semester (international),institution,swissuniversities_tuition,https://www.swissuniversities.ch/en/themen/lehre-studium/information-on-studies/tuition-fees/tuition-fees-at-universities,Foreign tuition: 2190 [literal matched-row value] (credential=Foreign tuition; currency=CHF; basis=per semester; audience=international; cycle=2026-2027),dabc92f9-d74b-4faa-8eeb-0bd4cbc43fce,1,0.2907,HIERARCHICAL_DONOR_SELECTED; institution-scoped finance context preserved (not programme tuition)
HQA-03274,epfl-ch-canary,31142093-9075-5d8c-8037-92ac8cae54dd,EPFL,EPFL Engineering,https://www.swissuniversities.ch/en/themen/lehre-studium/information-on-studies/tuition-fees/tuition-fees-at-universities?target=epfl-ch-canary-b,CH,bachelor,engineering,additional_fees,H2,CHF 25 / per semester,institution,EPFL,,CHF 25 / per semester,institution,swissuniversities_tuition,https://www.swissuniversities.ch/en/themen/lehre-studium/information-on-studies/tuition-fees/tuition-fees-at-universities,Other compulsory fees: 25 [literal matched-row value] (currency=CHF; basis=per semester; audience=all; cycle=2026-2027),dabc92f9-d74b-4faa-8eeb-0bd4cbc43fce,1,0.2907,HIERARCHICAL_DONOR_SELECTED; institution-scoped finance context preserved (not programme tuition)
HQA-03311,scorecard-us-stage1-042,32bb3fde-8d73-58b3-b066-ce33a97cc3ec,University of Missouri-Columbia,University of Missouri-Columbia Engineering,https://ed-public-download.scorecard.network/downloads/Most-Recent-Cohorts-Institution.zip?target=scorecard-us-stage1-042-b,US,bachelor,engineering,tuition,H2,USD 29005 / annual (international),institution,University of Missouri-Columbia,,USD 29005 / annual (international),institution,college_scorecard_bulk,https://ed-public-download.scorecard.network/downloads/Most-Recent-Cohorts-Institution.zip,Annual tuition and fees for out-of-state students: 29005 [source column TUITIONFEE_OUT] (currency=USD; basis=annual; audience=international),d1c83e45-f499-4077-8dcb-7a418cc289d8,1,0.3087,HIERARCHICAL_DONOR_SELECTED; institution-scoped finance context preserved (not programme tuition)
HQA-03349,scorecard-us-stage1-051,338ab231-450c-5f5a-820e-362d346e2338,University of Nevada-Las Vegas,University of Nevada-Las Vegas Engineering,https://ed-public-download.scorecard.network/downloads/Most-Recent-Cohorts-Institution.zip?target=scorecard-us-stage1-051-b,US,bachelor,engineering,tuition,H2,USD 24338 / annual (international),institution,University of Nevada-Las Vegas,,USD 24338 / annual (international),institution,college_scorecard_bulk,https://ed-public-download.scorecard.network/downloads/Most-Recent-Cohorts-Institution.zip,Annual tuition and fees for out-of-state students: 24338 [source column TUITIONFEE_OUT] (currency=USD; basis=annual; audience=international),9d5681a3-feae-460c-be55-7e483da80a6e,1,0.3087,HIERARCHICAL_DONOR_SELECTED; institution-scoped finance context preserved (not programme tuition)
HQA-03501,st-gallen-ch-canary,35fd3eae-11a5-503d-964d-3dfc0c609680,University of St. Gallen,University of St. Gallen Data Science,https://www.swissuniversities.ch/en/themen/lehre-studium/information-on-studies/tuition-fees/tuition-fees-at-universities?target=st-gallen-ch-canary-a,CH,master,data science,tuition,H2,CHF 1070 / per semester (international),institution,University of St. Gallen,,CHF 1070 / per semester (international),institution,swissuniversities_tuition,https://www.swissuniversities.ch/en/themen/lehre-studium/information-on-studies/tuition-fees/tuition-fees-at-universities,Foreign tuition: 1070 [literal matched-row value] (credential=Foreign tuition; currency=CHF; basis=per semester; audience=international; cycle=2026-2027),d242b659-a7d2-487b-a751-b2f867fc1f1e,1,0.2907,HIERARCHICAL_DONOR_SELECTED; institution-scoped finance context preserved (not programme tuition)
HQA-03502,st-gallen-ch-canary,35fd3eae-11a5-503d-964d-3dfc0c609680,University of St. Gallen,University of St. Gallen Data Science,https://www.swissuniversities.ch/en/themen/lehre-studium/information-on-studies/tuition-fees/tuition-fees-at-universities?target=st-gallen-ch-canary-a,CH,master,data science,additional_fees,H2,CHF 1284 / per semester,institution,University of St. Gallen,,CHF 1284 / per semester,institution,swissuniversities_tuition,https://www.swissuniversities.ch/en/themen/lehre-studium/information-on-studies/tuition-fees/tuition-fees-at-universities,Other compulsory fees: 1284 [literal matched-row value] (currency=CHF; basis=per semester; audience=all; cycle=2026-2027),d242b659-a7d2-487b-a751-b2f867fc1f1e,1,0.2907,HIERARCHICAL_DONOR_SELECTED; institution-scoped finance context preserved (not programme tuition)
HQA-03545,cambridge-uk-canary,363052cb-99e3-5cb4-bfc4-512e4dc078a2,University of Cambridge,Natural Sciences,https://discoveruni.gov.uk/course-details/10007788/UG_NSTX/Full-time/,UK,bachelor,computer science,career_outcomes,H3,"{""cohort"": ""Computer science graduates at University of Cambridge"", ""currency"": ""GBP"", ""data_source"": ""Graduate Outcomes survey"", ""median_earnings"": 55000, ""period"": ""15 months after the course"", ""typical_range"": ""£40,000 - £80,000""}",programme,University of Cambridge,Computer Science,"{""cohort"": ""Computer science graduates at University of Cambridge"", ""currency"": ""GBP"", ""data_source"": ""Graduate Outcomes survey"", ""median_earnings"": 55000, ""period"": ""15 months after the course"", ""typical_range"": ""£40,000 - £80,000""}",programme,discover_uni_hesa,https://discoveruni.gov.uk/course-details/10007788/UG_CSTX/Full-time/,"Median Earnings £55,000 15 months after the course for Computer science graduates at University of Cambridge",56e7fa50-d7e4-4976-81fd-224ea4fb6687,1,0.3403,HIERARCHICAL_DONOR_SELECTED
HQA-03725,discover-uk-stage1-022,3a574afc-69e2-5f98-8d89-a358555d61bb,Bristol Baptist College,"Theology, Ministry and Mission",https://discoveruni.gov.uk/en/course-details/10000894/DIPTMM/Full-time/,UK,bachelor,other,programme_identity,H3,"Theology, Ministry and Mission",programme,Bristol Baptist College,"Theology, Ministry and Mission","Theology, Ministry and Mission",programme,discover_uni_hesa,https://discoveruni.gov.uk/course-details/10000894/BATMM/Full-time/,"Theology, Ministry and Mission at Bristol Baptist College",a06ebeb2-d804-41f7-9ef9-110521fe76fd,1,0.3403,HIERARCHICAL_DONOR_SELECTED
HQA-03726,discover-uk-stage1-022,3a574afc-69e2-5f98-8d89-a358555d61bb,Bristol Baptist College,"Theology, Ministry and Mission",https://discoveruni.gov.uk/en/course-details/10000894/DIPTMM/Full-time/,UK,bachelor,other,credential,H3,BA (Hons),programme,Bristol Baptist College,"Theology, Ministry and Mission",BA (Hons),programme,discover_uni_hesa,https://discoveruni.gov.uk/course-details/10000894/BATMM/Full-time/,"BA (Hons) Theology, Ministry and Mission",a06ebeb2-d804-41f7-9ef9-110521fe76fd,1,0.3403,HIERARCHICAL_DONOR_SELECTED
HQA-03731,discover-uk-stage1-022,3a574afc-69e2-5f98-8d89-a358555d61bb,Bristol Baptist College,"Theology, Ministry and Mission",https://discoveruni.gov.uk/en/course-details/10000894/DIPTMM/Full-time/,UK,bachelor,other,duration,H3,3 year course,programme,Bristol Baptist College,"Theology, Ministry and Mission",3 year course,programme,discover_uni_hesa,https://discoveruni.gov.uk/course-details/10000894/BATMM/Full-time/,Length 3 year course,a06ebeb2-d804-41f7-9ef9-110521fe76fd,1,0.3403,HIERARCHICAL_DONOR_SELECTED
HQA-03732,discover-uk-stage1-022,3a574afc-69e2-5f98-8d89-a358555d61bb,Bristol Baptist College,"Theology, Ministry and Mission",https://discoveruni.gov.uk/en/course-details/10000894/DIPTMM/Full-time/,UK,bachelor,other,location,H3,Bristol Baptist College,programme,Bristol Baptist College,"Theology, Ministry and Mission",Bristol Baptist College,programme,discover_uni_hesa,https://discoveruni.gov.uk/course-details/10000894/BATMM/Full-time/,Location : Bristol Baptist College,a06ebeb2-d804-41f7-9ef9-110521fe76fd,1,0.3403,HIERARCHICAL_DONOR_SELECTED
HQA-03733,discover-uk-stage1-022,3a574afc-69e2-5f98-8d89-a358555d61bb,Bristol Baptist College,"Theology, Ministry and Mission",https://discoveruni.gov.uk/en/course-details/10000894/DIPTMM/Full-time/,UK,bachelor,other,delivery_mode,H3,Full time,programme,Bristol Baptist College,"Theology, Ministry and Mission",Full time,programme,discover_uni_hesa,https://discoveruni.gov.uk/course-details/10000894/BATMM/Full-time/,Study mode Full time,a06ebeb2-d804-41f7-9ef9-110521fe76fd,1,0.3403,HIERARCHICAL_DONOR_SELECTED
HQA-03767,scorecard-us-stage1-002,3a6e318d-36ca-56b1-8a22-16d8c4f01e40,University of Alaska Fairbanks,University of Alaska Fairbanks Engineering,https://ed-public-download.scorecard.network/downloads/Most-Recent-Cohorts-Institution.zip?target=scorecard-us-stage1-002-b,US,bachelor,engineering,tuition,H2,USD 21312 / annual (international),institution,University of Alaska Fairbanks,,USD 21312 / annual (international),institution,college_scorecard_bulk,https://ed-public-download.scorecard.network/downloads/Most-Recent-Cohorts-Institution.zip,Annual tuition and fees for out-of-state students: 21312 [source column TUITIONFEE_OUT] (currency=USD; basis=annual; audience=international),789dee9e-38c9-43fc-b8c2-1548bded5a2e,1,0.3087,HIERARCHICAL_DONOR_SELECTED; institution-scoped finance context preserved (not programme tuition)
HQA-03881,scorecard-us-stage1-070,3b4397b9-9684-5cda-9a3f-0c5b81ef6dd3,University of Wyoming,University of Wyoming Engineering,https://ed-public-download.scorecard.network/downloads/Most-Recent-Cohorts-Institution.zip?target=scorecard-us-stage1-070-b,US,bachelor,engineering,tuition,H2,USD 19531 / annual (international),institution,University of Wyoming,,USD 19531 / annual (international),institution,college_scorecard_bulk,https://ed-public-download.scorecard.network/downloads/Most-Recent-Cohorts-Institution.zip,Annual tuition and fees for out-of-state students: 19531 [source column TUITIONFEE_OUT] (currency=USD; basis=annual; audience=international),760040b5-a2b3-4581-8677-7735c40bb783,1,0.3087,HIERARCHICAL_DONOR_SELECTED; institution-scoped finance context preserved (not programme tuition)
HQA-03963,discover-uk-stage1-016,3de52a35-3c2d-58bb-9e06-01d688b47671,Boston College,Leadership & Management,https://discoveruni.gov.uk/en/course-details/10000812/113985/Full-time/,UK,bachelor,business,career_outcomes,H3,GBP 12500 / 3 years after the course,programme,Boston College,Film & Television,GBP 12500 / 3 years after the course,programme,discover_uni_hesa,https://discoveruni.gov.uk/course-details/10000812/1007595/Full-time/,"Median Earnings £12,500 3 years after the course for Design, and creative and performing arts graduates at Boston College",4d50f66f-cc5b-4918-9913-66922ac6d75d,1,0.367,HIERARCHICAL_DONOR_SELECTED
HQA-04071,scorecard-us-stage1-028,41e55e4b-2b18-5507-b46a-8e42182d9a13,University of Iowa,University of Iowa Engineering,https://ed-public-download.scorecard.network/downloads/Most-Recent-Cohorts-Institution.zip?target=scorecard-us-stage1-028-b,US,bachelor,engineering,tuition,H2,USD 31569 / annual (international),institution,University of Iowa,,USD 31569 / annual (international),institution,college_scorecard_bulk,https://ed-public-download.scorecard.network/downloads/Most-Recent-Cohorts-Institution.zip,Annual tuition and fees for out-of-state students: 31569 [source column TUITIONFEE_OUT] (currency=USD; basis=annual; audience=international),3e78ff6b-d217-49cd-83f6-dc18920d296b,1,0.3087,HIERARCHICAL_DONOR_SELECTED; institution-scoped finance context preserved (not programme tuition)
HQA-04153,discover-uk-stage1-011,43850490-0520-5cca-b9a2-0b1b84156049,University College Birmingham,Airport And Aviation Management,https://discoveruni.gov.uk/en/course-details/10000712/BA_AAM/Full-time/,UK,bachelor,business,career_outcomes,H3,"{""data_period"": ""students graduating 2022-23"", ""future_fit"": ""80%"", ""meaningfulness"": ""75%"", ""metric"": ""graduate_perceptions_of_work"", ""respondents"": 15, ""response_rate"": ""55%"", ""timeframe"": ""15 months after graduation"", ""usefulness"": ""80%""}",programme,University College Birmingham,Aesthetics,"{""data_period"": ""students graduating 2022-23"", ""future_fit"": ""80%"", ""meaningfulness"": ""75%"", ""metric"": ""graduate_perceptions_of_work"", ""respondents"": 15, ""response_rate"": ""55%"", ""timeframe"": ""15 months after graduation"", ""usefulness"": ""80%""}",programme,discover_uni_hesa,https://discoveruni.gov.uk/course-details/10000712/BA_ABP/Full-time/,80% Usefulness I am utilising what I learnt during my studies in my current work. 75% Meaningfulness My current work is meaningful. 80% Future My current work fits with my future plans.,20c8f985-e1b0-4ebd-a2e1-dc50695468d1,1,0.367,HIERARCHICAL_DONOR_SELECTED
HQA-04154,discover-uk-stage1-011,43850490-0520-5cca-b9a2-0b1b84156049,University College Birmingham,Airport And Aviation Management,https://discoveruni.gov.uk/en/course-details/10000712/BA_AAM/Full-time/,UK,bachelor,business,employment_outcomes,H3,"{""audience"": null, ""cohort"": ""BA (Hons) Aesthetics graduates at University College Birmingham"", ""data_period"": ""students graduating 2022-23"", ""metric"": ""go_on_to_work_and_or_study"", ""percentage"": 80, ""respondents"": 20, ""response_rate"": ""55%"", ""timeframe"": ""15 months after the course""}",programme,University College Birmingham,Aesthetics,"{""audience"": null, ""cohort"": ""BA (Hons) Aesthetics graduates at University College Birmingham"", ""data_period"": ""students graduating 2022-23"", ""metric"": ""go_on_to_work_and_or_study"", ""percentage"": 80, ""respondents"": 20, ""response_rate"": ""55%"", ""timeframe"": ""15 months after the course""}",programme,discover_uni_hesa,https://discoveruni.gov.uk/course-details/10000712/BA_ABP/Full-time/,80% go on to work and/or study 15 months after the course for BA (Hons) Aesthetics graduates at University College Birmingham,20c8f985-e1b0-4ebd-a2e1-dc50695468d1,1,0.367,HIERARCHICAL_DONOR_SELECTED
HQA-04185,scorecard-us-stage1-022,43c28e04-5ff2-5419-8fa5-18e4ba61a1b6,University of Georgia,University of Georgia Engineering,https://ed-public-download.scorecard.network/downloads/Most-Recent-Cohorts-Institution.zip?target=scorecard-us-stage1-022-b,US,bachelor,engineering,tuition,H2,USD 31120 / annual (international),institution,University of Georgia,,USD 31120 / annual (international),institution,college_scorecard_bulk,https://ed-public-download.scorecard.network/downloads/Most-Recent-Cohorts-Institution.zip,Annual tuition and fees for out-of-state students: 31120 [source column TUITIONFEE_OUT] (currency=USD; basis=annual; audience=international),35c4ddc6-c082-412e-900d-07ed76e5154c,1,0.3087,HIERARCHICAL_DONOR_SELECTED; institution-scoped finance context preserved (not programme tuition)
HQA-04223,scorecard-us-stage1-010,43c2c4e5-8f87-510b-a553-d19a5e3b88aa,California State University-Northridge,California State University-Northridge Engineering,https://ed-public-download.scorecard.network/downloads/Most-Recent-Cohorts-Institution.zip?target=scorecard-us-stage1-010-b,US,bachelor,engineering,tuition,H2,USD 18897 / annual (international),institution,California State University-Northridge,,USD 18897 / annual (international),institution,college_scorecard_bulk,https://ed-public-download.scorecard.network/downloads/Most-Recent-Cohorts-Institution.zip,Annual tuition and fees for out-of-state students: 18897 [source column TUITIONFEE_OUT] (currency=USD; basis=annual; audience=international),43bb6148-7ca9-4778-b249-dff5f5035ba5,1,0.3087,HIERARCHICAL_DONOR_SELECTED; institution-scoped finance context preserved (not programme tuition)
HQA-04299,scorecard-us-stage1-054,4461db80-bfa6-50b9-bd31-54a5aef42391,University of Oklahoma-Norman Campus,University of Oklahoma-Norman Campus Engineering,https://ed-public-download.scorecard.network/downloads/Most-Recent-Cohorts-Institution.zip?target=scorecard-us-stage1-054-b,US,bachelor,engineering,tuition,H2,USD 27069 / annual (international),institution,University of Oklahoma-Norman Campus,,USD 27069 / annual (international),institution,college_scorecard_bulk,https://ed-public-download.scorecard.network/downloads/Most-Recent-Cohorts-Institution.zip,Annual tuition and fees for out-of-state students: 27069 [source column TUITIONFEE_OUT] (currency=USD; basis=annual; audience=international),69500633-6523-4b27-8d2b-e92dc2e76426,1,0.3087,HIERARCHICAL_DONOR_SELECTED; institution-scoped finance context preserved (not programme tuition)
HQA-04333,bristol-uk-canary,45389133-b30b-5620-a1f1-132881ea6575,University of Bristol,Data Science,https://discoveruni.gov.uk/course-details/10007786/4COSC008UU-202425/Full-time/,UK,bachelor,data science,programme_identity,H3,BSc (Hons) Computer Science,programme,University of Bristol,Computer Science,BSc (Hons) Computer Science,programme,discover_uni_hesa,https://discoveruni.gov.uk/course-details/10007786/4COSC006UU-202425/Full-time/,BSc (Hons) Computer Science,5b622888-23e0-4b0c-a817-753a96eafbff,1,0.367,HIERARCHICAL_DONOR_SELECTED
HQA-04334,bristol-uk-canary,45389133-b30b-5620-a1f1-132881ea6575,University of Bristol,Data Science,https://discoveruni.gov.uk/course-details/10007786/4COSC008UU-202425/Full-time/,UK,bachelor,data science,credential,H3,BSc (Hons),programme,University of Bristol,Computer Science,BSc (Hons),programme,discover_uni_hesa,https://discoveruni.gov.uk/course-details/10007786/4COSC006UU-202425/Full-time/,BSc (Hons) Computer Science,5b622888-23e0-4b0c-a817-753a96eafbff,1,0.367,HIERARCHICAL_DONOR_SELECTED
HQA-04343,bristol-uk-canary,45389133-b30b-5620-a1f1-132881ea6575,University of Bristol,Data Science,https://discoveruni.gov.uk/course-details/10007786/4COSC008UU-202425/Full-time/,UK,bachelor,data science,career_outcomes,H3,"{""highly_skilled_work_percentage"": 80, ""information_technology_professionals_percentage"": 80, ""outcome_type"": ""occupation_distribution"", ""period"": ""15 months after the course""}",programme,University of Bristol,Computer Science,"{""highly_skilled_work_percentage"": 80, ""information_technology_professionals_percentage"": 80, ""outcome_type"": ""occupation_distribution"", ""period"": ""15 months after the course""}",programme,discover_uni_hesa,https://discoveruni.gov.uk/course-details/10007786/4COSC006UU-202425/Full-time/,80% In highly skilled work 80% Information Technology Professionals,5b622888-23e0-4b0c-a817-753a96eafbff,1,0.367,HIERARCHICAL_DONOR_SELECTED
HQA-04344,bristol-uk-canary,45389133-b30b-5620-a1f1-132881ea6575,University of Bristol,Data Science,https://discoveruni.gov.uk/course-details/10007786/4COSC008UU-202425/Full-time/,UK,bachelor,data science,employment_outcomes,H3,"{""audience"": null, ""metric"": ""occupation"", ""occupation"": ""Elementary occupations"", ""percentage"": 10, ""period"": ""15 months after the course"", ""population"": ""students graduating 2022-23""}",programme,University of Bristol,Computer Science,"{""audience"": null, ""metric"": ""occupation"", ""occupation"": ""Elementary occupations"", ""percentage"": 10, ""period"": ""15 months after the course"", ""population"": ""students graduating 2022-23""}",programme,discover_uni_hesa,https://discoveruni.gov.uk/course-details/10007786/4COSC006UU-202425/Full-time/,10% Elementary occupations,5b622888-23e0-4b0c-a817-753a96eafbff,1,0.367,HIERARCHICAL_DONOR_SELECTED
HQA-04413,scorecard-us-stage1-056,46297f53-803b-50c9-96b5-fd9203694be5,The Pennsylvania State University,The Pennsylvania State University Engineering,https://ed-public-download.scorecard.network/downloads/Most-Recent-Cohorts-Institution.zip?target=scorecard-us-stage1-056-b,US,bachelor,engineering,tuition,H2,USD 35514 / annual (international),institution,The Pennsylvania State University,,USD 35514 / annual (international),institution,college_scorecard_bulk,https://ed-public-download.scorecard.network/downloads/Most-Recent-Cohorts-Institution.zip,Annual tuition and fees for out-of-state students: 35514 [source column TUITIONFEE_OUT] (currency=USD; basis=annual; audience=international),44ff9261-64c4-4089-9aaf-23b5210ddb0e,1,0.3087,HIERARCHICAL_DONOR_SELECTED; institution-scoped finance context preserved (not programme tuition)
HQA-05173,scorecard-us-stage1-043,51f64407-43b6-518e-9c3d-a29a3be59067,Mississippi State University,Mississippi State University Engineering,https://ed-public-download.scorecard.network/downloads/Most-Recent-Cohorts-Institution.zip?target=scorecard-us-stage1-043-b,US,bachelor,engineering,tuition,H2,USD 23950 / annual (international),institution,Mississippi State University,,USD 23950 / annual (international),institution,college_scorecard_bulk,https://ed-public-download.scorecard.network/downloads/Most-Recent-Cohorts-Institution.zip,Annual tuition and fees for out-of-state students: 23950 [source column TUITIONFEE_OUT] (currency=USD; basis=annual; audience=international),8e13f02f-8f80-4da5-bb33-5f0c67176c69,1,0.3087,HIERARCHICAL_DONOR_SELECTED; institution-scoped finance context preserved (not programme tuition)
HQA-05435,kings-uk-canary,57418cd2-9e28-5de8-9bc6-055f88d3b8bb,King's College London,Computer Science,https://discoveruni.gov.uk/course-details/10003645/UMSH4CSCS/Full-time/,UK,bachelor,computer science,programme_identity,H3,Computer Science,programme,King's College London,Computer Science,Computer Science,programme,discover_uni_hesa,https://discoveruni.gov.uk/course-details/10003645/UBSH3CSCS/Full-time/,Computer Science at King's College London | Discover Uni Course Details,ea162dda-a91a-4dd1-9d41-0ba7caab89cc,1,0.3403,HIERARCHICAL_DONOR_SELECTED
HQA-05436,kings-uk-canary,57418cd2-9e28-5de8-9bc6-055f88d3b8bb,King's College London,Computer Science,https://discoveruni.gov.uk/course-details/10003645/UMSH4CSCS/Full-time/,UK,bachelor,computer science,credential,H3,BSc (Hons),programme,King's College London,Computer Science,BSc (Hons),programme,discover_uni_hesa,https://discoveruni.gov.uk/course-details/10003645/UBSH3CSCS/Full-time/,BSc (Hons) Computer Science,ea162dda-a91a-4dd1-9d41-0ba7caab89cc,1,0.3403,HIERARCHICAL_DONOR_SELECTED
HQA-05441,kings-uk-canary,57418cd2-9e28-5de8-9bc6-055f88d3b8bb,King's College London,Computer Science,https://discoveruni.gov.uk/course-details/10003645/UMSH4CSCS/Full-time/,UK,bachelor,computer science,duration,H3,3 year course,programme,King's College London,Computer Science,3 year course,programme,discover_uni_hesa,https://discoveruni.gov.uk/course-details/10003645/UBSH3CSCS/Full-time/,Length 3 year course,ea162dda-a91a-4dd1-9d41-0ba7caab89cc,1,0.3403,HIERARCHICAL_DONOR_SELECTED
HQA-05442,kings-uk-canary,57418cd2-9e28-5de8-9bc6-055f88d3b8bb,King's College London,Computer Science,https://discoveruni.gov.uk/course-details/10003645/UMSH4CSCS/Full-time/,UK,bachelor,computer science,location,H3,Central London,programme,King's College London,Computer Science,Central London,programme,discover_uni_hesa,https://discoveruni.gov.uk/course-details/10003645/UBSH3CSCS/Full-time/,Location : Central London,ea162dda-a91a-4dd1-9d41-0ba7caab89cc,1,0.3403,HIERARCHICAL_DONOR_SELECTED
HQA-05443,kings-uk-canary,57418cd2-9e28-5de8-9bc6-055f88d3b8bb,King's College London,Computer Science,https://discoveruni.gov.uk/course-details/10003645/UMSH4CSCS/Full-time/,UK,bachelor,computer science,delivery_mode,H3,Full time,programme,King's College London,Computer Science,Full time,programme,discover_uni_hesa,https://discoveruni.gov.uk/course-details/10003645/UBSH3CSCS/Full-time/,Study mode Full time,ea162dda-a91a-4dd1-9d41-0ba7caab89cc,1,0.3403,HIERARCHICAL_DONOR_SELECTED
HQA-05445,kings-uk-canary,57418cd2-9e28-5de8-9bc6-055f88d3b8bb,King's College London,Computer Science,https://discoveruni.gov.uk/course-details/10003645/UMSH4CSCS/Full-time/,UK,bachelor,computer science,career_outcomes,H3,"{""occupation"": ""Information Technology Professionals"", ""percentage"": 85, ""period"": ""15 months after the course""}",programme,King's College London,Computer Science,"{""occupation"": ""Information Technology Professionals"", ""percentage"": 85, ""period"": ""15 months after the course""}",programme,discover_uni_hesa,https://discoveruni.gov.uk/course-details/10003645/UBSH3CSCS/Full-time/,85% Information Technology Professionals,ea162dda-a91a-4dd1-9d41-0ba7caab89cc,1,0.3403,HIERARCHICAL_DONOR_SELECTED
HQA-05446,kings-uk-canary,57418cd2-9e28-5de8-9bc6-055f88d3b8bb,King's College London,Computer Science,https://discoveruni.gov.uk/course-details/10003645/UMSH4CSCS/Full-time/,UK,bachelor,computer science,employment_outcomes,H3,"{""audience"": null, ""metric"": ""in_other_work"", ""percentage"": 0, ""period"": ""15 months after the course"", ""population"": ""students graduating 2022-23""}",programme,King's College London,Computer Science,"{""audience"": null, ""metric"": ""in_other_work"", ""percentage"": 0, ""period"": ""15 months after the course"", ""population"": ""students graduating 2022-23""}",programme,discover_uni_hesa,https://discoveruni.gov.uk/course-details/10003645/UBSH3CSCS/Full-time/,0% In other work,ea162dda-a91a-4dd1-9d41-0ba7caab89cc,1,0.3403,HIERARCHICAL_DONOR_SELECTED
HQA-05743,scorecard-us-stage1-004,5e23765b-94cc-5e0d-857d-65ddc3cdcdd4,The University of Alabama,The University of Alabama Engineering,https://ed-public-download.scorecard.network/downloads/Most-Recent-Cohorts-Institution.zip?target=scorecard-us-stage1-004-b,US,bachelor,engineering,tuition,H2,USD 31090 / annual (international),institution,The University of Alabama,,USD 31090 / annual (international),institution,college_scorecard_bulk,https://ed-public-download.scorecard.network/downloads/Most-Recent-Cohorts-Institution.zip,Annual tuition and fees for out-of-state students: 31090 [source column TUITIONFEE_OUT] (currency=USD; basis=annual; audience=international),475420be-4195-42b7-a9d7-159277f45148,1,0.3087,HIERARCHICAL_DONOR_SELECTED; institution-scoped finance context preserved (not programme tuition)
HQA-06123,scorecard-us-stage1-012,62fbd019-8947-581a-96c3-8440372ae3ca,University of Colorado Boulder,University of Colorado Boulder Engineering,https://ed-public-download.scorecard.network/downloads/Most-Recent-Cohorts-Institution.zip?target=scorecard-us-stage1-012-b,US,bachelor,engineering,tuition,H2,USD 38284 / annual (international),institution,University of Colorado Boulder,,USD 38284 / annual (international),institution,college_scorecard_bulk,https://ed-public-download.scorecard.network/downloads/Most-Recent-Cohorts-Institution.zip,: Most-Recent-Cohorts-Institution.csv Annual tuition and fees for in-state students: 12466 [source column TUITIONFEE_IN] (currency=USD; basis=annual; audience=domestic) Annual tuition and fees for out-of-state students: 38284 [source column TUITIONFEE_OUT] (currency=USD; basis=annual; audience=international),90829c81-27e3-4a51-b9e3-10ea6e481d41,1,0.3087,HIERARCHICAL_DONOR_SELECTED; institution-scoped finance context preserved (not programme tuition)
HQA-06313,bern-ch-canary,645ccb28-be3a-5b92-9bc4-1c596e39d8fc,University of Bern,University of Bern Data Science,https://www.swissuniversities.ch/en/themen/lehre-studium/information-on-studies/tuition-fees/tuition-fees-at-universities?target=bern-ch-canary-a,CH,master,data science,tuition,H2,CHF 850 / per semester (international),institution,University of Bern,,CHF 850 / per semester (international),institution,swissuniversities_tuition,https://www.swissuniversities.ch/en/themen/lehre-studium/information-on-studies/tuition-fees/tuition-fees-at-universities,Foreign tuition: 850 [literal matched-row value] (credential=Foreign tuition; currency=CHF; basis=per semester; audience=international; cycle=2026-2027),83163a99-30f5-49c3-83dc-60e3417454de,1,0.2907,HIERARCHICAL_DONOR_SELECTED; institution-scoped finance context preserved (not programme tuition)
HQA-06314,bern-ch-canary,645ccb28-be3a-5b92-9bc4-1c596e39d8fc,University of Bern,University of Bern Data Science,https://www.swissuniversities.ch/en/themen/lehre-studium/information-on-studies/tuition-fees/tuition-fees-at-universities?target=bern-ch-canary-a,CH,master,data science,additional_fees,H2,CHF 2550 / per semester,institution,University of Bern,,CHF 2550 / per semester,institution,swissuniversities_tuition,https://www.swissuniversities.ch/en/themen/lehre-studium/information-on-studies/tuition-fees/tuition-fees-at-universities,Other compulsory fees: 2550 [literal matched-row value] (currency=CHF; basis=per semester; audience=all; cycle=2026-2027),83163a99-30f5-49c3-83dc-60e3417454de,1,0.2907,HIERARCHICAL_DONOR_SELECTED; institution-scoped finance context preserved (not programme tuition)
HQA-06389,basel-ch-canary,660dfaa0-4e84-52bb-862b-5cbcafba06aa,University of Basel,University of Basel Data Science,https://www.swissuniversities.ch/en/themen/lehre-studium/information-on-studies/tuition-fees/tuition-fees-at-universities?target=basel-ch-canary-a,CH,master,data science,tuition,H2,CHF 850 / per semester (international),institution,University of Basel,,CHF 850 / per semester (international),institution,swissuniversities_tuition,https://www.swissuniversities.ch/en/themen/lehre-studium/information-on-studies/tuition-fees/tuition-fees-at-universities,Foreign tuition: 850 [literal matched-row value] (credential=Foreign tuition; currency=CHF; basis=per semester; audience=international; cycle=2026-2027),8c2c5a87-220d-4998-aaab-0dca3d66f4a1,1,0.2907,HIERARCHICAL_DONOR_SELECTED; institution-scoped finance context preserved (not programme tuition)
HQA-06390,basel-ch-canary,660dfaa0-4e84-52bb-862b-5cbcafba06aa,University of Basel,University of Basel Data Science,https://www.swissuniversities.ch/en/themen/lehre-studium/information-on-studies/tuition-fees/tuition-fees-at-universities?target=basel-ch-canary-a,CH,master,data science,additional_fees,H2,CHF 100 / per semester,institution,University of Basel,,CHF 100 / per semester,institution,swissuniversities_tuition,https://www.swissuniversities.ch/en/themen/lehre-studium/information-on-studies/tuition-fees/tuition-fees-at-universities,Other compulsory fees: 100 [literal matched-row value] (currency=CHF; basis=per semester; audience=all; cycle=2026-2027),8c2c5a87-220d-4998-aaab-0dca3d66f4a1,1,0.2907,HIERARCHICAL_DONOR_SELECTED; institution-scoped finance context preserved (not programme tuition)
HQA-06465,st-gallen-ch-canary,673d0f63-7bac-5f75-b5c2-45d6a43cb758,University of St. Gallen,University of St. Gallen Engineering,https://www.swissuniversities.ch/en/themen/lehre-studium/information-on-studies/tuition-fees/tuition-fees-at-universities?target=st-gallen-ch-canary-b,CH,bachelor,engineering,tuition,H2,CHF 1070 / per semester (international),institution,University of St. Gallen,,CHF 1070 / per semester (international),institution,swissuniversities_tuition,https://www.swissuniversities.ch/en/themen/lehre-studium/information-on-studies/tuition-fees/tuition-fees-at-universities,Foreign tuition: 1070 [literal matched-row value] (credential=Foreign tuition; currency=CHF; basis=per semester; audience=international; cycle=2026-2027),d242b659-a7d2-487b-a751-b2f867fc1f1e,1,0.2907,HIERARCHICAL_DONOR_SELECTED; institution-scoped finance context preserved (not programme tuition)
HQA-06466,st-gallen-ch-canary,673d0f63-7bac-5f75-b5c2-45d6a43cb758,University of St. Gallen,University of St. Gallen Engineering,https://www.swissuniversities.ch/en/themen/lehre-studium/information-on-studies/tuition-fees/tuition-fees-at-universities?target=st-gallen-ch-canary-b,CH,bachelor,engineering,additional_fees,H2,CHF 1284 / per semester,institution,University of St. Gallen,,CHF 1284 / per semester,institution,swissuniversities_tuition,https://www.swissuniversities.ch/en/themen/lehre-studium/information-on-studies/tuition-fees/tuition-fees-at-universities,Other compulsory fees: 1284 [literal matched-row value] (currency=CHF; basis=per semester; audience=all; cycle=2026-2027),d242b659-a7d2-487b-a751-b2f867fc1f1e,1,0.2907,HIERARCHICAL_DONOR_SELECTED; institution-scoped finance context preserved (not programme tuition)
HQA-06585,discover-uk-stage1-013,68e2924c-c07f-5ac2-8ea9-6bb6e0d21351,Bishop Burton College,Animal Behaviour & Wildlife Conservation,https://discoveruni.gov.uk/en/course-details/10000721/BScABWC/Full-time/,UK,bachelor,other,career_outcomes,H3,GBP 19000,programme,Bishop Burton College,Applied Animal Behaviour and Training,GBP 19000,programme,discover_uni_hesa,https://discoveruni.gov.uk/course-details/10000721/BScAABT/Full-time/,"After 5 years £19,000 Typical range: £15,500 - £23,000 Data from 25 people. Data for students graduating 2015-17 Source: Longitudinal Education Outcomes (LEO) dataset",0489e3e6-c9ce-404e-8909-6738b903b89a,1,0.3403,HIERARCHICAL_DONOR_SELECTED
HQA-06727,discover-uk-stage1-023,6a7210f2-06be-539a-8480-cf8386a4f915,London South East Colleges,Early Years Professional Leadership,https://discoveruni.gov.uk/en/course-details/10000948/HNDEYPL/Full-time/,UK,bachelor,other,programme_identity,H3,HND Computing: Cyber Security,programme,London South East Colleges,Computing: Cyber Security,HND Computing: Cyber Security,programme,discover_uni_hesa,https://discoveruni.gov.uk/course-details/10000948/HNDCMCS/Full-time/,HND Computing: Cyber Security,a583199d-9e4f-4578-968d-3a019968c57b,1,0.367,HIERARCHICAL_DONOR_SELECTED
HQA-06728,discover-uk-stage1-023,6a7210f2-06be-539a-8480-cf8386a4f915,London South East Colleges,Early Years Professional Leadership,https://discoveruni.gov.uk/en/course-details/10000948/HNDEYPL/Full-time/,UK,bachelor,other,credential,H3,HND,programme,London South East Colleges,Computing: Cyber Security,HND,programme,discover_uni_hesa,https://discoveruni.gov.uk/course-details/10000948/HNDCMCS/Full-time/,HND Computing: Cyber Security,a583199d-9e4f-4578-968d-3a019968c57b,1,0.367,HIERARCHICAL_DONOR_SELECTED
HQA-07111,scorecard-us-stage1-035,70f000fd-3bd0-5146-bfea-6d99d83119ed,University of Kentucky,University of Kentucky Engineering,https://ed-public-download.scorecard.network/downloads/Most-Recent-Cohorts-Institution.zip?target=scorecard-us-stage1-035-b,US,bachelor,engineering,tuition,H2,USD 31294 / annual (international),institution,University of Kentucky,,USD 31294 / annual (international),institution,college_scorecard_bulk,https://ed-public-download.scorecard.network/downloads/Most-Recent-Cohorts-Institution.zip,Annual tuition and fees for out-of-state students: 31294 [source column TUITIONFEE_OUT] (currency=USD; basis=annual; audience=international),02dee79d-d103-4821-ad09-dc8aafe02403,1,0.3087,HIERARCHICAL_DONOR_SELECTED; institution-scoped finance context preserved (not programme tuition)
HQA-07301,scorecard-us-stage1-007,759243ac-af8d-5a29-ac9d-7de254924796,Arizona State University Campus Immersion,Arizona State University Campus Immersion Engineering,https://ed-public-download.scorecard.network/downloads/Most-Recent-Cohorts-Institution.zip?target=scorecard-us-stage1-007-b,US,bachelor,engineering,tuition,H2,USD 29428 / annual (international),institution,Arizona State University Campus Immersion,,USD 29428 / annual (international),institution,college_scorecard_bulk,https://ed-public-download.scorecard.network/downloads/Most-Recent-Cohorts-Institution.zip,Annual tuition and fees for out-of-state students: 29428 [source column TUITIONFEE_OUT] (currency=USD; basis=annual; audience=international),e9fd22e7-0db8-45a7-bd0d-3457ecb4bae4,1,0.3087,HIERARCHICAL_DONOR_SELECTED; institution-scoped finance context preserved (not programme tuition)
HQA-07491,scorecard-us-stage1-009,796b02d3-ef3a-5ac2-b5bd-c189e2ddd0ca,California State University-Fullerton,California State University-Fullerton Computer Science,https://ed-public-download.scorecard.network/downloads/Most-Recent-Cohorts-Institution.zip?target=scorecard-us-stage1-009-a,US,master,computer science,tuition,H2,USD 18833 / annual (international),institution,California State University-Fullerton,,USD 18833 / annual (international),institution,college_scorecard_bulk,https://ed-public-download.scorecard.network/downloads/Most-Recent-Cohorts-Institution.zip,Annual tuition and fees for out-of-state students: 18833 [source column TUITIONFEE_OUT] (currency=USD; basis=annual; audience=international),fd5fffed-07eb-4dc8-9713-e504f6ac8cc1,1,0.3087,HIERARCHICAL_DONOR_SELECTED; institution-scoped finance context preserved (not programme tuition)
HQA-07795,scorecard-us-stage1-010,7c4f3b74-a1f8-5eb8-9ecf-900567d243d9,California State University-Northridge,California State University-Northridge Computer Science,https://ed-public-download.scorecard.network/downloads/Most-Recent-Cohorts-Institution.zip?target=scorecard-us-stage1-010-a,US,master,computer science,tuition,H2,USD 18897 / annual (international),institution,California State University-Northridge,,USD 18897 / annual (international),institution,college_scorecard_bulk,https://ed-public-download.scorecard.network/downloads/Most-Recent-Cohorts-Institution.zip,Annual tuition and fees for out-of-state students: 18897 [source column TUITIONFEE_OUT] (currency=USD; basis=annual; audience=international),43bb6148-7ca9-4778-b249-dff5f5035ba5,1,0.3087,HIERARCHICAL_DONOR_SELECTED; institution-scoped finance context preserved (not programme tuition)
HQA-07947,scorecard-us-stage1-015,7f2a722c-5a20-5cf3-8905-89c80c31b907,George Washington University,George Washington University Engineering,https://ed-public-download.scorecard.network/downloads/Most-Recent-Cohorts-Institution.zip?target=scorecard-us-stage1-015-b,US,bachelor,engineering,tuition,H2,USD 58640 / annual (international),institution,George Washington University,,USD 58640 / annual (international),institution,college_scorecard_bulk,https://ed-public-download.scorecard.network/downloads/Most-Recent-Cohorts-Institution.zip,Annual tuition and fees for out-of-state students: 58640 [source column TUITIONFEE_OUT] (currency=USD; basis=annual; audience=international),2af8001b-93ee-468f-9f68-37fbeb9e727c,1,0.3087,HIERARCHICAL_DONOR_SELECTED; institution-scoped finance context preserved (not programme tuition)
HQA-07985,lausanne-ch-canary,7f4f607f-0bf0-5638-8b4a-2a8c163c53f9,University of Lausanne,University of Lausanne Data Science,https://www.swissuniversities.ch/en/themen/lehre-studium/information-on-studies/tuition-fees/tuition-fees-at-universities?target=lausanne-ch-canary-a,CH,master,data science,tuition,H2,CHF 500 / per semester (international),institution,University of Lausanne,,CHF 500 / per semester (international),institution,swissuniversities_tuition,https://www.swissuniversities.ch/en/themen/lehre-studium/information-on-studies/tuition-fees/tuition-fees-at-universities,Foreign tuition: 500 [literal matched-row value] (credential=Foreign tuition; currency=CHF; basis=per semester; audience=international; cycle=2026-2027),0619090d-990b-45a2-b0fb-409dfdd7da5e,1,0.2907,HIERARCHICAL_DONOR_SELECTED; institution-scoped finance context preserved (not programme tuition)
HQA-07986,lausanne-ch-canary,7f4f607f-0bf0-5638-8b4a-2a8c163c53f9,University of Lausanne,University of Lausanne Data Science,https://www.swissuniversities.ch/en/themen/lehre-studium/information-on-studies/tuition-fees/tuition-fees-at-universities?target=lausanne-ch-canary-a,CH,master,data science,additional_fees,H2,CHF 80 / per semester,institution,University of Lausanne,,CHF 80 / per semester,institution,swissuniversities_tuition,https://www.swissuniversities.ch/en/themen/lehre-studium/information-on-studies/tuition-fees/tuition-fees-at-universities,Other compulsory fees: 80 [literal matched-row value] (currency=CHF; basis=per semester; audience=all; cycle=2026-2027),0619090d-990b-45a2-b0fb-409dfdd7da5e,1,0.2907,HIERARCHICAL_DONOR_SELECTED; institution-scoped finance context preserved (not programme tuition)
HQA-08213,scorecard-us-stage1-027,8227c4c4-14f4-52a2-8b2c-7b90116efd38,Iowa State University,Iowa State University Engineering,https://ed-public-download.scorecard.network/downloads/Most-Recent-Cohorts-Institution.zip?target=scorecard-us-stage1-027-b,US,bachelor,engineering,tuition,H2,USD 24504 / annual (international),institution,Iowa State University,,USD 24504 / annual (international),institution,college_scorecard_bulk,https://ed-public-download.scorecard.network/downloads/Most-Recent-Cohorts-Institution.zip,Annual tuition and fees for out-of-state students: 24504 [source column TUITIONFEE_OUT] (currency=USD; basis=annual; audience=international),75017797-ea04-437b-a08b-73507a298e34,1,0.3087,HIERARCHICAL_DONOR_SELECTED; institution-scoped finance context preserved (not programme tuition)
HQA-08555,scorecard-us-stage1-002,8b2d43e3-1b4b-560f-9c54-d12a9787c70c,University of Alaska Fairbanks,University of Alaska Fairbanks Computer Science,https://ed-public-download.scorecard.network/downloads/Most-Recent-Cohorts-Institution.zip?target=scorecard-us-stage1-002-a,US,master,computer science,tuition,H2,USD 21312 / annual (international),institution,University of Alaska Fairbanks,,USD 21312 / annual (international),institution,college_scorecard_bulk,https://ed-public-download.scorecard.network/downloads/Most-Recent-Cohorts-Institution.zip,Annual tuition and fees for out-of-state students: 21312 [source column TUITIONFEE_OUT] (currency=USD; basis=annual; audience=international),789dee9e-38c9-43fc-b8c2-1548bded5a2e,1,0.3087,HIERARCHICAL_DONOR_SELECTED; institution-scoped finance context preserved (not programme tuition)
HQA-08631,scorecard-us-stage1-036,8b9c07a7-4cf6-5ae1-ac25-5963627459b3,Louisiana State University and Agricultural & Mechanical College,Louisiana State University and Agricultural & Mechanical College Computer Science,https://ed-public-download.scorecard.network/downloads/Most-Recent-Cohorts-Institution.zip?target=scorecard-us-stage1-036-a,US,master,computer science,tuition,H2,USD 28639 / annual (international),institution,Louisiana State University and Agricultural & Mechanical College,,USD 28639 / annual (international),institution,college_scorecard_bulk,https://ed-public-download.scorecard.network/downloads/Most-Recent-Cohorts-Institution.zip,: Most-Recent-Cohorts-Institution.csv Annual tuition and fees for in-state students: 11962 [source column TUITIONFEE_IN] (currency=USD; basis=annual; audience=domestic) Annual tuition and fees for out-of-state students: 28639 [source column TUITIONFEE_OUT] (currency=USD; basis=annual; audience=international),de29203a-4a0a-4cd5-b670-a7388e410676,1,0.3087,HIERARCHICAL_DONOR_SELECTED; institution-scoped finance context preserved (not programme tuition)
HQA-08669,scorecard-us-stage1-032,8bc94bb2-a4e1-5417-9189-dc2b071b57ed,University of Illinois Urbana-Champaign,University of Illinois Urbana-Champaign Engineering,https://ed-public-download.scorecard.network/downloads/Most-Recent-Cohorts-Institution.zip?target=scorecard-us-stage1-032-b,US,bachelor,engineering,tuition,H2,USD 32600 / annual (international),institution,University of Illinois Urbana-Champaign,,USD 32600 / annual (international),institution,college_scorecard_bulk,https://ed-public-download.scorecard.network/downloads/Most-Recent-Cohorts-Institution.zip,Annual tuition and fees for out-of-state students: 32600 [source column TUITIONFEE_OUT] (currency=USD; basis=annual; audience=international),dcce469b-3b58-424c-a769-0111a233d25d,1,0.3087,HIERARCHICAL_DONOR_SELECTED; institution-scoped finance context preserved (not programme tuition)
HQA-08707,uzh-ch-canary,8bf9c3db-a6d3-5d2f-b159-21601aa93163,University of Zurich,University of Zurich Engineering,https://www.swissuniversities.ch/en/themen/lehre-studium/information-on-studies/tuition-fees/tuition-fees-at-universities?target=uzh-ch-canary-b,CH,bachelor,engineering,tuition,H2,CHF 720 / per semester (international),institution,University of Zurich,,CHF 720 / per semester (international),institution,swissuniversities_tuition,https://www.swissuniversities.ch/en/themen/lehre-studium/information-on-studies/tuition-fees/tuition-fees-at-universities,Foreign tuition: 720 [literal matched-row value] (credential=Foreign tuition; currency=CHF; basis=per semester; audience=international; cycle=2026-2027),f6cde934-3181-4d50-8e21-629a89be998c,1,0.2907,HIERARCHICAL_DONOR_SELECTED; institution-scoped finance context preserved (not programme tuition)
HQA-08708,uzh-ch-canary,8bf9c3db-a6d3-5d2f-b159-21601aa93163,University of Zurich,University of Zurich Engineering,https://www.swissuniversities.ch/en/themen/lehre-studium/information-on-studies/tuition-fees/tuition-fees-at-universities?target=uzh-ch-canary-b,CH,bachelor,engineering,additional_fees,H2,CHF 720 / per semester,institution,University of Zurich,,CHF 720 / per semester,institution,swissuniversities_tuition,https://www.swissuniversities.ch/en/themen/lehre-studium/information-on-studies/tuition-fees/tuition-fees-at-universities,Other compulsory fees: 720 [literal matched-row value] (currency=CHF; basis=per semester; audience=all; cycle=2026-2027),f6cde934-3181-4d50-8e21-629a89be998c,1,0.2907,HIERARCHICAL_DONOR_SELECTED; institution-scoped finance context preserved (not programme tuition)
HQA-08745,scorecard-us-stage1-066,8c7cdad8-4066-592a-bf37-6345ed0311cc,University of Vermont,University of Vermont Engineering,https://ed-public-download.scorecard.network/downloads/Most-Recent-Cohorts-Institution.zip?target=scorecard-us-stage1-066-b,US,bachelor,engineering,tuition,H2,USD 43950 / annual (international),institution,University of Vermont,,USD 43950 / annual (international),institution,college_scorecard_bulk,https://ed-public-download.scorecard.network/downloads/Most-Recent-Cohorts-Institution.zip,Annual tuition and fees for out-of-state students: 43950 [source column TUITIONFEE_OUT] (currency=USD; basis=annual; audience=international),29552641-4449-4c4e-93bd-4f05c86492f4,1,0.3087,HIERARCHICAL_DONOR_SELECTED; institution-scoped finance context preserved (not programme tuition)
HQA-08783,eth-zurich-ch-canary,8defaece-6e69-511d-9051-21acb33beb9f,ETH Zurich,ETH Zurich Engineering,https://www.swissuniversities.ch/en/themen/lehre-studium/information-on-studies/tuition-fees/tuition-fees-at-universities?target=eth-zurich-ch-canary-b,CH,bachelor,engineering,tuition,H2,CHF 2190 / per semester (international),institution,ETH Zurich,,CHF 2190 / per semester (international),institution,swissuniversities_tuition,https://www.swissuniversities.ch/en/themen/lehre-studium/information-on-studies/tuition-fees/tuition-fees-at-universities,Foreign tuition: 2190 [literal matched-row value] (credential=Foreign tuition; currency=CHF; basis=per semester; audience=international; cycle=2026-2027),c86c0b8d-1303-47ff-942e-a4807ac121be,1,0.2907,HIERARCHICAL_DONOR_SELECTED; institution-scoped finance context preserved (not programme tuition)
HQA-08784,eth-zurich-ch-canary,8defaece-6e69-511d-9051-21acb33beb9f,ETH Zurich,ETH Zurich Engineering,https://www.swissuniversities.ch/en/themen/lehre-studium/information-on-studies/tuition-fees/tuition-fees-at-universities?target=eth-zurich-ch-canary-b,CH,bachelor,engineering,additional_fees,H2,CHF 74 / per semester,institution,ETH Zurich,,CHF 74 / per semester,institution,swissuniversities_tuition,https://www.swissuniversities.ch/en/themen/lehre-studium/information-on-studies/tuition-fees/tuition-fees-at-universities,Other compulsory fees: 74 [literal matched-row value] (currency=CHF; basis=per semester; audience=all; cycle=2026-2027),c86c0b8d-1303-47ff-942e-a4807ac121be,1,0.2907,HIERARCHICAL_DONOR_SELECTED; institution-scoped finance context preserved (not programme tuition)
HQA-08862,discover-uk-stage1-004,8eb42e1e-62a2-5044-987d-01719cd7d204,Anglia Ruskin University,Law,https://discoveruni.gov.uk/en/course-details/10000291/K00001/Full-time/,UK,bachelor,other,location,H3,ARU Cambridge Campus,programme,Anglia Ruskin University,Fine Art,ARU Cambridge Campus,programme,discover_uni_hesa,https://discoveruni.gov.uk/course-details/10000291/K00004/Full-time/,Location : ARU Cambridge Campus,111cf2bd-2930-48e7-ad16-f4b540cdda71,1,0.3403,HIERARCHICAL_DONOR_SELECTED
HQA-09046,discover-uk-stage1-008,95d3bbf1-7e5d-5412-96b3-c6022bd8b35a,Barking and Dagenham College,Computing For England (General) (Barking and Dagenham),https://discoveruni.gov.uk/en/course-details/10000528/K0677/Full-time/,UK,bachelor,computer science,credential,H3,HND,programme,Barking and Dagenham College,Computing for England (Cyber Security) (Barking and Dagenham),HND,programme,discover_uni_hesa,https://discoveruni.gov.uk/course-details/10000528/K0678/Full-time/,Back HND Computing for England (Cyber Security) (Barking and Dagenham),5ed331fa-f2d1-46ee-b95e-8a3dfa0b6502,1,0.3403,HIERARCHICAL_DONOR_SELECTED
HQA-09087,scorecard-us-stage1-052,969f50e1-1532-53c4-8eb9-e471dbd27ad2,University at Buffalo,University at Buffalo Engineering,https://ed-public-download.scorecard.network/downloads/Most-Recent-Cohorts-Institution.zip?target=scorecard-us-stage1-052-b,US,bachelor,engineering,tuition,H2,USD 28196 / annual (international),institution,University at Buffalo,,USD 28196 / annual (international),institution,college_scorecard_bulk,https://ed-public-download.scorecard.network/downloads/Most-Recent-Cohorts-Institution.zip,Annual tuition and fees for out-of-state students: 28196 [source column TUITIONFEE_OUT] (currency=USD; basis=annual; audience=international),7de4201e-c4bc-457c-ac67-18aa00d22f13,1,0.3087,HIERARCHICAL_DONOR_SELECTED; institution-scoped finance context preserved (not programme tuition)
HQA-09159,onisep-fr-stage1-029,96c509ad-7afb-5c33-a47f-b49db274ca43,École universitaire de recherche arts et humanités - Campus Georges Méliès,licence mention sciences et humanités,https://api.opendata.onisep.fr/downloads/605344579a7d7/605344579a7d7.csv?target=0062226M-AF.100098,FR,bachelor,other,programme_identity,H3,licence mention humanités,programme,École universitaire de recherche arts et humanités - Campus Georges Méliès,licence mention humanités,licence mention humanités,programme,onisep_higher_ed,https://api.opendata.onisep.fr/downloads/605344579a7d7/605344579a7d7.csv,Formation label: licence mention humanités [source column Formation (FOR) libellé],f845f53e-c861-4177-ab51-1eb96509023c,1,0.3403,HIERARCHICAL_DONOR_SELECTED
HQA-09160,onisep-fr-stage1-029,96c509ad-7afb-5c33-a47f-b49db274ca43,École universitaire de recherche arts et humanités - Campus Georges Méliès,licence mention sciences et humanités,https://api.opendata.onisep.fr/downloads/605344579a7d7/605344579a7d7.csv?target=0062226M-AF.100098,FR,bachelor,other,credential,H3,licence,programme,École universitaire de recherche arts et humanités - Campus Georges Méliès,licence mention humanités,licence,programme,onisep_higher_ed,https://api.opendata.onisep.fr/downloads/605344579a7d7/605344579a7d7.csv,Qualification type: licence [source column FOR type],f845f53e-c861-4177-ab51-1eb96509023c,1,0.3403,HIERARCHICAL_DONOR_SELECTED
HQA-09165,onisep-fr-stage1-029,96c509ad-7afb-5c33-a47f-b49db274ca43,École universitaire de recherche arts et humanités - Campus Georges Méliès,licence mention sciences et humanités,https://api.opendata.onisep.fr/downloads/605344579a7d7/605344579a7d7.csv?target=0062226M-AF.100098,FR,bachelor,other,duration,H3,1 an,programme,École universitaire de recherche arts et humanités - Campus Georges Méliès,licence mention humanités,1 an,programme,onisep_higher_ed,https://api.opendata.onisep.fr/downloads/605344579a7d7/605344579a7d7.csv,Standard cycle duration: 1 an [source column AF durée cycle standard],f845f53e-c861-4177-ab51-1eb96509023c,1,0.3403,HIERARCHICAL_DONOR_SELECTED
HQA-09166,onisep-fr-stage1-029,96c509ad-7afb-5c33-a47f-b49db274ca43,École universitaire de recherche arts et humanités - Campus Georges Méliès,licence mention sciences et humanités,https://api.opendata.onisep.fr/downloads/605344579a7d7/605344579a7d7.csv?target=0062226M-AF.100098,FR,bachelor,other,location,H3,Cannes,programme,École universitaire de recherche arts et humanités - Campus Georges Méliès,licence mention humanités,Cannes,programme,onisep_higher_ed,https://api.opendata.onisep.fr/downloads/605344579a7d7/605344579a7d7.csv,Teaching location: Cannes [source column ENS commune],f845f53e-c861-4177-ab51-1eb96509023c,1,0.3403,HIERARCHICAL_DONOR_SELECTED
HQA-09167,onisep-fr-stage1-029,96c509ad-7afb-5c33-a47f-b49db274ca43,École universitaire de recherche arts et humanités - Campus Georges Méliès,licence mention sciences et humanités,https://api.opendata.onisep.fr/downloads/605344579a7d7/605344579a7d7.csv?target=0062226M-AF.100098,FR,bachelor,other,delivery_mode,H3,"temps plein, cours en présentiel",programme,École universitaire de recherche arts et humanités - Campus Georges Méliès,licence mention humanités,"temps plein, cours en présentiel",programme,onisep_higher_ed,https://api.opendata.onisep.fr/downloads/605344579a7d7/605344579a7d7.csv,"Study modality: temps plein, cours en présentiel [source column AF modalités scolarité]",f845f53e-c861-4177-ab51-1eb96509023c,1,0.3403,HIERARCHICAL_DONOR_SELECTED
HQA-09657,scorecard-us-stage1-059,9d15216e-e31f-5093-b29f-ecb3933b3a65,University of South Carolina-Columbia,University of South Carolina-Columbia Engineering,https://ed-public-download.scorecard.network/downloads/Most-Recent-Cohorts-Institution.zip?target=scorecard-us-stage1-059-b,US,bachelor,engineering,tuition,H2,USD 33928 / annual (international),institution,University of South Carolina-Columbia,,USD 33928 / annual (international),institution,college_scorecard_bulk,https://ed-public-download.scorecard.network/downloads/Most-Recent-Cohorts-Institution.zip,Annual tuition and fees for out-of-state students: 33928 [source column TUITIONFEE_OUT] (currency=USD; basis=annual; audience=international),2be8e8ca-7ac5-4fbb-92c3-494517fd6365,1,0.3087,HIERARCHICAL_DONOR_SELECTED; institution-scoped finance context preserved (not programme tuition)
HQA-09691,edinburgh-uk-canary,9e56967c-c215-5e0b-ba38-018d61a6a991,The University of Edinburgh,Computer Science,https://discoveruni.gov.uk/course-details/10007790/UTCMPSIBSCH/Full-time/,UK,bachelor,computer science,programme_identity,H3,Computer Science,programme,The University of Edinburgh,Computer Science,Computer Science,programme,discover_uni_hesa,https://discoveruni.gov.uk/course-details/10007790/UTCMPSIBENGH/Full-time/,Computer Science at University of Edinburgh | Discover Uni Course Details,70f4f8ad-d1ff-45f5-88f0-02dc7ddc0d3f,1,0.3403,HIERARCHICAL_DONOR_SELECTED
HQA-09692,edinburgh-uk-canary,9e56967c-c215-5e0b-ba38-018d61a6a991,The University of Edinburgh,Computer Science,https://discoveruni.gov.uk/course-details/10007790/UTCMPSIBSCH/Full-time/,UK,bachelor,computer science,credential,H3,BEng (Hons),programme,The University of Edinburgh,Computer Science,BEng (Hons),programme,discover_uni_hesa,https://discoveruni.gov.uk/course-details/10007790/UTCMPSIBENGH/Full-time/,BEng (Hons) Computer Science,70f4f8ad-d1ff-45f5-88f0-02dc7ddc0d3f,1,0.3403,HIERARCHICAL_DONOR_SELECTED
HQA-09697,edinburgh-uk-canary,9e56967c-c215-5e0b-ba38-018d61a6a991,The University of Edinburgh,Computer Science,https://discoveruni.gov.uk/course-details/10007790/UTCMPSIBSCH/Full-time/,UK,bachelor,computer science,duration,H3,4 year course,programme,The University of Edinburgh,Computer Science,4 year course,programme,discover_uni_hesa,https://discoveruni.gov.uk/course-details/10007790/UTCMPSIBENGH/Full-time/,Length 4 year course,70f4f8ad-d1ff-45f5-88f0-02dc7ddc0d3f,1,0.3403,HIERARCHICAL_DONOR_SELECTED
HQA-09698,edinburgh-uk-canary,9e56967c-c215-5e0b-ba38-018d61a6a991,The University of Edinburgh,Computer Science,https://discoveruni.gov.uk/course-details/10007790/UTCMPSIBSCH/Full-time/,UK,bachelor,computer science,location,H3,Central,programme,The University of Edinburgh,Computer Science,Central,programme,discover_uni_hesa,https://discoveruni.gov.uk/course-details/10007790/UTCMPSIBENGH/Full-time/,Location : Central,70f4f8ad-d1ff-45f5-88f0-02dc7ddc0d3f,1,0.3403,HIERARCHICAL_DONOR_SELECTED
HQA-09699,edinburgh-uk-canary,9e56967c-c215-5e0b-ba38-018d61a6a991,The University of Edinburgh,Computer Science,https://discoveruni.gov.uk/course-details/10007790/UTCMPSIBSCH/Full-time/,UK,bachelor,computer science,delivery_mode,H3,Full time,programme,The University of Edinburgh,Computer Science,Full time,programme,discover_uni_hesa,https://discoveruni.gov.uk/course-details/10007790/UTCMPSIBENGH/Full-time/,Study mode Full time,70f4f8ad-d1ff-45f5-88f0-02dc7ddc0d3f,1,0.3403,HIERARCHICAL_DONOR_SELECTED
HQA-09701,edinburgh-uk-canary,9e56967c-c215-5e0b-ba38-018d61a6a991,The University of Edinburgh,Computer Science,https://discoveruni.gov.uk/course-details/10007790/UTCMPSIBSCH/Full-time/,UK,bachelor,computer science,career_outcomes,H3,"{""metric"": ""graduate_perception"", ""percentage"": 90, ""period"": ""15 months after the course"", ""population"": ""Computer science graduates at University of Edinburgh"", ""statement"": ""My current work is meaningful.""}",programme,The University of Edinburgh,Computer Science,"{""metric"": ""graduate_perception"", ""percentage"": 90, ""period"": ""15 months after the course"", ""population"": ""Computer science graduates at University of Edinburgh"", ""statement"": ""My current work is meaningful.""}",programme,discover_uni_hesa,https://discoveruni.gov.uk/course-details/10007790/UTCMPSIBENGH/Full-time/,90% Meaningfulness My current work is meaningful.,70f4f8ad-d1ff-45f5-88f0-02dc7ddc0d3f,1,0.3403,HIERARCHICAL_DONOR_SELECTED
HQA-09733,scorecard-us-stage1-036,9f6f0e38-5971-5361-a22e-9601f3e4c863,Louisiana State University and Agricultural & Mechanical College,Louisiana State University and Agricultural & Mechanical College Engineering,https://ed-public-download.scorecard.network/downloads/Most-Recent-Cohorts-Institution.zip?target=scorecard-us-stage1-036-b,US,bachelor,engineering,tuition,H2,USD 28639 / annual (international),institution,Louisiana State University and Agricultural & Mechanical College,,USD 28639 / annual (international),institution,college_scorecard_bulk,https://ed-public-download.scorecard.network/downloads/Most-Recent-Cohorts-Institution.zip,: Most-Recent-Cohorts-Institution.csv Annual tuition and fees for in-state students: 11962 [source column TUITIONFEE_IN] (currency=USD; basis=annual; audience=domestic) Annual tuition and fees for out-of-state students: 28639 [source column TUITIONFEE_OUT] (currency=USD; basis=annual; audience=international),de29203a-4a0a-4cd5-b670-a7388e410676,1,0.3087,HIERARCHICAL_DONOR_SELECTED; institution-scoped finance context preserved (not programme tuition)
HQA-09809,scorecard-us-stage1-045,a03deffb-b5c0-5d90-8289-ff4dddf959fc,North Carolina State University at Raleigh,North Carolina State University at Raleigh Engineering,https://ed-public-download.scorecard.network/downloads/Most-Recent-Cohorts-Institution.zip?target=scorecard-us-stage1-045-b,US,bachelor,engineering,tuition,H2,USD 29220 / annual (international),institution,North Carolina State University at Raleigh,,USD 29220 / annual (international),institution,college_scorecard_bulk,https://ed-public-download.scorecard.network/downloads/Most-Recent-Cohorts-Institution.zip,Annual tuition and fees for out-of-state students: 29220 [source column TUITIONFEE_OUT] (currency=USD; basis=annual; audience=international),348e418d-9ba5-483f-8778-36314545d673,1,0.3087,HIERARCHICAL_DONOR_SELECTED; institution-scoped finance context preserved (not programme tuition)
HQA-09885,scorecard-us-stage1-044,a0e89561-e6b4-548d-a4aa-92d4229384e0,Montana State University,Montana State University Engineering,https://ed-public-download.scorecard.network/downloads/Most-Recent-Cohorts-Institution.zip?target=scorecard-us-stage1-044-b,US,bachelor,engineering,tuition,H2,USD 27101 / annual (international),institution,Montana State University,,USD 27101 / annual (international),institution,college_scorecard_bulk,https://ed-public-download.scorecard.network/downloads/Most-Recent-Cohorts-Institution.zip,Annual tuition and fees for out-of-state students: 27101 [source column TUITIONFEE_OUT] (currency=USD; basis=annual; audience=international),8cfa8164-761f-4b5c-8df3-c4f10f7e143f,1,0.3087,HIERARCHICAL_DONOR_SELECTED; institution-scoped finance context preserved (not programme tuition)
HQA-09923,scorecard-us-stage1-067,a1c471ec-d052-554d-bc5f-1582181727b1,University of Washington-Seattle Campus,University of Washington-Seattle Campus Engineering,https://ed-public-download.scorecard.network/downloads/Most-Recent-Cohorts-Institution.zip?target=scorecard-us-stage1-067-b,US,bachelor,engineering,tuition,H2,USD 39114 / annual (international),institution,University of Washington-Seattle Campus,,USD 39114 / annual (international),institution,college_scorecard_bulk,https://ed-public-download.scorecard.network/downloads/Most-Recent-Cohorts-Institution.zip,Annual tuition and fees for out-of-state students: 39114 [source column TUITIONFEE_OUT] (currency=USD; basis=annual; audience=international),ae9ada61-e365-422e-8f49-4d06f985b4e2,1,0.3087,HIERARCHICAL_DONOR_SELECTED; institution-scoped finance context preserved (not programme tuition)
HQA-10075,scorecard-us-stage1-061,a5aaa23f-4d92-5605-8c9d-34eddf1dd888,The University of Tennessee-Knoxville,The University of Tennessee-Knoxville Computer Science,https://ed-public-download.scorecard.network/downloads/Most-Recent-Cohorts-Institution.zip?target=scorecard-us-stage1-061-a,US,master,computer science,tuition,H2,USD 31664 / annual (international),institution,The University of Tennessee-Knoxville,,USD 31664 / annual (international),institution,college_scorecard_bulk,https://ed-public-download.scorecard.network/downloads/Most-Recent-Cohorts-Institution.zip,Annual tuition and fees for out-of-state students: 31664 [source column TUITIONFEE_OUT] (currency=USD; basis=annual; audience=international),1fd6b7e5-892d-4d96-b1f1-85176b24849f,1,0.3087,HIERARCHICAL_DONOR_SELECTED; institution-scoped finance context preserved (not programme tuition)
HQA-10113,scorecard-us-stage1-039,a64d6e2d-dad7-53d1-998c-4537f2108b46,University of Maine,University of Maine Engineering,https://ed-public-download.scorecard.network/downloads/Most-Recent-Cohorts-Institution.zip?target=scorecard-us-stage1-039-b,US,bachelor,engineering,tuition,H2,USD 32534 / annual (international),institution,University of Maine,,USD 32534 / annual (international),institution,college_scorecard_bulk,https://ed-public-download.scorecard.network/downloads/Most-Recent-Cohorts-Institution.zip,: Most-Recent-Cohorts-Institution.csv Annual tuition and fees for in-state students: 11744 [source column TUITIONFEE_IN] (currency=USD; basis=annual; audience=domestic) Annual tuition and fees for out-of-state students: 32534 [source column TUITIONFEE_OUT] (currency=USD; basis=annual; audience=international),38b3c9dd-170b-4f2e-9999-5617ce7bd1ef,1,0.3087,HIERARCHICAL_DONOR_SELECTED; institution-scoped finance context preserved (not programme tuition)
HQA-10189,scorecard-us-stage1-053,a8f1a725-50d6-502e-abf2-8faece30ad21,Ohio State University-Main Campus,Ohio State University-Main Campus Engineering,https://ed-public-download.scorecard.network/downloads/Most-Recent-Cohorts-Institution.zip?target=scorecard-us-stage1-053-b,US,bachelor,engineering,tuition,H2,USD 33502 / annual (international),institution,Ohio State University-Main Campus,,USD 33502 / annual (international),institution,college_scorecard_bulk,https://ed-public-download.scorecard.network/downloads/Most-Recent-Cohorts-Institution.zip,Annual tuition and fees for out-of-state students: 33502 [source column TUITIONFEE_OUT] (currency=USD; basis=annual; audience=international),89df2961-886e-4dd5-aee8-2b87caedd821,1,0.3087,HIERARCHICAL_DONOR_SELECTED; institution-scoped finance context preserved (not programme tuition)
HQA-10227,stanford-us-canary,a99fe8b8-2153-590f-875c-d3d09599f1cf,Stanford University,Stanford Computer Science (alternate),https://ed-public-download.scorecard.network/downloads/Most-Recent-Cohorts-Institution.zip?target=stanford-us-canary-b,US,bachelor,engineering,tuition,H2,USD 56169 / annual (international),institution,Stanford University,,USD 56169 / annual (international),institution,college_scorecard_bulk,https://ed-public-download.scorecard.network/downloads/Most-Recent-Cohorts-Institution.zip,Annual tuition and fees for out-of-state students: 56169 [source column TUITIONFEE_OUT] (currency=USD; basis=annual; audience=international),262a0afc-c6fd-41ad-99b2-01247c4f0da7,1,0.3087,HIERARCHICAL_DONOR_SELECTED; institution-scoped finance context preserved (not programme tuition)
HQA-10265,scorecard-us-stage1-068,a9de1268-7f4a-5f97-8064-1d1e764eda2f,University of Wisconsin-Madison,University of Wisconsin-Madison Engineering,https://ed-public-download.scorecard.network/downloads/Most-Recent-Cohorts-Institution.zip?target=scorecard-us-stage1-068-b,US,bachelor,engineering,tuition,H2,USD 38630 / annual (international),institution,University of Wisconsin-Madison,,USD 38630 / annual (international),institution,college_scorecard_bulk,https://ed-public-download.scorecard.network/downloads/Most-Recent-Cohorts-Institution.zip,Annual tuition and fees for out-of-state students: 38630 [source column TUITIONFEE_OUT] (currency=USD; basis=annual; audience=international),02aded6f-d8a0-47bc-bce9-133bcad66620,1,0.3087,HIERARCHICAL_DONOR_SELECTED; institution-scoped finance context preserved (not programme tuition)
HQA-10379,scorecard-us-stage1-041,abafde18-e90f-5df3-a539-8a96af71185f,University of Minnesota-Twin Cities,University of Minnesota-Twin Cities Computer Science,https://ed-public-download.scorecard.network/downloads/Most-Recent-Cohorts-Institution.zip?target=scorecard-us-stage1-041-a,US,master,computer science,tuition,H2,USD 33325 / annual (international),institution,University of Minnesota-Twin Cities,,USD 33325 / annual (international),institution,college_scorecard_bulk,https://ed-public-download.scorecard.network/downloads/Most-Recent-Cohorts-Institution.zip,Annual tuition and fees for out-of-state students: 33325 [source column TUITIONFEE_OUT] (currency=USD; basis=annual; audience=international),10d0c78c-2934-4d69-a4f9-b38293d24a0d,1,0.3087,HIERARCHICAL_DONOR_SELECTED; institution-scoped finance context preserved (not programme tuition)
HQA-10417,scorecard-us-stage1-043,acf61081-7cd9-5ccc-9833-0fef02293d62,Mississippi State University,Mississippi State University Computer Science,https://ed-public-download.scorecard.network/downloads/Most-Recent-Cohorts-Institution.zip?target=scorecard-us-stage1-043-a,US,master,computer science,tuition,H2,USD 23950 / annual (international),institution,Mississippi State University,,USD 23950 / annual (international),institution,college_scorecard_bulk,https://ed-public-download.scorecard.network/downloads/Most-Recent-Cohorts-Institution.zip,Annual tuition and fees for out-of-state students: 23950 [source column TUITIONFEE_OUT] (currency=USD; basis=annual; audience=international),8e13f02f-8f80-4da5-bb33-5f0c67176c69,1,0.3087,HIERARCHICAL_DONOR_SELECTED; institution-scoped finance context preserved (not programme tuition)
HQA-10455,scorecard-us-stage1-054,adfc2516-288d-57ee-b218-b1185ca9f0ec,University of Oklahoma-Norman Campus,University of Oklahoma-Norman Campus Computer Science,https://ed-public-download.scorecard.network/downloads/Most-Recent-Cohorts-Institution.zip?target=scorecard-us-stage1-054-a,US,master,computer science,tuition,H2,USD 27069 / annual (international),institution,University of Oklahoma-Norman Campus,,USD 27069 / annual (international),institution,college_scorecard_bulk,https://ed-public-download.scorecard.network/downloads/Most-Recent-Cohorts-Institution.zip,Annual tuition and fees for out-of-state students: 27069 [source column TUITIONFEE_OUT] (currency=USD; basis=annual; audience=international),69500633-6523-4b27-8d2b-e92dc2e76426,1,0.3087,HIERARCHICAL_DONOR_SELECTED; institution-scoped finance context preserved (not programme tuition)
HQA-10531,scorecard-us-stage1-049,af9fcfb6-f44c-51fa-a035-7283afe06b3d,Rutgers University-New Brunswick,Rutgers University-New Brunswick Computer Science,https://ed-public-download.scorecard.network/downloads/Most-Recent-Cohorts-Institution.zip?target=scorecard-us-stage1-049-a,US,master,computer science,tuition,H2,USD 31785 / annual (international),institution,Rutgers University-New Brunswick,,USD 31785 / annual (international),institution,college_scorecard_bulk,https://ed-public-download.scorecard.network/downloads/Most-Recent-Cohorts-Institution.zip,Annual tuition and fees for out-of-state students: 31785 [source column TUITIONFEE_OUT] (currency=USD; basis=annual; audience=international),2d9d62ab-8309-48e1-8d73-427e95524ccf,1,0.3087,HIERARCHICAL_DONOR_SELECTED; institution-scoped finance context preserved (not programme tuition)
HQA-10721,scorecard-us-stage1-019,b2538924-1eb5-58b5-8529-2b0b2c62b150,Florida International University,Florida International University Engineering,https://ed-public-download.scorecard.network/downloads/Most-Recent-Cohorts-Institution.zip?target=scorecard-us-stage1-019-b,US,bachelor,engineering,tuition,H2,USD 18963 / annual (international),institution,Florida International University,,USD 18963 / annual (international),institution,college_scorecard_bulk,https://ed-public-download.scorecard.network/downloads/Most-Recent-Cohorts-Institution.zip,Annual tuition and fees for out-of-state students: 18963 [source column TUITIONFEE_OUT] (currency=USD; basis=annual; audience=international),1ff53a75-a4db-48cc-8a35-3e48ae8b9665,1,0.3087,HIERARCHICAL_DONOR_SELECTED; institution-scoped finance context preserved (not programme tuition)
HQA-11025,scorecard-us-stage1-001,b413c6d2-c13b-569e-ad17-96aebc7b23f6,University of Alaska Anchorage,University of Alaska Anchorage Engineering,https://ed-public-download.scorecard.network/downloads/Most-Recent-Cohorts-Institution.zip?target=scorecard-us-stage1-001-b,US,bachelor,engineering,tuition,H2,USD 25228 / annual (international),institution,University of Alaska Anchorage,,USD 25228 / annual (international),institution,college_scorecard_bulk,https://ed-public-download.scorecard.network/downloads/Most-Recent-Cohorts-Institution.zip,Annual tuition and fees for out-of-state students: 25228 [source column TUITIONFEE_OUT] (currency=USD; basis=annual; audience=international),ce3101b7-b0e5-4638-a9df-642f43aa15b2,1,0.3087,HIERARCHICAL_DONOR_SELECTED; institution-scoped finance context preserved (not programme tuition)
HQA-11101,scorecard-us-stage1-017,b435761b-a474-5574-859f-c28ceec3a004,University of Delaware,University of Delaware Engineering,https://ed-public-download.scorecard.network/downloads/Most-Recent-Cohorts-Institution.zip?target=scorecard-us-stage1-017-b,US,bachelor,engineering,tuition,H2,USD 36090 / annual (international),institution,University of Delaware,,USD 36090 / annual (international),institution,college_scorecard_bulk,https://ed-public-download.scorecard.network/downloads/Most-Recent-Cohorts-Institution.zip,Annual tuition and fees for out-of-state students: 36090 [source column TUITIONFEE_OUT] (currency=USD; basis=annual; audience=international),1195026b-35b8-4b2e-9b00-002be9007355,1,0.3087,HIERARCHICAL_DONOR_SELECTED; institution-scoped finance context preserved (not programme tuition)
HQA-11139,scorecard-us-stage1-069,b4f3ad7f-3afc-53c8-abd3-400aef8d4f96,West Virginia University,West Virginia University Engineering,https://ed-public-download.scorecard.network/downloads/Most-Recent-Cohorts-Institution.zip?target=scorecard-us-stage1-069-b,US,bachelor,engineering,tuition,H2,USD 25320 / annual (international),institution,West Virginia University,,USD 25320 / annual (international),institution,college_scorecard_bulk,https://ed-public-download.scorecard.network/downloads/Most-Recent-Cohorts-Institution.zip,Annual tuition and fees for out-of-state students: 25320 [source column TUITIONFEE_OUT] (currency=USD; basis=annual; audience=international),a9766d9c-663a-4443-93f7-7dad2c527ba1,1,0.3087,HIERARCHICAL_DONOR_SELECTED; institution-scoped finance context preserved (not programme tuition)
HQA-11177,scorecard-us-stage1-049,b5cd2d0f-c828-5330-901e-cb40dd673cf2,Rutgers University-New Brunswick,Rutgers University-New Brunswick Engineering,https://ed-public-download.scorecard.network/downloads/Most-Recent-Cohorts-Institution.zip?target=scorecard-us-stage1-049-b,US,bachelor,engineering,tuition,H2,USD 31785 / annual (international),institution,Rutgers University-New Brunswick,,USD 31785 / annual (international),institution,college_scorecard_bulk,https://ed-public-download.scorecard.network/downloads/Most-Recent-Cohorts-Institution.zip,Annual tuition and fees for out-of-state students: 31785 [source column TUITIONFEE_OUT] (currency=USD; basis=annual; audience=international),2d9d62ab-8309-48e1-8d73-427e95524ccf,1,0.3087,HIERARCHICAL_DONOR_SELECTED; institution-scoped finance context preserved (not programme tuition)
HQA-11595,scorecard-us-stage1-009,bbd86d2d-a2be-56e5-a118-9fe57cf9d0c5,California State University-Fullerton,California State University-Fullerton Engineering,https://ed-public-download.scorecard.network/downloads/Most-Recent-Cohorts-Institution.zip?target=scorecard-us-stage1-009-b,US,bachelor,engineering,tuition,H2,USD 18833 / annual (international),institution,California State University-Fullerton,,USD 18833 / annual (international),institution,college_scorecard_bulk,https://ed-public-download.scorecard.network/downloads/Most-Recent-Cohorts-Institution.zip,Annual tuition and fees for out-of-state students: 18833 [source column TUITIONFEE_OUT] (currency=USD; basis=annual; audience=international),fd5fffed-07eb-4dc8-9713-e504f6ac8cc1,1,0.3087,HIERARCHICAL_DONOR_SELECTED; institution-scoped finance context preserved (not programme tuition)
HQA-11861,scorecard-us-stage1-014,c26a457c-4936-5aeb-b347-6f425bc13786,University of Connecticut,University of Connecticut Engineering,https://ed-public-download.scorecard.network/downloads/Most-Recent-Cohorts-Institution.zip?target=scorecard-us-stage1-014-b,US,bachelor,engineering,tuition,H2,USD 40502 / annual (international),institution,University of Connecticut,,USD 40502 / annual (international),institution,college_scorecard_bulk,https://ed-public-download.scorecard.network/downloads/Most-Recent-Cohorts-Institution.zip,Annual tuition and fees for out-of-state students: 40502 [source column TUITIONFEE_OUT] (currency=USD; basis=annual; audience=international),f8a06aad-cdb1-4ef1-9de8-8b1a9d5f0306,1,0.3087,HIERARCHICAL_DONOR_SELECTED; institution-scoped finance context preserved (not programme tuition)
HQA-11937,scorecard-us-stage1-057,c3fc1ce7-b5b2-52d8-bfbf-d9d98e032281,University of Puerto Rico-Mayaguez,University of Puerto Rico-Mayaguez Computer Science,https://ed-public-download.scorecard.network/downloads/Most-Recent-Cohorts-Institution.zip?target=scorecard-us-stage1-057-a,US,master,computer science,tuition,H2,USD 6162 / annual (international),institution,University of Puerto Rico-Mayaguez,,USD 6162 / annual (international),institution,college_scorecard_bulk,https://ed-public-download.scorecard.network/downloads/Most-Recent-Cohorts-Institution.zip,Annual tuition and fees for out-of-state students: 6162 [source column TUITIONFEE_OUT] (currency=USD; basis=annual; audience=international),e3fd992f-355c-4abe-946c-d2b36832b70c,1,0.3087,HIERARCHICAL_DONOR_SELECTED; institution-scoped finance context preserved (not programme tuition)
HQA-12013,scorecard-us-stage1-011,c541127d-9966-5253-b222-41a629424b52,Colorado State University-Fort Collins,Colorado State University-Fort Collins Engineering,https://ed-public-download.scorecard.network/downloads/Most-Recent-Cohorts-Institution.zip?target=scorecard-us-stage1-011-b,US,bachelor,engineering,tuition,H2,USD 30535 / annual (international),institution,Colorado State University-Fort Collins,,USD 30535 / annual (international),institution,college_scorecard_bulk,https://ed-public-download.scorecard.network/downloads/Most-Recent-Cohorts-Institution.zip,Annual tuition and fees for out-of-state students: 30535 [source column TUITIONFEE_OUT] (currency=USD; basis=annual; audience=international),5915ac9b-4f75-415d-b268-9f260ce80890,1,0.3087,HIERARCHICAL_DONOR_SELECTED; institution-scoped finance context preserved (not programme tuition)
HQA-12085,imperial-uk-canary,c5b5eba6-707a-51a9-b64a-9385389c6bd7,Imperial College London,Mathematics and Computer Science,https://discoveruni.gov.uk/course-details/10003270/GG41/Full-time/,UK,bachelor,computer science,programme_identity,H3,Mathematics and Computer Science,programme,Imperial College London,Mathematics and Computer Science,Mathematics and Computer Science,programme,discover_uni_hesa,https://discoveruni.gov.uk/course-details/10003270/GG14/Full-time/,Mathematics and Computer Science at Imperial College London | Discover Uni Course Details,6c98f57c-2047-49c6-a230-ff71a4282b68,1,0.3403,HIERARCHICAL_DONOR_SELECTED
HQA-12086,imperial-uk-canary,c5b5eba6-707a-51a9-b64a-9385389c6bd7,Imperial College London,Mathematics and Computer Science,https://discoveruni.gov.uk/course-details/10003270/GG41/Full-time/,UK,bachelor,computer science,credential,H3,BEng (Hons),programme,Imperial College London,Mathematics and Computer Science,BEng (Hons),programme,discover_uni_hesa,https://discoveruni.gov.uk/course-details/10003270/GG14/Full-time/,BEng (Hons) Mathematics and Computer Science Imperial College London,6c98f57c-2047-49c6-a230-ff71a4282b68,1,0.3403,HIERARCHICAL_DONOR_SELECTED
HQA-12091,imperial-uk-canary,c5b5eba6-707a-51a9-b64a-9385389c6bd7,Imperial College London,Mathematics and Computer Science,https://discoveruni.gov.uk/course-details/10003270/GG41/Full-time/,UK,bachelor,computer science,duration,H3,3 year course,programme,Imperial College London,Mathematics and Computer Science,3 year course,programme,discover_uni_hesa,https://discoveruni.gov.uk/course-details/10003270/GG14/Full-time/,Length 3 year course,6c98f57c-2047-49c6-a230-ff71a4282b68,1,0.3403,HIERARCHICAL_DONOR_SELECTED
HQA-12092,imperial-uk-canary,c5b5eba6-707a-51a9-b64a-9385389c6bd7,Imperial College London,Mathematics and Computer Science,https://discoveruni.gov.uk/course-details/10003270/GG41/Full-time/,UK,bachelor,computer science,location,H3,South Kensington,programme,Imperial College London,Mathematics and Computer Science,South Kensington,programme,discover_uni_hesa,https://discoveruni.gov.uk/course-details/10003270/GG14/Full-time/,Location : South Kensington,6c98f57c-2047-49c6-a230-ff71a4282b68,1,0.3403,HIERARCHICAL_DONOR_SELECTED
HQA-12093,imperial-uk-canary,c5b5eba6-707a-51a9-b64a-9385389c6bd7,Imperial College London,Mathematics and Computer Science,https://discoveruni.gov.uk/course-details/10003270/GG41/Full-time/,UK,bachelor,computer science,delivery_mode,H3,Full time,programme,Imperial College London,Mathematics and Computer Science,Full time,programme,discover_uni_hesa,https://discoveruni.gov.uk/course-details/10003270/GG14/Full-time/,Study mode Full time,6c98f57c-2047-49c6-a230-ff71a4282b68,1,0.3403,HIERARCHICAL_DONOR_SELECTED
HQA-12469,scorecard-us-stage1-003,c982418d-cdd6-5c96-b81a-c7632f17a300,Auburn University,Auburn University Engineering,https://ed-public-download.scorecard.network/downloads/Most-Recent-Cohorts-Institution.zip?target=scorecard-us-stage1-003-b,US,bachelor,engineering,tuition,H2,USD 31956 / annual (international),institution,Auburn University,,USD 31956 / annual (international),institution,college_scorecard_bulk,https://ed-public-download.scorecard.network/downloads/Most-Recent-Cohorts-Institution.zip,Annual tuition and fees for out-of-state students: 31956 [source column TUITIONFEE_OUT] (currency=USD; basis=annual; audience=international),7abd3946-0252-48f3-bd5d-399d4117b2d8,1,0.3087,HIERARCHICAL_DONOR_SELECTED; institution-scoped finance context preserved (not programme tuition)
HQA-12507,scorecard-us-stage1-021,caddc981-801b-517c-a865-a15c3770d68d,Kennesaw State University,Kennesaw State University Engineering,https://ed-public-download.scorecard.network/downloads/Most-Recent-Cohorts-Institution.zip?target=scorecard-us-stage1-021-b,US,bachelor,engineering,tuition,H2,USD 17690 / annual (international),institution,Kennesaw State University,,USD 17690 / annual (international),institution,college_scorecard_bulk,https://ed-public-download.scorecard.network/downloads/Most-Recent-Cohorts-Institution.zip,Annual tuition and fees for out-of-state students: 17690 [source column TUITIONFEE_OUT] (currency=USD; basis=annual; audience=international),63b19945-41c4-4cf7-817f-83efdf46f769,1,0.3087,HIERARCHICAL_DONOR_SELECTED; institution-scoped finance context preserved (not programme tuition)
HQA-12545,scorecard-us-stage1-012,cb438170-dfbb-5b3b-b816-a85c986e6f6e,University of Colorado Boulder,University of Colorado Boulder Computer Science,https://ed-public-download.scorecard.network/downloads/Most-Recent-Cohorts-Institution.zip?target=scorecard-us-stage1-012-a,US,master,computer science,tuition,H2,USD 38284 / annual (international),institution,University of Colorado Boulder,,USD 38284 / annual (international),institution,college_scorecard_bulk,https://ed-public-download.scorecard.network/downloads/Most-Recent-Cohorts-Institution.zip,: Most-Recent-Cohorts-Institution.csv Annual tuition and fees for in-state students: 12466 [source column TUITIONFEE_IN] (currency=USD; basis=annual; audience=domestic) Annual tuition and fees for out-of-state students: 38284 [source column TUITIONFEE_OUT] (currency=USD; basis=annual; audience=international),90829c81-27e3-4a51-b9e3-10ea6e481d41,1,0.3087,HIERARCHICAL_DONOR_SELECTED; institution-scoped finance context preserved (not programme tuition)
HQA-12659,scorecard-us-stage1-013,cc90298b-6f45-5b1d-bc5a-fa5317762d0b,Central Connecticut State University,Central Connecticut State University Computer Science,https://ed-public-download.scorecard.network/downloads/Most-Recent-Cohorts-Institution.zip?target=scorecard-us-stage1-013-a,US,master,computer science,tuition,H2,USD 24906 / annual (international),institution,Central Connecticut State University,,USD 24906 / annual (international),institution,college_scorecard_bulk,https://ed-public-download.scorecard.network/downloads/Most-Recent-Cohorts-Institution.zip,: Most-Recent-Cohorts-Institution.csv Annual tuition and fees for in-state students: 11502 [source column TUITIONFEE_IN] (currency=USD; basis=annual; audience=domestic) Annual tuition and fees for out-of-state students: 24906 [source column TUITIONFEE_OUT] (currency=USD; basis=annual; audience=international),e45ad6ba-6d0c-4702-83a7-be87974b9f2d,1,0.3087,HIERARCHICAL_DONOR_SELECTED; institution-scoped finance context preserved (not programme tuition)
HQA-12853,tu-delft-nl-canary,d09b3b83-7fe8-5626-bb42-6dd7661c0972,Delft University of Technology,Computer Science,https://onderwijsdata.duo.nl/api/3/action/datastore_search?filters=%7B%22ONDERWIJSBESTUURID%22%3A%22107B605%22%2C%22OPLEIDINGSEENHEIDCODE%22%3A%221001O6612%22%7D&limit=1&resource_id=ffffa7ad-e6a2-4ba7-9fc2-a09df4128555&target=tu-delft-nl-canary-1001O6612,NL,master,computer science,delivery_mode,H3,VOLTIJD,programme,Delft University of Technology,Data Science and Artificial Intelligence Technology,VOLTIJD,programme,duo_rio_ho,https://onderwijsdata.duo.nl/api/3/action/datastore_search?filters=%7B%22ONDERWIJSBESTUURID%22%3A%22107B605%22%2C%22OPLEIDINGSEENHEIDCODE%22%3A%221001O8897%22%7D&limit=1&resource_id=ffffa7ad-e6a2-4ba7-9fc2-a09df4128555,RIO delivery mode: VOLTIJD [source column VORM],d2fef8ad-137d-474a-aef1-054246035367,1,0.3403,HIERARCHICAL_DONOR_SELECTED
HQA-12854,tu-delft-nl-canary,d09b3b83-7fe8-5626-bb42-6dd7661c0972,Delft University of Technology,Computer Science,https://onderwijsdata.duo.nl/api/3/action/datastore_search?filters=%7B%22ONDERWIJSBESTUURID%22%3A%22107B605%22%2C%22OPLEIDINGSEENHEIDCODE%22%3A%221001O6612%22%7D&limit=1&resource_id=ffffa7ad-e6a2-4ba7-9fc2-a09df4128555&target=tu-delft-nl-canary-1001O6612,NL,master,computer science,programme_language,H3,NLD,programme,Delft University of Technology,Data Science and Artificial Intelligence Technology,NLD,programme,duo_rio_ho,https://onderwijsdata.duo.nl/api/3/action/datastore_search?filters=%7B%22ONDERWIJSBESTUURID%22%3A%22107B605%22%2C%22OPLEIDINGSEENHEIDCODE%22%3A%221001O8897%22%7D&limit=1&resource_id=ffffa7ad-e6a2-4ba7-9fc2-a09df4128555,RIO programme language: NLD [source column VOERTAAL],d2fef8ad-137d-474a-aef1-054246035367,1,0.3403,HIERARCHICAL_DONOR_SELECTED
HQA-12887,geneva-ch-canary,d0bfd80a-11d0-5bed-a14b-98593eba80c2,University of Geneva,University of Geneva Data Science,https://www.swissuniversities.ch/en/themen/lehre-studium/information-on-studies/tuition-fees/tuition-fees-at-universities?target=geneva-ch-canary-a,CH,master,data science,tuition,H2,CHF 435 / per semester (international),institution,University of Geneva,,CHF 435 / per semester (international),institution,swissuniversities_tuition,https://www.swissuniversities.ch/en/themen/lehre-studium/information-on-studies/tuition-fees/tuition-fees-at-universities,Foreign tuition: 435 [literal matched-row value] (credential=Foreign tuition; currency=CHF; basis=per semester; audience=international; cycle=2026-2027),23ca051b-4cc1-4782-9883-33c65f4a700f,1,0.2907,HIERARCHICAL_DONOR_SELECTED; institution-scoped finance context preserved (not programme tuition)
HQA-12888,geneva-ch-canary,d0bfd80a-11d0-5bed-a14b-98593eba80c2,University of Geneva,University of Geneva Data Science,https://www.swissuniversities.ch/en/themen/lehre-studium/information-on-studies/tuition-fees/tuition-fees-at-universities?target=geneva-ch-canary-a,CH,master,data science,additional_fees,H2,CHF 65 / per semester,institution,University of Geneva,,CHF 65 / per semester,institution,swissuniversities_tuition,https://www.swissuniversities.ch/en/themen/lehre-studium/information-on-studies/tuition-fees/tuition-fees-at-universities,Other compulsory fees: 65 [literal matched-row value] (currency=CHF; basis=per semester; audience=all; cycle=2026-2027),23ca051b-4cc1-4782-9883-33c65f4a700f,1,0.2907,HIERARCHICAL_DONOR_SELECTED; institution-scoped finance context preserved (not programme tuition)
HQA-12921,discover-uk-stage1-020,d0d192c5-ff75-5fdf-8c6c-80e0cc2608c6,University Centre Somerset College Group,"Makeup Artistry, Prosthetic FX and Wig Making",https://discoveruni.gov.uk/en/course-details/10000878/00245991-ba-media-make-FT/Full-time/,UK,bachelor,other,programme_identity,H3,"Makeup Artistry, Prosthetic FX and Wig Making",programme,University Centre Somerset College Group,"Makeup Artistry, Prosthetic FX and Wig Making","Makeup Artistry, Prosthetic FX and Wig Making",programme,discover_uni_hesa,https://discoveruni.gov.uk/course-details/10000878/00245990-fdeg-media-make-FT/Full-time/,"Makeup Artistry, Prosthetic FX and Wig Making at University Centre Somerset College Group",c720b903-f750-4697-9849-a9d79323e125,1,0.3403,HIERARCHICAL_DONOR_SELECTED
HQA-12922,discover-uk-stage1-020,d0d192c5-ff75-5fdf-8c6c-80e0cc2608c6,University Centre Somerset College Group,"Makeup Artistry, Prosthetic FX and Wig Making",https://discoveruni.gov.uk/en/course-details/10000878/00245991-ba-media-make-FT/Full-time/,UK,bachelor,other,credential,H3,FDA,programme,University Centre Somerset College Group,"Makeup Artistry, Prosthetic FX and Wig Making",FDA,programme,discover_uni_hesa,https://discoveruni.gov.uk/course-details/10000878/00245990-fdeg-media-make-FT/Full-time/,"Back FDA Makeup Artistry, Prosthetic FX and Wig Making",c720b903-f750-4697-9849-a9d79323e125,1,0.3403,HIERARCHICAL_DONOR_SELECTED
HQA-12927,discover-uk-stage1-020,d0d192c5-ff75-5fdf-8c6c-80e0cc2608c6,University Centre Somerset College Group,"Makeup Artistry, Prosthetic FX and Wig Making",https://discoveruni.gov.uk/en/course-details/10000878/00245991-ba-media-make-FT/Full-time/,UK,bachelor,other,duration,H3,2 year course,programme,University Centre Somerset College Group,"Makeup Artistry, Prosthetic FX and Wig Making",2 year course,programme,discover_uni_hesa,https://discoveruni.gov.uk/course-details/10000878/00245990-fdeg-media-make-FT/Full-time/,Length 2 year course,c720b903-f750-4697-9849-a9d79323e125,1,0.3403,HIERARCHICAL_DONOR_SELECTED
HQA-12928,discover-uk-stage1-020,d0d192c5-ff75-5fdf-8c6c-80e0cc2608c6,University Centre Somerset College Group,"Makeup Artistry, Prosthetic FX and Wig Making",https://discoveruni.gov.uk/en/course-details/10000878/00245991-ba-media-make-FT/Full-time/,UK,bachelor,other,location,H3,Taunton College,programme,University Centre Somerset College Group,"Makeup Artistry, Prosthetic FX and Wig Making",Taunton College,programme,discover_uni_hesa,https://discoveruni.gov.uk/course-details/10000878/00245990-fdeg-media-make-FT/Full-time/,Location : Taunton College,c720b903-f750-4697-9849-a9d79323e125,1,0.3403,HIERARCHICAL_DONOR_SELECTED
HQA-12929,discover-uk-stage1-020,d0d192c5-ff75-5fdf-8c6c-80e0cc2608c6,University Centre Somerset College Group,"Makeup Artistry, Prosthetic FX and Wig Making",https://discoveruni.gov.uk/en/course-details/10000878/00245991-ba-media-make-FT/Full-time/,UK,bachelor,other,delivery_mode,H3,Full time,programme,University Centre Somerset College Group,"Makeup Artistry, Prosthetic FX and Wig Making",Full time,programme,discover_uni_hesa,https://discoveruni.gov.uk/course-details/10000878/00245990-fdeg-media-make-FT/Full-time/,Study mode Full time,c720b903-f750-4697-9849-a9d79323e125,1,0.3403,HIERARCHICAL_DONOR_SELECTED
HQA-13004,discover-uk-stage1-025,d115e175-3bb5-5c4f-8d2d-169038e9cdc2,Buckinghamshire New University,Animation (Online),https://discoveruni.gov.uk/en/course-details/10000975/KBAANIMDFCMSD/Full-time/,UK,bachelor,other,location,H3,High Wycombe Campus,programme,Buckinghamshire New University,Acting for Stage and Screen,High Wycombe Campus,programme,discover_uni_hesa,https://discoveruni.gov.uk/course-details/10000975/KBAACSSFTACT1/Full-time/,Location : High Wycombe Campus,b3772c5b-b34f-433d-8fea-27a776135fe2,1,0.3403,HIERARCHICAL_DONOR_SELECTED
HQA-13073,discover-uk-stage1-003,d16a8da1-2e7e-5f82-ad51-2ad5d35a46b2,All Nations Christian College,Biblical and Intercultural Studies,https://discoveruni.gov.uk/en/course-details/10000216/532986/Full-time/,UK,bachelor,other,programme_identity,H3,Biblical and Intercultural Studies,programme,All Nations Christian College,Biblical and Intercultural Studies,Biblical and Intercultural Studies,programme,discover_uni_hesa,https://discoveruni.gov.uk/course-details/10000216/177650/Full-time/,Biblical and Intercultural Studies at All Nations Christian College,96f2a38e-3898-48a6-9d98-af21df250a8f,1,0.3403,HIERARCHICAL_DONOR_SELECTED
HQA-13074,discover-uk-stage1-003,d16a8da1-2e7e-5f82-ad51-2ad5d35a46b2,All Nations Christian College,Biblical and Intercultural Studies,https://discoveruni.gov.uk/en/course-details/10000216/532986/Full-time/,UK,bachelor,other,credential,H3,DipHE,programme,All Nations Christian College,Biblical and Intercultural Studies,DipHE,programme,discover_uni_hesa,https://discoveruni.gov.uk/course-details/10000216/177650/Full-time/,DipHE Biblical and Intercultural Studies,96f2a38e-3898-48a6-9d98-af21df250a8f,1,0.3403,HIERARCHICAL_DONOR_SELECTED
HQA-13079,discover-uk-stage1-003,d16a8da1-2e7e-5f82-ad51-2ad5d35a46b2,All Nations Christian College,Biblical and Intercultural Studies,https://discoveruni.gov.uk/en/course-details/10000216/532986/Full-time/,UK,bachelor,other,duration,H3,2 year course,programme,All Nations Christian College,Biblical and Intercultural Studies,2 year course,programme,discover_uni_hesa,https://discoveruni.gov.uk/course-details/10000216/177650/Full-time/,Length 2 year course,96f2a38e-3898-48a6-9d98-af21df250a8f,1,0.3403,HIERARCHICAL_DONOR_SELECTED
HQA-13080,discover-uk-stage1-003,d16a8da1-2e7e-5f82-ad51-2ad5d35a46b2,All Nations Christian College,Biblical and Intercultural Studies,https://discoveruni.gov.uk/en/course-details/10000216/532986/Full-time/,UK,bachelor,other,location,H3,All Nations Christian College,programme,All Nations Christian College,Biblical and Intercultural Studies,All Nations Christian College,programme,discover_uni_hesa,https://discoveruni.gov.uk/course-details/10000216/177650/Full-time/,Location : All Nations Christian College,96f2a38e-3898-48a6-9d98-af21df250a8f,1,0.3403,HIERARCHICAL_DONOR_SELECTED
HQA-13081,discover-uk-stage1-003,d16a8da1-2e7e-5f82-ad51-2ad5d35a46b2,All Nations Christian College,Biblical and Intercultural Studies,https://discoveruni.gov.uk/en/course-details/10000216/532986/Full-time/,UK,bachelor,other,delivery_mode,H3,Full time,programme,All Nations Christian College,Biblical and Intercultural Studies,Full time,programme,discover_uni_hesa,https://discoveruni.gov.uk/course-details/10000216/177650/Full-time/,Study mode Full time,96f2a38e-3898-48a6-9d98-af21df250a8f,1,0.3403,HIERARCHICAL_DONOR_SELECTED
HQA-13153,scorecard-us-stage1-058,d2bf83f0-55ab-5155-85c6-28893d3be7c4,University of Rhode Island,University of Rhode Island Engineering,https://ed-public-download.scorecard.network/downloads/Most-Recent-Cohorts-Institution.zip?target=scorecard-us-stage1-058-b,US,bachelor,engineering,tuition,H2,USD 32578 / annual (international),institution,University of Rhode Island,,USD 32578 / annual (international),institution,college_scorecard_bulk,https://ed-public-download.scorecard.network/downloads/Most-Recent-Cohorts-Institution.zip,Annual tuition and fees for out-of-state students: 32578 [source column TUITIONFEE_OUT] (currency=USD; basis=annual; audience=international),85deeba9-8a71-4ad7-bd37-6cbce1a2d9e7,1,0.3087,HIERARCHICAL_DONOR_SELECTED; institution-scoped finance context preserved (not programme tuition)
HQA-13267,scorecard-us-stage1-040,d47e194c-1356-5331-8202-0cbdb6f5fa28,Michigan State University,Michigan State University Engineering,https://ed-public-download.scorecard.network/downloads/Most-Recent-Cohorts-Institution.zip?target=scorecard-us-stage1-040-b,US,bachelor,engineering,tuition,H2,USD 39766 / annual (international),institution,Michigan State University,,USD 39766 / annual (international),institution,college_scorecard_bulk,https://ed-public-download.scorecard.network/downloads/Most-Recent-Cohorts-Institution.zip,Annual tuition and fees for out-of-state students: 39766 [source column TUITIONFEE_OUT] (currency=USD; basis=annual; audience=international),11cc6f05-7f33-4070-8219-f3d4f19c8d9f,1,0.3087,HIERARCHICAL_DONOR_SELECTED; institution-scoped finance context preserved (not programme tuition)
HQA-13340,discover-uk-stage1-012,d649d1a4-f5d6-55c4-bac1-8db8a9953756,Bishop Auckland College,Photography,https://discoveruni.gov.uk/en/course-details/10000720/BAC12/Full-time/,UK,bachelor,other,credential,H3,HND,programme,Bishop Auckland College,Art and Design,HND,programme,discover_uni_hesa,https://discoveruni.gov.uk/course-details/10000720/BAC10/Full-time/,HND Art and Design Bishop Auckland College,7fd306bc-412d-418c-bec1-f126419ce56f,1,0.3403,HIERARCHICAL_DONOR_SELECTED
HQA-13457,lausanne-ch-canary,d7c19895-9b75-55c7-b376-1e35e08abe58,University of Lausanne,University of Lausanne Engineering,https://www.swissuniversities.ch/en/themen/lehre-studium/information-on-studies/tuition-fees/tuition-fees-at-universities?target=lausanne-ch-canary-b,CH,bachelor,engineering,tuition,H2,CHF 500 / per semester (international),institution,University of Lausanne,,CHF 500 / per semester (international),institution,swissuniversities_tuition,https://www.swissuniversities.ch/en/themen/lehre-studium/information-on-studies/tuition-fees/tuition-fees-at-universities,Foreign tuition: 500 [literal matched-row value] (credential=Foreign tuition; currency=CHF; basis=per semester; audience=international; cycle=2026-2027),0619090d-990b-45a2-b0fb-409dfdd7da5e,1,0.2907,HIERARCHICAL_DONOR_SELECTED; institution-scoped finance context preserved (not programme tuition)
HQA-13458,lausanne-ch-canary,d7c19895-9b75-55c7-b376-1e35e08abe58,University of Lausanne,University of Lausanne Engineering,https://www.swissuniversities.ch/en/themen/lehre-studium/information-on-studies/tuition-fees/tuition-fees-at-universities?target=lausanne-ch-canary-b,CH,bachelor,engineering,additional_fees,H2,CHF 80 / per semester,institution,University of Lausanne,,CHF 80 / per semester,institution,swissuniversities_tuition,https://www.swissuniversities.ch/en/themen/lehre-studium/information-on-studies/tuition-fees/tuition-fees-at-universities,Other compulsory fees: 80 [literal matched-row value] (currency=CHF; basis=per semester; audience=all; cycle=2026-2027),0619090d-990b-45a2-b0fb-409dfdd7da5e,1,0.2907,HIERARCHICAL_DONOR_SELECTED; institution-scoped finance context preserved (not programme tuition)
HQA-13837,uzh-ch-canary,decf3e2a-c378-5138-b31c-e3da3493b6db,University of Zurich,University of Zurich Data Science,https://www.swissuniversities.ch/en/themen/lehre-studium/information-on-studies/tuition-fees/tuition-fees-at-universities?target=uzh-ch-canary-a,CH,master,data science,tuition,H2,CHF 720 / per semester (international),institution,University of Zurich,,CHF 720 / per semester (international),institution,swissuniversities_tuition,https://www.swissuniversities.ch/en/themen/lehre-studium/information-on-studies/tuition-fees/tuition-fees-at-universities,Foreign tuition: 720 [literal matched-row value] (credential=Foreign tuition; currency=CHF; basis=per semester; audience=international; cycle=2026-2027),f6cde934-3181-4d50-8e21-629a89be998c,1,0.2907,HIERARCHICAL_DONOR_SELECTED; institution-scoped finance context preserved (not programme tuition)
HQA-13838,uzh-ch-canary,decf3e2a-c378-5138-b31c-e3da3493b6db,University of Zurich,University of Zurich Data Science,https://www.swissuniversities.ch/en/themen/lehre-studium/information-on-studies/tuition-fees/tuition-fees-at-universities?target=uzh-ch-canary-a,CH,master,data science,additional_fees,H2,CHF 720 / per semester,institution,University of Zurich,,CHF 720 / per semester,institution,swissuniversities_tuition,https://www.swissuniversities.ch/en/themen/lehre-studium/information-on-studies/tuition-fees/tuition-fees-at-universities,Other compulsory fees: 720 [literal matched-row value] (currency=CHF; basis=per semester; audience=all; cycle=2026-2027),f6cde934-3181-4d50-8e21-629a89be998c,1,0.2907,HIERARCHICAL_DONOR_SELECTED; institution-scoped finance context preserved (not programme tuition)
HQA-13919,discover-uk-stage1-014,e01daefe-355a-5f31-a3db-f63d8275d471,Blackburn College,Accounting and Finance,https://discoveruni.gov.uk/en/course-details/10000747/BS2530A25/Full-time/,UK,bachelor,other,career_outcomes,H3,"{""description"": ""75% of UK-resident Management studies graduates from Blackburn College are based in England"", ""graduating_cohort"": ""2015-17"", ""outcome_type"": ""graduate_location"", ""source"": ""Longitudinal Education Outcomes (LEO) dataset"", ""subject_area"": ""Management studies""}",programme,Blackburn College,Business with Management,"{""description"": ""75% of UK-resident Management studies graduates from Blackburn College are based in England"", ""graduating_cohort"": ""2015-17"", ""outcome_type"": ""graduate_location"", ""source"": ""Longitudinal Education Outcomes (LEO) dataset"", ""subject_area"": ""Management studies""}",programme,discover_uni_hesa,https://discoveruni.gov.uk/course-details/10000747/BS3026A26/Full-time/,75% of UK-resident Management studies graduates from Blackburn College are based in England. Data for students graduating 2015-17 Source: Longitudinal Education Outcomes (LEO) dataset,61cce83c-3a9e-4d07-b953-7aa150a6e840,1,0.367,HIERARCHICAL_DONOR_SELECTED
HQA-14065,scorecard-us-stage1-038,e0dee254-a049-5722-97db-bfdcc1039bad,University of Maryland Global Campus,University of Maryland Global Campus Engineering,https://ed-public-download.scorecard.network/downloads/Most-Recent-Cohorts-Institution.zip?target=scorecard-us-stage1-038-b,US,bachelor,engineering,tuition,H2,USD 12336 / annual (international),institution,University of Maryland Global Campus,,USD 12336 / annual (international),institution,college_scorecard_bulk,https://ed-public-download.scorecard.network/downloads/Most-Recent-Cohorts-Institution.zip,Annual tuition and fees for out-of-state students: 12336 [source column TUITIONFEE_OUT] (currency=USD; basis=annual; audience=international),9dd3993e-35ef-461f-98a1-914c4143e450,1,0.3087,HIERARCHICAL_DONOR_SELECTED; institution-scoped finance context preserved (not programme tuition)
HQA-14331,geneva-ch-canary,e2f1a704-ebd5-5ba1-8849-d9eeaba3aa44,University of Geneva,University of Geneva Engineering,https://www.swissuniversities.ch/en/themen/lehre-studium/information-on-studies/tuition-fees/tuition-fees-at-universities?target=geneva-ch-canary-b,CH,bachelor,engineering,tuition,H2,CHF 435 / per semester (international),institution,University of Geneva,,CHF 435 / per semester (international),institution,swissuniversities_tuition,https://www.swissuniversities.ch/en/themen/lehre-studium/information-on-studies/tuition-fees/tuition-fees-at-universities,Foreign tuition: 435 [literal matched-row value] (credential=Foreign tuition; currency=CHF; basis=per semester; audience=international; cycle=2026-2027),23ca051b-4cc1-4782-9883-33c65f4a700f,1,0.2907,HIERARCHICAL_DONOR_SELECTED; institution-scoped finance context preserved (not programme tuition)
HQA-14332,geneva-ch-canary,e2f1a704-ebd5-5ba1-8849-d9eeaba3aa44,University of Geneva,University of Geneva Engineering,https://www.swissuniversities.ch/en/themen/lehre-studium/information-on-studies/tuition-fees/tuition-fees-at-universities?target=geneva-ch-canary-b,CH,bachelor,engineering,additional_fees,H2,CHF 65 / per semester,institution,University of Geneva,,CHF 65 / per semester,institution,swissuniversities_tuition,https://www.swissuniversities.ch/en/themen/lehre-studium/information-on-studies/tuition-fees/tuition-fees-at-universities,Other compulsory fees: 65 [literal matched-row value] (currency=CHF; basis=per semester; audience=all; cycle=2026-2027),23ca051b-4cc1-4782-9883-33c65f4a700f,1,0.2907,HIERARCHICAL_DONOR_SELECTED; institution-scoped finance context preserved (not programme tuition)
HQA-14407,scorecard-us-stage1-005,e58b85c2-fa1f-5946-a7fd-97b7287b435b,University of Arkansas,University of Arkansas Engineering,https://ed-public-download.scorecard.network/downloads/Most-Recent-Cohorts-Institution.zip?target=scorecard-us-stage1-005-b,US,bachelor,engineering,tuition,H2,USD 25872 / annual (international),institution,University of Arkansas,,USD 25872 / annual (international),institution,college_scorecard_bulk,https://ed-public-download.scorecard.network/downloads/Most-Recent-Cohorts-Institution.zip,Annual tuition and fees for out-of-state students: 25872 [source column TUITIONFEE_OUT] (currency=USD; basis=annual; audience=international),d1bbc5a4-5905-4780-8f3e-610d46d5ea57,1,0.3087,HIERARCHICAL_DONOR_SELECTED; institution-scoped finance context preserved (not programme tuition)
HQA-14445,scorecard-us-stage1-030,e5cdb09b-a5fd-5192-8423-b4ad55399405,Brigham Young University-Idaho,Brigham Young University-Idaho Engineering,https://ed-public-download.scorecard.network/downloads/Most-Recent-Cohorts-Institution.zip?target=scorecard-us-stage1-030-b,US,bachelor,engineering,tuition,H2,USD 4300 / annual (international),institution,Brigham Young University-Idaho,,USD 4300 / annual (international),institution,college_scorecard_bulk,https://ed-public-download.scorecard.network/downloads/Most-Recent-Cohorts-Institution.zip,Annual tuition and fees for out-of-state students: 4300 [source column TUITIONFEE_OUT] (currency=USD; basis=annual; audience=international),0471b80a-f1af-4ac9-85e8-dfdba2f92bbd,1,0.3087,HIERARCHICAL_DONOR_SELECTED; institution-scoped finance context preserved (not programme tuition)
HQA-14521,scorecard-us-stage1-055,e8686dae-7259-5f5a-a1c8-4873b16335d6,Oregon State University,Oregon State University Engineering,https://ed-public-download.scorecard.network/downloads/Most-Recent-Cohorts-Institution.zip?target=scorecard-us-stage1-055-b,US,bachelor,engineering,tuition,H2,USD 31467 / annual (international),institution,Oregon State University,,USD 31467 / annual (international),institution,college_scorecard_bulk,https://ed-public-download.scorecard.network/downloads/Most-Recent-Cohorts-Institution.zip,Annual tuition and fees for out-of-state students: 31467 [source column TUITIONFEE_OUT] (currency=USD; basis=annual; audience=international),4150b20e-d716-4155-9b73-b285cae98427,1,0.3087,HIERARCHICAL_DONOR_SELECTED; institution-scoped finance context preserved (not programme tuition)
HQA-14787,scorecard-us-stage1-057,ed312f6c-1dec-5521-ab29-a47878e2e91b,University of Puerto Rico-Mayaguez,University of Puerto Rico-Mayaguez Engineering,https://ed-public-download.scorecard.network/downloads/Most-Recent-Cohorts-Institution.zip?target=scorecard-us-stage1-057-b,US,bachelor,engineering,tuition,H2,USD 6162 / annual (international),institution,University of Puerto Rico-Mayaguez,,USD 6162 / annual (international),institution,college_scorecard_bulk,https://ed-public-download.scorecard.network/downloads/Most-Recent-Cohorts-Institution.zip,Annual tuition and fees for out-of-state students: 6162 [source column TUITIONFEE_OUT] (currency=USD; basis=annual; audience=international),e3fd992f-355c-4abe-946c-d2b36832b70c,1,0.3087,HIERARCHICAL_DONOR_SELECTED; institution-scoped finance context preserved (not programme tuition)
HQA-14838,haaga-helia-fi-canary,ee43edae-4df6-560b-b1fb-fe25f1cc0350,Haaga-Helia University of Applied Sciences,International Business,https://opintopolku.fi/konfo-backend/hakukohde/1.2.246.562.20.00000000000000088243,FI,bachelor,business,required_documents,H3,Required educational certificates,programme,Haaga-Helia University of Applied Sciences,Business Information Technology,Required educational certificates,programme,studyinfo_hakukohde,https://opintopolku.fi/konfo-backend/hakukohde/1.2.246.562.20.00000000000000091904,Required application document name: Required educational certificates,5716146c-3fd1-4d77-8b52-a046180ccadb,1,0.367,HIERARCHICAL_DONOR_SELECTED
HQA-15022,discover-uk-stage1-005,f274a2a7-1552-584b-979f-0a0a65b34fc1,Arts Educational Schools,Musical Theatre,https://discoveruni.gov.uk/en/course-details/10000381/BAMT/Full-time/,UK,bachelor,other,employment_outcomes,H3,"{""audience"": null, ""metric"": ""occupation types 15 months after the course"", ""reason"": ""course size is too small"", ""status"": ""no_data_available""}",programme,Arts Educational Schools,Acting,"{""audience"": null, ""metric"": ""occupation types 15 months after the course"", ""reason"": ""course size is too small"", ""status"": ""no_data_available""}",programme,discover_uni_hesa,https://discoveruni.gov.uk/course-details/10000381/BAAct/Full-time/,"Occupation types 15 months after the course Sorry, there is no data available for this course. This may be because the course size is too small.",c697c455-5e10-4323-a173-3b717f7b83db,1,0.3403,HIERARCHICAL_DONOR_SELECTED
