institution_name,programme_name,country,degree_level,discipline,institution_id,programme_id,programme_identity,credential,duration,location,delivery_mode,programme_language,programme_status,academic_cycle,tuition,tuition_scope,additional_fees,additional_fees_scope,mandatory_fees,application_fee,scholarship,scholarship_amount,funding,funding_amount,funding_eligibility,funding_deadline,ielts_overall,ielts_subscores,toefl,duolingo,standardized_test_requirements,intakes,final_deadline,priority_deadline,international_deadline,rolling_admission,application_url,minimum_degree,minimum_gpa,gpa_scale,subject_prerequisites,required_documents,recommendation_letters,sop_or_essay,portfolio,work_experience,career_outcomes,employment_outcomes,direct_field_count,hierarchical_added_field_count,effective_field_count,missing_field_count,effective_completion_pct,final_source_count,hierarchical_field_count
EPFL,EPFL Data Science,CH,master,data science,epfl-ch-canary,08040d71-863c-55e5-bdae-b543a5522672,,,,,,,,,CHF 2190 / per semester (international),institution,CHF 25 / per semester,institution,,,,,,,,,,,,,,,,,,,,,,,,,,,,,,,0,2,2,36,5.26,1,2
EPFL,EPFL Engineering,CH,bachelor,engineering,epfl-ch-canary,31142093-9075-5d8c-8037-92ac8cae54dd,,,,,,,,,CHF 2190 / per semester (international),institution,CHF 25 / per semester,institution,,,,,,,,,,,,,,,,,,,,,,,,,,,,,,,0,2,2,36,5.26,1,2
ETH Zurich,ETH Zurich Data Science,CH,master,data science,eth-zurich-ch-canary,287d21b6-9988-5ab2-8760-73790ce41946,,,,,,,,,CHF 2190 / per semester (international),institution,CHF 74 / per semester,institution,,,,,,,,,,,,,,,,,,,,,,,,,,,,,,,0,2,2,36,5.26,1,2
ETH Zurich,ETH Zurich Engineering,CH,bachelor,engineering,eth-zurich-ch-canary,8defaece-6e69-511d-9051-21acb33beb9f,,,,,,,,,CHF 2190 / per semester (international),institution,CHF 74 / per semester,institution,,,,,,,,,,,,,,,,,,,,,,,,,,,,,,,0,2,2,36,5.26,1,2
University of Basel,University of Basel Data Science,CH,master,data science,basel-ch-canary,660dfaa0-4e84-52bb-862b-5cbcafba06aa,,,,,,,,,CHF 850 / per semester (international),institution,CHF 100 / per semester,institution,,,,,,,,,,,,,,,,,,,,,,,,,,,,,,,0,2,2,36,5.26,1,2
University of Basel,University of Basel Engineering,CH,bachelor,engineering,basel-ch-canary,1fa25dc8-b853-590d-8481-27668ce3a81d,,,,,,,,,CHF 850 / per semester (international),institution,CHF 100 / per semester,institution,,,,,,,,,,,,,,,,,,,,,,,,,,,,,,,0,2,2,36,5.26,1,2
University of Bern,University of Bern Data Science,CH,master,data science,bern-ch-canary,645ccb28-be3a-5b92-9bc4-1c596e39d8fc,,,,,,,,,CHF 850 / per semester (international),institution,CHF 2550 / per semester,institution,,,,,,,,,,,,,,,,,,,,,,,,,,,,,,,0,2,2,36,5.26,1,2
University of Bern,University of Bern Engineering,CH,bachelor,engineering,bern-ch-canary,2b6b45e5-a934-5676-ab10-f02491fef076,,,,,,,,,CHF 850 / per semester (international),institution,CHF 2550 / per semester,institution,,,,,,,,,,,,,,,,,,,,,,,,,,,,,,,0,2,2,36,5.26,1,2
University of Fribourg,University of Fribourg Data Science,CH,master,data science,fribourg-ch-stage1,7b9ef9c6-d147-5ec7-8195-6bd252202c20,,,,,,,,,,,,,,,,,,,,,,,,,,,,,,,,,,,,,,,,,,,0,0,0,38,0.0,0,0
University of Fribourg,University of Fribourg Engineering,CH,bachelor,engineering,fribourg-ch-stage1,7dda8cbf-bfcf-52c5-afa7-c02beb748294,,,,,,,,,,,,,,,,,,,,,,,,,,,,,,,,,,,,,,,,,,,0,0,0,38,0.0,0,0
University of Geneva,University of Geneva Data Science,CH,master,data science,geneva-ch-canary,d0bfd80a-11d0-5bed-a14b-98593eba80c2,,,,,,,,,CHF 435 / per semester (international),institution,CHF 65 / per semester,institution,,,,,,,,,,,,,,,,,,,,,,,,,,,,,,,0,2,2,36,5.26,1,2
University of Geneva,University of Geneva Engineering,CH,bachelor,engineering,geneva-ch-canary,e2f1a704-ebd5-5ba1-8849-d9eeaba3aa44,,,,,,,,,CHF 435 / per semester (international),institution,CHF 65 / per semester,institution,,,,,,,,,,,,,,,,,,,,,,,,,,,,,,,0,2,2,36,5.26,1,2
University of Lausanne,University of Lausanne Data Science,CH,master,data science,lausanne-ch-canary,7f4f607f-0bf0-5638-8b4a-2a8c163c53f9,,,,,,,,,CHF 500 / per semester (international),institution,CHF 80 / per semester,institution,,,,,,,,,,,,,,,,,,,,,,,,,,,,,,,0,2,2,36,5.26,1,2
University of Lausanne,University of Lausanne Engineering,CH,bachelor,engineering,lausanne-ch-canary,d7c19895-9b75-55c7-b376-1e35e08abe58,,,,,,,,,CHF 500 / per semester (international),institution,CHF 80 / per semester,institution,,,,,,,,,,,,,,,,,,,,,,,,,,,,,,,0,2,2,36,5.26,1,2
University of Lucerne,University of Lucerne Data Science,CH,master,data science,lucerne-ch-stage1,476bdac3-3e96-5a15-a3c1-290de30aeb81,,,,,,,,,,,,,,,,,,,,,,,,,,,,,,,,,,,,,,,,,,,0,0,0,38,0.0,0,0
University of Lucerne,University of Lucerne Engineering,CH,bachelor,engineering,lucerne-ch-stage1,feae47a6-8f29-55ce-b7a0-863fc55df2fb,,,,,,,,,,,,,,,,,,,,,,,,,,,,,,,,,,,,,,,,,,,0,0,0,38,0.0,0,0
University of Neuchâtel,University of Neuchâtel Data Science,CH,master,data science,neuchatel-ch-stage1,3ad24b46-0354-50fa-9765-4dc486dad33f,,,,,,,,,,,,,,,,,,,,,,,,,,,,,,,,,,,,,,,,,,,0,0,0,38,0.0,0,0
University of Neuchâtel,University of Neuchâtel Engineering,CH,bachelor,engineering,neuchatel-ch-stage1,92cebe0e-1af5-569d-aaeb-20ff04ca716d,,,,,,,,,,,,,,,,,,,,,,,,,,,,,,,,,,,,,,,,,,,0,0,0,38,0.0,0,0
University of St. Gallen,University of St. Gallen Data Science,CH,master,data science,st-gallen-ch-canary,35fd3eae-11a5-503d-964d-3dfc0c609680,,,,,,,,,CHF 1070 / per semester (international),institution,CHF 1284 / per semester,institution,,,,,,,,,,,,,,,,,,,,,,,,,,,,,,,0,2,2,36,5.26,1,2
University of St. Gallen,University of St. Gallen Engineering,CH,bachelor,engineering,st-gallen-ch-canary,673d0f63-7bac-5f75-b5c2-45d6a43cb758,,,,,,,,,CHF 1070 / per semester (international),institution,CHF 1284 / per semester,institution,,,,,,,,,,,,,,,,,,,,,,,,,,,,,,,0,2,2,36,5.26,1,2
University of Zurich,University of Zurich Data Science,CH,master,data science,uzh-ch-canary,decf3e2a-c378-5138-b31c-e3da3493b6db,,,,,,,,,CHF 720 / per semester (international),institution,CHF 720 / per semester,institution,,,,,,,,,,,,,,,,,,,,,,,,,,,,,,,0,2,2,36,5.26,1,2
University of Zurich,University of Zurich Engineering,CH,bachelor,engineering,uzh-ch-canary,8bf9c3db-a6d3-5d2f-b159-21601aa93163,,,,,,,,,CHF 720 / per semester (international),institution,CHF 720 / per semester,institution,,,,,,,,,,,,,,,,,,,,,,,,,,,,,,,0,2,2,36,5.26,1,2
Università della Svizzera Italiana,Università della Svizzera Italiana Data Science,CH,master,data science,usi-ch-stage1,d1371441-3b4e-545e-b207-e43e3b6b9bac,,,,,,,,,,,,,,,,,,,,,,,,,,,,,,,,,,,,,,,,,,,0,0,0,38,0.0,0,0
Università della Svizzera Italiana,Università della Svizzera Italiana Engineering,CH,bachelor,engineering,usi-ch-stage1,0ccfc7ae-2f5b-5a2b-8355-86759d5758e6,,,,,,,,,,,,,,,,,,,,,,,,,,,,,,,,,,,,,,,,,,,0,0,0,38,0.0,0,0
Aalto University,Computer Science MSc,FI,master,computer science,aalto-fi-canary,c695f7f2-0ce1-5caa-9600-cf5fc759a332,,,,,,,,,,,,,,,,,,,,,,,,,,,,,,,,University Bachelor's degree,,,,,,,,,,,1,0,1,37,2.63,1,0
Aalto University,"Data Science, Bachelor/MSc",FI,bachelor,computer science,aalto-fi-canary,81f197ab-e6ea-5bdf-b4c2-eb79ba966142,,,,,,,,,,,,,,,,,,,,,,,,,,,,,,,,,,,,,,,,,,,0,0,0,38,0.0,0,0
Haaga-Helia University of Applied Sciences,Business Information Technology,FI,bachelor,computer science,haaga-helia-fi-canary,8606b6c5-bf41-54d1-87f7-95596c5d82cc,,,,,,,,,,,,,,,,,,,,,,,,,,,,,,,,,,,,Required educational certificates,,,,,,,1,0,1,37,2.63,1,0
Haaga-Helia University of Applied Sciences,International Business,FI,bachelor,business,haaga-helia-fi-canary,ee43edae-4df6-560b-b1fb-fe25f1cc0350,,,,,,,,,,,,,,,,,,,,,,,,,,,,,,,,,,,,Required educational certificates,,,,,,,0,1,1,37,2.63,1,1
University of Eastern Finland,Data Engineering,FI,bachelor,computer science,uef-fi-canary,67ef7389-04ec-5e55-94cc-49456ef74cb3,,,,,,,,,,,,,,,Eligibility: Applicants subject to tuition fees; Applicants subject to tuition fees can apply for tuition waivers and scholarships during the university application process by completing the relevant section on the application form.,,,,,,6.0,,TOEFL iBT (minimum overall score 78),,SAT - required - SAT scores listed as required application document; SAT-based admission available for refugees,"Joint Application to Higher Education, Spring 2026",,,,,,,,,,SAT scores,,,,,,,6,0,6,30,15.79,2,0
University of Eastern Finland,Information Technology,FI,bachelor,computer science,uef-fi-canary,c4ca6963-813a-5121-a844-b24e4ffc1097,,,,,,,,,,,,,,,Eligibility: Applicants subject to tuition fees; Cycle: 2026-2027; Applicants subject to tuition fees can apply for tuition waivers and scholarships during the university application process by completing the relevant section on the application form.,,,,,,6.0,,TOEFL iBT (minimum overall score 78),,,"Joint Application to Higher Education, Spring 2026",,,,,,,,,,Certificates,,,,,,,5,0,5,31,13.16,2,0
"Campus Carlone Lettres, Arts et Sciences humaines",licence mention histoire,FR,bachelor,other,onisep-fr-stage1-022,5d6d82c7-4eae-5e59-850c-4fdc44bc1b9e,licence mention histoire,licence,3 ans,Nice,"temps plein, cours en présentiel",,,,,,,,,,,,,,,,,,,,,,,,,,,,,,,,,,,,,,5,0,5,33,13.16,1,0
"Campus Carlone Lettres, Arts et Sciences humaines","licence mention langues, littératures et civilisations étrangères et régionales",FR,bachelor,other,onisep-fr-stage1-022,19e02a28-bc70-55c1-9b7d-cac9d5fb648e,"licence mention langues, littératures et civilisations étrangères et régionales",licence,3 ans,Nice,"temps plein, cours en présentiel",,,,,,,,,,,,,,,,,,,,,,,,,,,,,,,,,,,,,,5,0,5,33,13.16,1,0
Campus de Lyon 3 à Bourg-en-Bresse,licence mention gestion,FR,bachelor,business,onisep-fr-stage1-002,222ba9b3-65ca-53ac-bc73-7957fd61353f,licence mention gestion,licence,3 ans,Bourg-en-Bresse,"temps plein, cours en présentiel",,,,,,,,,,,,,,,,,,,,,,,,,,,,,,,,,,,,,,5,0,5,33,13.16,1,0
Campus de Lyon 3 à Bourg-en-Bresse,licence mention histoire,FR,bachelor,other,onisep-fr-stage1-002,4a6dc990-011c-5b1c-8192-72159ff410fc,licence mention histoire,licence,3 ans,Bourg-en-Bresse,"temps plein, cours en présentiel",,,,,,,,,,,,,,,,,,,,,,,,,,,,,,,,,,,,,,5,0,5,33,13.16,1,0
Centrale Lille Institut,Master mecanique,FR,master,other,centrale-lille-fr-canary,51008e77-c0f0-545f-aa70-38f531ed5337,master mention mécanique,master,2 ans,Villeneuve-d'Ascq,"temps plein, cours en présentiel",,,,,,,,,,,,,,,,,,,,,,,,,,,,,,,,,,,,,,5,0,5,33,13.16,1,0
Centrale Lille Institut,Master sciences des donnees,FR,master,other,centrale-lille-fr-canary,8e8f2126-460d-5840-b1e8-d4144fbd4007,master mention sciences des données,master,2 ans,Villeneuve-d'Ascq,"temps plein, cours en présentiel",,,,,,,,,,,,,,,,,,,,,,,,,,,,,,,,,,,,,,5,0,5,33,13.16,1,0
CESI école d'ingénieurs - campus de Nice,diplôme d'ingénieur du CESI,FR,master,engineering,onisep-fr-stage1-025,3e73f74a-32b2-5791-bced-eab789f0add1,diplôme d'ingénieur du CESI,diplôme d'ingénieur,3 ans,Nice,"temps plein, cours en présentiel (3 ans CI généraliste)",,,,EUR 8500 / year,programme,,,,,,,,,,,,,,,,,,,,,,,,,,,,,,,,,6,0,6,31,15.79,1,0
CESI école d'ingénieurs - campus de Nice,diplôme d'ingénieur du CESI spécialité informatique,FR,master,computer science,onisep-fr-stage1-025,23a1be45-6364-5f9d-aaaf-2dfa117a3fc9,diplôme d'ingénieur du CESI spécialité informatique,diplôme d'ingénieur,3 ans,Nice,"temps plein, cours en présentiel (3 ans CI informatique)",,,,EUR 8500 / year,programme,,,,,,,,,,,,,,,,,,,,,,,,,,,,,,,,,6,0,6,32,15.79,1,0
Ecole centrale de Lyon,Master mention chimie et sciences des materiaux,FR,master,other,centrale-lyon-fr-canary,19238524-9803-53d5-ba61-dcbe17c6c55a,master mention chimie et sciences des matériaux,master,1 an,Ecully,"temps plein, cours en présentiel",,,,,,,,,,,,,,,,,,,,,,,,,,,,,,,,,,,,,,5,0,5,31,13.16,1,0
Ecole centrale de Lyon,Master mention informatique,FR,master,computer science,centrale-lyon-fr-canary,11ff1bd2-c5f3-5999-b0c4-5f010956c67b,master mention informatique,master,1 an,Ecully,"temps plein, cours en présentiel",,,,,,,,,,,,,,,,,,,,,,,,,,,,,,,,,,,,,,5,0,5,32,13.16,1,0
Ecole normale superieure Paris-Saclay,Master mention biologie-sante,FR,master,other,ens-paris-saclay-fr-canary,49412a9b-8bd2-5754-979e-aacdc24e93ad,master mention biologie-santé,master,2 ans,Gif-sur-Yvette,"temps plein, cours en présentiel",,,,,,,,,,,,,,,,,,,,,,,,,,,,,,,,,,,,,,5,0,5,33,13.16,1,0
Ecole normale superieure Paris-Saclay,Master mention physique fondamentale et applications,FR,master,other,ens-paris-saclay-fr-canary,62a663d6-de90-5325-922d-27656a7c3d3c,master mention physique fondamentale et applications,master,2 ans,Gif-sur-Yvette,"temps plein, cours en présentiel",,,,,,,,,,,,,,,,,,,,,,,,,,,,,,,,,,,,,,5,0,5,33,13.16,1,0
EURECOM,master mention informatique,FR,master,computer science,onisep-fr-stage1-024,ceec9355-9c45-56cb-a776-d302dd78bb57,master mention informatique,master,2 ans,Biot,"temps plein, cours en présentiel",,,,,,,,,,,,,,,,,,,,,,,,,,,,,,,,,,,,,,5,0,5,32,13.16,1,0
EURECOM,master mention réseaux et télécommunication,FR,master,other,onisep-fr-stage1-024,08ea5a7f-063b-5254-9e20-af26223b6208,master mention réseaux et télécommunication,master,2 ans,Biot,"temps plein, cours en présentiel",,,,,,,,,,,,,,,,,,,,,,,,,,,,,,,,,,,,,,5,0,5,32,13.16,1,0
Facultes libres de l'Ouest - UCO Nantes,Licence mention information-communication,FR,bachelor,computer science,uco-nantes-fr-canary,150cc360-0583-5ca4-b727-85c3655122d8,licence mention information-communication,licence,3 ans,Rezé,"temps plein, cours en présentiel",,,,,,,,,,,,,,,,,,,,,,,,,,,,,,,,,,,,,,5,0,5,33,13.16,1,0
Facultes libres de l'Ouest - UCO Nantes,Licence mention science politique,FR,bachelor,other,uco-nantes-fr-canary,bfc45f5d-0a97-5713-983e-d41f43e9de06,licence mention science politique,licence,3 ans,Rezé,"temps plein, cours en présentiel",,,,,,,,,,,,,,,,,,,,,,,,,,,,,,,,,,,,,,5,0,5,33,13.16,1,0
Grenoble INP - UGA,Master informatique,FR,master,computer science,grenoble-inp-fr-canary,bf308eef-94f1-5ee2-93f5-29797353ff96,master mention informatique,master,2 ans,Saint-Martin-d'Hères,"temps plein, cours en présentiel",,,,,,,,,,,,,,,,,,,,,,,,,,,,,,,,,,,,,,5,0,5,33,13.16,1,0
Grenoble INP - UGA,Master mathematiques et applications,FR,master,other,grenoble-inp-fr-canary,c6eca011-652e-5337-acaf-ddaeb1183845,master mention mathématiques et applications,master,2 ans,Saint-Martin-d'Hères,"temps plein, cours en présentiel",,,,,,,,,,,,,,,,,,,,,,,,,,,,,,,,,,,,,,5,0,5,33,13.16,1,0
Institut d'administration des entreprises - Campus Saint-Jean d'Angely,master mention management,FR,master,other,onisep-fr-stage1-017,067b77ac-c8fa-5719-9f3e-3cd6d2318b38,master mention management,master,2 ans,Nice,"temps plein, cours en présentiel (cours du soir possible pour le parcours recherche et conseil en management)",,,,,,,,,,,,,,,,,,,,,,,,,,,,,,,,,,,,,,5,0,5,33,13.16,1,0
Institut d'administration des entreprises - Campus Saint-Jean d'Angely,master mention management et commerce international,FR,master,business,onisep-fr-stage1-017,2936099d-411e-5963-8c62-27be8bb17202,master mention management et commerce international,master,2 ans,Nice,"temps plein, cours en présentiel",,,,,,,,,,,,,,,,,,,,,,,,,,,,,,,,,,,,,,5,0,5,33,13.16,1,0
Institut national des sciences appliquees de Lyon,Bachelor en sciences et ingenierie - genie energetique et environnement,FR,bachelor,other,insa-lyon-fr-canary,9abbec1d-5f50-59ea-9532-f3ed9e3aff10,,,3 ans,Villeurbanne,"temps plein, cours en présentiel (1re année)",,,,,,,,,,,,,,,,,,,,,,,,,,,,,,,,,,,,,,3,0,3,35,7.89,1,0
Institut national des sciences appliquees de Lyon,Master mention IA - intelligence artificielle,FR,master,computer science,insa-lyon-fr-canary,e9ed732d-69bc-5121-918a-1da325af79ef,master mention IA - intelligence artificielle,master,2 ans,Villeurbanne,"temps plein, cours en présentiel",,,,EUR 10000 / year,programme,,,,,,,,,,,,,,,,,,,,,,,,,,,,,,,,,6,0,6,32,15.79,1,0
Institut national supérieur du professorat et de l'éducation - antenne de Laon,licence mention professorat des écoles,FR,bachelor,other,onisep-fr-stage1-005,81849649-f1a0-5dba-9010-16cfb9609bf3,licence mention professorat des écoles,licence,3 ans,Laon,"temps plein, cours en présentiel",,,,,,,,,,,,,,,,,,,,,,,,,,,,,,,,,,,,,,5,0,5,33,13.16,1,0
Institut national supérieur du professorat et de l'éducation - antenne de Laon,master mention enseignement et éducation - professorat des écoles,FR,master,other,onisep-fr-stage1-005,6fb2e41e-4389-5d23-936f-113aef58afc1,master mention enseignement et éducation - professorat des écoles,master,2 ans,Laon,"temps plein, cours en présentiel (dispositif contractuel alternant -DCA-)",,,,,,,,,,,,,,,,,,,,,,,,,,,,,,,,,,,,,,5,0,5,33,13.16,1,0
Institut national supérieur du professorat et de l'éducation - site de Charleville-Mézières,licence mention professorat des écoles,FR,bachelor,other,onisep-fr-stage1-038,36d5084e-2c73-5fb5-b94e-abfed22c61eb,licence mention professorat des écoles,licence,3 ans,Charleville-Mézières,"temps plein, cours en présentiel",,,,,,,,,,,,,,,,,,,,,,,,,,,,,,,,,,,,,,5,0,5,33,13.16,1,0
Institut national supérieur du professorat et de l'éducation - site de Charleville-Mézières,master mention enseignement et éducation - professorat des écoles,FR,master,other,onisep-fr-stage1-038,b40d6dfd-98cd-50c3-94e3-cdc6c928c532,master mention enseignement et éducation - professorat des écoles,master,2 ans,Charleville-Mézières,"temps plein, cours en présentiel",,,,,,,,,,,,,,,,,,,,,,,,,,,,,,,,,,,,,,5,0,5,33,13.16,1,0
Institut national supérieur du professorat et de l'éducation - site de Digne-les-Bains,licence mention professorat des écoles,FR,bachelor,other,onisep-fr-stage1-014,d6cc8d77-c34f-5b12-a8d0-ab09479fe460,licence mention professorat des écoles,licence,3 ans,Digne-les-Bains,"temps plein, cours en présentiel",,,,,,,,,,,,,,,,,,,,,,,,,,,,,,,,,,,,,,5,0,5,33,13.16,1,0
Institut national supérieur du professorat et de l'éducation - site de Digne-les-Bains,master mention enseignement et éducation - professorat des écoles,FR,master,other,onisep-fr-stage1-014,b24a96cd-0e71-58de-91fe-fd509593425f,master mention enseignement et éducation - professorat des écoles,master,2 ans,Digne-les-Bains,"temps plein, cours en présentiel",,,,,,,,,,,,,,,,,,,,,,,,,,,,,,,,,,,,,,5,0,5,33,13.16,1,0
Institut national supérieur du professorat et de l'éducation - site de l'Ain,licence mention professorat des écoles,FR,bachelor,other,onisep-fr-stage1-001,26771848-8ad9-59b3-9f88-86811be85572,licence mention professorat des écoles,licence,3 ans,Bourg-en-Bresse,"temps plein, cours en présentiel",,,,,,,,,,,,,,,,,,,,,,,,,,,,,,,,,,,,,,5,0,5,33,13.16,1,0
Institut national supérieur du professorat et de l'éducation - site de l'Ain,master mention enseignement et éducation - professorat des écoles,FR,master,other,onisep-fr-stage1-001,f851cbdf-cdd3-513d-9f6f-3a5ed1dda854,master mention enseignement et éducation - professorat des écoles,master,2 ans,Bourg-en-Bresse,"temps plein, cours en présentiel",,,,,,,,,,,,,,,,,,,,,,,,,,,,,,,,,,,,,,5,0,5,33,13.16,1,0
Institut national supérieur du professorat et de l'éducation Clermont-Auvergne - site de Moulins,licence mention professorat des écoles,FR,bachelor,other,onisep-fr-stage1-009,394c7037-53ca-5124-b1cb-c347f2f3c5a9,licence mention professorat des écoles,licence,3 ans,Moulins,"temps plein, cours en présentiel ou cours partiellement en distanciel",,,,,,,,,,,,,,,,,,,,,,,,,,,,,,,,,,,,,,5,0,5,33,13.16,1,0
Institut national supérieur du professorat et de l'éducation Clermont-Auvergne - site de Moulins,master mention enseignement et éducation - professorat des écoles,FR,master,other,onisep-fr-stage1-009,20fb556f-e752-5d5d-b1fb-b7aa65c58ea4,master mention enseignement et éducation - professorat des écoles,master,2 ans,Moulins,"temps plein, cours en présentiel",,,,,,,,,,,,,,,,,,,,,,,,,,,,,,,,,,,,,,5,0,5,33,13.16,1,0
"Institut national supérieur du professorat et de l'éducation Célestin Freinet - site de Nice, George V",master mention enseignement et éducation - professorat du second degré,FR,master,other,onisep-fr-stage1-026,4da6f840-9e62-5e39-a2b7-ebc0aea392ef,master mention enseignement et éducation - professorat du second degré,master,2 ans,Nice,"temps plein, cours en présentiel",,,,,,,,,,,,,,,,,,,,,,,,,,,,,,,,,,,,,,5,0,5,33,13.16,1,0
"Institut national supérieur du professorat et de l'éducation Célestin Freinet - site de Nice, George V","master mention métiers de l'enseignement, de l'éducation et de la formation - pratiques et ingénierie de la formation",FR,master,other,onisep-fr-stage1-026,49ca4019-1bf2-5b5c-983d-1c96b71efea6,"master mention métiers de l'enseignement, de l'éducation et de la formation - pratiques et ingénierie de la formation",master,2 ans,Nice,"temps plein, cours en présentiel",,,,,,,,,,,,,,,,,,,,,,,,,,,,,,,,,,,,,,5,0,5,33,13.16,1,0
"Institut national supérieur du professorat et de l'éducation Célestin Freinet - site de Nice, Stephen Liégeard",licence mention professorat des écoles,FR,bachelor,other,onisep-fr-stage1-019,97423fc0-45e9-51e2-a731-0ca88961b85f,licence mention professorat des écoles,licence,3 ans,Nice,"temps plein, cours en présentiel",,,,,,,,,,,,,,,,,,,,,,,,,,,,,,,,,,,,,,5,0,5,33,13.16,1,0
"Institut national supérieur du professorat et de l'éducation Célestin Freinet - site de Nice, Stephen Liégeard",master mention enseignement et éducation - professorat des écoles,FR,master,other,onisep-fr-stage1-019,f4f878c2-17b2-5cd3-bf41-335ff38646af,master mention enseignement et éducation - professorat des écoles,master,2 ans,Nice,"temps plein, cours en présentiel ou cours en distanciel (enseignement à distance possible)",,,,,,,,,,,,,,,,,,,,,,,,,,,,,,,,,,,,,,5,0,5,33,13.16,1,0
Institut polytechnique de Paris,Master innovation entreprise societe,FR,master,other,ip-paris-fr-canary,c730c2f4-b8a5-5ef0-9947-7eea1b10b7d9,"master mention innovation, entreprise et société",master,2 ans,Palaiseau,"temps plein, cours en présentiel",,,,,,,,,,,,,,,,,,,,,,,,,,,,,,,,,,,,,,5,0,5,33,13.16,1,0
Institut polytechnique de Paris,Master mention biologie-sante,FR,master,other,ip-paris-fr-canary,10ca8bac-cfc7-5cb3-87ae-5f1041983e86,master mention biologie-santé,master,2 ans,Palaiseau,"temps plein, cours en présentiel",,,,,,,,,,,,,,,,,,,,,,,,,,,,,,,,,,,,,,5,0,5,33,13.16,1,0
Institut supérieur des sciences et techniques,master mention génie industriel,FR,master,other,onisep-fr-stage1-004,5dea6883-31fe-5808-9ee8-0775b57792ae,master mention génie industriel,master,2 ans,Saint-Quentin,"temps plein, cours en présentiel",,,,,,,,,,,,,,,,,,,,,,,,,,,,,,,,,,,,,,5,0,5,33,13.16,1,0
Institut supérieur des sciences et techniques,master mention informatique,FR,master,computer science,onisep-fr-stage1-004,2f22ab26-e9a8-53fb-a260-26252a231af8,master mention informatique,master,2 ans,Saint-Quentin,"temps plein, cours en présentiel",,,,,,,,,,,,,,,,,,,,,,,,,,,,,,,,,,,,,,5,0,5,33,13.16,1,0
Institut universitaire de technologie de l'Aisne - Campus de Laon,BUT techniques de commercialisation parcours business développement et management de la relation client,FR,bachelor,other,onisep-fr-stage1-007,04bc0f72-add9-5031-9f73-893f3015f64e,BUT techniques de commercialisation parcours business développement et management de la relation client,bachelor universitaire de technologie,3 ans,Laon,"temps plein, cours en présentiel",,,,,,,,,,,,,,,,,,,,,,,,,,,,,,,,,,,,,,5,0,5,33,13.16,1,0
Institut universitaire de technologie de l'Aisne - Campus de Laon,BUT techniques de commercialisation parcours business international : achat et vente,FR,bachelor,other,onisep-fr-stage1-007,799e0634-fecf-5059-8a0b-3f628d588a9c,BUT techniques de commercialisation parcours business international : achat et vente,bachelor universitaire de technologie,3 ans,Laon,"temps plein, cours en présentiel",,,,,,,,,,,,,,,,,,,,,,,,,,,,,,,,,,,,,,5,0,5,33,13.16,1,0
Institut universitaire de technologie de l'Aisne - Campus de Saint-Quentin,"BUT génie chimique, génie des procédés parcours conception des procédés et innovation technologique",FR,bachelor,other,onisep-fr-stage1-008,b9aa04e3-0f33-518f-afbd-7a9e7479bafb,"BUT génie chimique, génie des procédés parcours conception des procédés et innovation technologique",bachelor universitaire de technologie,3 ans,Saint-Quentin,"temps plein, cours en présentiel",,,,,,,,,,,,,,,,,,,,,,,,,,,,,,,,,,,,,,5,0,5,33,13.16,1,0
Institut universitaire de technologie de l'Aisne - Campus de Saint-Quentin,BUT génie mécanique et productique parcours innovation pour l'industrie,FR,bachelor,engineering,onisep-fr-stage1-008,b42b75f5-3004-5009-8bcf-40a2f3438085,BUT génie mécanique et productique parcours innovation pour l'industrie,bachelor universitaire de technologie,3 ans,Saint-Quentin,"temps plein, cours en présentiel",,,,,,,,,,,,,,,,,,,,,,,,,,,,,,,,,,,,,,5,0,5,33,13.16,1,0
Institut universitaire de technologie de l'Aisne - Campus de Soissons,BUT carrières juridiques parcours entreprise et association,FR,bachelor,other,onisep-fr-stage1-006,f0e956c7-5c0a-57a4-b147-b8bd217d2514,BUT carrières juridiques parcours entreprise et association,bachelor universitaire de technologie,3 ans,Cuffies,"temps plein, cours en présentiel",,,,,,,,,,,,,,,,,,,,,,,,,,,,,,,,,,,,,,5,0,5,33,13.16,1,0
Institut universitaire de technologie de l'Aisne - Campus de Soissons,BUT génie électrique et informatique industrielle parcours automatisme et informatique industrielle,FR,bachelor,computer science,onisep-fr-stage1-006,0f970faf-fdf2-58c6-814b-8cf1fb584379,BUT génie électrique et informatique industrielle parcours automatisme et informatique industrielle,bachelor universitaire de technologie,3 ans,Cuffies,"temps plein, cours en présentiel",,,,,,,,,,,,,,,,,,,,,,,,,,,,,,,,,,,,,,5,0,5,33,13.16,1,0
IUT Clermont Auvergne - site de Montluçon,BUT génie électrique et informatique industrielle parcours électricité et maîtrise de l'énergie,FR,bachelor,computer science,onisep-fr-stage1-013,4c35dae7-87c2-5354-824b-be18661a1765,BUT génie électrique et informatique industrielle parcours électricité et maîtrise de l'énergie,bachelor universitaire de technologie,3 ans,Montluçon,"temps plein, cours en présentiel",,,,,,,,,,,,,,,,,,,,,,,,,,,,,,,,,,,,,,5,0,5,33,13.16,1,0
IUT Clermont Auvergne - site de Montluçon,BUT métiers de la transition et de l'efficacité énergétiques parcours réalisation des installations énergétiques pour le bâtiment et l'industrie,FR,bachelor,other,onisep-fr-stage1-013,c71397c3-c640-5a07-9cb8-8f9d7f00b9a8,BUT métiers de la transition et de l'efficacité énergétiques parcours réalisation des installations énergétiques pour le bâtiment et l'industrie,bachelor universitaire de technologie,3 ans,Montluçon,"temps plein, cours en présentiel",,,,,,,,,,,,,,,,,,,,,,,,,,,,,,,,,,,,,,5,0,5,33,13.16,1,0
IUT Clermont Auvergne - site de Moulins,BUT techniques de commercialisation parcours business international : achat et vente,FR,bachelor,other,onisep-fr-stage1-010,8fdc5c4f-eace-5dd7-a0a2-85c3d9aeb144,BUT techniques de commercialisation parcours business international : achat et vente,bachelor universitaire de technologie,3 ans,Moulins,"temps plein, cours en présentiel",,,,,,,,,,,,,,,,,,,,,,,,,,,,,,,,,,,,,,5,0,5,33,13.16,1,0
IUT Clermont Auvergne - site de Moulins,"BUT techniques de commercialisation parcours marketing digital, e-business et entrepreneuriat",FR,bachelor,other,onisep-fr-stage1-010,4bc4287b-b630-55b7-bebb-1505a023ea61,"BUT techniques de commercialisation parcours marketing digital, e-business et entrepreneuriat",bachelor universitaire de technologie,3 ans,Moulins,"temps plein, cours en présentiel",,,,,,,,,,,,,,,,,,,,,,,,,,,,,,,,,,,,,,5,0,5,33,13.16,1,0
IUT Clermont Auvergne - site de Vichy,BUT métiers du multimédia et de l'internet parcours création numérique,FR,bachelor,computer science,onisep-fr-stage1-011,6bd2a8b8-9767-5c0b-9580-2c8fbda3c98b,BUT métiers du multimédia et de l'internet parcours création numérique,bachelor universitaire de technologie,3 ans,Vichy,"temps plein, cours en présentiel",,,,,,,,,,,,,,,,,,,,,,,,,,,,,,,,,,,,,,5,0,5,33,13.16,1,0
IUT Clermont Auvergne - site de Vichy,BUT métiers du multimédia et de l'internet parcours stratégie de communication numérique et design d'expérience,FR,bachelor,computer science,onisep-fr-stage1-011,c8b582cd-d346-5415-8893-e40e62413526,BUT métiers du multimédia et de l'internet parcours stratégie de communication numérique et design d'expérience,bachelor universitaire de technologie,3 ans,Vichy,"temps plein, cours en présentiel",,,,,,,,,,,,,,,,,,,,,,,,,,,,,,,,,,,,,,5,0,5,33,13.16,1,0
IUT d'Aix-Marseille - site de Digne-les-Bains,BUT gestion administrative et commerciale des organisations parcours management responsable de projet et entrepreneuriat,FR,bachelor,business,onisep-fr-stage1-015,b71975da-c74a-5d2d-8e60-1ffed647fcee,BUT gestion administrative et commerciale des organisations parcours management responsable de projet et entrepreneuriat,bachelor universitaire de technologie,3 ans,Digne-les-Bains,"temps plein, cours en présentiel",,,,,,,,,,,,,,,,,,,,,,,,,,,,,,,,,,,,,,5,0,5,33,13.16,1,0
IUT d'Aix-Marseille - site de Digne-les-Bains,BUT génie biologique parcours sciences de l'environnement et écotechnologies,FR,bachelor,other,onisep-fr-stage1-015,c79f728c-33cc-5030-b778-40a823b3c17d,BUT génie biologique parcours sciences de l'environnement et écotechnologies,bachelor universitaire de technologie,3 ans,Digne-les-Bains,"temps plein, cours en présentiel",,,,,,,,,,,,,,,,,,,,,,,,,,,,,,,,,,,,,,5,0,5,33,13.16,1,0
IUT d'Aix-Marseille - site de Gap,"BUT gestion des entreprises et des administrations parcours gestion comptable, fiscale et financière",FR,bachelor,business,onisep-fr-stage1-016,5fb6c708-c086-5214-9871-88a376d13fda,"BUT gestion des entreprises et des administrations parcours gestion comptable, fiscale et financière",bachelor universitaire de technologie,3 ans,Gap,"temps plein, cours en présentiel",,,,,,,,,,,,,,,,,,,,,,,,,,,,,,,,,,,,,,5,0,5,33,13.16,1,0
IUT d'Aix-Marseille - site de Gap,BUT gestion des entreprises et des administrations parcours gestion entrepreneuriat et management d'activités,FR,bachelor,business,onisep-fr-stage1-016,0bdcd270-f39d-573a-9d65-19d757eefc98,BUT gestion des entreprises et des administrations parcours gestion entrepreneuriat et management d'activités,bachelor universitaire de technologie,3 ans,Gap,"temps plein, cours en présentiel",,,,,,,,,,,,,,,,,,,,,,,,,,,,,,,,,,,,,,5,0,5,33,13.16,1,0
IUT de Charleville,BUT gestion administrative et commerciale des organisations parcours management responsable de projet et entrepreneuriat,FR,bachelor,business,onisep-fr-stage1-039,58644168-c523-558b-b4e2-52647103bbd0,BUT gestion administrative et commerciale des organisations parcours management responsable de projet et entrepreneuriat,bachelor universitaire de technologie,3 ans,Charleville-Mézières,"temps plein, cours en présentiel",,,,,,,,,,,,,,,,,,,,,,,,,,,,,,,,,,,,,,5,0,5,33,13.16,1,0
IUT de Charleville,BUT techniques de commercialisation parcours business développement et management de la relation client,FR,bachelor,other,onisep-fr-stage1-039,ee721859-3e1a-5f30-bbbc-8738b875a484,BUT techniques de commercialisation parcours business développement et management de la relation client,bachelor universitaire de technologie,3 ans,Charleville-Mézières,"temps plein, cours en présentiel",,,,,,,,,,,,,,,,,,,,,,,,,,,,,,,,,,,,,,5,0,5,33,13.16,1,0
IUT Lyon 1,BUT gestion des entreprises et des administrations parcours gestion entrepreneuriat et management d'activités,FR,bachelor,business,onisep-fr-stage1-003,fb4aa516-1b71-50e8-b122-746bb65175cf,BUT gestion des entreprises et des administrations parcours gestion entrepreneuriat et management d'activités,bachelor universitaire de technologie,3 ans,Bourg-en-Bresse,"temps plein, cours en présentiel",,,,,,,,,,,,,,,,,,,,,,,,,,,,,,,,,,,,,,5,0,5,33,13.16,1,0
IUT Lyon 1,master mention génie des procédés et des bio-procédés,FR,master,other,onisep-fr-stage1-003,f9bd9d5d-8227-5b66-b4a7-9869b90d9d7c,master mention génie des procédés et des bio-procédés,master,2 ans,Bourg-en-Bresse,"temps plein, cours en présentiel (les cours se déroulent sur le site de la Doua à Villeurbanne pour le semestre 1 du M1, les cours du semestre 2 du M1 et de l'année en M2 se déroulent sur le site de l'IUT de Bourg)",,,,,,,,,,,,,,,,,,,,,,,,,,,,,,,,,,,,,,5,0,5,33,13.16,1,0
IUT Nice Côte d'Azur - Site de Cannes,BUT information-communication parcours communication des organisations,FR,bachelor,computer science,onisep-fr-stage1-027,64e762bd-c437-5b9a-bfbf-40671329cc90,BUT information-communication parcours communication des organisations,bachelor universitaire de technologie,3 ans,Cannes,"temps plein, cours en présentiel",,,,,,,,,,,,,,,,,,,,,,,,,,,,,,,,,,,,,,5,0,5,33,13.16,1,0
IUT Nice Côte d'Azur - Site de Cannes,BUT information-communication parcours journalisme,FR,bachelor,computer science,onisep-fr-stage1-027,4cedbd6a-eda3-5e11-ad37-9bdcf3746650,BUT information-communication parcours journalisme,bachelor universitaire de technologie,3 ans,Cannes,"temps plein, cours en présentiel",,,,,,,,,,,,,,,,,,,,,,,,,,,,,,,,,,,,,,5,0,5,33,13.16,1,0
IUT Nice Côte d'Azur - Site de Menton,BUT carrières sociales parcours animation sociale et socio-culturelle,FR,bachelor,other,onisep-fr-stage1-021,e0732994-091e-5f76-92ac-3b0830ad9969,BUT carrières sociales parcours animation sociale et socio-culturelle,bachelor universitaire de technologie,3 ans,Menton,"temps plein, cours en présentiel",,,,,,,,,,,,,,,,,,,,,,,,,,,,,,,,,,,,,,5,0,5,33,13.16,1,0
IUT Nice Côte d'Azur - Site de Menton,BUT carrières sociales parcours éducation spécialisée,FR,bachelor,other,onisep-fr-stage1-021,d3eed547-9c02-5f1a-aa92-86592188de66,BUT carrières sociales parcours éducation spécialisée,bachelor universitaire de technologie,3 ans,Menton,"temps plein, cours en présentiel",,,,,,,,,,,,,,,,,,,,,,,,,,,,,,,,,,,,,,5,0,5,33,13.16,1,0
IUT Nice Côte d'Azur - site de Nice,BUT gestion des entreprises et des administrations parcours gestion et pilotage des ressources humaines,FR,bachelor,business,onisep-fr-stage1-018,2bd8d0f8-2222-53ab-96c6-cdf12dfdca2d,BUT gestion des entreprises et des administrations parcours gestion et pilotage des ressources humaines,bachelor universitaire de technologie,3 ans,Nice,"temps plein, cours en présentiel",,,,,,,,,,,,,,,,,,,,,,,,,,,,,,,,,,,,,,5,0,5,33,13.16,1,0
IUT Nice Côte d'Azur - site de Nice,"BUT informatique parcours réalisation d'applications : conception, développement, validation",FR,bachelor,computer science,onisep-fr-stage1-018,c544e49f-37e4-5f5e-9ffb-f89d91caafda,"BUT informatique parcours réalisation d'applications : conception, développement, validation",bachelor universitaire de technologie,3 ans,Nice,"temps plein, cours en présentiel",,,,,,,,,,,,,,,,,,,,,,,,,,,,,,,,,,,,,,5,0,5,33,13.16,1,0
IUT Nice Côte d'Azur- Site de Sophia-Antipolis,BUT réseaux et télécommunications parcours cybersécurité,FR,bachelor,other,onisep-fr-stage1-020,eab1fd00-32ca-5cd9-81cb-b1cd97519540,BUT réseaux et télécommunications parcours cybersécurité,bachelor universitaire de technologie,3 ans,Valbonne,"temps plein, cours en présentiel",,,,,,,,,,,,,,,,,,,,,,,,,,,,,,,,,,,,,,5,0,5,33,13.16,1,0
IUT Nice Côte d'Azur- Site de Sophia-Antipolis,BUT réseaux et télécommunications parcours internet des objets et mobilité,FR,bachelor,other,onisep-fr-stage1-020,b2e631c1-b970-54ea-be38-4a8e3378752a,BUT réseaux et télécommunications parcours internet des objets et mobilité,bachelor universitaire de technologie,3 ans,Valbonne,"temps plein, cours en présentiel",,,,,,,,,,,,,,,,,,,,,,,,,,,,,,,,,,,,,,5,0,5,33,13.16,1,0
Sorbonne Universite,Licence mention informatique,FR,bachelor,computer science,sorbonne-fr-canary,f825d937-ce65-5abf-ba73-588cbbe7d1d4,licence mention informatique,licence,3 ans,Paris,"temps plein, cours en présentiel",,,,,,,,,,,,,,,,,,,,,,,,,,,,,,,,,,,,,,5,0,5,33,13.16,1,0
Sorbonne Universite,Master mention informatique,FR,master,computer science,sorbonne-fr-canary,1d747e1b-2087-5845-b0b1-9a73afb9fed1,master mention informatique,master,2 ans,Paris,"temps plein, cours en présentiel",,,,,,,,,,,,,,,,,,,,,,,,,,,,,,,,,,,,,,5,0,5,33,13.16,1,0
UFR Sciences et techniques des activités physiques et sportives - Antenne de Vichy,licence mention sciences et techniques des activités physiques et sportives activité physique adaptée et santé,FR,bachelor,other,onisep-fr-stage1-012,4e617a0f-c536-5347-956b-ba2cf24bc507,licence mention sciences et techniques des activités physiques et sportives activité physique adaptée et santé,licence,3 ans,Vichy,"temps plein, cours en présentiel (1re année à Vichy dans l'Allier, 2e et 3e années à Aubière dans le Puy de Dôme)",,,,,,,,,,,,,,,,,,,,,,,,,,,,,,,,,,,,,,5,0,5,33,13.16,1,0
UFR Sciences et techniques des activités physiques et sportives - Antenne de Vichy,licence mention sciences et techniques des activités physiques et sportives éducation et motricité,FR,bachelor,other,onisep-fr-stage1-012,b2d3ccbf-2726-540d-9f02-a41883121b37,licence mention sciences et techniques des activités physiques et sportives éducation et motricité,licence,1 an,Vichy,"temps plein, cours en présentiel (1re année à Vichy dans l'Allier, 2e et 3e années à Aubière dans le Puy de Dôme)",,,,,,,,,,,,,,,,,,,,,,,,,,,,,,,,,,,,,,5,0,5,33,13.16,1,0
École d'ingénieurs en sciences industrielles et numérique - site de Charleville-Mézières,licence mention sciences pour l'ingénieur,FR,bachelor,engineering,onisep-fr-stage1-040,b2f723c3-fea3-57c3-b092-2be7825c5a5e,licence mention sciences pour l'ingénieur,licence,3 ans,Charleville-Mézières,"temps plein, cours en présentiel",,,,,,,,,,,,,,,,,,,,,,,,,,,,,,,,,,,,,,5,0,5,33,13.16,1,0
École d'ingénieurs en sciences industrielles et numérique - site de Charleville-Mézières,master mention ingénierie de conception,FR,master,other,onisep-fr-stage1-040,9c7a356e-e589-5c3b-a538-c3b048b27a66,master mention ingénierie de conception,master,2 ans,Charleville-Mézières,"temps plein, cours en présentiel",,,,,,,,,,,,,,,,,,,,,,,,,,,,,,,,,,,,,,5,0,5,33,13.16,1,0
École polytechnique universitaire de l'Université Côte d'Azur,diplôme d'ingénieur de l'École polytechnique universitaire de l'université Côte d'Azur spécialité informatique,FR,master,computer science,onisep-fr-stage1-023,9f97224e-b2bd-5a6f-9b0e-f6a539fd3230,diplôme d'ingénieur de l'École polytechnique universitaire de l'université Côte d'Azur spécialité informatique,diplôme d'ingénieur,3 ans,Biot,"temps plein, cours en présentiel",,,,EUR 601 / year,programme,,,,,,,,,,,,,,,,,,,,,,,,,,,,,,,,,6,0,6,31,15.79,1,0
École polytechnique universitaire de l'Université Côte d'Azur,diplôme d'ingénieur de l'École polytechnique universitaire de l'université Côte d'Azur spécialité robotique,FR,master,engineering,onisep-fr-stage1-023,0cebda89-86b8-5e41-88f9-480c86db3248,diplôme d'ingénieur de l'École polytechnique universitaire de l'université Côte d'Azur spécialité robotique,diplôme d'ingénieur,3 ans,Biot,"temps plein, cours en présentiel (1re année à Nice puis dans une autre université partenaire en Suède, Espagne, Finlande, Hongrie, Italie, Pays-bas, programme international Erasmus Mundus possible en 2e année du cycle ingénieur)",,,,EUR 3941 / year,programme,,,,,,,,,,,,,,,,,,,,,,,,,,,,,,,,,6,0,6,32,15.79,1,0
École universitaire de recherche arts et humanités - Campus Carlone,"master mention civilisations, cultures et sociétés",FR,master,other,onisep-fr-stage1-028,244409cd-c35a-5eb3-8a63-58b1faf6518c,"master mention civilisations, cultures et sociétés",master,2 ans,Nice,"temps plein, cours en présentiel",,,,,,,,,,,,,,,,,,,,,,,,,,,,,,,,,,,,,,5,0,5,33,13.16,1,0
École universitaire de recherche arts et humanités - Campus Carlone,master mention langues étrangères appliquées,FR,master,other,onisep-fr-stage1-028,6344d41a-fdd0-5644-86ac-209f83326370,master mention langues étrangères appliquées,master,2 ans,Nice,"temps plein, cours en présentiel",,,,,,,,,,,,,,,,,,,,,,,,,,,,,,,,,,,,,,5,0,5,33,13.16,1,0
École universitaire de recherche arts et humanités - Campus Georges Méliès,licence mention humanités,FR,bachelor,other,onisep-fr-stage1-029,2eaaaaff-8813-58c6-870f-7eb32c37f6a6,licence mention humanités,licence,1 an,Cannes,"temps plein, cours en présentiel",,,,,,,,,,,,,,,,,,,,,,,,,,,,,,,,,,,,,,5,0,5,33,13.16,1,0
École universitaire de recherche arts et humanités - Campus Georges Méliès,licence mention sciences et humanités,FR,bachelor,other,onisep-fr-stage1-029,96c509ad-7afb-5c33-a47f-b49db274ca43,licence mention humanités,licence,1 an,Cannes,"temps plein, cours en présentiel",,,,,,,,,,,,,,,,,,,,,,,,,,,,,,,,,,,,,,0,5,5,33,13.16,1,5
École universitaire de recherche en droit et science politique - Faculté de droit et science politique - Campus Trotabas,master mention droit des affaires,FR,master,other,onisep-fr-stage1-033,546f63d0-1d09-592f-baec-3c564b05a6a3,master mention droit des affaires,master,2 ans,Nice,"temps plein, cours en présentiel",,,,,,,,,,,,,,,,,,,,,,,,,,,,,,,,,,,,,,5,0,5,33,13.16,1,0
École universitaire de recherche en droit et science politique - Faculté de droit et science politique - Campus Trotabas,master mention droit public,FR,master,other,onisep-fr-stage1-033,62a162a9-a6a1-57f4-a3b1-eb0e91c275e4,master mention droit public,master,2 ans,Nice,"temps plein, cours en présentiel",,,,,,,,,,,,,,,,,,,,,,,,,,,,,,,,,,,,,,5,0,5,33,13.16,1,0
École universitaire de recherche en sciences de la société et de l'environnement - Campus Carlone,master mention sciences sociales,FR,master,other,onisep-fr-stage1-034,99b99133-5159-5038-b8d9-e413a69b1b20,master mention sciences sociales,master,2 ans,Nice,"temps plein, cours en présentiel",,,,,,,,,,,,,,,,,,,,,,,,,,,,,,,,,,,,,,5,0,5,33,13.16,1,0
École universitaire de recherche en sciences de la société et de l'environnement - Campus Carlone,master mention ville et environnements urbains,FR,master,other,onisep-fr-stage1-034,6fe23143-7fdb-57ea-a7e6-1656c7c6ffa5,master mention ville et environnements urbains,master,2 ans,Nice,"temps plein, cours en présentiel",,,,,,,,,,,,,,,,,,,,,,,,,,,,,,,,,,,,,,5,0,5,33,13.16,1,0
École universitaire de recherche en sciences fondamentales et Ingénierie - Campus Plaine du Var - Écovallée,master mention gestion de l'environnement,FR,master,business,onisep-fr-stage1-037,7b6753ca-2400-51f3-b391-925e7ef33827,master mention gestion de l'environnement,master,2 ans,Nice,"temps plein, cours en présentiel",,,,,,,,,,,,,,,,,,,,,,,,,,,,,,,,,,,,,,5,0,5,33,13.16,1,0
École universitaire de recherche en sciences fondamentales et Ingénierie - Campus Plaine du Var - Écovallée,master mention physique fondamentale et applications,FR,master,other,onisep-fr-stage1-037,59c87f4f-e9fb-59a9-9c0c-ef57d23132d5,master mention physique fondamentale et applications,master,2 ans,Nice,"temps plein, cours en présentiel",,,,,,,,,,,,,,,,,,,,,,,,,,,,,,,,,,,,,,5,0,5,33,13.16,1,0
École universitaire de recherche en sciences fondamentales et Ingénierie - Campus Sophia Tech,master mention gestion de l'environnement,FR,master,business,onisep-fr-stage1-036,67d4335b-a04e-580e-9e0e-cdefa450480a,master mention gestion de l'environnement,master,2 ans,Biot,"temps plein, cours en présentiel",,,,,,,,,,,,,,,,,,,,,,,,,,,,,,,,,,,,,,5,0,5,33,13.16,1,0
École universitaire de recherche en sciences fondamentales et Ingénierie - Campus Sophia Tech,"master mention sciences de la Terre et des planètes, environnement",FR,master,other,onisep-fr-stage1-036,a7314bac-e141-553c-b6f2-6f6577f85f8f,"master mention sciences de la Terre et des planètes, environnement",master,2 ans,Biot,"temps plein, cours en présentiel",,,,,,,,,,,,,,,,,,,,,,,,,,,,,,,,,,,,,,5,0,5,33,13.16,1,0
École universitaire de recherche en sciences fondamentales et Ingénierie - Campus Valrose,master mention chimie moléculaire,FR,master,other,onisep-fr-stage1-035,21d727d7-7df7-5f09-b896-e62da24e9238,master mention chimie moléculaire,master,2 ans,Nice,"temps plein, cours en présentiel (6 mois en laboratoire ou en entreprise)",,,,,,,,,,,,,,,,,,,,,,,,,,,,,,,,,,,,,,5,0,5,33,13.16,1,0
École universitaire de recherche en sciences fondamentales et Ingénierie - Campus Valrose,master mention physique fondamentale et applications,FR,master,other,onisep-fr-stage1-035,7af5cdae-1e38-5d6c-a16b-d92503e58923,master mention physique fondamentale et applications,master,2 ans,Nice,"temps plein, cours en présentiel",,,,,,,,,,,,,,,,,,,,,,,,,,,,,,,,,,,,,,5,0,5,33,13.16,1,0
École universitaire de recherche en systèmes numériques pour l'humain - Campus Sophia Tech,master mention informatique,FR,master,computer science,onisep-fr-stage1-030,bea9cf87-a594-599a-af97-f393a534a5f1,master mention informatique,master,2 ans,Biot,"temps plein, cours en présentiel",,,,,,,,,,,,,,,,,,,,,,,,,,,,,,,,,,,,,,5,0,5,33,13.16,1,0
École universitaire de recherche en systèmes numériques pour l'humain - Campus Sophia Tech,master mention méthodes informatiques appliquées à la gestion des entreprises,FR,master,computer science,onisep-fr-stage1-030,1d0f054d-8868-5c6e-bc0c-5286c035f206,master mention méthodes informatiques appliquées à la gestion des entreprises,master,2 ans,Biot,"temps plein, cours en présentiel ou cours partiellement en distanciel (enseignement à distance possible pour le parcours mobiquité, big data et intégration de systèmes)",,,,,,,,,,,,,,,,,,,,,,,,,,,,,,,,,,,,,,5,0,5,33,13.16,1,0
École universitaire de recherche en économie et Management (ELMI) - Campus Saint-Jean d'Angely,master mention gestion des ressources humaines,FR,master,business,onisep-fr-stage1-031,da194efb-4270-5346-a7bb-56cb3d7b47a6,master mention gestion des ressources humaines,master,2 ans,Nice,"temps plein, cours en présentiel",,,,,,,,,,,,,,,,,,,,,,,,,,,,,,,,,,,,,,5,0,5,33,13.16,1,0
École universitaire de recherche en économie et Management (ELMI) - Campus Saint-Jean d'Angely,"master mention monnaie, banque, finance, assurance",FR,master,other,onisep-fr-stage1-031,88803846-33d0-5f69-96cb-474eb2633037,"master mention monnaie, banque, finance, assurance",master,2 ans,Nice,"temps plein, cours en présentiel",,,,,,,,,,,,,,,,,,,,,,,,,,,,,,,,,,,,,,5,0,5,33,13.16,1,0
École universitaire de recherche en écosystèmes des sciences de la santé - Campus STAPS,master mention sciences et techniques des activités physiques et sportives  : activité physique adaptée et santé,FR,master,other,onisep-fr-stage1-032,9aa11c3a-96bc-55a3-b8c1-f7ff409776c5,master mention sciences et techniques des activités physiques et sportives : activité physique adaptée et santé,master,2 ans,Nice,"temps plein, cours en présentiel",,,,,,,,,,,,,,,,,,,,,,,,,,,,,,,,,,,,,,5,0,5,33,13.16,1,0
École universitaire de recherche en écosystèmes des sciences de la santé - Campus STAPS,master mention sciences et techniques des activités physiques et sportives : management du sport,FR,master,other,onisep-fr-stage1-032,31096360-54d5-509d-82d0-8e262fdbe4eb,master mention sciences et techniques des activités physiques et sportives : management du sport,master,2 ans,Nice,"temps plein, cours en présentiel",,,,,,,,,,,,,,,,,,,,,,,,,,,,,,,,,,,,,,5,0,5,33,13.16,1,0
Delft University of Technology,Computer Science,NL,master,computer science,tu-delft-nl-canary,d09b3b83-7fe8-5626-bb42-6dd7661c0972,Computer Science,MASTER,,,VOLTIJD,NLD,,,,,,,,,,,,,,,,,,,,,,,,,,,,,,,,,,,,,2,2,4,34,10.53,2,2
Delft University of Technology,Data Science and Artificial Intelligence Technology,NL,master,computer science,tu-delft-nl-canary,dcf7376b-e09f-5a39-a42b-463e84ec8ccc,Data Science and Artificial Intelligence Technology,MASTER,,,VOLTIJD,NLD,,,,,,,,,,,,,,,,,,,,,,,,,,,,,,,,,,,,,4,0,4,34,10.53,1,0
Erasmus Universiteit Rotterdam,Business Administration,NL,bachelor,other,erasmus-nl-canary,2a72840d-c750-5afa-8adf-d8b51e4abe33,Bedrijfskunde,BACHELOR,,,,,,,,,,,,,,,,,,,,,,,,,,,,,,,,,,,,,,,,,2,0,2,36,5.26,1,0
Erasmus Universiteit Rotterdam,Research Master Business Data Science,NL,master,computer science,erasmus-nl-canary,7c7925d8-0ea6-5d8d-8b1c-10af69f024bb,Research Master Business Data Science (joint degree),MASTER,,,VOLTIJD,ENG,,,,,,,,,,,,,,,,,,,,,,,,,,,,,,,,,,,,,4,0,4,34,10.53,1,0
Het College van Bestuur van de Vrije Universiteit,Datastore Search,NL,,,duo-nl-stage1-001,440c84ff-e22a-5b08-94ee-59d806093e80,,,,,,,,,,,,,,,,,,,,,,,,,,,,,,,,,,,,,,,,,,,0,0,0,38,0.0,0,0
Het College van Bestuur van de Vrije Universiteit,Datastore Search,NL,,,duo-nl-stage1-001,4ad2f980-a73a-550f-99a5-4406ab815326,,,,,,,,,,,,,,,,,,,,,,,,,,,,,,,,,,,,,,,,,,,0,0,0,38,0.0,0,0
Maastricht University,Datastore Search,NL,,,duo-nl-stage1-002,18c243d0-1f3b-5a4f-b21c-56deb5630713,,,,,,,,,,,,,,,,,,,,,,,,,,,,,,,,,,,,,,,,,,,0,0,0,38,0.0,0,0
Maastricht University,Datastore Search,NL,,,duo-nl-stage1-002,60a85ccd-cdd3-574a-a832-723c16ffb70c,,,,,,,,,,,,,,,,,,,,,,,,,,,,,,,,,,,,,,,,,,,0,0,0,38,0.0,0,0
Open Universiteit Nederland,Datastore Search,NL,,,duo-nl-stage1-003,14383d20-993f-56cf-9d7c-498dd35d24d2,,,,,,,,,,,,,,,,,,,,,,,,,,,,,,,,,,,,,,,,,,,0,0,0,38,0.0,0,0
Open Universiteit Nederland,Datastore Search,NL,,,duo-nl-stage1-003,2cc94946-6e8d-5f06-bb7b-e074bf141282,,,,,,,,,,,,,,,,,,,,,,,,,,,,,,,,,,,,,,,,,,,0,0,0,38,0.0,0,0
Protestantse Theologische Universiteit (PThU),Datastore Search,NL,,,duo-nl-stage1-004,25cae772-6076-5167-90f0-7636055eb8b1,,,,,,,,,,,,,,,,,,,,,,,,,,,,,,,,,,,,,,,,,,,0,0,0,38,0.0,0,0
Protestantse Theologische Universiteit (PThU),Datastore Search,NL,,,duo-nl-stage1-004,fb1ca317-5bae-5cfe-98bb-d78f5540296f,,,,,,,,,,,,,,,,,,,,,,,,,,,,,,,,,,,,,,,,,,,0,0,0,38,0.0,0,0
Radboud Universiteit,Business Administration,NL,master,other,radboud-nl-canary,eb1e73e5-1818-59ab-b3ba-67749a31edd3,Business Administration,MASTER,,,,,,,,,,,,,,,,,,,,,,,,,,,,,,,,,,,,,,,,,2,0,2,35,5.26,1,0
Radboud Universiteit,Computing Science,NL,master,other,radboud-nl-canary,9b5d5d94-9494-5799-9c62-4d5c254f4565,Computing Science,MASTER,,,,,,,,,,,,,,,,,,,,,,,,,,,,,,,,,,,,,,,,,2,0,2,36,5.26,1,0
Rijksuniversiteit Groningen,Datastore Search,NL,,,duo-nl-stage1-005,124b34ed-5c2f-570e-907a-54166ac6a719,,,,,,,,,,,,,,,,,,,,,,,,,,,,,,,,,,,,,,,,,,,0,0,0,38,0.0,0,0
Rijksuniversiteit Groningen,Datastore Search,NL,,,duo-nl-stage1-005,7c355a9b-3226-5b55-84df-e402fa357fa8,,,,,,,,,,,,,,,,,,,,,,,,,,,,,,,,,,,,,,,,,,,0,0,0,38,0.0,0,0
Stg. Chr. Hoger Ber.ond. op Gereformeerde Grondslag,Datastore Search,NL,,,duo-nl-stage1-006,3712f942-40bc-53c3-853a-ab41c269958e,,,,,,,,,,,,,,,,,,,,,,,,,,,,,,,,,,,,,,,,,,,0,0,0,38,0.0,0,0
Stg. Chr. Hoger Ber.ond. op Gereformeerde Grondslag,Datastore Search,NL,,,duo-nl-stage1-006,99bd3221-d43c-5edd-b9d0-bd51989fce00,,,,,,,,,,,,,,,,,,,,,,,,,,,,,,,,,,,,,,,,,,,0,0,0,38,0.0,0,0
Stg. Gerrit. Rietveld Academ. Hogesch. Kunst en Vormg.,Datastore Search,NL,,,duo-nl-stage1-007,2f89d4f4-d3c5-5aee-a100-3c3bf5acc300,,,,,,,,,,,,,,,,,,,,,,,,,,,,,,,,,,,,,,,,,,,0,0,0,38,0.0,0,0
Stg. Gerrit. Rietveld Academ. Hogesch. Kunst en Vormg.,Datastore Search,NL,,,duo-nl-stage1-007,6e336313-472b-55fd-92e8-4b0fc16e0ed2,,,,,,,,,,,,,,,,,,,,,,,,,,,,,,,,,,,,,,,,,,,0,0,0,38,0.0,0,0
Stg. Kaht. Opleiding Leraren in het Basisonderwijs,Datastore Search,NL,,,duo-nl-stage1-008,68e9793b-579f-5312-8182-4c8e67c65278,,,,,,,,,,,,,,,,,,,,,,,,,,,,,,,,,,,,,,,,,,,0,0,0,38,0.0,0,0
Stg. Kaht. Opleiding Leraren in het Basisonderwijs,Datastore Search,NL,,,duo-nl-stage1-008,aff5ffe9-d8e0-5385-bed2-1efbefbdf4de,,,,,,,,,,,,,,,,,,,,,,,,,,,,,,,,,,,,,,,,,,,0,0,0,38,0.0,0,0
Stiching Breda University of Applied Sciences,Datastore Search,NL,,,duo-nl-stage1-009,54c2e161-5cef-5800-91c0-513c3761ce5c,,,,,,,,,,,,,,,,,,,,,,,,,,,,,,,,,,,,,,,,,,,0,0,0,38,0.0,0,0
Stiching Breda University of Applied Sciences,Datastore Search,NL,,,duo-nl-stage1-009,d94ceb60-2adf-5ae7-b4fb-5cbbe4092d4a,,,,,,,,,,,,,,,,,,,,,,,,,,,,,,,,,,,,,,,,,,,0,0,0,38,0.0,0,0
Sticht. A'damse Hogeschool voor de Kunsten,Datastore Search,NL,,,duo-nl-stage1-010,67019cef-ee25-5fb6-a35f-3f512e590ab8,,,,,,,,,,,,,,,,,,,,,,,,,,,,,,,,,,,,,,,,,,,0,0,0,38,0.0,0,0
Sticht. A'damse Hogeschool voor de Kunsten,Datastore Search,NL,,,duo-nl-stage1-010,b30bd059-43b4-532b-88c2-40468a212928,,,,,,,,,,,,,,,,,,,,,,,,,,,,,,,,,,,,,,,,,,,0,0,0,38,0.0,0,0
Stichting 'De Kempel',Datastore Search,NL,,,duo-nl-stage1-016,54d0c0c3-f0c0-569a-9d07-61eff2f46256,,,,,,,,,,,,,,,,,,,,,,,,,,,,,,,,,,,,,,,,,,,0,0,0,38,0.0,0,0
Stichting 'De Kempel',Datastore Search,NL,,,duo-nl-stage1-016,6ef7def1-9c5b-5b7e-ba82-b02e72022f0c,,,,,,,,,,,,,,,,,,,,,,,,,,,,,,,,,,,,,,,,,,,0,0,0,38,0.0,0,0
Stichting Aeres Groep,Datastore Search,NL,,,duo-nl-stage1-011,469ccfd4-f1c1-515d-a48b-8e808fa8a871,,,,,,,,,,,,,,,,,,,,,,,,,,,,,,,,,,,,,,,,,,,0,0,0,38,0.0,0,0
Stichting Aeres Groep,Datastore Search,NL,,,duo-nl-stage1-011,606e0701-255f-5733-abe3-20c1bf5690fd,,,,,,,,,,,,,,,,,,,,,,,,,,,,,,,,,,,,,,,,,,,0,0,0,38,0.0,0,0
Stichting ArtEZ,Datastore Search,NL,,,duo-nl-stage1-012,e8c9039c-e0fc-59a4-8135-b09f18c0cb01,,,,,,,,,,,,,,,,,,,,,,,,,,,,,,,,,,,,,,,,,,,0,0,0,38,0.0,0,0
Stichting ArtEZ,Datastore Search,NL,,,duo-nl-stage1-012,f8bb7f22-41a9-516a-be26-638a054a21cb,,,,,,,,,,,,,,,,,,,,,,,,,,,,,,,,,,,,,,,,,,,0,0,0,38,0.0,0,0
Stichting Avans,Datastore Search,NL,,,duo-nl-stage1-013,4a9021aa-f3af-55a8-8ef4-e09679ad8362,,,,,,,,,,,,,,,,,,,,,,,,,,,,,,,,,,,,,,,,,,,0,0,0,38,0.0,0,0
Stichting Avans,Datastore Search,NL,,,duo-nl-stage1-013,6bb272fe-eb3b-5fd0-9198-c65eb270aca9,,,,,,,,,,,,,,,,,,,,,,,,,,,,,,,,,,,,,,,,,,,0,0,0,38,0.0,0,0
Stichting Christel. Hogesch. Windesheim,Datastore Search,NL,,,duo-nl-stage1-014,1d8a73ee-1022-57e2-b139-16ec7ac82cd6,,,,,,,,,,,,,,,,,,,,,,,,,,,,,,,,,,,,,,,,,,,0,0,0,38,0.0,0,0
Stichting Christel. Hogesch. Windesheim,Datastore Search,NL,,,duo-nl-stage1-014,e515c736-f752-573f-be4b-f0aaf690cf82,,,,,,,,,,,,,,,,,,,,,,,,,,,,,,,,,,,,,,,,,,,0,0,0,38,0.0,0,0
"Stichting Codarts, Hogeschool voor de Kunsten",Datastore Search,NL,,,duo-nl-stage1-015,c3cf0767-5b4f-5db3-a48b-18b51ed31df4,,,,,,,,,,,,,,,,,,,,,,,,,,,,,,,,,,,,,,,,,,,0,0,0,38,0.0,0,0
"Stichting Codarts, Hogeschool voor de Kunsten",Datastore Search,NL,,,duo-nl-stage1-015,f808b358-fcff-59ea-94c1-5c0f0b87b531,,,,,,,,,,,,,,,,,,,,,,,,,,,,,,,,,,,,,,,,,,,0,0,0,38,0.0,0,0
Stichting Design Academy Eindhoven,Datastore Search,NL,,,duo-nl-stage1-017,637abc6f-9272-554f-9ebe-9edad899b0e6,,,,,,,,,,,,,,,,,,,,,,,,,,,,,,,,,,,,,,,,,,,0,0,0,38,0.0,0,0
Stichting Design Academy Eindhoven,Datastore Search,NL,,,duo-nl-stage1-017,ccf54372-2d8f-5486-b56f-f5208fa8347f,,,,,,,,,,,,,,,,,,,,,,,,,,,,,,,,,,,,,,,,,,,0,0,0,38,0.0,0,0
Stichting Driestar educatief,Datastore Search,NL,,,duo-nl-stage1-018,2c61d186-01c0-5969-b21f-52499bf230a7,,,,,,,,,,,,,,,,,,,,,,,,,,,,,,,,,,,,,,,,,,,0,0,0,38,0.0,0,0
Stichting Driestar educatief,Datastore Search,NL,,,duo-nl-stage1-018,b76c930b-c928-59ba-8c48-eddd4ede9775,,,,,,,,,,,,,,,,,,,,,,,,,,,,,,,,,,,,,,,,,,,0,0,0,38,0.0,0,0
Stichting Fontys,Datastore Search,NL,,,duo-nl-stage1-019,29b733db-b7f8-53ed-87f7-2d3f9b03eaaf,,,,,,,,,,,,,,,,,,,,,,,,,,,,,,,,,,,,,,,,,,,0,0,0,38,0.0,0,0
Stichting Fontys,Datastore Search,NL,,,duo-nl-stage1-019,dd1fa5c3-b2ab-5f14-ba81-b3e46615b6c8,,,,,,,,,,,,,,,,,,,,,,,,,,,,,,,,,,,,,,,,,,,0,0,0,38,0.0,0,0
Stichting Hanzehogeschool Groningen,Datastore Search,NL,,,duo-nl-stage1-020,1a644f53-d166-5c3c-9bef-815ccc8410ad,,,,,,,,,,,,,,,,,,,,,,,,,,,,,,,,,,,,,,,,,,,0,0,0,38,0.0,0,0
Stichting Hanzehogeschool Groningen,Datastore Search,NL,,,duo-nl-stage1-020,3e9e1eab-30b1-5915-ae54-0ce3dd9258db,,,,,,,,,,,,,,,,,,,,,,,,,,,,,,,,,,,,,,,,,,,0,0,0,38,0.0,0,0
Technische Universiteit Eindhoven,Embedded Systems,NL,master,other,tue-nl-canary,776f8c66-f129-5d3a-a7f8-7a91c0a7f9bd,Embedded Systems,MASTER,,,VOLTIJD,ENG,,,,,,,,,,,,,,,,,,,,,,,,,,,,,,,,,,,,,4,0,4,34,10.53,1,0
Technische Universiteit Eindhoven,Sustainable Energy Technology,NL,master,other,tue-nl-canary,52ed182b-e33d-5595-9e88-fe534b52acb9,Sustainable Energy Technology,MASTER,,,VOLTIJD,ENG,,,,,,,,,,,,,,,,,,,,,,,,,,,,,,,,,,,,,4,0,4,34,10.53,1,0
Universiteit Leiden,Geneeskunde,NL,bachelor,other,leiden-nl-canary,705ee35e-ee7c-5f92-9b2f-326464160035,Geneeskunde,BACHELOR,,,VOLTIJD,NLD,,,,,,,,,,,,,,,,,,,,,,,,,,,,,,,,,,,,,4,0,4,34,10.53,1,0
Universiteit Leiden,Statistics and Data Science,NL,master,computer science,leiden-nl-canary,73db1816-bfbf-5cec-b4ea-619146b93fdb,Statistics and Data Science,MASTER,,,VOLTIJD,ENG,,,,,,,,,,,,,,,,,,,,,,,,,,,,,,,,,,,,,4,0,4,34,10.53,1,0
Universiteit Utrecht,Computer Science,NL,bachelor,computer science,utrecht-nl-canary,fe10af71-36d5-5b3a-bf01-0cc5ae35cf66,Informatica,BACHELOR,,,,,,,,,,,,,,,,,,,,,,,,,,,,,,,,,,,,,,,,,2,0,2,36,5.26,1,0
Universiteit Utrecht,Information Science,NL,bachelor,computer science,utrecht-nl-canary,80d11752-1297-5b81-aecd-cb6ab6bf37d1,Informatiekunde,BACHELOR,,,,,,,,,,,,,,,,,,,,,,,,,,,,,,,,,,,,,,,,,2,0,2,36,5.26,1,0
Universiteit van Amsterdam,Cultuurwetenschappen,NL,bachelor,other,uva-nl-canary,f7fd244f-c807-5a05-82dc-58c2e0df2804,Cultuurwetenschappen,BACHELOR,,,VOLTIJD,ENG,,,,,,,,,,,,,,,,,,,,,,,,,,,,,,,,,,,,,4,0,4,34,10.53,1,0
Universiteit van Amsterdam,Informatica,NL,bachelor,computer science,uva-nl-canary,2d63a989-f592-52d3-9a35-1cab15b8fafe,Informatica,BACHELOR,,,VOLTIJD,NLD,,,,,,,,,,,,,,,,,,,,,,,,,,,,,,,,,,,,,4,0,4,34,10.53,1,0
Wageningen University,Business and Consumer Studies,NL,bachelor,other,wageningen-nl-canary,626e1529-04bc-5ccd-be3e-78268b0a4e35,Bedrijfs- en Consumentenwetenschappen,BACHELOR,,,VOLTIJD,NLD,,,,,,,,,,,,,,,,,,,,,,,,,,,,,,,,,,,,,4,0,4,34,10.53,1,0
Wageningen University,Plant Sciences,NL,master,other,wageningen-nl-canary,e1eee6f6-bda2-5cbb-9419-21c682bfc19b,Plant Sciences,MASTER,,,,,,,,,,,,,,,,,,,,,,,,,,,,,,,,,,,,,,,,,2,0,2,36,5.26,1,0
KTH Royal Institute of Technology,Architecture and Gender: Essay,SE,master,other,kth-se-canary,d03f735a-52cb-5656-ad23-d9fa0196ae4f,Architecture and Gender: Essay,,,,,eng,,,,,,,,,,,,,,,,,,,,2027 VT period 1,2026-10-15,,,,,,,,,,,,,,,,4,0,4,33,10.53,2,0
KTH Royal Institute of Technology,Architecture and Gender: Introduction,SE,bachelor,other,kth-se-canary,e1c56462-e350-50c0-bd4f-c34671fd3d61,Architecture and Gender: Introduction,,,,,eng,,,,,,,,,,,,,,,,,,,,2026 HT period 4,2026-04-15,,,,,,,,,,,,,,,,4,0,4,34,10.53,2,0
Lund University,AI and Digitization in the Archive Sector,SE,master,computer science,lund-se-canary,d50de2d3-1fef-5ea0-8ba0-bd3213a09956,AI and Digitization in the Archive Sector,,,,,swe,,,,,,,,,,,,,,,,,,,,,date: 2026-04-15; intake: year=2026; semester=HT; periodNumber=4,,,,,,,,"Grundläggande behörighet och minst 7,5 hp arkivvetenskap eller motsvarande kunskap samt 1 års arbetslivserfarenhet inom arkivsektorn.",,,,,required - 1 års arbetslivserfarenhet inom arkivsektorn,,,5,0,5,33,13.16,2,0
Lund University,ALM: Work Experience,SE,bachelor,other,lund-se-canary,228d9843-a888-597d-aa24-e964922f0c34,ALM: Work Experience,,,,,swe,,,,,,,,,,,,,,,,,,,,2026 HT period 5,2026-04-15,,,,,,,,"Kurs motsvarande ABMM32 Arkivvetenskap: Förmedling och tillhandahållande, 7,5 hp, ABMM52 Biblioteks- och informationsvetenskap: Informationssökning och förmedling, 7,5 hp, eller ABMM72 Museologi: Materiell, immateriell och visuell kultur, 7,5 hp",,,,,Programme title is ALM: Work Experience; no work experience requirement is published in the source.,,,6,0,6,32,15.79,2,0
Uppsala University,Floristics and Faunistics L,SE,bachelor,other,uppsala-se-canary,7670144e-e4f8-58af-be95-830fb3831ee2,Floristics and Faunistics L,,,,,swe,,,,,,,,,,,,,,,,,,,,2026 VT period 3,2026-03-16,,,,,,,,Grundläggande behörighet,,,,,,,,5,0,5,33,13.16,2,0
Uppsala University,Natural Science and Science Education,SE,bachelor,other,uppsala-se-canary,db815ea7-641e-5c5b-b5fd-46811d987bef,Natural Science and Science Education,,,,,swe,,,,,,,,,,,,,,,,,,,,2026 HT period 4,2026-04-15,,,,,,,,"Biologi A - mönster, processer och didaktik, 22,5 hp, Grundläggande kemi, 10 hp, Kemiska principer II, 5 hp, Organisk kemi I, 10 hp, Biokemi I, 5 hp eller motsvarande.",,,,,,,,5,0,5,33,13.16,2,0
Abingdon and Witney College,Business and Management Practice,UK,bachelor,business,discover-uk-stage1-001,1370d5b6-1a85-52bd-ab33-535fe62aeee9,FdA Business and Management Practice,FdA,2 year course,Abingdon and Witney College,Full time,,,,,,,,,,,,,,,,,,,,,,,,,,,,,,,,,,,,,,0,5,5,33,13.16,1,5
Abingdon and Witney College,Business and Management Practice,UK,bachelor,business,discover-uk-stage1-001,87ff2832-35fa-524a-9ae3-c8b7aeabad3b,FdA Business and Management Practice,FdA,2 year course,Abingdon and Witney College,Full time,,,,,,,,,,,,,,,,,,,,,,,,,,,,,,,,,,,,,,5,0,5,33,13.16,1,0
All Nations Christian College,Biblical and Intercultural Studies,UK,bachelor,other,discover-uk-stage1-003,60e2e546-beec-559f-8803-ff7d234c1959,Biblical and Intercultural Studies,DipHE,2 year course,All Nations Christian College,Full time,,,,,,,,,,,,,,,,,,,,,,,,,,,,,,,,,,,,,,5,0,5,33,13.16,1,0
All Nations Christian College,Biblical and Intercultural Studies,UK,bachelor,other,discover-uk-stage1-003,d16a8da1-2e7e-5f82-ad51-2ad5d35a46b2,Biblical and Intercultural Studies,DipHE,2 year course,All Nations Christian College,Full time,,,,,,,,,,,,,,,,,,,,,,,,,,,,,,,,,,,,,,0,5,5,33,13.16,1,5
Anglia Ruskin University,Fine Art,UK,bachelor,other,discover-uk-stage1-004,9436b038-a11f-554e-bf0b-894432db7716,BA (Hons) Fine Art,BA (Hons),3 year course,ARU Cambridge Campus,Full time,,,,,,,,,,,,,,,,,,,,,,,,,,,,,,,,,,,,,85% - population: Creative arts and design graduates at Anglia Ruskin University,6,0,6,31,15.79,1,0
Anglia Ruskin University,Law,UK,bachelor,other,discover-uk-stage1-004,8eb42e1e-62a2-5044-987d-01719cd7d204,LLB (Hons) Law,LLB (Hons),3 year course,ARU Cambridge Campus,Full time,,,,,,,,,,,,,,,,,,,,,,,,,,,,,,,,,,,,,,4,1,5,31,13.16,2,1
Arts Educational Schools,Acting,UK,bachelor,other,discover-uk-stage1-005,064e4c8c-3273-5475-acc2-a785d2dc169d,BA (Hons) Acting,BA (Hons),3 year course,ArtsEd,Full time,,,,,,,,,,,,,,,,,,,,,,,,,,,,,,,,,,,,,,5,0,5,31,13.16,1,0
Arts Educational Schools,Musical Theatre,UK,bachelor,other,discover-uk-stage1-005,f274a2a7-1552-584b-979f-0a0a65b34fc1,BA (Hons) Musical Theatre,BA (Hons),3 year course,ArtsEd,Full time,,,,,,,,,,,,,,,,,,,,,,,,,,,,,,,,,,,,,occupation types 15 months after the course,5,1,6,31,15.79,2,1
Askham Bryan College,Equine Science and Management,UK,bachelor,business,discover-uk-stage1-007,7415a39b-2f5f-5571-bfc7-43976f8d48d7,FdSc Equine Science and Management,FdSc,2 year course,York,Full time,,,,,,,,,,,,,,,,,,,,,,,,,,,,,,,,,,,,,"80% - (15 months after the course); population: Agriculture, food and related studies graduates at Askham Bryan College",6,0,6,31,15.79,1,0
Askham Bryan College,Equine Science and Management (including Foundation year),UK,bachelor,business,discover-uk-stage1-007,465d4536-96e4-5b55-8c3e-80a1e8013b76,Equine Science and Management (including Foundation year),FdSc,3 year course,York,Full time,,,,,,,,,,,,,,,,,,,,,,,,,,,,,,,,,,,,,"80% - (15 months after the course); population: Agriculture, food and related studies graduates at Askham Bryan College",6,0,6,31,15.79,1,0
Barking and Dagenham College,Computing for England (Cyber Security) (Barking and Dagenham),UK,bachelor,computer science,discover-uk-stage1-008,63412a30-b38b-5b03-b7ff-4ddfa92300cf,Computing for England (Cyber Security) (Barking and Dagenham),HND,2 year course,Barking and Dagenham College,Full time,,,,,,,,,,,,,,,,,,,,,,,,,,,,,,,,,,,,,,5,0,5,33,13.16,1,0
Barking and Dagenham College,Computing For England (General) (Barking and Dagenham),UK,bachelor,computer science,discover-uk-stage1-008,95d3bbf1-7e5d-5412-96b3-c6022bd8b35a,Computing For England (General) (Barking and Dagenham),HND,2 year course,Barking and Dagenham College,Full time,,,,,,,,,,,,,,,,,,,,,,,,,,,,,,,,,,,,,,4,1,5,33,13.16,2,1
Barnsley College,Animal Management,UK,bachelor,business,discover-uk-stage1-009,1157b236-a40b-5e2d-ad9a-197ad246a2e8,Animal Management,FdSc,2 year course,Wigfield Farm,Full time,,,,,,,,,,,,,,,,,,,,,,,,,,,,,,,,,,,,,,5,0,5,33,13.16,1,0
Barnsley College,Early Years Leadership,UK,bachelor,other,discover-uk-stage1-009,fcce1aa5-1813-5776-991e-107da1916798,Early Years Leadership,,2 year course,Barnsley College,Full time,,,,,,,,,,,,,,,,,,,,,,,,,,,,,,,,,,,,,75% - (15 months after the course); population: Health and social care graduates at Barnsley College,5,0,5,32,13.16,1,0
Bath Spa University,Acting,UK,bachelor,other,discover-uk-stage1-010,e67cc4ee-c764-5b6c-b1fb-565dd2ffea47,BA (Hons) Acting,BA (Hons),3 year course,Newton Park Campus,Full time,,,,,,,,,,,,,,,,,,,,,,,,,,,,,,,,,,,,,90% - go on to work and/or study; population: BA (Hons) Acting graduates at Bath Spa University,6,0,6,31,15.79,1,0
Bath Spa University,Acting with Foundation Year at Boomsatsuma,UK,bachelor,other,discover-uk-stage1-010,7dca1beb-82e4-515a-a5f8-8dae2a29f84d,BA (Hons) Acting with Foundation Year at Boomsatsuma,BA (Hons),4 year course,Boomsatsuma,Full time,,,,,,,,,,,,,,,,,,,,,,,,,,,,,,,,,,,,,,5,0,5,33,13.16,1,0
Bishop Auckland College,Art and Design,UK,bachelor,other,discover-uk-stage1-012,d0fa5375-aec0-55a2-ad4b-23ae41795088,HND Art and Design,HND,2 year course,Bishop Auckland College Main Campus,Full time,,,,,,,,,,,,,,,,,,,,,,,,,,,,,,,,,,,,,,5,0,5,33,13.16,1,0
Bishop Auckland College,Photography,UK,bachelor,other,discover-uk-stage1-012,d649d1a4-f5d6-55c4-bac1-8db8a9953756,HND Photography,HND,2 year course,Bishop Auckland College Main Campus,Full time,,,,,,,,,,,,,,,,,,,,,,,,,,,,,,,,,,,,,,4,1,5,33,13.16,2,1
Bishop Burton College,Animal Behaviour & Wildlife Conservation,UK,bachelor,other,discover-uk-stage1-013,68e2924c-c07f-5ac2-8ea9-6bb6e0d21351,BSc (Hons) Animal Behaviour & Wildlife Conservation,BSc (Hons),3 year course,Bishop Burton,Full time,,,,,,,,,,,,,,,,,,,,,,,,,,,,,,,,,,,,GBP 19000,,5,1,6,31,15.79,2,1
Bishop Burton College,Applied Animal Behaviour and Training,UK,bachelor,other,discover-uk-stage1-013,f93efbac-69e9-53de-a54d-c1768805685c,BSc (Hons) Applied Animal Behaviour and Training,BSc (Hons),3 year course,Bishop Burton,Full time,,,,,,,,,,,,,,,,,,,,,,,,,,,,,,,,,,,,,,5,0,5,31,13.16,1,0
Blackburn College,Accounting and Finance,UK,bachelor,other,discover-uk-stage1-014,e01daefe-355a-5f31-a3db-f63d8275d471,Accounting and Finance,FdSc,2 year course,Main Campus,Full time,,,,,,,,,,,,,,,,,,,,,,,,,,,,,,,,,,,,source: Longitudinal Education Outcomes (LEO) dataset,,5,1,6,32,15.79,2,1
Blackburn College,Business with Management,UK,bachelor,business,discover-uk-stage1-014,c2637d16-4f58-55b5-b925-6cdc8a8590d2,Business with Management,BA (Hons),3 year course,Main Campus,Full time,,,,,,,,,,,,,,,,,,,,,,,,,,,,,,,,,,,,,,5,0,5,31,13.16,1,0
BLACKPOOL AND THE FYLDE COLLEGE,Engineering (Automotive Engineering),UK,bachelor,engineering,discover-uk-stage1-015,2a4fb7c5-f257-555a-84c5-2a23d72e611b,Engineering (Automotive Engineering),BEng (Hons),3 year course,Bispham Campus,Full time,,,,,,,,,,,,,,,,,,,,,,,,,,,,,,,,,,,,,,5,0,5,31,13.16,1,0
BLACKPOOL AND THE FYLDE COLLEGE,Engineering (Robotics and Automation Engineering),UK,bachelor,engineering,discover-uk-stage1-015,339349f1-ea76-5178-8eb9-8401fbcf9143,Engineering (Robotics and Automation Engineering),BEng (Hons),3 year course,Bispham Campus,Full time,,,,,,,,,,,,,,,,,,,,,,,,,,,,,,,,,,,,,,5,0,5,31,13.16,1,0
Boston College,Film & Television,UK,bachelor,other,discover-uk-stage1-016,0c35c3a5-02ff-5de8-820a-f2ee8108e32e,HND Film & Television,HND,2 year course,Boston College University Centre,Full time,,,,,,,,,,,,,,,,,,,,,,,,,,,,,,,,,,,,GBP 12500 / 3 years after the course,,6,0,6,31,15.79,1,0
Boston College,Leadership & Management,UK,bachelor,business,discover-uk-stage1-016,3de52a35-3c2d-58bb-9e06-01d688b47671,HND Leadership & Management,HND,2 year course,Boston College University Centre,Full time,,,,,,,,,,,,,,,,,,,,,,,,,,,,,,,,,,,,GBP 12500 / 3 years after the course,,5,1,6,32,15.79,2,1
Bournemouth University,Accounting,UK,bachelor,other,discover-uk-stage1-018,2b10d957-eb9b-5583-b2bb-fc1c741a300b,Accounting,BA (Hons),3 year course,Bournemouth University,Full time,,,,,,,,,,,,,,,,,,,,,,,,,,,,,,,,,,,,80% - graduates find their current work meaningful; (15 months after graduation); data students graduating 2021-23,"5% - Managers, directors and senior officials; (15 months after the course); data students graduating 2021-23",5,2,7,31,18.42,2,2
Bournemouth University,Accounting and Finance,UK,bachelor,other,discover-uk-stage1-018,a4e6b163-10f4-513a-9230-fe193026b557,Accounting and Finance,BA (Hons),3 year course,Bournemouth University,Full time,,,,,,,,,,,,,,,,,,,,,,,,,,,,,,,,,,,,80% - graduates find their current work meaningful; (15 months after graduation); data students graduating 2021-23,,6,0,6,31,15.79,1,0
Bradford College,Primary Education Early Years 3-7 (QTS),UK,bachelor,other,discover-uk-stage1-019,eeb069c9-ba8c-5b25-bcd4-bf86a72f59cd,Primary Education Early Years 3-7 (QTS),BA (Hons),3 year course,Bradford College - Main Campus,Full time,,,,,,,,,,,,,,,,,,,,,,,,,,,,,,,,,,,,,,5,0,5,33,13.16,1,0
Bradford College,Primary Education Early Years 5-11 (QTS),UK,bachelor,other,discover-uk-stage1-019,4312df08-cb0e-538a-b9ed-4e0d7e864ff9,BA (Hons) Primary Education Early Years 5-11 (QTS),BA (Hons),3 year course,Bradford College - Main Campus,Full time,,,,,,,,,,,,,,,,,,,,,,,,,,,,,,,,,,,,,,5,0,5,33,13.16,1,0
Bristol Baptist College,"Theology, Ministry and Mission",UK,bachelor,other,discover-uk-stage1-022,3a574afc-69e2-5f98-8d89-a358555d61bb,"Theology, Ministry and Mission",BA (Hons),3 year course,Bristol Baptist College,Full time,,,,,,,,,,,,,,,,,,,,,,,,,,,,,,,,,,,,,,0,5,5,33,13.16,1,5
Bristol Baptist College,"Theology, Ministry and Mission",UK,bachelor,other,discover-uk-stage1-022,5899253a-cf94-5a60-ae1a-dd8d5638d45c,"Theology, Ministry and Mission",BA (Hons),3 year course,Bristol Baptist College,Full time,,,,,,,,,,,,,,,,,,,,,,,,,,,,,,,,,,,,,,5,0,5,33,13.16,1,0
Brunel University of London,Theatre,UK,bachelor,other,discover-uk-stage1-024,c88a3280-125f-585b-8a20-aebb08a5836f,,,3 year course,Brunel University Campus,Full time,,,,,,,,,,,,,,,,,,,,,,,,,,,,,,,,,,,,,,3,0,3,35,7.89,1,0
Brunel University of London,Theatre with Placement Year,UK,bachelor,other,discover-uk-stage1-024,d33870ff-b395-5b21-bda9-ce18c8c74b27,,,4 year course,Brunel University Campus,Full time,,,,,,,,,,,,,,,,,,,,,,,,,,,,,,,,,,,,,,3,0,3,35,7.89,1,0
Buckinghamshire New University,Acting for Stage and Screen,UK,bachelor,other,discover-uk-stage1-025,5f7e4503-b034-5260-913a-5110ed0982b6,,,3 year course,High Wycombe Campus,Full time,,,,,,,,,,,,,,,,,,,,,,,,,,,,,,,,,,,,,,3,0,3,35,7.89,1,0
Buckinghamshire New University,Animation (Online),UK,bachelor,other,discover-uk-stage1-025,d115e175-3bb5-5c4f-8d2d-169038e9cdc2,,,3 year course,High Wycombe Campus,Full time,,,,,,,,,,,,,,,,,,,,,,,,,,,,,,,,,,,,,,2,1,3,35,7.89,2,1
Health Sciences University,Radiography (Diagnostic Imaging),UK,bachelor,other,discover-uk-stage1-002,aab072ce-4ac6-5c86-a311-170c1ed24c00,BSc (Hons) Radiography (Diagnostic Imaging),BSc (Hons),3 year course,AECC University College,Full time,,,,,,,,,,,,,,,,,,,,,,,,,,,,,,,,,,,,,,5,0,5,31,13.16,1,0
Health Sciences University,Radiography (Radiotherapy and Oncology),UK,bachelor,other,discover-uk-stage1-002,133eac2d-937c-54fc-9f7f-1fcdb2937732,Radiography (Radiotherapy and Oncology),BSc (Hons),3 year course,AECC University College,Full time,,,,,,,,,,,,,,,,,,,,,,,,,,,,,,,,,,,,,,5,0,5,31,13.16,1,0
Imperial College London,Mathematics and Computer Science,UK,bachelor,computer science,imperial-uk-canary,8322e08f-eb1d-50a8-bd91-33371fb57645,Mathematics and Computer Science,BEng (Hons),3 year course,South Kensington,Full time,,,,,,,,,,,,,,,,,,,,,,,,,,,,,,,,,,,,,,5,0,5,33,13.16,1,0
Imperial College London,Mathematics and Computer Science,UK,bachelor,computer science,imperial-uk-canary,c5b5eba6-707a-51a9-b64a-9385389c6bd7,Mathematics and Computer Science,BEng (Hons),3 year course,South Kensington,Full time,,,,,,,,,,,,,,,,,,,,,,,,,,,,,,,,,,,,,,0,5,5,33,13.16,1,5
King's College London,Computer Science,UK,bachelor,computer science,kings-uk-canary,57418cd2-9e28-5de8-9bc6-055f88d3b8bb,Computer Science,BSc (Hons),3 year course,Central London,Full time,,,,,,,,,,,,,,,,,,,,,,,,,,,,,,,,,,,,85% - (15 months after the course),0% - in_other_work; (15 months after the course); population: students graduating 2022-23,0,7,7,31,18.42,1,7
King's College London,Computer Science,UK,bachelor,computer science,kings-uk-canary,69dddfc8-ee52-57d9-8887-28139c2275d6,Computer Science,BSc (Hons),3 year course,Central London,Full time,,,,,,,,,,,,,,,,,,,,,,,,,,,,,,,,,,,,,,5,0,5,31,13.16,1,0
London South East Colleges,Computing: Cyber Security,UK,bachelor,computer science,discover-uk-stage1-023,daa9521e-4e07-53a8-b85a-bcd0c566e374,HND Computing: Cyber Security,HND,2 year course,London South East Colleges (Orpington Campus),Full time,,,,,,,,,,,,,,,,,,,,,,,,,,,,,,,,,,,,,,5,0,5,33,13.16,1,0
London South East Colleges,Early Years Professional Leadership,UK,bachelor,other,discover-uk-stage1-023,6a7210f2-06be-539a-8480-cf8386a4f915,HND Computing: Cyber Security,HND,2 year course,London South East Colleges (Orpington Campus),Full time,,,,,,,,,,,,,,,,,,,,,,,,,,,,,,,,,,,,,,3,2,5,33,13.16,2,2
Oxford University,Computer Science (3 or 4 years),UK,bachelor,computer science,oxford-uk-canary,45d0488c-fd77-5761-bf4b-e68dc9328b6f,Computer Science (3 or 4 years),MCompSci (Hons),4 year course,Oxford,Full time,,,,,,,,,,,,,,,,,,,,,,,,,,,,,,,,,,,,,,5,0,5,31,13.16,1,0
Oxford University,Mathematics and Computer Science,UK,bachelor,computer science,oxford-uk-canary,00164ee0-24b0-5e69-8c8b-979d08113044,Mathematics and Computer Science (3 or 4 years),MMathCompSci (Hons),4 year course,Oxford,Full time,,,,,,,,,,,,,,,,,,,,,,,,,,,,,,,,,,,,90% - My current work is meaningful.; meaningfulness; (15 months after graduation); data 2021-23; source: Graduate Outcomes survey,85% - Information Technology Professionals; (15 months after the course); data 2021-23; source: Graduate Outcomes survey,5,2,7,31,18.42,2,2
The Arts University Bournemouth,Acting,UK,bachelor,other,discover-uk-stage1-006,16aed716-240d-5ae8-854a-52d1ecc51b49,BA (Hons) Acting,BA (Hons),3 year course,Arts University Bournemouth,Full time,,,,,,,,,,,,,,,,,,,,,,,,,,,,,,,,,,,,data students graduating 2021-23 - source: Graduate Outcomes survey,,6,0,6,31,15.79,1,0
The Arts University Bournemouth,Acting for Screen,UK,bachelor,other,discover-uk-stage1-006,1494bc65-9315-5198-a797-81202c1520c0,BA (Hons) Acting for Screen,BA (Hons),3 year course,Arts University Bournemouth,Full time,,,,,,,,,,,,,,,,,,,,,,,,,,,,,,,,,,,,data students graduating 2021-23 - source: Graduate Outcomes survey,,5,1,6,31,15.79,2,1
The Bournemouth and Poole College,Digital Animation Design & Production,UK,bachelor,other,discover-uk-stage1-017,770f992a-7c1a-5b5c-82ad-f900668b7f1e,Digital Animation Design & Production,FDA,2 year course,Bournemouth and Poole College,Full time,,,,,,,,,,,,,,,,,,,,,,,,,,,,,,,,,,,,,,5,0,5,33,13.16,1,0
The Bournemouth and Poole College,"Esports Production, Broadcasting and Events",UK,bachelor,other,discover-uk-stage1-017,baa1b317-ba51-5fac-af2c-4aa258d131a2,"Esports Production, Broadcasting and Events",FDA,2 year course,Bournemouth and Poole College,Full time,,,,,,,,,,,,,,,,,,,,,,,,,,,,,,,,,,,,,,5,0,5,33,13.16,1,0
The University of Edinburgh,Computer Science,UK,bachelor,computer science,edinburgh-uk-canary,814d8802-d69b-59c9-808a-b733ffe17579,Computer Science,BEng (Hons),4 year course,Central,Full time,,,,,,,,,,,,,,,,,,,,,,,,,,,,,,,,,,,,,,5,0,5,31,13.16,1,0
The University of Edinburgh,Computer Science,UK,bachelor,computer science,edinburgh-uk-canary,9e56967c-c215-5e0b-ba38-018d61a6a991,Computer Science,BEng (Hons),4 year course,Central,Full time,,,,,,,,,,,,,,,,,,,,,,,,,,,,,,,,,,,,90% - My current work is meaningful.; (15 months after the course); population: Computer science graduates at University of Edinburgh,,0,6,6,32,15.79,1,6
The University of Manchester,Computer Science,UK,bachelor,computer science,manchester-uk-canary,de38fc20-2235-5c03-b4f0-5d3817f4abcc,BSc (Hons) Computer Science,BSc (Hons),4 year course,Main Campus,Full time,,,,,,,,,,,,,,,,,,,,,,,,,,,,,,,,,,,,,,5,0,5,31,13.16,1,0
The University of Manchester,Data Science,UK,bachelor,data science,manchester-uk-canary,056c787b-cb1e-526e-bb3d-9a731e339a19,BSc (Hons) Computer Science,BSc (Hons),4 year course,Main Campus,Full time,,,,,,,,,,,,,,,,,,,,,,,,,,,,,,,,,,,,80% - (15 months after graduation); population: students graduating 2022-23,5% - Business and public service associate professionals; (15 months after the course); population: students graduating 2022-23,0,7,7,31,18.42,1,7
University Centre Somerset College Group,"Makeup Artistry, Prosthetic FX and Wig Making",UK,bachelor,other,discover-uk-stage1-020,5f95f3f8-7afc-52a6-ba5b-e4f49c98267b,"Makeup Artistry, Prosthetic FX and Wig Making",FDA,2 year course,Taunton College,Full time,,,,,,,,,,,,,,,,,,,,,,,,,,,,,,,,,,,,,,5,0,5,32,13.16,1,0
University Centre Somerset College Group,"Makeup Artistry, Prosthetic FX and Wig Making",UK,bachelor,other,discover-uk-stage1-020,d0d192c5-ff75-5fdf-8c6c-80e0cc2608c6,"Makeup Artistry, Prosthetic FX and Wig Making",FDA,2 year course,Taunton College,Full time,,,,,,,,,,,,,,,,,,,,,,,,,,,,,,,,,,,,,,0,5,5,33,13.16,1,5
University College Birmingham,Aesthetics,UK,bachelor,other,discover-uk-stage1-011,5dcb3d22-21b0-523b-b1aa-27093fb8036a,BA (Hons) Aesthetics,BA (Hons),3 year course,University College Birmingham,Full time,,,,,,,,,,,,,,,,,,,,,,,,,,,,,,,,,,,,data students graduating 2022-23,80% - go_on_to_work_and_or_study; data students graduating 2022-23,7,0,7,31,18.42,1,0
University College Birmingham,Airport And Aviation Management,UK,bachelor,business,discover-uk-stage1-011,43850490-0520-5cca-b9a2-0b1b84156049,BA (Hons) Airport And Aviation Management,BA (Hons),4 year course,University College Birmingham,Full time,,,,,,,,,,,,,,,,,,,,,,,,,,,,,,,,,,,,data students graduating 2022-23,80% - go_on_to_work_and_or_study; data students graduating 2022-23,5,2,7,31,18.42,2,2
University of Brighton,Business Management with Entrepreneurship,UK,bachelor,business,discover-uk-stage1-021,28ee7709-d09b-5231-8e41-461663619e85,BSc (Hons) Business Management with Entrepreneurship,BSc (Hons),3 year course,Moulsecoomb,Full time,,,,,,,,,,,,,,,,,,,,,,,,,,,,,,,,,,,,,,5,0,5,31,13.16,1,0
University of Brighton,Pharmacy,UK,bachelor,other,discover-uk-stage1-021,770878eb-c3e4-583c-aeb7-0113b97486cf,MPharm (Hons) Pharmacy,MPharm (Hons),5 year course,Moulsecoomb,Full time,,,,,,,,,,,,,,,,,,,,,,,,,,,,,,,,,,,,,84% - go_on_to_work_and_or_study; (15 months after the course); population: Pharmacy graduates at University of Brighton,6,0,6,31,15.79,1,0
University of Bristol,Computer Science,UK,bachelor,computer science,bristol-uk-canary,df53e148-1899-5eb0-b91b-2abd84256559,BSc (Hons) Computer Science,BSc (Hons),3 year course,University of Bristol,Full time,,,,,,,,,,,,,,,,,,,,,,,,,,,,,,,,,,,,,,5,0,5,31,13.16,1,0
University of Bristol,Data Science,UK,bachelor,data science,bristol-uk-canary,45389133-b30b-5620-a1f1-132881ea6575,BSc (Hons) Computer Science,BSc (Hons),4 year course,University of Bristol,Full time,,,,,,,,,,,,,,,,,,,,,,,,,,,,,,,,,,,,(15 months after the course),10% - Elementary occupations; (15 months after the course); population: students graduating 2022-23,3,4,7,31,18.42,2,4
University of Cambridge,Computer Science,UK,bachelor,computer science,cambridge-uk-canary,4ec2cb38-ac8f-597c-857d-18eabf99649b,Computer Science,BA (Hons),3 year course,University of Cambridge,Full time,,,,,,,,,,,,,,,,,,,,,,,,,,,,,,,,,,,,,,5,0,5,31,13.16,1,0
University of Cambridge,Natural Sciences,UK,bachelor,computer science,cambridge-uk-canary,363052cb-99e3-5cb4-bfc4-512e4dc078a2,Natural Sciences,BA (Hons),3 year course,University of Cambridge,Full time,,,,,,,,,,,,,,,,,,,,,,,,,,,,,,,,,,,,(15 months after the course),,5,1,6,32,15.79,2,1
University of Nottingham,Computer Science,UK,bachelor,computer science,nottingham-uk-canary,203e027d-3bf3-57ca-9bf7-6bcaf82a909a,BSc (Hons) Computer Science,BSc (Hons),3 year course,The University of Nottingham,Full time,,,,,,,,,,,,,,,,,,,,,,,,,,,,,,,,,,,,GBP 35000 / 15 months after the course,90% - in_highly_skilled_work; (15 months after the course); population: students graduating 2022-23,0,7,7,31,18.42,1,7
University of Nottingham,Computer Science,UK,bachelor,computer science,nottingham-uk-canary,e21a74fb-4986-5481-9095-01428fac91ef,BSc (Hons) Computer Science,BSc (Hons),3 year course,The University of Nottingham,Full time,,,,,,,,,,,,,,,,,,,,,,,,,,,,,,,,,,,,,,5,0,5,31,13.16,1,0
Arizona State University Campus Immersion,Arizona State University Campus Immersion Computer Science,US,master,computer science,scorecard-us-stage1-007,7a4e685b-31a4-5264-86a1-7b0a8cbc411c,,,,,,,,,,,,,,,,,,,,,,,,,,,,,,,,,,,,,,,,,,,0,0,0,37,0.0,0,0
Arizona State University Campus Immersion,Arizona State University Campus Immersion Engineering,US,bachelor,engineering,scorecard-us-stage1-007,759243ac-af8d-5a29-ac9d-7de254924796,,,,,,,,,USD 29428 / annual (international),institution,,,,,,,,,,,,,,,,,,,,,,,,,,,,,,,,,0,1,1,37,2.63,1,1
Auburn University,Auburn University Computer Science,US,master,computer science,scorecard-us-stage1-003,9ca2f0bd-809f-5944-86d2-208db9e8a465,,,,,,,,,,,,,,,,,,,,,,,,,,,,,,,,,,,,,,,,,,,0,0,0,37,0.0,0,0
Auburn University,Auburn University Engineering,US,bachelor,engineering,scorecard-us-stage1-003,c982418d-cdd6-5c96-b81a-c7632f17a300,,,,,,,,,USD 31956 / annual (international),institution,,,,,,,,,,,,,,,,,,,,,,,,,,,,,,,,,0,1,1,37,2.63,1,1
Boise State University,Boise State University Computer Science,US,master,computer science,scorecard-us-stage1-029,fcdd0150-8c77-5222-b59d-4b302f86e27c,,,,,,,,,,,,,,,,,,,,,,,,,,,,,,,,,,,,,,,,,,,0,0,0,37,0.0,0,0
Boise State University,Boise State University Engineering,US,bachelor,engineering,scorecard-us-stage1-029,16a8b0b1-43fd-5369-b84f-539dfb09860e,,,,,,,,,,,,,,,,,,,,,,,,,,,,,,,,,,,,,,,,,,,0,0,0,37,0.0,0,0
Brigham Young University-Hawaii,Brigham Young University-Hawaii Computer Science,US,master,computer science,scorecard-us-stage1-025,b3a3f95d-7dd0-564f-b697-39f64abb7d6d,,,,,,,,,,,,,,,,,,,,,,,,,,,,,,,,,,,,,,,,,,,0,0,0,37,0.0,0,0
Brigham Young University-Hawaii,Brigham Young University-Hawaii Engineering,US,bachelor,engineering,scorecard-us-stage1-025,50ac7d32-64ec-5136-8102-3e0f193cf67c,,,,,,,,,,,,,,,,,,,,,,,,,,,,,,,,,,,,,,,,,,,0,0,0,37,0.0,0,0
Brigham Young University-Idaho,Brigham Young University-Idaho Computer Science,US,master,computer science,scorecard-us-stage1-030,83f7a2c0-6545-5703-81ac-e71d167c7763,,,,,,,,,,,,,,,,,,,,,,,,,,,,,,,,,,,,,,,,,,,0,0,0,37,0.0,0,0
Brigham Young University-Idaho,Brigham Young University-Idaho Engineering,US,bachelor,engineering,scorecard-us-stage1-030,e5cdb09b-a5fd-5192-8423-b4ad55399405,,,,,,,,,USD 4300 / annual (international),institution,,,,,,,,,,,,,,,,,,,,,,,,,,,,,,,,,0,1,1,37,2.63,1,1
California State University-Fullerton,California State University-Fullerton Computer Science,US,master,computer science,scorecard-us-stage1-009,796b02d3-ef3a-5ac2-b5bd-c189e2ddd0ca,,,,,,,,,USD 18833 / annual (international),institution,,,,,,,,,,,,,,,,,,,,,,,,,,,,,,,,,0,1,1,37,2.63,1,1
California State University-Fullerton,California State University-Fullerton Engineering,US,bachelor,engineering,scorecard-us-stage1-009,bbd86d2d-a2be-56e5-a118-9fe57cf9d0c5,,,,,,,,,USD 18833 / annual (international),institution,,,,,,,,,,,,,,,,,,,,,,,,,,,,,,,,,0,1,1,37,2.63,1,1
California State University-Northridge,California State University-Northridge Computer Science,US,master,computer science,scorecard-us-stage1-010,7c4f3b74-a1f8-5eb8-9ecf-900567d243d9,,,,,,,,,USD 18897 / annual (international),institution,,,,,,,,,,,,,,,,,,,,,,,,,,,,,,,,,0,1,1,37,2.63,1,1
California State University-Northridge,California State University-Northridge Engineering,US,bachelor,engineering,scorecard-us-stage1-010,43c2c4e5-8f87-510b-a553-d19a5e3b88aa,,,,,,,,,USD 18897 / annual (international),institution,,,,,,,,,,,,,,,,,,,,,,,,,,,,,,,,,0,1,1,37,2.63,1,1
Carnegie Mellon University,Carnegie Mellon Machine Learning,US,master,computer science,cmu-us-canary,0e85fd08-af75-5dc1-b15a-736ca7da58d9,,,,,,,,,,,,,,,,,,,,,,,,,,,,,,,,,,,,,,,,,,,0,0,0,37,0.0,0,0
Carnegie Mellon University,Carnegie Mellon Machine Learning (alternate),US,bachelor,engineering,cmu-us-canary,2d111313-ac8c-5d54-9c78-58eaaa3049b2,,,,,,,,,,,,,,,,,,,,,,,,,,,,,,,,,,,,,,,,,,,0,0,0,37,0.0,0,0
Central Connecticut State University,Central Connecticut State University Computer Science,US,master,computer science,scorecard-us-stage1-013,cc90298b-6f45-5b1d-bc5a-fa5317762d0b,,,,,,,,,USD 24906 / annual (international),institution,,,,,,,,,,,,,,,,,,,,,,,,,,,,,,,,,0,1,1,37,2.63,1,1
Central Connecticut State University,Central Connecticut State University Engineering,US,bachelor,engineering,scorecard-us-stage1-013,b7aac981-12d3-5cd7-ac0a-ee3d05fc1517,,,,,,,,,,,,,,,,,,,,,,,,,,,,,,,,,,,,,,,,,,,0,0,0,37,0.0,0,0
Colorado State University-Fort Collins,Colorado State University-Fort Collins Computer Science,US,master,computer science,scorecard-us-stage1-011,8b6bdc3d-fb74-523e-9119-86a5127859ad,,,,,,,,,,,,,,,,,,,,,,,,,,,,,,,,,,,,,,,,,,,0,0,0,37,0.0,0,0
Colorado State University-Fort Collins,Colorado State University-Fort Collins Engineering,US,bachelor,engineering,scorecard-us-stage1-011,c541127d-9966-5253-b222-41a629424b52,,,,,,,,,USD 30535 / annual (international),institution,,,,,,,,,,,,,,,,,,,,,,,,,,,,,,,,,0,1,1,37,2.63,1,1
Columbia University in the City of New York,Columbia Computer Science,US,master,computer science,columbia-us-canary,cc8a9728-1497-53fd-a039-50256a671b7c,,,,,,,,,,,,,,,,,,,,,,,,,,,,,,,,,,,,,,,,,,,0,0,0,37,0.0,0,0
Columbia University in the City of New York,Columbia Computer Science (alternate),US,bachelor,engineering,columbia-us-canary,d1a7f1ff-7249-50ef-a805-e4c72c4ee10d,,,,,,,,,,,,,,,,,,,,,,,,,,,,,,,,,,,,,,,,,,,0,0,0,37,0.0,0,0
Cornell University,Cornell Information Science,US,master,data science,cornell-us-canary,1c7ec8f4-2b0f-55c6-857e-bf401ddd7aab,,,,,,,,,,,,,,,,,,,,,,,,,,,,,,,,,,,,,,,,,,,0,0,0,37,0.0,0,0
Cornell University,Cornell Information Science (alternate),US,bachelor,engineering,cornell-us-canary,c6b706a2-ff0b-5ffa-a2b8-061e255e9608,,,,,,,,,,,,,,,,,,,,,,,,,,,,,,,,,,,,,,,,,,,0,0,0,37,0.0,0,0
Florida International University,Florida International University Computer Science,US,master,computer science,scorecard-us-stage1-019,50fe911a-2903-5e60-9dc9-bc5c30c5f6d0,,,,,,,,,,,,,,,,,,,,,,,,,,,,,,,,,,,,,,,,,,,0,0,0,37,0.0,0,0
Florida International University,Florida International University Engineering,US,bachelor,engineering,scorecard-us-stage1-019,b2538924-1eb5-58b5-8529-2b0b2c62b150,,,,,,,,,USD 18963 / annual (international),institution,,,,,,,,,,,,,,,,,,,,,,,,,,,,,,,,,0,1,1,37,2.63,1,1
George Washington University,George Washington University Computer Science,US,master,computer science,scorecard-us-stage1-015,dc8bf413-f160-5440-bbce-7a436c270873,,,,,,,,,,,,,,,,,,,,,,,,,,,,,,,,,,,,,,,,,,,0,0,0,37,0.0,0,0
George Washington University,George Washington University Engineering,US,bachelor,engineering,scorecard-us-stage1-015,7f2a722c-5a20-5cf3-8905-89c80c31b907,,,,,,,,,USD 58640 / annual (international),institution,,,,,,,,,,,,,,,,,,,,,,,,,,,,,,,,,0,1,1,37,2.63,1,1
Harvard University,Harvard Computer Science,US,master,computer science,harvard-us-canary,a3c3b0a9-ef44-5d5c-bff6-0a8632ee6c84,,,,,,,,,,,,,,,,,,,,,,,,,,,,,,,,,,,,,,,,,,,0,0,0,37,0.0,0,0
Harvard University,Harvard Computer Science (alternate),US,bachelor,engineering,harvard-us-canary,06e6e1c7-516e-521c-910b-5d397d4ec5a5,,,,,,,,,USD 54002 / annual (international),institution,,,,,,,,,,,,,,,,,,,,,,,,,,,,,,,,,0,1,1,37,2.63,1,1
Howard University,Howard University Computer Science,US,master,computer science,scorecard-us-stage1-016,20f4079b-260f-5182-ba2d-797cbed74eb3,,,,,,,,,,,,,,,,,,,,,,,,,,,,,,,,,,,,,,,,,,,0,0,0,37,0.0,0,0
Howard University,Howard University Engineering,US,bachelor,engineering,scorecard-us-stage1-016,3b444727-4f5f-5aac-b1a3-363c283e8af6,,,,,,,,,,,,,,,,,,,,,,,,,,,,,,,,,,,,,,,,,,,0,0,0,37,0.0,0,0
Indiana University-Bloomington,Indiana University-Bloomington Computer Science,US,master,computer science,scorecard-us-stage1-033,bf8c7ada-3c2e-5d84-a584-a2719ff548cd,,,,,,,,,,,,,,,,,,,,,,,,,,,,,,,,,,,,,,,,,,,0,0,0,37,0.0,0,0
Indiana University-Bloomington,Indiana University-Bloomington Engineering,US,bachelor,engineering,scorecard-us-stage1-033,f2dda2fe-746a-5edc-bb22-6f1b225d8726,,,,,,,,,,,,,,,,,,,,,,,,,,,,,,,,,,,,,,,,,,,0,0,0,37,0.0,0,0
Iowa State University,Iowa State University Computer Science,US,master,computer science,scorecard-us-stage1-027,747170ce-7b95-563a-9036-b09b11106b3c,,,,,,,,,,,,,,,,,,,,,,,,,,,,,,,,,,,,,,,,,,,0,0,0,37,0.0,0,0
Iowa State University,Iowa State University Engineering,US,bachelor,engineering,scorecard-us-stage1-027,8227c4c4-14f4-52a2-8b2c-7b90116efd38,,,,,,,,,USD 24504 / annual (international),institution,,,,,,,,,,,,,,,,,,,,,,,,,,,,,,,,,0,1,1,37,2.63,1,1
Kennesaw State University,Kennesaw State University Computer Science,US,master,computer science,scorecard-us-stage1-021,3a44c0fe-9290-535d-bff7-9f904383ab26,,,,,,,,,,,,,,,,,,,,,,,,,,,,,,,,,,,,,,,,,,,0,0,0,37,0.0,0,0
Kennesaw State University,Kennesaw State University Engineering,US,bachelor,engineering,scorecard-us-stage1-021,caddc981-801b-517c-a865-a15c3770d68d,,,,,,,,,USD 17690 / annual (international),institution,,,,,,,,,,,,,,,,,,,,,,,,,,,,,,,,,0,1,1,37,2.63,1,1
Liberty University,Liberty University Computer Science,US,master,computer science,scorecard-us-stage1-064,1e0b380c-771c-5903-bf1e-c73d7bb8c7b2,,,,,,,,,,,,,,,,,,,,,,,,,,,,,,,,,,,,,,,,,,,0,0,0,37,0.0,0,0
Liberty University,Liberty University Engineering,US,bachelor,engineering,scorecard-us-stage1-064,bbaf1d18-49a6-5e29-9bfc-fadd5d3e463b,,,,,,,,,,,,,,,,,,,,,,,,,,,,,,,,,,,,,,,,,,,0,0,0,37,0.0,0,0
Louisiana State University and Agricultural & Mechanical College,Louisiana State University and Agricultural & Mechanical College Computer Science,US,master,computer science,scorecard-us-stage1-036,8b9c07a7-4cf6-5ae1-ac25-5963627459b3,,,,,,,,,USD 28639 / annual (international),institution,,,,,,,,,,,,,,,,,,,,,,,,,,,,,,,,,0,1,1,37,2.63,1,1
Louisiana State University and Agricultural & Mechanical College,Louisiana State University and Agricultural & Mechanical College Engineering,US,bachelor,engineering,scorecard-us-stage1-036,9f6f0e38-5971-5361-a22e-9601f3e4c863,,,,,,,,,USD 28639 / annual (international),institution,,,,,,,,,,,,,,,,,,,,,,,,,,,,,,,,,0,1,1,37,2.63,1,1
Massachusetts Institute of Technology,MIT Computer Science,US,master,computer science,mit-us-canary,12ea43db-9407-5372-89e5-7ed951f3cdc0,,,,,,,,,,,,,,,,,,,,,,,,,,,,,,,,,,,,,,,,,,,0,0,0,37,0.0,0,0
Massachusetts Institute of Technology,MIT Computer Science (alternate),US,bachelor,engineering,mit-us-canary,6b4906ec-f0e6-57cc-bc33-5e7be40eedb1,,,,,,,,,,,,,,,,,,,,,,,,,,,,,,,,,,,,,,,,,,,0,0,0,37,0.0,0,0
Michigan State University,Michigan State University Computer Science,US,master,computer science,scorecard-us-stage1-040,e8d68352-c05d-5cc7-a870-e2a5af0e8f58,,,,,,,,,,,,,,,,,,,,,,,,,,,,,,,,,,,,,,,,,,,0,0,0,37,0.0,0,0
Michigan State University,Michigan State University Engineering,US,bachelor,engineering,scorecard-us-stage1-040,d47e194c-1356-5331-8202-0cbdb6f5fa28,,,,,,,,,USD 39766 / annual (international),institution,,,,,,,,,,,,,,,,,,,,,,,,,,,,,,,,,0,1,1,37,2.63,1,1
Mississippi State University,Mississippi State University Computer Science,US,master,computer science,scorecard-us-stage1-043,acf61081-7cd9-5ccc-9833-0fef02293d62,,,,,,,,,USD 23950 / annual (international),institution,,,,,,,,,,,,,,,,,,,,,,,,,,,,,,,,,0,1,1,37,2.63,1,1
Mississippi State University,Mississippi State University Engineering,US,bachelor,engineering,scorecard-us-stage1-043,51f64407-43b6-518e-9c3d-a29a3be59067,,,,,,,,,USD 23950 / annual (international),institution,,,,,,,,,,,,,,,,,,,,,,,,,,,,,,,,,0,1,1,37,2.63,1,1
Montana State University,Montana State University Computer Science,US,master,computer science,scorecard-us-stage1-044,b0d9bb16-693e-5768-87b9-2e0622b9796c,,,,,,,,,,,,,,,,,,,,,,,,,,,,,,,,,,,,,,,,,,,0,0,0,37,0.0,0,0
Montana State University,Montana State University Engineering,US,bachelor,engineering,scorecard-us-stage1-044,a0e89561-e6b4-548d-a4aa-92d4229384e0,,,,,,,,,USD 27101 / annual (international),institution,,,,,,,,,,,,,,,,,,,,,,,,,,,,,,,,,0,1,1,37,2.63,1,1
New York University,NYU Business Analytics,US,master,business,nyu-us-canary,79ec5af9-62c0-548f-a0e9-4373568c1b48,,,,,,,,,,,,,,,,,,,,,,,,,,,,,,,,,,,,,,,,,,,0,0,0,37,0.0,0,0
New York University,NYU Business Analytics (alternate),US,bachelor,engineering,nyu-us-canary,57b33342-6c02-588d-8fe1-070e1414b50e,,,,,,,,,,,,,,,,,,,,,,,,,,,,,,,,,,,,,,,,,,,0,0,0,37,0.0,0,0
North Carolina State University at Raleigh,North Carolina State University at Raleigh Computer Science,US,master,computer science,scorecard-us-stage1-045,ff43d3e3-453d-5b17-8728-c4bdfb77bb29,,,,,,,,,,,,,,,,,,,,,,,,,,,,,,,,,,,,,,,,,,,0,0,0,37,0.0,0,0
North Carolina State University at Raleigh,North Carolina State University at Raleigh Engineering,US,bachelor,engineering,scorecard-us-stage1-045,a03deffb-b5c0-5d90-8289-ff4dddf959fc,,,,,,,,,USD 29220 / annual (international),institution,,,,,,,,,,,,,,,,,,,,,,,,,,,,,,,,,0,1,1,37,2.63,1,1
North Dakota State University-Main Campus,North Dakota State University-Main Campus Computer Science,US,master,computer science,scorecard-us-stage1-046,ab037e8f-543f-52df-a266-77664899723e,,,,,,,,,,,,,,,,,,,,,,,,,,,,,,,,,,,,,,,,,,,0,0,0,37,0.0,0,0
North Dakota State University-Main Campus,North Dakota State University-Main Campus Engineering,US,bachelor,engineering,scorecard-us-stage1-046,07ba2a88-3f5d-5be8-b27e-b38ad693eb6c,,,,,,,,,USD 14471 / annual (international),institution,,,,,,,,,,,,,,,,,,,,,,,,,,,,,,,,,0,1,1,37,2.63,1,1
Ohio State University-Main Campus,Ohio State University-Main Campus Computer Science,US,master,computer science,scorecard-us-stage1-053,96bb941d-6230-5d8a-a28f-5ed51af0202c,,,,,,,,,,,,,,,,,,,,,,,,,,,,,,,,,,,,,,,,,,,0,0,0,37,0.0,0,0
Ohio State University-Main Campus,Ohio State University-Main Campus Engineering,US,bachelor,engineering,scorecard-us-stage1-053,a8f1a725-50d6-502e-abf2-8faece30ad21,,,,,,,,,USD 33502 / annual (international),institution,,,,,,,,,,,,,,,,,,,,,,,,,,,,,,,,,0,1,1,37,2.63,1,1
Oregon State University,Oregon State University Computer Science,US,master,computer science,scorecard-us-stage1-055,2a763798-8d5b-525a-8283-fb067d2079bb,,,,,,,,,,,,,,,,,,,,,,,,,,,,,,,,,,,,,,,,,,,0,0,0,37,0.0,0,0
Oregon State University,Oregon State University Engineering,US,bachelor,engineering,scorecard-us-stage1-055,e8686dae-7259-5f5a-a1c8-4873b16335d6,,,,,,,,,USD 31467 / annual (international),institution,,,,,,,,,,,,,,,,,,,,,,,,,,,,,,,,,0,1,1,37,2.63,1,1
Pacific Islands University,Pacific Islands University Computer Science,US,master,computer science,scorecard-us-stage1-023,8afd22a3-eb0e-584b-bf0a-fc779b65146a,,,,,,,,,,,,,,,,,,,,,,,,,,,,,,,,,,,,,,,,,,,0,0,0,37,0.0,0,0
Pacific Islands University,Pacific Islands University Engineering,US,bachelor,engineering,scorecard-us-stage1-023,4b97f4cd-5258-5b1a-9465-44df2172443c,,,,,,,,,,,,,,,,,,,,,,,,,,,,,,,,,,,,,,,,,,,0,0,0,37,0.0,0,0
Princeton University,Princeton Engineering,US,master,engineering,princeton-us-canary,1bae0c84-4db6-52a9-b7ec-6d25cb566e33,,,,,,,,,USD 48502 / annual (international),institution,,,,,,,,,,,,,,,,,,,,,,,,,,,,,,,,,0,1,1,37,2.63,1,1
Princeton University,Princeton Engineering (alternate),US,bachelor,computer science,princeton-us-canary,a05e67d9-34a7-586b-ae01-ee8974775c9f,,,,,,,,,,,,,,,,,,,,,,,,,,,,,,,,,,,,,,,,,,,0,0,0,37,0.0,0,0
Purdue University-Main Campus,Purdue Engineering,US,bachelor,engineering,purdue-us-canary,11502bf2-9e85-525d-a0fc-a070676ec307,,,,,,,,,,,,,,,,,,,,,,,,,,,,,,,,,,,,,,,,,,,0,0,0,37,0.0,0,0
Purdue University-Main Campus,Purdue Engineering (alternate),US,master,computer science,purdue-us-canary,03e1ce9d-1328-53dc-8a6c-949ea29d6d8a,,,,,,,,,,,,,,,,,,,,,,,,,,,,,,,,,,,,,,,,,,,0,0,0,37,0.0,0,0
Rutgers University-New Brunswick,Rutgers University-New Brunswick Computer Science,US,master,computer science,scorecard-us-stage1-049,af9fcfb6-f44c-51fa-a035-7283afe06b3d,,,,,,,,,USD 31785 / annual (international),institution,,,,,,,,,,,,,,,,,,,,,,,,,,,,,,,,,0,1,1,37,2.63,1,1
Rutgers University-New Brunswick,Rutgers University-New Brunswick Engineering,US,bachelor,engineering,scorecard-us-stage1-049,b5cd2d0f-c828-5330-901e-cb40dd673cf2,,,,,,,,,USD 31785 / annual (international),institution,,,,,,,,,,,,,,,,,,,,,,,,,,,,,,,,,0,1,1,37,2.63,1,1
South Dakota State University,South Dakota State University Computer Science,US,master,computer science,scorecard-us-stage1-060,812e0c6d-a481-53fb-b1f4-2762755c81c6,,,,,,,,,,,,,,,,,,,,,,,,,,,,,,,,,,,,,,,,,,,0,0,0,37,0.0,0,0
South Dakota State University,South Dakota State University Engineering,US,bachelor,engineering,scorecard-us-stage1-060,fdcb3128-2a58-5ee8-9dc2-b4bdf10ba90e,,,,,,,,,,,,,,,,,,,,,,,,,,,,,,,,,,,,,,,,,,,0,0,0,37,0.0,0,0
Southern New Hampshire University,Southern New Hampshire University Computer Science,US,master,computer science,scorecard-us-stage1-048,999ac668-0f1a-59b1-9f18-08ca2425ce79,,,,,,,,,,,,,,,,,,,,,,,,,,,,,,,,,,,,,,,,,,,0,0,0,37,0.0,0,0
Southern New Hampshire University,Southern New Hampshire University Engineering,US,bachelor,engineering,scorecard-us-stage1-048,e05c1171-1d4e-5906-bc23-b1ad1acd98eb,,,,,,,,,,,,,,,,,,,,,,,,,,,,,,,,,,,,,,,,,,,0,0,0,37,0.0,0,0
Stanford University,Stanford Computer Science,US,master,computer science,stanford-us-canary,0d8144a4-e388-5bbf-9d3c-e725193b73e5,,,,,,,,,,,,,,,,,,,,,,,,,,,,,,,,,,,,,,,,,,,0,0,0,37,0.0,0,0
Stanford University,Stanford Computer Science (alternate),US,bachelor,engineering,stanford-us-canary,a99fe8b8-2153-590f-875c-d3d09599f1cf,,,,,,,,,USD 56169 / annual (international),institution,,,,,,,,,,,,,,,,,,,,,,,,,,,,,,,,,0,1,1,37,2.63,1,1
Texas A & M University-College Station,Texas A & M University-College Station Computer Science,US,master,computer science,scorecard-us-stage1-062,b8f351e6-50e2-5599-8561-ba0e833f25d0,,,,,,,,,,,,,,,,,,,,,,,,,,,,,,,,,,,,,,,,,,,0,0,0,37,0.0,0,0
Texas A & M University-College Station,Texas A & M University-College Station Engineering,US,bachelor,engineering,scorecard-us-stage1-062,1cff6d4c-d70c-5246-9300-34f8f80bb2e3,,,,,,,,,USD 39340 / annual (international),institution,,,,,,,,,,,,,,,,,,,,,,,,,,,,,,,,,0,1,1,37,2.63,1,1
The Pennsylvania State University,The Pennsylvania State University Computer Science,US,master,computer science,scorecard-us-stage1-056,a42eb6e5-7905-553e-a879-d5ef8bad45f0,,,,,,,,,,,,,,,,,,,,,,,,,,,,,,,,,,,,,,,,,,,0,0,0,37,0.0,0,0
The Pennsylvania State University,The Pennsylvania State University Engineering,US,bachelor,engineering,scorecard-us-stage1-056,46297f53-803b-50c9-96b5-fd9203694be5,,,,,,,,,USD 35514 / annual (international),institution,,,,,,,,,,,,,,,,,,,,,,,,,,,,,,,,,0,1,1,37,2.63,1,1
The University of Alabama,The University of Alabama Computer Science,US,master,computer science,scorecard-us-stage1-004,9965278a-a530-528b-8ce2-3037fb5be1eb,,,,,,,,,,,,,,,,,,,,,,,,,,,,,,,,,,,,,,,,,,,0,0,0,37,0.0,0,0
The University of Alabama,The University of Alabama Engineering,US,bachelor,engineering,scorecard-us-stage1-004,5e23765b-94cc-5e0d-857d-65ddc3cdcdd4,,,,,,,,,USD 31090 / annual (international),institution,,,,,,,,,,,,,,,,,,,,,,,,,,,,,,,,,0,1,1,37,2.63,1,1
The University of Tennessee-Knoxville,The University of Tennessee-Knoxville Computer Science,US,master,computer science,scorecard-us-stage1-061,a5aaa23f-4d92-5605-8c9d-34eddf1dd888,,,,,,,,,USD 31664 / annual (international),institution,,,,,,,,,,,,,,,,,,,,,,,,,,,,,,,,,0,1,1,37,2.63,1,1
The University of Tennessee-Knoxville,The University of Tennessee-Knoxville Engineering,US,bachelor,engineering,scorecard-us-stage1-061,0cdad72c-c49b-5049-b35d-3c61c4972feb,,,,,,,,,USD 31664 / annual (international),institution,,,,,,,,,,,,,,,,,,,,,,,,,,,,,,,,,0,1,1,37,2.63,1,1
University at Buffalo,University at Buffalo Computer Science,US,master,computer science,scorecard-us-stage1-052,fc8f6091-2e0a-5baa-8a3d-abd7510b600a,,,,,,,,,,,,,,,,,,,,,,,,,,,,,,,,,,,,,,,,,,,0,0,0,37,0.0,0,0
University at Buffalo,University at Buffalo Engineering,US,bachelor,engineering,scorecard-us-stage1-052,969f50e1-1532-53c4-8eb9-e471dbd27ad2,,,,,,,,,USD 28196 / annual (international),institution,,,,,,,,,,,,,,,,,,,,,,,,,,,,,,,,,0,1,1,37,2.63,1,1
University of Alaska Anchorage,University of Alaska Anchorage Computer Science,US,master,computer science,scorecard-us-stage1-001,70d8ae5c-bf94-5625-a4d6-bc133dad59ab,,,,,,,,,,,,,,,,,,,,,,,,,,,,,,,,,,,,,,,,,,,0,0,0,37,0.0,0,0
University of Alaska Anchorage,University of Alaska Anchorage Engineering,US,bachelor,engineering,scorecard-us-stage1-001,b413c6d2-c13b-569e-ad17-96aebc7b23f6,,,,,,,,,USD 25228 / annual (international),institution,,,,,,,,,,,,,,,,,,,,,,,,,,,,,,,,,0,1,1,37,2.63,1,1
University of Alaska Fairbanks,University of Alaska Fairbanks Computer Science,US,master,computer science,scorecard-us-stage1-002,8b2d43e3-1b4b-560f-9c54-d12a9787c70c,,,,,,,,,USD 21312 / annual (international),institution,,,,,,,,,,,,,,,,,,,,,,,,,,,,,,,,,0,1,1,37,2.63,1,1
University of Alaska Fairbanks,University of Alaska Fairbanks Engineering,US,bachelor,engineering,scorecard-us-stage1-002,3a6e318d-36ca-56b1-8a22-16d8c4f01e40,,,,,,,,,USD 21312 / annual (international),institution,,,,,,,,,,,,,,,,,,,,,,,,,,,,,,,,,0,1,1,37,2.63,1,1
University of Arizona,University of Arizona Computer Science,US,master,computer science,scorecard-us-stage1-008,f5cdaeda-fec7-5036-ac9b-4ee967fc7890,,,,,,,,,,,,,,,,,,,,,,,,,,,,,,,,,,,,,,,,,,,0,0,0,37,0.0,0,0
University of Arizona,University of Arizona Engineering,US,bachelor,engineering,scorecard-us-stage1-008,225df47f-c7f1-50e6-8812-99c1bee2924f,,,,,,,,,USD 36743 / annual (international),institution,,,,,,,,,,,,,,,,,,,,,,,,,,,,,,,,,0,1,1,37,2.63,1,1
University of Arkansas,University of Arkansas Computer Science,US,master,computer science,scorecard-us-stage1-005,c7a74f0b-af4c-50bf-9e7d-e15d91ddfde5,,,,,,,,,,,,,,,,,,,,,,,,,,,,,,,,,,,,,,,,,,,0,0,0,37,0.0,0,0
University of Arkansas,University of Arkansas Engineering,US,bachelor,engineering,scorecard-us-stage1-005,e58b85c2-fa1f-5946-a7fd-97b7287b435b,,,,,,,,,USD 25872 / annual (international),institution,,,,,,,,,,,,,,,,,,,,,,,,,,,,,,,,,0,1,1,37,2.63,1,1
University of California-Berkeley,Berkeley Data Science,US,master,data science,berkeley-us-canary,8fc5b1d1-3c23-5e14-8344-445a4c90a416,,,,,,,,,,,,,,,,,,,,,,,,,,,,,,,,,,,,,,,,,,,0,0,0,37,0.0,0,0
University of California-Berkeley,Berkeley Data Science (alternate),US,bachelor,engineering,berkeley-us-canary,9a33e6c7-17d6-516b-ac4d-8f9a78b01269,,,,,,,,,,,,,,,,,,,,,,,,,,,,,,,,,,,,,,,,,,,0,0,0,37,0.0,0,0
University of Central Arkansas,University of Central Arkansas Computer Science,US,master,computer science,scorecard-us-stage1-006,359a49dc-21fe-54d9-a53e-775b870aea6b,,,,,,,,,,,,,,,,,,,,,,,,,,,,,,,,,,,,,,,,,,,0,0,0,37,0.0,0,0
University of Central Arkansas,University of Central Arkansas Engineering,US,bachelor,engineering,scorecard-us-stage1-006,6978fcb1-152f-5fd7-908c-4b636b6e3754,,,,,,,,,,,,,,,,,,,,,,,,,,,,,,,,,,,,,,,,,,,0,0,0,37,0.0,0,0
University of Central Florida,University of Central Florida Computer Science,US,master,computer science,scorecard-us-stage1-020,fee6cc70-6a93-5197-a18f-5b3665a3da9a,,,,,,,,,,,,,,,,,,,,,,,,,,,,,,,,,,,,,,,,,,,0,0,0,37,0.0,0,0
University of Central Florida,University of Central Florida Engineering,US,bachelor,engineering,scorecard-us-stage1-020,07fb5ba7-f05e-5539-959d-cbb8fa5351d9,,,,,,,,,USD 22467 / annual (international),institution,,,,,,,,,,,,,,,,,,,,,,,,,,,,,,,,,0,1,1,37,2.63,1,1
University of Colorado Boulder,University of Colorado Boulder Computer Science,US,master,computer science,scorecard-us-stage1-012,cb438170-dfbb-5b3b-b816-a85c986e6f6e,,,,,,,,,USD 38284 / annual (international),institution,,,,,,,,,,,,,,,,,,,,,,,,,,,,,,,,,0,1,1,37,2.63,1,1
University of Colorado Boulder,University of Colorado Boulder Engineering,US,bachelor,engineering,scorecard-us-stage1-012,62fbd019-8947-581a-96c3-8440372ae3ca,,,,,,,,,USD 38284 / annual (international),institution,,,,,,,,,,,,,,,,,,,,,,,,,,,,,,,,,0,1,1,37,2.63,1,1
University of Connecticut,University of Connecticut Computer Science,US,master,computer science,scorecard-us-stage1-014,e18d214b-122f-5507-a400-d740999da16a,,,,,,,,,,,,,,,,,,,,,,,,,,,,,,,,,,,,,,,,,,,0,0,0,37,0.0,0,0
University of Connecticut,University of Connecticut Engineering,US,bachelor,engineering,scorecard-us-stage1-014,c26a457c-4936-5aeb-b347-6f425bc13786,,,,,,,,,USD 40502 / annual (international),institution,,,,,,,,,,,,,,,,,,,,,,,,,,,,,,,,,0,1,1,37,2.63,1,1
University of Delaware,University of Delaware Computer Science,US,master,computer science,scorecard-us-stage1-017,53d43333-eb2b-52f7-8878-fe937d68feb3,,,,,,,,,,,,,,,,,,,,,,,,,,,,,,,,,,,,,,,,,,,0,0,0,37,0.0,0,0
University of Delaware,University of Delaware Engineering,US,bachelor,engineering,scorecard-us-stage1-017,b435761b-a474-5574-859f-c28ceec3a004,,,,,,,,,USD 36090 / annual (international),institution,,,,,,,,,,,,,,,,,,,,,,,,,,,,,,,,,0,1,1,37,2.63,1,1
University of Georgia,University of Georgia Computer Science,US,master,computer science,scorecard-us-stage1-022,dcff1333-726d-56a8-a483-9f15a8079c32,,,,,,,,,,,,,,,,,,,,,,,,,,,,,,,,,,,,,,,,,,,0,0,0,37,0.0,0,0
University of Georgia,University of Georgia Engineering,US,bachelor,engineering,scorecard-us-stage1-022,43c28e04-5ff2-5419-8fa5-18e4ba61a1b6,,,,,,,,,USD 31120 / annual (international),institution,,,,,,,,,,,,,,,,,,,,,,,,,,,,,,,,,0,1,1,37,2.63,1,1
University of Guam,University of Guam Computer Science,US,master,computer science,scorecard-us-stage1-024,b61826dd-7500-59a5-94e9-eafb603a3d70,,,,,,,,,,,,,,,,,,,,,,,,,,,,,,,,,,,,,,,,,,,0,0,0,37,0.0,0,0
University of Guam,University of Guam Engineering,US,bachelor,engineering,scorecard-us-stage1-024,bc48de5d-fa66-56d5-ae3a-687dfc15d815,,,,,,,,,,,,,,,,,,,,,,,,,,,,,,,,,,,,,,,,,,,0,0,0,37,0.0,0,0
University of Hawaii at Manoa,University of Hawaii at Manoa Computer Science,US,master,computer science,scorecard-us-stage1-026,f5b91f22-48c0-50c5-8bfb-aae05c1c24eb,,,,,,,,,,,,,,,,,,,,,,,,,,,,,,,,,,,,,,,,,,,0,0,0,37,0.0,0,0
University of Hawaii at Manoa,University of Hawaii at Manoa Engineering,US,bachelor,engineering,scorecard-us-stage1-026,23b333c1-8505-5a89-af1a-a588e5894701,,,,,,,,,USD 34218 / annual (international),institution,,,,,,,,,,,,,,,,,,,,,,,,,,,,,,,,,0,1,1,37,2.63,1,1
University of Illinois Chicago,University of Illinois Chicago Computer Science,US,master,computer science,scorecard-us-stage1-031,e15a4324-3695-57a1-8aa9-0e760147434d,,,,,,,,,,,,,,,,,,,,,,,,,,,,,,,,,,,,,,,,,,,0,0,0,37,0.0,0,0
University of Illinois Chicago,University of Illinois Chicago Engineering,US,bachelor,engineering,scorecard-us-stage1-031,06cc4857-91a5-529b-9c56-bb6415e3e872,,,,,,,,,USD 28448 / annual (international),institution,,,,,,,,,,,,,,,,,,,,,,,,,,,,,,,,,0,1,1,37,2.63,1,1
University of Illinois Urbana-Champaign,University of Illinois Urbana-Champaign Computer Science,US,master,computer science,scorecard-us-stage1-032,b66eb8b4-4e9b-5f7c-a407-ddf45e0abc01,,,,,,,,,,,,,,,,,,,,,,,,,,,,,,,,,,,,,,,,,,,0,0,0,37,0.0,0,0
University of Illinois Urbana-Champaign,University of Illinois Urbana-Champaign Engineering,US,bachelor,engineering,scorecard-us-stage1-032,8bc94bb2-a4e1-5417-9189-dc2b071b57ed,,,,,,,,,USD 32600 / annual (international),institution,,,,,,,,,,,,,,,,,,,,,,,,,,,,,,,,,0,1,1,37,2.63,1,1
University of Iowa,University of Iowa Computer Science,US,master,computer science,scorecard-us-stage1-028,1410ec34-04c6-5f8a-beed-ccfbb85426c8,,,,,,,,,,,,,,,,,,,,,,,,,,,,,,,,,,,,,,,,,,,0,0,0,37,0.0,0,0
University of Iowa,University of Iowa Engineering,US,bachelor,engineering,scorecard-us-stage1-028,41e55e4b-2b18-5507-b46a-8e42182d9a13,,,,,,,,,USD 31569 / annual (international),institution,,,,,,,,,,,,,,,,,,,,,,,,,,,,,,,,,0,1,1,37,2.63,1,1
University of Kansas,University of Kansas Computer Science,US,master,computer science,scorecard-us-stage1-034,0c12a787-026c-5ee1-a00a-ddd576e1b4d6,,,,,,,,,,,,,,,,,,,,,,,,,,,,,,,,,,,,,,,,,,,0,0,0,37,0.0,0,0
University of Kansas,University of Kansas Engineering,US,bachelor,engineering,scorecard-us-stage1-034,289ac7af-67d4-551c-afd2-e9801d14fd31,,,,,,,,,USD 28034 / annual (international),institution,,,,,,,,,,,,,,,,,,,,,,,,,,,,,,,,,0,1,1,37,2.63,1,1
University of Kentucky,University of Kentucky Computer Science,US,master,computer science,scorecard-us-stage1-035,f4fd3ecb-8562-5c1c-8b54-4e2c24fb7afd,,,,,,,,,,,,,,,,,,,,,,,,,,,,,,,,,,,,,,,,,,,0,0,0,37,0.0,0,0
University of Kentucky,University of Kentucky Engineering,US,bachelor,engineering,scorecard-us-stage1-035,70f000fd-3bd0-5146-bfea-6d99d83119ed,,,,,,,,,USD 31294 / annual (international),institution,,,,,,,,,,,,,,,,,,,,,,,,,,,,,,,,,0,1,1,37,2.63,1,1
University of Maine,University of Maine Computer Science,US,master,computer science,scorecard-us-stage1-039,08aba9dd-3480-5da1-b239-c8d1ed45be1e,,,,,,,,,,,,,,,,,,,,,,,,,,,,,,,,,,,,,,,,,,,0,0,0,37,0.0,0,0
University of Maine,University of Maine Engineering,US,bachelor,engineering,scorecard-us-stage1-039,a64d6e2d-dad7-53d1-998c-4537f2108b46,,,,,,,,,USD 32534 / annual (international),institution,,,,,,,,,,,,,,,,,,,,,,,,,,,,,,,,,0,1,1,37,2.63,1,1
University of Maryland Global Campus,University of Maryland Global Campus Computer Science,US,master,computer science,scorecard-us-stage1-038,e11c5154-688f-501e-908b-f50afdabf82b,,,,,,,,,,,,,,,,,,,,,,,,,,,,,,,,,,,,,,,,,,,0,0,0,37,0.0,0,0
University of Maryland Global Campus,University of Maryland Global Campus Engineering,US,bachelor,engineering,scorecard-us-stage1-038,e0dee254-a049-5722-97db-bfdcc1039bad,,,,,,,,,USD 12336 / annual (international),institution,,,,,,,,,,,,,,,,,,,,,,,,,,,,,,,,,0,1,1,37,2.63,1,1
University of Massachusetts-Amherst,University of Massachusetts-Amherst Computer Science,US,master,computer science,scorecard-us-stage1-037,7280bd03-f49c-5873-8ff8-8b77c28fd05a,,,,,,,,,,,,,,,,,,,,,,,,,,,,,,,,,,,,,,,,,,,0,0,0,37,0.0,0,0
University of Massachusetts-Amherst,University of Massachusetts-Amherst Engineering,US,bachelor,engineering,scorecard-us-stage1-037,1f31e079-6f54-5976-af80-0d23c0594968,,,,,,,,,USD 36427 / annual (international),institution,,,,,,,,,,,,,,,,,,,,,,,,,,,,,,,,,0,1,1,37,2.63,1,1
University of Michigan-Ann Arbor,Michigan Data Science,US,master,data science,michigan-us-canary,afc13a92-dd1a-53b0-b8dc-e53c8ca7ac45,,,,,,,,,,,,,,,,,,,,,,,,,,,,,,,,,,,,,,,,,,,0,0,0,37,0.0,0,0
University of Michigan-Ann Arbor,Michigan Data Science (alternate),US,bachelor,engineering,michigan-us-canary,84c6a72a-1a8e-5f18-8148-5eaf3e92d07d,,,,,,,,,,,,,,,,,,,,,,,,,,,,,,,,,,,,,,,,,,,0,0,0,37,0.0,0,0
University of Minnesota-Twin Cities,University of Minnesota-Twin Cities Computer Science,US,master,computer science,scorecard-us-stage1-041,abafde18-e90f-5df3-a539-8a96af71185f,,,,,,,,,USD 33325 / annual (international),institution,,,,,,,,,,,,,,,,,,,,,,,,,,,,,,,,,0,1,1,37,2.63,1,1
University of Minnesota-Twin Cities,University of Minnesota-Twin Cities Engineering,US,bachelor,engineering,scorecard-us-stage1-041,29340572-1f42-521e-ae17-360aea50d942,,,,,,,,,USD 33325 / annual (international),institution,,,,,,,,,,,,,,,,,,,,,,,,,,,,,,,,,0,1,1,37,2.63,1,1
University of Missouri-Columbia,University of Missouri-Columbia Computer Science,US,master,computer science,scorecard-us-stage1-042,6351642e-a7f7-5ce7-979e-221780b7ba1b,,,,,,,,,,,,,,,,,,,,,,,,,,,,,,,,,,,,,,,,,,,0,0,0,37,0.0,0,0
University of Missouri-Columbia,University of Missouri-Columbia Engineering,US,bachelor,engineering,scorecard-us-stage1-042,32bb3fde-8d73-58b3-b066-ce33a97cc3ec,,,,,,,,,USD 29005 / annual (international),institution,,,,,,,,,,,,,,,,,,,,,,,,,,,,,,,,,0,1,1,37,2.63,1,1
University of Nebraska-Lincoln,University of Nebraska-Lincoln Computer Science,US,master,computer science,scorecard-us-stage1-047,35b76622-c012-58c1-ae67-f2d94fd3ad27,,,,,,,,,,,,,,,,,,,,,,,,,,,,,,,,,,,,,,,,,,,0,0,0,37,0.0,0,0
University of Nebraska-Lincoln,University of Nebraska-Lincoln Engineering,US,bachelor,engineering,scorecard-us-stage1-047,087183cd-88d8-5380-828f-5f1c589845bd,,,,,,,,,USD 26820 / annual (international),institution,,,,,,,,,,,,,,,,,,,,,,,,,,,,,,,,,0,1,1,37,2.63,1,1
University of Nevada-Las Vegas,University of Nevada-Las Vegas Computer Science,US,master,computer science,scorecard-us-stage1-051,9779f599-cc40-5899-9fa1-5bc862dd4cec,,,,,,,,,,,,,,,,,,,,,,,,,,,,,,,,,,,,,,,,,,,0,0,0,37,0.0,0,0
University of Nevada-Las Vegas,University of Nevada-Las Vegas Engineering,US,bachelor,engineering,scorecard-us-stage1-051,338ab231-450c-5f5a-820e-362d346e2338,,,,,,,,,USD 24338 / annual (international),institution,,,,,,,,,,,,,,,,,,,,,,,,,,,,,,,,,0,1,1,37,2.63,1,1
University of New Mexico-Main Campus,University of New Mexico-Main Campus Computer Science,US,master,computer science,scorecard-us-stage1-050,b26ac17d-31cf-5c62-90d3-b5c3c5a71854,,,,,,,,,,,,,,,,,,,,,,,,,,,,,,,,,,,,,,,,,,,0,0,0,37,0.0,0,0
University of New Mexico-Main Campus,University of New Mexico-Main Campus Engineering,US,bachelor,engineering,scorecard-us-stage1-050,260a70ab-598d-5e73-a90c-f0f3f8798deb,,,,,,,,,USD 24499 / annual (international),institution,,,,,,,,,,,,,,,,,,,,,,,,,,,,,,,,,0,1,1,37,2.63,1,1
University of Oklahoma-Norman Campus,University of Oklahoma-Norman Campus Computer Science,US,master,computer science,scorecard-us-stage1-054,adfc2516-288d-57ee-b218-b1185ca9f0ec,,,,,,,,,USD 27069 / annual (international),institution,,,,,,,,,,,,,,,,,,,,,,,,,,,,,,,,,0,1,1,37,2.63,1,1
University of Oklahoma-Norman Campus,University of Oklahoma-Norman Campus Engineering,US,bachelor,engineering,scorecard-us-stage1-054,4461db80-bfa6-50b9-bd31-54a5aef42391,,,,,,,,,USD 27069 / annual (international),institution,,,,,,,,,,,,,,,,,,,,,,,,,,,,,,,,,0,1,1,37,2.63,1,1
University of Puerto Rico-Mayaguez,University of Puerto Rico-Mayaguez Computer Science,US,master,computer science,scorecard-us-stage1-057,c3fc1ce7-b5b2-52d8-bfbf-d9d98e032281,,,,,,,,,USD 6162 / annual (international),institution,,,,,,,,,,,,,,,,,,,,,,,,,,,,,,,,,0,1,1,37,2.63,1,1
University of Puerto Rico-Mayaguez,University of Puerto Rico-Mayaguez Engineering,US,bachelor,engineering,scorecard-us-stage1-057,ed312f6c-1dec-5521-ab29-a47878e2e91b,,,,,,,,,USD 6162 / annual (international),institution,,,,,,,,,,,,,,,,,,,,,,,,,,,,,,,,,0,1,1,37,2.63,1,1
University of Rhode Island,University of Rhode Island Computer Science,US,master,computer science,scorecard-us-stage1-058,cc8702fc-9922-5cba-9485-9342a37d0568,,,,,,,,,,,,,,,,,,,,,,,,,,,,,,,,,,,,,,,,,,,0,0,0,37,0.0,0,0
University of Rhode Island,University of Rhode Island Engineering,US,bachelor,engineering,scorecard-us-stage1-058,d2bf83f0-55ab-5155-85c6-28893d3be7c4,,,,,,,,,USD 32578 / annual (international),institution,,,,,,,,,,,,,,,,,,,,,,,,,,,,,,,,,0,1,1,37,2.63,1,1
University of South Carolina-Columbia,University of South Carolina-Columbia Computer Science,US,master,computer science,scorecard-us-stage1-059,4a661ec4-3204-577f-b885-e6da8380ee72,,,,,,,,,,,,,,,,,,,,,,,,,,,,,,,,,,,,,,,,,,,0,0,0,37,0.0,0,0
University of South Carolina-Columbia,University of South Carolina-Columbia Engineering,US,bachelor,engineering,scorecard-us-stage1-059,9d15216e-e31f-5093-b29f-ecb3933b3a65,,,,,,,,,USD 33928 / annual (international),institution,,,,,,,,,,,,,,,,,,,,,,,,,,,,,,,,,0,1,1,37,2.63,1,1
University of the Virgin Islands,University of the Virgin Islands Computer Science,US,master,computer science,scorecard-us-stage1-065,e9b2f655-8668-5df4-b3d6-b43b833b87e9,,,,,,,,,,,,,,,,,,,,,,,,,,,,,,,,,,,,,,,,,,,0,0,0,37,0.0,0,0
University of the Virgin Islands,University of the Virgin Islands Engineering,US,bachelor,engineering,scorecard-us-stage1-065,d6ec0fea-0326-51ba-b171-71af1d51e2ee,,,,,,,,,,,,,,,,,,,,,,,,,,,,,,,,,,,,,,,,,,,0,0,0,37,0.0,0,0
University of Vermont,University of Vermont Computer Science,US,master,computer science,scorecard-us-stage1-066,f1cda8fc-c195-57c4-ad98-ba9d20d45810,,,,,,,,,,,,,,,,,,,,,,,,,,,,,,,,,,,,,,,,,,,0,0,0,37,0.0,0,0
University of Vermont,University of Vermont Engineering,US,bachelor,engineering,scorecard-us-stage1-066,8c7cdad8-4066-592a-bf37-6345ed0311cc,,,,,,,,,USD 43950 / annual (international),institution,,,,,,,,,,,,,,,,,,,,,,,,,,,,,,,,,0,1,1,37,2.63,1,1
University of Washington-Seattle Campus,University of Washington-Seattle Campus Computer Science,US,master,computer science,scorecard-us-stage1-067,d0485169-eb6c-569a-85b6-983a38c3ed2f,,,,,,,,,,,,,,,,,,,,,,,,,,,,,,,,,,,,,,,,,,,0,0,0,37,0.0,0,0
University of Washington-Seattle Campus,University of Washington-Seattle Campus Engineering,US,bachelor,engineering,scorecard-us-stage1-067,a1c471ec-d052-554d-bc5f-1582181727b1,,,,,,,,,USD 39114 / annual (international),institution,,,,,,,,,,,,,,,,,,,,,,,,,,,,,,,,,0,1,1,37,2.63,1,1
University of Wisconsin-Madison,University of Wisconsin-Madison Computer Science,US,master,computer science,scorecard-us-stage1-068,0a00bdf6-1011-58de-89c6-e54818314b14,,,,,,,,,,,,,,,,,,,,,,,,,,,,,,,,,,,,,,,,,,,0,0,0,37,0.0,0,0
University of Wisconsin-Madison,University of Wisconsin-Madison Engineering,US,bachelor,engineering,scorecard-us-stage1-068,a9de1268-7f4a-5f97-8064-1d1e764eda2f,,,,,,,,,USD 38630 / annual (international),institution,,,,,,,,,,,,,,,,,,,,,,,,,,,,,,,,,0,1,1,37,2.63,1,1
University of Wyoming,University of Wyoming Computer Science,US,master,computer science,scorecard-us-stage1-070,540f7923-29e4-5dfe-82f8-6352fce8a128,,,,,,,,,,,,,,,,,,,,,,,,,,,,,,,,,,,,,,,,,,,0,0,0,37,0.0,0,0
University of Wyoming,University of Wyoming Engineering,US,bachelor,engineering,scorecard-us-stage1-070,3b4397b9-9684-5cda-9a3f-0c5b81ef6dd3,,,,,,,,,USD 19531 / annual (international),institution,,,,,,,,,,,,,,,,,,,,,,,,,,,,,,,,,0,1,1,37,2.63,1,1
West Virginia University,West Virginia University Computer Science,US,master,computer science,scorecard-us-stage1-069,e0a82c7f-2dc9-5e70-8154-56f81c8bb5a0,,,,,,,,,,,,,,,,,,,,,,,,,,,,,,,,,,,,,,,,,,,0,0,0,37,0.0,0,0
West Virginia University,West Virginia University Engineering,US,bachelor,engineering,scorecard-us-stage1-069,b4f3ad7f-3afc-53c8-abd3-400aef8d4f96,,,,,,,,,USD 25320 / annual (international),institution,,,,,,,,,,,,,,,,,,,,,,,,,,,,,,,,,0,1,1,37,2.63,1,1
Western Governors University,Western Governors University Computer Science,US,master,computer science,scorecard-us-stage1-063,83672477-58ab-5dfd-8848-be0e686aef69,,,,,,,,,,,,,,,,,,,,,,,,,,,,,,,,,,,,,,,,,,,0,0,0,37,0.0,0,0
Western Governors University,Western Governors University Engineering,US,bachelor,engineering,scorecard-us-stage1-063,0613d5f6-f559-57f1-8bf1-155631525f66,,,,,,,,,,,,,,,,,,,,,,,,,,,,,,,,,,,,,,,,,,,0,0,0,37,0.0,0,0
Wilmington University,Wilmington University Computer Science,US,master,computer science,scorecard-us-stage1-018,aeae0139-2b9b-5b0c-b5a3-00f56afede93,,,,,,,,,,,,,,,,,,,,,,,,,,,,,,,,,,,,,,,,,,,0,0,0,37,0.0,0,0
Wilmington University,Wilmington University Engineering,US,bachelor,engineering,scorecard-us-stage1-018,0c34bf89-8318-52c9-8db3-bb384b92556d,,,,,,,,,,,,,,,,,,,,,,,,,,,,,,,,,,,,,,,,,,,0,0,0,37,0.0,0,0
Yale University,Yale Economics,US,bachelor,business,yale-us-canary,b96e6d58-da92-55a2-8a2d-25bd9f52fc25,,,,,,,,,,,,,,,,,,,,,,,,,,,,,,,,,,,,,,,,,,,0,0,0,37,0.0,0,0
Yale University,Yale Economics (alternate),US,master,engineering,yale-us-canary,3a7a976d-48b8-57d9-a7cc-d04ecfdff0f1,,,,,,,,,,,,,,,,,,,,,,,,,,,,,,,,,,,,,,,,,,,0,0,0,37,0.0,0,0
