programme_id,programme_name,country,institution_id,field_name,value_json,scope,audience,academic_cycle,source_url,evidence,provider_id,source_authority,source_relationship,source_content_hash,raw_document_id,parser_id,parser_version
62a162a9-a6a1-57f4-a3b1-eb0e91c275e4,master mention droit public,FR,onisep-fr-stage1-033,application_url,"""https://univ-cotedazur.fr/servlet/com.jsbsoft.jtf.core.SG?%23ECRAN_LOGIQUE%23=RECHERCHE&PROC=RECHERCHE&ACTION=VALIDER&RH=1595659207794&OBJET=FORMATION&LANGUE=0&FORMATION_INITIALE=&REPRISE_ETUDES=&PARTIELLEMENT_DISTANCE=&TOTALEMENT_DISTANCE=&ALTERNANCE=&LIBELLE=&GRADE=0000&TYPE_DIPLOME=MASTER&FORMATION=0000&MODALITE=ALTERNANCE&DOMAINE_LMD=0000""",programme,,,https://api.opendata.onisep.fr/downloads/605344579a7d7/605344579a7d7.csv,Onisep AF page web: https://univ-cotedazur.fr/servlet/com.jsbsoft.jtf.core.SG?%23ECRAN_LOGIQUE%23=RECHERCHE&PROC=RECHERCHE&ACTION=VALIDER&RH=1595659207794&OBJET=FORMATION&LANGUE=0&FORMATION_INITIALE=&REPRISE_ETUDES=&PARTIELLEMENT_DISTANCE=&TOTALEMENT_DISTANCE=&ALTERNANCE=&LIBELLE=&GRADE=0000&TYPE_DIPLOME=MASTER&FORMATION=0000&MODALITE=ALTERNANCE&DOMAINE_LMD=0000,onisep_higher_ed,GOVERNMENT,GOVERNMENT,bf0ff9a929fecfe1974dcc64639baec0496be306ce750ce9211f611329408104,stage1-coverage-20260916-raw-bf0ff9a929fecfe1974dcc64,stage1-deterministic-coverage,1
de38fc20-2235-5c03-b4f0-5d3817f4abcc,Computer Science,UK,manchester-uk-canary,recommendation_letters,"""Reference""",programme,,,https://www.manchester.ac.uk/study/undergraduate/courses/2026/00559/bsc-computer-science-with-industrial-experience/,"re applying. You will be required to demonstrate that you meet the specified academic entry requirements of the course. We will also require a reference from somebody who knows you well enough, in an official capacity, to write about you and your suitability for higher education. Please refer to UCAS for further information:Â UCAS reference guidelines. If you are a home-schooled student and would like further information or advice please contact the academic department for your chosen course who will be able to help you Non-standard",official_university_page,OFFICIAL,DIRECT_OFFICIAL,0554036670b353a8c6edf9aad668adccd20d513b5ab10300d7915ba17171b931,stage1-coverage-20260916-raw-0554036670b353a8c6edf9aa,stage1-deterministic-coverage,1
133eac2d-937c-54fc-9f7f-1fcdb2937732,Radiography (Radiotherapy and Oncology),UK,discover-uk-stage1-002,tuition,"{""academic_cycle"":""2026/27"",""amount"":17684,""audience"":""international"",""credential"":""international tuition fee"",""currency"":""GBP"",""fee_period"":""annual""}",programme,international,2026/27,https://www.hsu.ac.uk/course/bsc-hons-radiography-radiotherapy-and-oncology/#overview,"will not be more than 5%. Tuition Fees 2026/27 UK/ROI/Channel Islands and Isle of Man students – £9,790 International – £17, 684 These fees are for the 2026/27 academic year only and may be subject to an increase in subsequent years of study. Any future increase will be in line with our Tuition Fees Policy which can be accessed on our Study Money Matters page. Additional course costs Your tuition fees will cover the cost of all mandatory elements of your course. There are additional course related costs are not included in the tuition fees. So you will need to bu",official_university_page,OFFICIAL,DIRECT_OFFICIAL,46d0228ef8ecdb053812315fa9b0d1aae2e927852ff3babedf9b18e472a3d182,stage1-coverage-20260916-raw-46d0228ef8ecdb053812315f,stage1-deterministic-coverage,1
8e50c3cc-f732-5c1a-a6d9-5a011949e138,Education in Primary Schools (age 4 - 12),NL,duo-nl-stage1-008,delivery_mode,"""part-time""",programme,,,https://onderwijsdata.duo.nl/api/3/action/datastore_search?resource_id=ffffa7ad-e6a2-4ba7-9fc2-a09df4128555&limit=1&filters=%7B%22ONDERWIJSBESTUURID%22%3A%22107B460%22%2C%22OPLEIDINGSEENHEIDCODE%22%3A%221001O4361%22%7D,DUO RIO VORM=DEELTIJD,duo_rio,GOVERNMENT,GOVERNMENT,19450af8cf3663e2fbd667043fdb1597eaddf10f6d9a815fc591a902484add3e,stage1-coverage-20260916-raw-19450af8cf3663e2fbd66704,stage1-deterministic-coverage,1
e21a74fb-4986-5481-9095-01428fac91ef,Computer Science,UK,nottingham-uk-canary,scholarships,"{""details"":""Scholarships and bursaries The University of Nottingham offers a wide range of bursaries and scholarships."",""funding_type"":""financial_aid_policy""}",programme,,,https://www.nottingham.ac.uk/studywithus/ugstudy/courses/UG/Computer-Science-BSc-Hons.html,Scholarships and bursaries The University of Nottingham offers a wide range of bursaries and scholarships.,official_university_page,OFFICIAL,DIRECT_OFFICIAL,2480b70f4c200ca950cdc5da258e33cd8946ecb66b76b35fb783b23c2863a4e5,stage1-coverage-20260916-raw-2480b70f4c200ca950cdc5da,stage1-deterministic-coverage,1
de38fc20-2235-5c03-b4f0-5d3817f4abcc,Computer Science,UK,manchester-uk-canary,tuition,"{""academic_cycle"":""2026/27"",""amount"":37800,""audience"":""international"",""credential"":""international tuition fee"",""currency"":""GBP"",""fee_period"":""annual""}",programme,international,2026/27,https://www.manchester.ac.uk/study/undergraduate/courses/2026/00559/bsc-computer-science-with-industrial-experience/,"te to you as soon as we can in advance of the relevant academic year). Tuition fees for international students will be Â£37,800 for the 2026/27 academic year. For subsequent academic years, the University reserves the right to increase the tuition fee by up to 7% each year including to reflect rising costs associated with delivering our education and wider student experience. For general information please see the undergraduate finance pages. Policy on additional costs All students should normally be able to complete their programme of study without incurring ad",official_university_page,OFFICIAL,DIRECT_OFFICIAL,0554036670b353a8c6edf9aad668adccd20d513b5ab10300d7915ba17171b931,stage1-coverage-20260916-raw-0554036670b353a8c6edf9aa,stage1-deterministic-coverage,1
d0d192c5-ff75-5fdf-8c6c-80e0cc2608c6,"Makeup Artistry, Prosthetic FX and Wig Making",UK,discover-uk-stage1-020,application_url,"""https://www.somerset.ac.uk/courses/media-make-up-ba-hons.html""",programme,,,https://discoveruni.gov.uk/en/course-details/10000878/00245991-ba-media-make-FT/Full-time/,Discover Uni Course page: https://www.somerset.ac.uk/courses/media-make-up-ba-hons.html,discover_uni,GOVERNMENT,CATALOGUE_PROVIDER,22cf2f760fc82e120e71e86489d87e5d22a8aee7afe53d4f3eab58946aa51ec9,stage1-coverage-20260916-raw-22cf2f760fc82e120e71e864,stage1-deterministic-coverage,1
df53e148-1899-5eb0-b91b-2abd84256559,Computer Science,UK,bristol-uk-canary,subject_prerequisites,"""A* in Mathematics A-level contextual offer AAB including A in Mathematics Find out if you are eligible for a contextual offer BTEC D*DD in either Engineering BTEC National Level 3 Extended Diploma, plus A in Mathematics at A-level (or eq""",programme,,,https://www.bristol.ac.uk/study/undergraduate/2026/computer-science/bsc-computer-science/,"dents of all backgrounds. Below is a guide to the typical offers for this course. A-level standard offer A*AA including A* in Mathematics A-level contextual offer AAB including A in Mathematics Find out if you are eligible for a contextual offer BTEC D*DD in either Engineering BTEC National Level 3 Extended Diploma, plus A in Mathematics at A-level (or equivalent), or any Applied General BTEC National Level 3 Extended Diploma, plus A in Mathematics at A-level (or equivalent). Applicants taking Engineering BTEC may be invited to take the University of Bristol mathematics test in place of A-level Mathematics. Fi",official_university_page,OFFICIAL,DIRECT_OFFICIAL,f2d5e25a77d7aef16d0076b6e90e3415d9a12fe60b3f7344b7ffd581caad2326,stage1-coverage-20260916-raw-f2d5e25a77d7aef16d0076b6,stage1-deterministic-coverage,1
28ee7709-d09b-5231-8e41-461663619e85,Business Management with Entrepreneurship,UK,discover-uk-stage1-021,ielts_overall,6,programme,,,https://www.brighton.ac.uk/courses/study/business-management-with-entrepreneurship-bsc-hons.aspx,"nables you to progress onto year 1 of this degree. English language requirements If English is not your first language, IELTS 6.0 overall with a minimum of 5.5 in each element. Find out about the other English qualifications that we accept . Studied before or got relevant experience? If you have suitable qualifications, credits from a previous university course or relevant professional experience, these could count towards your course at Brighton and you could start the course in year 2 or 3. Transferring from another university Thinking about",official_university_page,OFFICIAL,DIRECT_OFFICIAL,72b248a810b38ef4545b4a5564696a3f7fe8894c6b4dee5eaaf4c416bc6a6dd2,stage1-coverage-20260916-raw-72b248a810b38ef4545b4a55,stage1-deterministic-coverage,1
45389133-b30b-5620-a1f1-132881ea6575,Data Science,UK,bristol-uk-canary,application_url,"""https://www.bristol.ac.uk/study/undergraduate/2026/computer-science/meng-computer-science/""",programme,,,https://discoveruni.gov.uk/course-details/10007786/4COSC008UU-202425/Full-time/,Discover Uni Course page: https://www.bristol.ac.uk/study/undergraduate/2026/computer-science/meng-computer-science/,discover_uni,GOVERNMENT,CATALOGUE_PROVIDER,c83b18165eee5c48ac8f495eb792dfa181653b4a909fd781d8674adce8f43fe0,stage1-coverage-20260916-raw-c83b18165eee5c48ac8f495e,stage1-deterministic-coverage,1
ee43edae-4df6-560b-b1fb-fe25f1cc0350,International Business,FI,haaga-helia-fi-canary,required_documents,"[""Completing your qualification in autumn 2026"",""Work certificates"",""Bachelor´s degree (or higher) completed in Finland before 1995"",""Passport or residence permit to Finland"",""Special arrangements in the entrance examinations"",""Work Experience Template (CV)"",""Bachelor´s degree (or higher) completed outside Finland"",""GMAT Exam or GRE test results""]",programme,,,https://opintopolku.fi/konfo-backend/hakukohde/1.2.246.562.20.00000000000000088243,Studyinfo liitteet: Completing your qualification in autumn 2026 | Work certificates | Bachelor ́s degree (or higher) completed in Finland before 1995 | Passport or residence permit to Finland | Special arrangements in the entrance examinations | Work Experience Template (CV) | Bachelor ́s degree (or higher) completed outside Finland | GMAT Exam or GRE test results,studyinfo_hakukohde,GOVERNMENT,GOVERNMENT,eef328352e982ff5c51c9ba9b0fc20d50ecb974762a5698854ef987ac08954e7,stage1-coverage-20260916-raw-eef328352e982ff5c51c9ba9,stage1-deterministic-coverage,1
daa9521e-4e07-53a8-b85a-bcd0c566e374,Computing: Cyber Security,UK,discover-uk-stage1-023,tuition,"{""academic_cycle"":""2026"",""amount"":6000,""credential"":""tuition fee"",""currency"":""GBP"",""fee_period"":""annual""}",programme,,2026,https://www.lsec.ac.uk/courses/higher-education/computing-and-it/btec-hnd-in-computing-cyber-security-htq,"y Mode Full Time Location & Apply Now Orpington 07/09/2026 16-18's Fee: Must be aged 19 or above on 31/08/2026 19+ Fee: £6,000 per year Apply via UCAS Clearing is Open If you're applying late, missed your requirements elsewhere, or you've changed your mind on where you'd like to study, clearing is the perfect way to secure a place at London South East College University Centre. All you need is an idea of what you'd like to study and your results. Call 020 3954 5091, or email HE@LSEC.ac.uk Stay up to date Register for updates on the latest information about even",official_university_page,OFFICIAL,DIRECT_OFFICIAL,8f022afd82040387c5fd3b1c7aaa3d3bd6882d94b5cd1325a664f2be2a9273b8,stage1-coverage-20260916-raw-8f022afd82040387c5fd3b1c,stage1-deterministic-coverage,1
7c7925d8-0ea6-5d8d-8b1c-10af69f024bb,Research Master Business Data Science,NL,erasmus-nl-canary,work_experience,"{""details"":""DUO RIO reports GEEN_EISEN for EISEN_WERKZAAMHEDEN."",""requirement_status"":""not_required""}",programme,,,https://onderwijsdata.duo.nl/api/3/action/datastore_search?filters=%7B%22ONDERWIJSBESTUURID%22%3A%22107B576%22%2C%22OPLEIDINGSEENHEIDCODE%22%3A%221001O7206%22%7D&limit=1&resource_id=ffffa7ad-e6a2-4ba7-9fc2-a09df4128555,DUO RIO EISEN_WERKZAAMHEDEN=GEEN_EISEN,duo_rio,GOVERNMENT,GOVERNMENT,0532f4261d02921464bbde14d1c1bb12dc7e43b7f22a00a4a06c2026b8ad0f17,stage1-coverage-20260916-raw-0532f4261d02921464bbde14,stage1-deterministic-coverage,1
e21a74fb-4986-5481-9095-01428fac91ef,Computer Science,UK,nottingham-uk-canary,application_url,"""http://www.nottingham.ac.uk/studywithus/ugstudy/courses/UG/Computer-Science-BSc-Hons.html""",programme,,,https://discoveruni.gov.uk/course-details/10007154/G400/Full-time/,Discover Uni Course page: http://www.nottingham.ac.uk/studywithus/ugstudy/courses/UG/Computer-Science-BSc-Hons.html,discover_uni,GOVERNMENT,CATALOGUE_PROVIDER,9981a71be59e90bdbd4d8e75d39ceeab10b5fe27591ae6844bb336a9d471673b,stage1-coverage-20260916-raw-9981a71be59e90bdbd4d8e75,stage1-deterministic-coverage,1
c4ca6963-813a-5121-a844-b24e4ffc1097,Information Technology,FI,uef-fi-canary,tuition,"{""amount"":10000,""audience"":""international"",""credential"":""tuition fee for non-EU/EEA students"",""currency"":""EUR"",""fee_period"":""annual""}",programme,international,,https://opintopolku.fi/konfo-backend/valintaperuste/33012799-b01f-435e-8083-851d47fb4b6d,"nfo may change the admission order of all applicants.&nbsp;</p><h4><strong>Tuition fees and waivers</strong></h4><p>The annual tuition fee for non-EU/EEA students is 10,000 EUR.&nbsp;There are no tuition fees for students who are citizens of EU/EEA countries or Switzerland. Applicants subject to tuition fees can apply for tuition waivers and scholarships during the university application process by completing the relevant section on the application form. All tuition fees, waivers, and scholarships for the 2026–2027 academic year a",studyinfo_valintaperuste,GOVERNMENT,GOVERNMENT,1fc6ded2f3f5e90c854184f3feac1f5b4a7739f77f4aad499f366d7396680f32,stage1-coverage-20260916-raw-1fc6ded2f3f5e90c854184f3,stage1-deterministic-coverage,1
0f970faf-fdf2-58c6-814b-8cf1fb584379,BUT génie électrique et informatique industrielle parcours automatisme et informatique industrielle,FR,onisep-fr-stage1-006,application_url,"""https://www.u-picardie.fr/formation/catalogue/but-genie-electrique-informatique-industrielle-soissons""",programme,,,https://api.opendata.onisep.fr/downloads/605344579a7d7/605344579a7d7.csv,Onisep AF page web: https://www.u-picardie.fr/formation/catalogue/but-genie-electrique-informatique-industrielle-soissons,onisep_higher_ed,GOVERNMENT,GOVERNMENT,bf0ff9a929fecfe1974dcc64639baec0496be306ce750ce9211f611329408104,stage1-coverage-20260916-raw-bf0ff9a929fecfe1974dcc64,stage1-deterministic-coverage,1
c88a3280-125f-585b-8a20-aebb08a5836f,Theatre,UK,discover-uk-stage1-024,ielts_overall,6.5,programme,,,https://www.brunel.ac.uk/study/courses/theatre-ba,"st . This must have been taken and passed within two years from the date the CAS is made. English language requirements IELTS: 6.5 (min 5.5 in all areas) Pearson: 59 (59 in all subscores) BrunELT : 6.5 (min 5.5 in all areas) TOEFL: 5 (min 4 in all subscores) You can find out more about the qualifications we accept on our English Language Requirements page. Should you wish to take a pre-sessional English course to improve your English prior to starting your degree course, you must sit the test at an approved SELT provider for the same reason. We",official_university_page,OFFICIAL,DIRECT_OFFICIAL,672d79778918afd7f2a55ca1ed6fb109767f2ba2603b69b20fe89c59da2036e5,stage1-coverage-20260916-raw-672d79778918afd7f2a55ca1,stage1-deterministic-coverage,1
1370d5b6-1a85-52bd-ab33-535fe62aeee9,Business and Management Practice,UK,discover-uk-stage1-001,scholarships,"{""details"":""Financial support and scholarships For general sources of financial support, see our Fees and funding pages."",""funding_type"":""financial_aid_policy""}",programme,,,https://www.brookes.ac.uk/courses/undergraduate/business-and-management-practice-fda,"Financial support and scholarships For general sources of financial support, see our Fees and funding pages.",official_university_page,OFFICIAL,DIRECT_OFFICIAL,e4165dcd598a14e4daf1d848597d36cec497f992c4f0fa12560f62a09ea74e51,stage1-coverage-20260916-raw-e4165dcd598a14e4daf1d848,stage1-deterministic-coverage,1
6bd2a8b8-9767-5c0b-9580-2c8fbda3c98b,BUT métiers du multimédia et de l'internet parcours création numérique,FR,onisep-fr-stage1-011,application_url,"""https://www.uca.fr/formation/nos-formations/par-ufr-ecoles-et-iut/iut-clermont-auvergne/but/but-metiers-du-multimedia-et-de-linternet-vichy#presentation""",programme,,,https://api.opendata.onisep.fr/downloads/605344579a7d7/605344579a7d7.csv,Onisep AF page web: https://www.uca.fr/formation/nos-formations/par-ufr-ecoles-et-iut/iut-clermont-auvergne/but/but-metiers-du-multimedia-et-de-linternet-vichy#presentation,onisep_higher_ed,GOVERNMENT,GOVERNMENT,bf0ff9a929fecfe1974dcc64639baec0496be306ce750ce9211f611329408104,stage1-coverage-20260916-raw-bf0ff9a929fecfe1974dcc64,stage1-deterministic-coverage,1
f7fd244f-c807-5a05-82dc-58c2e0df2804,Cultuurwetenschappen,NL,uva-nl-canary,application_url,"""https://www.uva.nl/shared-content/programmas/en/bachelors/human-geography-and-planning/human-geography-and-planning.html""",programme,,,https://onderwijsdata.duo.nl/api/3/action/datastore_search?filters=%7B%22ONDERWIJSBESTUURID%22%3A%22107B473%22%2C%22OPLEIDINGSEENHEIDCODE%22%3A%221001O5623%22%7D&limit=1&resource_id=ffffa7ad-e6a2-4ba7-9fc2-a09df4128555,DUO RIO WEBSITE=https://www.uva.nl/shared-content/programmas/en/bachelors/human-geography-and-planning/human-geography-and-planning.html,duo_rio,GOVERNMENT,GOVERNMENT,9373cd7d5e5d3f8f70ea5545060186bf8ce295f858c233730141cd698e34928f,stage1-coverage-20260916-raw-9373cd7d5e5d3f8f70ea5545,stage1-deterministic-coverage,1
1370d5b6-1a85-52bd-ab33-535fe62aeee9,Business and Management Practice,UK,discover-uk-stage1-001,application_url,"""https://www.brookes.ac.uk/courses/undergraduate/business-and-management-practice-fda""",programme,,,https://discoveruni.gov.uk/en/course-details/10000055/FDA-BMP/Part-time/,Discover Uni Course page: https://www.brookes.ac.uk/courses/undergraduate/business-and-management-practice-fda,discover_uni,GOVERNMENT,CATALOGUE_PROVIDER,262a127471c72d5884047ce29ed6c56b7d394c21b01acef587b76271f46484be,stage1-coverage-20260916-raw-262a127471c72d5884047ce2,stage1-deterministic-coverage,1
68e2924c-c07f-5ac2-8ea9-6bb6e0d21351,Animal Behaviour & Wildlife Conservation,UK,discover-uk-stage1-013,application_url,"""https://www.bishopburton.ac.uk/university-centre/study/view-all-courses/bsc-hons-animal-behaviour-and-wildlife-conservation""",programme,,,https://discoveruni.gov.uk/en/course-details/10000721/BScABWC/Full-time/,Discover Uni Course page: https://www.bishopburton.ac.uk/university-centre/study/view-all-courses/bsc-hons-animal-behaviour-and-wildlife-conservation,discover_uni,GOVERNMENT,CATALOGUE_PROVIDER,6d1d66031668c622b550187b9fe9a01fc829e86c25fc423cdd5e07bbc99f271e,stage1-coverage-20260916-raw-6d1d66031668c622b550187b,stage1-deterministic-coverage,1
96c509ad-7afb-5c33-a47f-b49db274ca43,licence mention sciences et humanités,FR,onisep-fr-stage1-029,application_url,"""https://univ-cotedazur.fr/formation/offre-de-formation/licence-humanites""",programme,,,https://api.opendata.onisep.fr/downloads/605344579a7d7/605344579a7d7.csv,Onisep AF page web: https://univ-cotedazur.fr/formation/offre-de-formation/licence-humanites,onisep_higher_ed,GOVERNMENT,GOVERNMENT,bf0ff9a929fecfe1974dcc64639baec0496be306ce750ce9211f611329408104,stage1-coverage-20260916-raw-bf0ff9a929fecfe1974dcc64,stage1-deterministic-coverage,1
45389133-b30b-5620-a1f1-132881ea6575,Data Science,UK,bristol-uk-canary,ielts_subscores,"{""minimum_each"":6,""minimum_overall"":6.5,""source_text"":""levels . English language requirements If English is not your first language, you need to have one of the following: • IELTS 6.5 overall with 6.0 in all skills • GCSE English Language grade C or 4 • an alternative qualification outlined in our Profile level E. Further information about English language requirements and profile levels Related courses See a list of all Computer Science degrees at Bristol, and find more information about the course, assessment and career prospects. BSc Computer Science MEng Computer Science with Innovation MEng""}",programme,,,https://www.bristol.ac.uk/study/undergraduate/2026/computer-science/meng-computer-science/,"levels . English language requirements If English is not your first language, you need to have one of the following: • IELTS 6.5 overall with 6.0 in all skills • GCSE English Language grade C or 4 • an alternative qualification outlined in our Profile level E. Further information about English language requirements and profile levels Related courses See a list of all Computer Science degrees at Bristol, and find more information about the course, assessment and career prospects. BSc Computer Science MEng Computer Science with Innovation MEng",official_university_page,OFFICIAL,DIRECT_OFFICIAL,aea80e62c18d0e1e5663be85a3a582ef905f6d9f9cdcb882955c31712f9439d4,stage1-coverage-20260916-raw-aea80e62c18d0e1e5663be85,stage1-deterministic-coverage,1
de38fc20-2235-5c03-b4f0-5d3817f4abcc,Computer Science,UK,manchester-uk-canary,application_url,"""https://www.manchester.ac.uk/study/undergraduate/courses/2026/00559/bsc-computer-science-with-industrial-experience/""",programme,,,https://discoveruni.gov.uk/course-details/10007798/28/Full-time/,Discover Uni Course page: https://www.manchester.ac.uk/study/undergraduate/courses/2026/00559/bsc-computer-science-with-industrial-experience/,discover_uni,GOVERNMENT,CATALOGUE_PROVIDER,b5df4206614a11c382c4546cb341a1e81235e5d03a7c59c98fde8a3235b2e898,stage1-coverage-20260916-raw-b5df4206614a11c382c4546c,stage1-deterministic-coverage,1
59c87f4f-e9fb-59a9-9c0c-ef57d23132d5,master mention physique fondamentale et applications,FR,onisep-fr-stage1-037,application_url,"""https://univ-cotedazur.fr/formation/offre-de-formation/master-physique-fondamentale-et-applications""",programme,,,https://api.opendata.onisep.fr/downloads/605344579a7d7/605344579a7d7.csv,Onisep AF page web: https://univ-cotedazur.fr/formation/offre-de-formation/master-physique-fondamentale-et-applications,onisep_higher_ed,GOVERNMENT,GOVERNMENT,bf0ff9a929fecfe1974dcc64639baec0496be306ce750ce9211f611329408104,stage1-coverage-20260916-raw-bf0ff9a929fecfe1974dcc64,stage1-deterministic-coverage,1
19238524-9803-53d5-ba61-dcbe17c6c55a,Master mention chimie et sciences des materiaux,FR,centrale-lyon-fr-canary,application_url,"""https://www.ec-lyon.fr/formation/master-2-chimie-et-sciences-des-materiaux""",programme,,,https://api.opendata.onisep.fr/downloads/605344579a7d7/605344579a7d7.csv,Onisep AF page web: https://www.ec-lyon.fr/formation/master-2-chimie-et-sciences-des-materiaux,onisep_higher_ed,GOVERNMENT,GOVERNMENT,bf0ff9a929fecfe1974dcc64639baec0496be306ce750ce9211f611329408104,stage1-coverage-20260916-raw-bf0ff9a929fecfe1974dcc64,stage1-deterministic-coverage,1
133eac2d-937c-54fc-9f7f-1fcdb2937732,Radiography (Radiotherapy and Oncology),UK,discover-uk-stage1-002,application_url,"""https://www.hsu.ac.uk/course/bsc-hons-radiography-radiotherapy-and-oncology/#overview""",programme,,,https://discoveruni.gov.uk/en/course-details/10000163/BSRROF-B822/Full-time/,Discover Uni Course page: https://www.hsu.ac.uk/course/bsc-hons-radiography-radiotherapy-and-oncology/#overview,discover_uni,GOVERNMENT,CATALOGUE_PROVIDER,970032855121a76c165eda8e75d814edc53382c43c8b832aa1df76de6b67a700,stage1-coverage-20260916-raw-970032855121a76c165eda8e,stage1-deterministic-coverage,1
fcce1aa5-1813-5776-991e-107da1916798,Early Years Leadership,UK,discover-uk-stage1-009,application_url,"""https://www.barnsley.ac.uk/course/early-years-leadership-foundation-degree-htq-full-time""",programme,,,https://discoveruni.gov.uk/en/course-details/10000536/PS29EYLEFT/Full-time/,Discover Uni Course page: https://www.barnsley.ac.uk/course/early-years-leadership-foundation-degree-htq-full-time,discover_uni,GOVERNMENT,CATALOGUE_PROVIDER,f13c543014a25685990dccff7ea994161beaba81f8581eeccca6fd133cdc7ba3,stage1-coverage-20260916-raw-f13c543014a25685990dccff,stage1-deterministic-coverage,1
36d5084e-2c73-5fb5-b94e-abfed22c61eb,licence mention professorat des écoles,FR,onisep-fr-stage1-038,application_url,"""https://www.univ-reims.fr/li-lpe-charleville""",programme,,,https://api.opendata.onisep.fr/downloads/605344579a7d7/605344579a7d7.csv,Onisep AF page web: https://www.univ-reims.fr/li-lpe-charleville,onisep_higher_ed,GOVERNMENT,GOVERNMENT,bf0ff9a929fecfe1974dcc64639baec0496be306ce750ce9211f611329408104,stage1-coverage-20260916-raw-bf0ff9a929fecfe1974dcc64,stage1-deterministic-coverage,1
2a4fb7c5-f257-555a-84c5-2a23d72e611b,Engineering (Automotive Engineering),UK,discover-uk-stage1-015,application_url,"""https://www.blackpool.ac.uk/course/ET1HE0001""",programme,,,https://discoveruni.gov.uk/en/course-details/10000754/ET1HE0001/Full-time/,Discover Uni Course page: https://www.blackpool.ac.uk/course/ET1HE0001,discover_uni,GOVERNMENT,CATALOGUE_PROVIDER,339157a7817529981ce21fec75a69d0c804ea7fea81e941b60215913ff8ef00d,stage1-coverage-20260916-raw-339157a7817529981ce21fec,stage1-deterministic-coverage,1
f825d937-ce65-5abf-ba73-588cbbe7d1d4,Licence mention informatique,FR,sorbonne-fr-canary,application_url,"""https://sciences.sorbonne-universite.fr/formation-sciences/licences/licences-generales-l2-l3/licence-dinformatique""",programme,,,https://api.opendata.onisep.fr/downloads/605344579a7d7/605344579a7d7.csv,Onisep AF page web: https://sciences.sorbonne-universite.fr/formation-sciences/licences/licences-generales-l2-l3/licence-dinformatique,onisep_higher_ed,GOVERNMENT,GOVERNMENT,bf0ff9a929fecfe1974dcc64639baec0496be306ce750ce9211f611329408104,stage1-coverage-20260916-raw-bf0ff9a929fecfe1974dcc64,stage1-deterministic-coverage,1
9e56967c-c215-5e0b-ba38-018d61a6a991,Computer Science,UK,edinburgh-uk-canary,intakes,"{""source_label"":""Start date"",""start_dates"":[""2027-09-01""]}",programme,,,https://study.ed.ac.uk/programmes/undergraduate/57-computer-science,"Key facts UCAS Code G400 Award BSc (Hons) Duration of study 4 years Delivery Full-time Study location Multiple campuses Start date September 2027 School School of Informatics College College of Science and Engineering Study abroad Available Placement No Open days and events Overview About the degree programme Computer science is about understanding, designing, implementing and using computing systems. These systems can range in scale, and complexity, from the tiny components of a single processor to the globe-spanning internet. The cor",official_university_page,OFFICIAL,DIRECT_OFFICIAL,eb6d761196fce7920832f314f674a153671f3220fa080770fbeb7e5153c1fd63,stage1-coverage-20260916-raw-eb6d761196fce7920832f314,stage1-deterministic-coverage,1
aab072ce-4ac6-5c86-a311-170c1ed24c00,Radiography (Diagnostic Imaging),UK,discover-uk-stage1-002,toefl,100,programme,,,https://www.hsu.ac.uk/course/bsc-hons-radiography-diagnostic-imaging/#overview,"pply for entry in September 2026 Test Grade Additional details IELTS (Academic) 7 with no less than 6.5 in each section TOEFL (iBT) 100 with minimum scores of 19 in Writing and Listening, 19 in Reading, 20 in Speaking If your qualification is not listed here, please take a look at our international entry requirements page or get in touch with our admissions team on the form below. Please note, to be accepted onto this course; you will also need to demonstrate that you meet the minimum standards of English. For further information on Englis",official_university_page,OFFICIAL,DIRECT_OFFICIAL,bb3a5d461ecb6f77285e3b6ebc83ef869572ced3ef381c8c6e552c972292ecd1,stage1-coverage-20260916-raw-bb3a5d461ecb6f77285e3b6e,stage1-deterministic-coverage,1
a7aeb70e-3922-587d-ba67-1cd77b0ab33f,Art & Design,NL,duo-nl-stage1-007,delivery_mode,"""part-time""",programme,,,https://onderwijsdata.duo.nl/api/3/action/datastore_search?resource_id=ffffa7ad-e6a2-4ba7-9fc2-a09df4128555&limit=1&filters=%7B%22ONDERWIJSBESTUURID%22%3A%22107B454%22%2C%22OPLEIDINGSEENHEIDCODE%22%3A%221001O5090%22%7D,DUO RIO VORM=DEELTIJD,duo_rio,GOVERNMENT,GOVERNMENT,3e12a4401d51e5c36ab6d3c5056e1d26ed0edb61bd109623424db193441ef0fe,stage1-coverage-20260916-raw-3e12a4401d51e5c36ab6d3c5,stage1-deterministic-coverage,1
9436b038-a11f-554e-bf0b-894432db7716,Fine Art,UK,discover-uk-stage1-004,application_url,"""https://www.aru.ac.uk/study/undergraduate/fine-art""",programme,,,https://discoveruni.gov.uk/en/course-details/10000291/K00004/Full-time/,Discover Uni Course page: https://www.aru.ac.uk/study/undergraduate/fine-art,discover_uni,GOVERNMENT,CATALOGUE_PROVIDER,47e3b56ba8d5eb7567b79a65f7d4ffb725f58dc5dbe56b04a0df5bdf2b96fcb1,stage1-coverage-20260916-raw-47e3b56ba8d5eb7567b79a65,stage1-deterministic-coverage,1
16aed716-240d-5ae8-854a-52d1ecc51b49,Acting,UK,discover-uk-stage1-006,application_url,"""http://aub.ac.uk/courses/ba/ba-acting""",programme,,,https://discoveruni.gov.uk/en/course-details/10000385/BAACT/Full-time/,Discover Uni Course page: http://aub.ac.uk/courses/ba/ba-acting,discover_uni,GOVERNMENT,CATALOGUE_PROVIDER,d37900ca403af7d8e26e1af3c726fbf8f94b9251751cf1fe65c38e646d2acea3,stage1-coverage-20260916-raw-d37900ca403af7d8e26e1af3,stage1-deterministic-coverage,1
6a7210f2-06be-539a-8480-cf8386a4f915,Early Years Professional Leadership,UK,discover-uk-stage1-023,tuition,"{""academic_cycle"":""2026"",""amount"":6000,""credential"":""tuition fee"",""currency"":""GBP"",""fee_period"":""annual""}",programme,,2026,https://www.lsec.ac.uk/courses/higher-education/children-and-young-peoples-education/btec-hnd-in-early-years-professional-leadership-htq,"y Mode Full Time Location & Apply Now Orpington 09/09/2026 16-18's Fee: Must be aged 19 or above on 31/08/2026 19+ Fee: £6,000 per year Apply now via UCAS Clearing is Open If you're applying late, missed your requirements elsewhere, or you've changed your mind on where you'd like to study, clearing is the perfect way to secure a place at London South East College University Centre. All you need is an idea of what you'd like to study and your results. Call 020 3954 5091, or email HE@LSEC.ac.uk Stay up to date Register for updates on the latest information about",official_university_page,OFFICIAL,DIRECT_OFFICIAL,ea968993d115a840d2cf50a7f26d926c173c0983fca490caffcc89db6f7d44e1,stage1-coverage-20260916-raw-ea968993d115a840d2cf50a7,stage1-deterministic-coverage,1
87ff2832-35fa-524a-9ae3-c8b7aeabad3b,Business and Management Practice,UK,discover-uk-stage1-001,scholarships,"{""details"":""Financial support and scholarships For general sources of financial support, see our Fees and funding pages."",""funding_type"":""financial_aid_policy""}",programme,,,https://www.brookes.ac.uk/courses/undergraduate/business-and-management-practice-fda,"Financial support and scholarships For general sources of financial support, see our Fees and funding pages.",official_university_page,OFFICIAL,DIRECT_OFFICIAL,e4165dcd598a14e4daf1d848597d36cec497f992c4f0fa12560f62a09ea74e51,stage1-coverage-20260916-raw-e4165dcd598a14e4daf1d848,stage1-deterministic-coverage,1
067b77ac-c8fa-5719-9f3e-3cd6d2318b38,master mention management,FR,onisep-fr-stage1-017,application_url,"""https://univ-cotedazur.fr/servlet/com.jsbsoft.jtf.core.SG?%23ECRAN_LOGIQUE%23=RECHERCHE&PROC=RECHERCHE&ACTION=VALIDER&RH=1595659207794&OBJET=FORMATION&LANGUE=0&FORMATION_INITIALE=&REPRISE_ETUDES=&PARTIELLEMENT_DISTANCE=&TOTALEMENT_DISTANCE=&ALTERNANCE=&LIBELLE=&GRADE=0000&TYPE_DIPLOME=MASTER&FORMATION=0000&MODALITE=ALTERNANCE&DOMAINE_LMD=0000""",programme,,,https://api.opendata.onisep.fr/downloads/605344579a7d7/605344579a7d7.csv,Onisep AF page web: https://univ-cotedazur.fr/servlet/com.jsbsoft.jtf.core.SG?%23ECRAN_LOGIQUE%23=RECHERCHE&PROC=RECHERCHE&ACTION=VALIDER&RH=1595659207794&OBJET=FORMATION&LANGUE=0&FORMATION_INITIALE=&REPRISE_ETUDES=&PARTIELLEMENT_DISTANCE=&TOTALEMENT_DISTANCE=&ALTERNANCE=&LIBELLE=&GRADE=0000&TYPE_DIPLOME=MASTER&FORMATION=0000&MODALITE=ALTERNANCE&DOMAINE_LMD=0000,onisep_higher_ed,GOVERNMENT,GOVERNMENT,bf0ff9a929fecfe1974dcc64639baec0496be306ce750ce9211f611329408104,stage1-coverage-20260916-raw-bf0ff9a929fecfe1974dcc64,stage1-deterministic-coverage,1
c8b582cd-d346-5415-8893-e40e62413526,BUT métiers du multimédia et de l'internet parcours stratégie de communication numérique et design d'expérience,FR,onisep-fr-stage1-011,application_url,"""https://www.uca.fr/formation/nos-formations/par-ufr-ecoles-et-iut/iut-clermont-auvergne/but/but-metiers-du-multimedia-et-de-linternet-vichy#presentation""",programme,,,https://api.opendata.onisep.fr/downloads/605344579a7d7/605344579a7d7.csv,Onisep AF page web: https://www.uca.fr/formation/nos-formations/par-ufr-ecoles-et-iut/iut-clermont-auvergne/but/but-metiers-du-multimedia-et-de-linternet-vichy#presentation,onisep_higher_ed,GOVERNMENT,GOVERNMENT,bf0ff9a929fecfe1974dcc64639baec0496be306ce750ce9211f611329408104,stage1-coverage-20260916-raw-bf0ff9a929fecfe1974dcc64,stage1-deterministic-coverage,1
0c35c3a5-02ff-5de8-820a-f2ee8108e32e,Film & Television,UK,discover-uk-stage1-016,application_url,"""https://www.boston.ac.uk/courses/find-a-course/area/media/film-and-television-hnd-level-5/""",programme,,,https://discoveruni.gov.uk/en/course-details/10000812/1007595/Full-time/,Discover Uni Course page: https://www.boston.ac.uk/courses/find-a-course/area/media/film-and-television-hnd-level-5/,discover_uni,GOVERNMENT,CATALOGUE_PROVIDER,f5fb44514076cd61a09543b0d01709591f48d833461ca2298c77b04224ac6acd,stage1-coverage-20260916-raw-f5fb44514076cd61a09543b0,stage1-deterministic-coverage,1
c88a3280-125f-585b-8a20-aebb08a5836f,Theatre,UK,discover-uk-stage1-024,scholarships,"{""details"":""Please refer to the scholarships pages to view discounts available to eligible EU undergraduate applicants."",""funding_type"":""financial_aid_policy""}",programme,,,https://www.brunel.ac.uk/study/courses/theatre-ba,Please refer to the scholarships pages to view discounts available to eligible EU undergraduate applicants.,official_university_page,OFFICIAL,DIRECT_OFFICIAL,672d79778918afd7f2a55ca1ed6fb109767f2ba2603b69b20fe89c59da2036e5,stage1-coverage-20260916-raw-672d79778918afd7f2a55ca1,stage1-deterministic-coverage,1
9436b038-a11f-554e-bf0b-894432db7716,Fine Art,UK,discover-uk-stage1-004,scholarships,"{""details"":""Bursaries, scholarships and part-time work We offer a range of scholarships and bursaries for UK and international students , which provide extra financial support while you’re at university."",""funding_type"":""financial_aid_policy""}",programme,,,https://www.aru.ac.uk/study/undergraduate/fine-art,"Bursaries, scholarships and part-time work We offer a range of scholarships and bursaries for UK and international students , which provide extra financial support while you’re at university.",official_university_page,OFFICIAL,DIRECT_OFFICIAL,775862b3c2d6d6f73bd8f7a9e7234c94c55c627f8a49b876f42af10dabd5753b,stage1-coverage-20260916-raw-775862b3c2d6d6f73bd8f7a9,stage1-deterministic-coverage,1
a4e6b163-10f4-513a-9230-fe193026b557,Accounting and Finance,UK,discover-uk-stage1-018,application_url,"""https://www.bournemouth.ac.uk/study/courses/ba-hons-accounting-finance-2""",programme,,,https://discoveruni.gov.uk/en/course-details/10000824/BAAFS_N420/Full-time/,Discover Uni Course page: https://www.bournemouth.ac.uk/study/courses/ba-hons-accounting-finance-2,discover_uni,GOVERNMENT,CATALOGUE_PROVIDER,ae0b26c68939e8214056c2517af3b5091f1c674c8aef5f1e1fbab7804a78829b,stage1-coverage-20260916-raw-ae0b26c68939e8214056c251,stage1-deterministic-coverage,1
ee43edae-4df6-560b-b1fb-fe25f1cc0350,International Business,FI,haaga-helia-fi-canary,application_url,"""https://opintopolku.fi/hakemus/hakukohde/1.2.246.562.20.00000000000000088243?lang=en""",programme,,,https://opintopolku.fi/konfo-backend/hakukohde/1.2.246.562.20.00000000000000088243,Studyinfo hakulomakeLinkki.en=https://opintopolku.fi/hakemus/hakukohde/1.2.246.562.20.00000000000000088243?lang=en,studyinfo_hakukohde,GOVERNMENT,GOVERNMENT,eef328352e982ff5c51c9ba9b0fc20d50ecb974762a5698854ef987ac08954e7,stage1-coverage-20260916-raw-eef328352e982ff5c51c9ba9,stage1-deterministic-coverage,1
9436b038-a11f-554e-bf0b-894432db7716,Fine Art,UK,discover-uk-stage1-004,ielts_overall,5.5,programme,,,https://www.aru.ac.uk/study/undergraduate/fine-art,"English is not your first language you will be expected to demonstrate a certificated level of proficiency of at least IELTS 5.5 (Academic level) or equivalent English Language qualification, as recognised by Anglia Ruskin University. International students International students We welcome applications from international and EU students, and accept a range of international qualifications. See international and EU entry requirements See information about application deadlines You'll need a computer and reliable internet access to successfully",official_university_page,OFFICIAL,DIRECT_OFFICIAL,775862b3c2d6d6f73bd8f7a9e7234c94c55c627f8a49b876f42af10dabd5753b,stage1-coverage-20260916-raw-775862b3c2d6d6f73bd8f7a9,stage1-deterministic-coverage,1
f0aaed85-63dd-5540-9212-228b3b131e10,"B Education in Primary Schools (age 4-12), full-time",NL,duo-nl-stage1-016,work_experience,"{""details"":""DUO RIO reports GEEN_EISEN for EISEN_WERKZAAMHEDEN."",""requirement_status"":""not_required""}",programme,,,https://onderwijsdata.duo.nl/api/3/action/datastore_search?resource_id=ffffa7ad-e6a2-4ba7-9fc2-a09df4128555&limit=1&filters=%7B%22ONDERWIJSBESTUURID%22%3A%22107B555%22%2C%22OPLEIDINGSEENHEIDCODE%22%3A%221015O6755%22%7D,DUO RIO EISEN_WERKZAAMHEDEN=GEEN_EISEN,duo_rio,GOVERNMENT,GOVERNMENT,ab7d7b1371ef6ef7b8d0048381d8868775faf64b191c5b37fac5f92f193b2ace,stage1-coverage-20260916-raw-ab7d7b1371ef6ef7b8d00483,stage1-deterministic-coverage,1
21d727d7-7df7-5f09-b896-e62da24e9238,master mention chimie moléculaire,FR,onisep-fr-stage1-035,application_url,"""https://univ-cotedazur.fr/formation/offre-de-formation/master-chimie-moleculaire""",programme,,,https://api.opendata.onisep.fr/downloads/605344579a7d7/605344579a7d7.csv,Onisep AF page web: https://univ-cotedazur.fr/formation/offre-de-formation/master-chimie-moleculaire,onisep_higher_ed,GOVERNMENT,GOVERNMENT,bf0ff9a929fecfe1974dcc64639baec0496be306ce750ce9211f611329408104,stage1-coverage-20260916-raw-bf0ff9a929fecfe1974dcc64,stage1-deterministic-coverage,1
1d747e1b-2087-5845-b0b1-9a73afb9fed1,Master mention informatique,FR,sorbonne-fr-canary,application_url,"""https://sciences.sorbonne-universite.fr/formation-sciences/masters/master-informatique""",programme,,,https://api.opendata.onisep.fr/downloads/605344579a7d7/605344579a7d7.csv,Onisep AF page web: https://sciences.sorbonne-universite.fr/formation-sciences/masters/master-informatique,onisep_higher_ed,GOVERNMENT,GOVERNMENT,bf0ff9a929fecfe1974dcc64639baec0496be306ce750ce9211f611329408104,stage1-coverage-20260916-raw-bf0ff9a929fecfe1974dcc64,stage1-deterministic-coverage,1
57418cd2-9e28-5de8-9bc6-055f88d3b8bb,Computer Science,UK,kings-uk-canary,application_url,"""https://www.kcl.ac.uk/study/undergraduate/courses/computer-science-msci""",programme,,,https://discoveruni.gov.uk/course-details/10003645/UMSH4CSCS/Full-time/,Discover Uni Course page: https://www.kcl.ac.uk/study/undergraduate/courses/computer-science-msci,discover_uni,GOVERNMENT,CATALOGUE_PROVIDER,5a75ef265d40739f464fea3433b6ddd4f6810bfe4dd3878a4b760ce876cdf37b,stage1-coverage-20260916-raw-5a75ef265d40739f464fea34,stage1-deterministic-coverage,1
5dea6883-31fe-5808-9ee8-0775b57792ae,master mention génie industriel,FR,onisep-fr-stage1-004,application_url,"""https://www.u-picardie.fr/formation/catalogue/master-genie-industriel""",programme,,,https://api.opendata.onisep.fr/downloads/605344579a7d7/605344579a7d7.csv,Onisep AF page web: https://www.u-picardie.fr/formation/catalogue/master-genie-industriel,onisep_higher_ed,GOVERNMENT,GOVERNMENT,bf0ff9a929fecfe1974dcc64639baec0496be306ce750ce9211f611329408104,stage1-coverage-20260916-raw-bf0ff9a929fecfe1974dcc64,stage1-deterministic-coverage,1
bea9cf87-a594-599a-af97-f393a534a5f1,master mention informatique,FR,onisep-fr-stage1-030,application_url,"""https://univ-cotedazur.fr/formation/offre-de-formation/master-informatique-1""",programme,,,https://api.opendata.onisep.fr/downloads/605344579a7d7/605344579a7d7.csv,Onisep AF page web: https://univ-cotedazur.fr/formation/offre-de-formation/master-informatique-1,onisep_higher_ed,GOVERNMENT,GOVERNMENT,bf0ff9a929fecfe1974dcc64639baec0496be306ce750ce9211f611329408104,stage1-coverage-20260916-raw-bf0ff9a929fecfe1974dcc64,stage1-deterministic-coverage,1
c88a3280-125f-585b-8a20-aebb08a5836f,Theatre,UK,discover-uk-stage1-024,tuition,"{""academic_cycle"":""2026/27"",""amount"":17400,""audience"":""international"",""credential"":""international tuition fee"",""currency"":""GBP"",""fee_period"":""annual""}",programme,international,2026/27,https://www.brunel.ac.uk/study/courses/theatre-ba,"Mode of study 3 years full-time 4 years full-time with placement 6 years part-time Fees 2026/27 UK £9,790 International £17,400 Scroll to #fees Entry requirements 2026/7 BBB - BCC (A-level) DDM-DMM (BTEC) 30-28 (IB) Scroll to #entryRequirements Overview Course content Careers and your future Entry requirements Fees and funding Teaching and learning Assessment and feedback Back to top Overview Are you passionate about theatre and eager to perform and transform your creative ideas into compelling stage productions? Brunel’s Theatre course will equip you with speci",official_university_page,OFFICIAL,DIRECT_OFFICIAL,672d79778918afd7f2a55ca1ed6fb109767f2ba2603b69b20fe89c59da2036e5,stage1-coverage-20260916-raw-672d79778918afd7f2a55ca1,stage1-deterministic-coverage,1
1370d5b6-1a85-52bd-ab33-535fe62aeee9,Business and Management Practice,UK,discover-uk-stage1-001,intakes,"{""source_label"":""Start date"",""start_dates"":[""2026-09-01""]}",programme,,,https://www.brookes.ac.uk/courses/undergraduate/business-and-management-practice-fda,tion fees How to apply Find out more next or previous Find a course Expand Course Level Search Key facts UCAS code N20N Start dates September 2026 Location Abingdon & Witney College Course length Full time: 2 years Part time: 3 years School(s) Oxford Brookes Business School Order a Prospectus Ask a question Attend an open day or webinar Overview The Foundation Degree in Business and Management Practice provides a practical business education programme for those who wish to study at Higher Education level in their local area. Designed,official_university_page,OFFICIAL,DIRECT_OFFICIAL,e4165dcd598a14e4daf1d848597d36cec497f992c4f0fa12560f62a09ea74e51,stage1-coverage-20260916-raw-e4165dcd598a14e4daf1d848,stage1-deterministic-coverage,1
064e4c8c-3273-5475-acc2-a785d2dc169d,Acting,UK,discover-uk-stage1-005,scholarships,"{""details"":""Have the opportunity to participate in competitions and other professional opportunities, including the Carleton Hobbs Bursary Award (radio), the Sam Wanamaker Festival (The Globe) and The Spotlight Prize (Industry)."",""funding_type"":""financial_aid_policy""}",programme,,,https://artsed.co.uk/course/undergraduate-acting/?course-guide,"Have the opportunity to participate in competitions and other professional opportunities, including the Carleton Hobbs Bursary Award (radio), the Sam Wanamaker Festival (The Globe) and The Spotlight Prize (Industry).",official_university_page,OFFICIAL,DIRECT_OFFICIAL,cb46f1978a3428100833bb273c2a68960d137297cfcd5b1bc5e5b575c0613235,stage1-coverage-20260916-raw-cb46f1978a3428100833bb27,stage1-deterministic-coverage,1
d3500ac3-9288-5594-91cf-cc8f2dc1c9d3,Applied Biology,NL,duo-nl-stage1-011,programme_language,"""Dutch""",programme,,,https://onderwijsdata.duo.nl/api/3/action/datastore_search?resource_id=ffffa7ad-e6a2-4ba7-9fc2-a09df4128555&limit=1&filters=%7B%22ONDERWIJSBESTUURID%22%3A%22100B561%22%2C%22OPLEIDINGSEENHEIDCODE%22%3A%221001O2646%22%7D,DUO RIO VOERTAAL=NLD,duo_rio,GOVERNMENT,GOVERNMENT,6de9099c7889071aa1fe8041279b1beb324a6571013fc128a6cb40c48ca30401,stage1-coverage-20260916-raw-6de9099c7889071aa1fe8041,stage1-deterministic-coverage,1
5fb6c708-c086-5214-9871-88a376d13fda,"BUT gestion des entreprises et des administrations parcours gestion comptable, fiscale et financière",FR,onisep-fr-stage1-016,application_url,"""https://iut.univ-amu.fr/fr/formations/bachelor-universitaire-de-technologie/but-gestion-entreprises-administrations/but-gea-gap""",programme,,,https://api.opendata.onisep.fr/downloads/605344579a7d7/605344579a7d7.csv,Onisep AF page web: https://iut.univ-amu.fr/fr/formations/bachelor-universitaire-de-technologie/but-gestion-entreprises-administrations/but-gea-gap,onisep_higher_ed,GOVERNMENT,GOVERNMENT,bf0ff9a929fecfe1974dcc64639baec0496be306ce750ce9211f611329408104,stage1-coverage-20260916-raw-bf0ff9a929fecfe1974dcc64,stage1-deterministic-coverage,1
2936099d-411e-5963-8c62-27be8bb17202,master mention management et commerce international,FR,onisep-fr-stage1-017,application_url,"""https://univ-cotedazur.fr/servlet/com.jsbsoft.jtf.core.SG?%23ECRAN_LOGIQUE%23=RECHERCHE&PROC=RECHERCHE&ACTION=VALIDER&RH=1595659207794&OBJET=FORMATION&LANGUE=0&FORMATION_INITIALE=&REPRISE_ETUDES=&PARTIELLEMENT_DISTANCE=&TOTALEMENT_DISTANCE=&ALTERNANCE=&LIBELLE=&GRADE=0000&TYPE_DIPLOME=MASTER&FORMATION=0000&MODALITE=ALTERNANCE&DOMAINE_LMD=0000""",programme,,,https://api.opendata.onisep.fr/downloads/605344579a7d7/605344579a7d7.csv,Onisep AF page web: https://univ-cotedazur.fr/servlet/com.jsbsoft.jtf.core.SG?%23ECRAN_LOGIQUE%23=RECHERCHE&PROC=RECHERCHE&ACTION=VALIDER&RH=1595659207794&OBJET=FORMATION&LANGUE=0&FORMATION_INITIALE=&REPRISE_ETUDES=&PARTIELLEMENT_DISTANCE=&TOTALEMENT_DISTANCE=&ALTERNANCE=&LIBELLE=&GRADE=0000&TYPE_DIPLOME=MASTER&FORMATION=0000&MODALITE=ALTERNANCE&DOMAINE_LMD=0000,onisep_higher_ed,GOVERNMENT,GOVERNMENT,bf0ff9a929fecfe1974dcc64639baec0496be306ce750ce9211f611329408104,stage1-coverage-20260916-raw-bf0ff9a929fecfe1974dcc64,stage1-deterministic-coverage,1
1b39fb3f-57bd-530e-b3a8-e5eb492dffd9,Master of Arts in Fine Art and Design,NL,duo-nl-stage1-007,programme_language,"""English""",programme,,,https://onderwijsdata.duo.nl/api/3/action/datastore_search?resource_id=ffffa7ad-e6a2-4ba7-9fc2-a09df4128555&limit=1&filters=%7B%22ONDERWIJSBESTUURID%22%3A%22107B454%22%2C%22OPLEIDINGSEENHEIDCODE%22%3A%221001O5500%22%7D,DUO RIO VOERTAAL=ENG,duo_rio,GOVERNMENT,GOVERNMENT,3015b8781698f5ec02d1399e0199bb8920237bef84bbb2c7978d72e0048d8851,stage1-coverage-20260916-raw-3015b8781698f5ec02d1399e,stage1-deterministic-coverage,1
81f197ab-e6ea-5bdf-b4c2-eb79ba966142,"Data Science, Bachelor/MSc",FI,aalto-fi-canary,intakes,"{""start_date"":""2026-08-01""}",programme,,,https://opintopolku.fi/konfo-backend/hakukohde/1.2.246.562.20.00000000000000072536,Studyinfo paateltyAlkamisajankohta.pvm=2026-08-01,studyinfo_hakukohde,GOVERNMENT,GOVERNMENT,2b2f8bc9bb7ae2ebdb215933cc66acdbda163c9b3fc2cf1d9d3fff36c5ede23b,stage1-coverage-20260916-raw-2b2f8bc9bb7ae2ebdb215933,stage1-deterministic-coverage,1
d0fa5375-aec0-55a2-ad4b-23ae41795088,Art and Design,UK,discover-uk-stage1-012,portfolio,"""plus a portfolio demonstrating artistic ability""",programme,,,https://bacoll.ac.uk/course/hnd-fine-art/,"uld hold a minimum of 80 UCAS points from A-Levels, Level 3 Diplomas or Certificates, or an Access to HE qualification; plus a portfolio demonstrating artistic ability; equivalent international qualifications will also be considered. Applications from mature students with relevant life or employment experience will also be considered individually. What will I do? Whilst studying the HND in Art and Design Level 5 you will co",official_university_page,OFFICIAL,DIRECT_OFFICIAL,ee53c877a3458d014b9c03e9c319d1dc9eb6f05243eebcf14070cbc4ef04e737,stage1-coverage-20260916-raw-ee53c877a3458d014b9c03e9,stage1-deterministic-coverage,1
7c7925d8-0ea6-5d8d-8b1c-10af69f024bb,Research Master Business Data Science,NL,erasmus-nl-canary,application_url,"""https://businessdatascience.nl""",programme,,,https://onderwijsdata.duo.nl/api/3/action/datastore_search?filters=%7B%22ONDERWIJSBESTUURID%22%3A%22107B576%22%2C%22OPLEIDINGSEENHEIDCODE%22%3A%221001O7206%22%7D&limit=1&resource_id=ffffa7ad-e6a2-4ba7-9fc2-a09df4128555,DUO RIO WEBSITE=https://businessdatascience.nl,duo_rio,GOVERNMENT,GOVERNMENT,0532f4261d02921464bbde14d1c1bb12dc7e43b7f22a00a4a06c2026b8ad0f17,stage1-coverage-20260916-raw-0532f4261d02921464bbde14,stage1-deterministic-coverage,1
de38fc20-2235-5c03-b4f0-5d3817f4abcc,Computer Science,UK,manchester-uk-canary,ielts_subscores,"{""minimum_each"":6.5,""minimum_overall"":7,""source_text"":""English Language grade B/6. GCSE/IGCSE English Literature will not be accepted in lieu of GCSE/IGCSE English Language. IELTS 7.0 overall, with no subscore below 6.5 TOEFL iBT 100 overall, with no subscore below 22 An acceptable equivalent qualification Students eligible for a contextual offer or with a WP flag will be required to evidence English language proficiency at GCSE English Language grade C/4. This concession only applies to GCSE/IGCSE. See our contextual admissions page for full details and to check your eligibility. If you need to""}",programme,,,https://www.manchester.ac.uk/study/undergraduate/courses/2026/00559/bsc-computer-science-with-industrial-experience/,"English Language grade B/6. GCSE/IGCSE English Literature will not be accepted in lieu of GCSE/IGCSE English Language. IELTS 7.0 overall, with no subscore below 6.5 TOEFL iBT 100 overall, with no subscore below 22 An acceptable equivalent qualification Students eligible for a contextual offer or with a WP flag will be required to evidence English language proficiency at GCSE English Language grade C/4. This concession only applies to GCSE/IGCSE. See our contextual admissions page for full details and to check your eligibility. If you need to",official_university_page,OFFICIAL,DIRECT_OFFICIAL,0554036670b353a8c6edf9aad668adccd20d513b5ab10300d7915ba17171b931,stage1-coverage-20260916-raw-0554036670b353a8c6edf9aa,stage1-deterministic-coverage,1
20fb556f-e752-5d5d-b1fb-b7aa65c58ea4,master mention enseignement et éducation - professorat des écoles,FR,onisep-fr-stage1-009,application_url,"""https://inspe.uca.fr/formation/master/master-ens-et-education-prof-des-ecoles-1ere-annee""",programme,,,https://api.opendata.onisep.fr/downloads/605344579a7d7/605344579a7d7.csv,Onisep AF page web: https://inspe.uca.fr/formation/master/master-ens-et-education-prof-des-ecoles-1ere-annee,onisep_higher_ed,GOVERNMENT,GOVERNMENT,bf0ff9a929fecfe1974dcc64639baec0496be306ce750ce9211f611329408104,stage1-coverage-20260916-raw-bf0ff9a929fecfe1974dcc64,stage1-deterministic-coverage,1
9abbec1d-5f50-59ea-9532-f3ed9e3aff10,Bachelor en sciences et ingenierie - genie energetique et environnement,FR,insa-lyon-fr-canary,tuition,"{""credential"":""tuition fee"",""currency"":""EUR"",""fee_period"":""programme"",""maximum_amount"":6000,""minimum_amount"":0,""source_text"":""de 0 euros jusqu'à 6000 euros en 2026 (de 0 à 6000 euros la 1re année en temps plein, tarif variable selon les revenus. Gratuit en apprentissage)""}",programme,,,https://api.opendata.onisep.fr/downloads/605344579a7d7/605344579a7d7.csv,"Onisep AF coût scolarité: de 0 euros jusqu'à 6000 euros en 2026 (de 0 à 6000 euros la 1re année en temps plein, tarif variable selon les revenus. Gratuit en apprentissage)",onisep_higher_ed,GOVERNMENT,GOVERNMENT,bf0ff9a929fecfe1974dcc64639baec0496be306ce750ce9211f611329408104,stage1-coverage-20260916-raw-bf0ff9a929fecfe1974dcc64,stage1-deterministic-coverage,1
fb4aa516-1b71-50e8-b122-746bb65175cf,BUT gestion des entreprises et des administrations parcours gestion entrepreneuriat et management d'activités,FR,onisep-fr-stage1-003,application_url,"""https://iut.univ-lyon1.fr/formation/but/gea/but-gestion-des-entreprises-et-des-administrations""",programme,,,https://api.opendata.onisep.fr/downloads/605344579a7d7/605344579a7d7.csv,Onisep AF page web: https://iut.univ-lyon1.fr/formation/but/gea/but-gestion-des-entreprises-et-des-administrations,onisep_higher_ed,GOVERNMENT,GOVERNMENT,bf0ff9a929fecfe1974dcc64639baec0496be306ce750ce9211f611329408104,stage1-coverage-20260916-raw-bf0ff9a929fecfe1974dcc64,stage1-deterministic-coverage,1
9f97224e-b2bd-5a6f-9b0e-f6a539fd3230,diplôme d'ingénieur de l'École polytechnique universitaire de l'université Côte d'Azur spécialité informatique,FR,onisep-fr-stage1-023,application_url,"""https://polytech.univ-cotedazur.fr/formations/formations-ingenieurs/ingenieur-informatique""",programme,,,https://api.opendata.onisep.fr/downloads/605344579a7d7/605344579a7d7.csv,Onisep AF page web: https://polytech.univ-cotedazur.fr/formations/formations-ingenieurs/ingenieur-informatique,onisep_higher_ed,GOVERNMENT,GOVERNMENT,bf0ff9a929fecfe1974dcc64639baec0496be306ce750ce9211f611329408104,stage1-coverage-20260916-raw-bf0ff9a929fecfe1974dcc64,stage1-deterministic-coverage,1
8eb42e1e-62a2-5044-987d-01719cd7d204,Law,UK,discover-uk-stage1-004,ielts_overall,5.5,programme,,,https://www.aru.ac.uk/study/undergraduate/law,"English is not your first language you will be expected to demonstrate a certificated level of proficiency of at least IELTS 5.5 (Academic level) or equivalent English Language qualification, as recognised by Anglia Ruskin University. Important additional notes Our published entry requirements are a guide only and our decision will be based on your overall suitability for the course as well as whether you meet the minimum entry requirements. Other equivalent qualifications may be accepted for entry to this course; please email [email protecte",official_university_page,OFFICIAL,DIRECT_OFFICIAL,6caa911e31c45c7188674f785bbf96914b01502cd3b650bd5796f957f620bcde,stage1-coverage-20260916-raw-6caa911e31c45c7188674f78,stage1-deterministic-coverage,1
4c35dae7-87c2-5354-824b-be18661a1765,BUT génie électrique et informatique industrielle parcours électricité et maîtrise de l'énergie,FR,onisep-fr-stage1-013,application_url,"""https://www.uca.fr/formation/nos-formations/par-ufr-ecoles-et-iut/iut-clermont-auvergne/but/but-genie-electrique-et-informatique-industrielle#presentation""",programme,,,https://api.opendata.onisep.fr/downloads/605344579a7d7/605344579a7d7.csv,Onisep AF page web: https://www.uca.fr/formation/nos-formations/par-ufr-ecoles-et-iut/iut-clermont-auvergne/but/but-genie-electrique-et-informatique-industrielle#presentation,onisep_higher_ed,GOVERNMENT,GOVERNMENT,bf0ff9a929fecfe1974dcc64639baec0496be306ce750ce9211f611329408104,stage1-coverage-20260916-raw-bf0ff9a929fecfe1974dcc64,stage1-deterministic-coverage,1
81f197ab-e6ea-5bdf-b4c2-eb79ba966142,"Data Science, Bachelor/MSc",FI,aalto-fi-canary,application_url,"""https://opintopolku.fi/hakemus/hakukohde/1.2.246.562.20.00000000000000072536?lang=en""",programme,,,https://opintopolku.fi/konfo-backend/hakukohde/1.2.246.562.20.00000000000000072536,Studyinfo hakulomakeLinkki.en=https://opintopolku.fi/hakemus/hakukohde/1.2.246.562.20.00000000000000072536?lang=en,studyinfo_hakukohde,GOVERNMENT,GOVERNMENT,2b2f8bc9bb7ae2ebdb215933cc66acdbda163c9b3fc2cf1d9d3fff36c5ede23b,stage1-coverage-20260916-raw-2b2f8bc9bb7ae2ebdb215933,stage1-deterministic-coverage,1
814d8802-d69b-59c9-808a-b733ffe17579,Computer Science,UK,edinburgh-uk-canary,application_url,"""https://www.ed.ac.uk/ug/G401""",programme,,,https://discoveruni.gov.uk/course-details/10007790/UTCMPSIBENGH/Full-time/,Discover Uni Course page: https://www.ed.ac.uk/ug/G401,discover_uni,GOVERNMENT,CATALOGUE_PROVIDER,5210407e2215308948acda7fa3f71ceb9eb12fd243dffa10920ab54f19594553,stage1-coverage-20260916-raw-5210407e2215308948acda7f,stage1-deterministic-coverage,1
4bc4287b-b630-55b7-bebb-1505a023ea61,"BUT techniques de commercialisation parcours marketing digital, e-business et entrepreneuriat",FR,onisep-fr-stage1-010,application_url,"""https://www.uca.fr/formation/nos-formations/par-ufr-ecoles-et-iut/iut-clermont-auvergne/but/but-techniques-de-commercialisation-moulins-1#inscriptions""",programme,,,https://api.opendata.onisep.fr/downloads/605344579a7d7/605344579a7d7.csv,Onisep AF page web: https://www.uca.fr/formation/nos-formations/par-ufr-ecoles-et-iut/iut-clermont-auvergne/but/but-techniques-de-commercialisation-moulins-1#inscriptions,onisep_higher_ed,GOVERNMENT,GOVERNMENT,bf0ff9a929fecfe1974dcc64639baec0496be306ce750ce9211f611329408104,stage1-coverage-20260916-raw-bf0ff9a929fecfe1974dcc64,stage1-deterministic-coverage,1
aab072ce-4ac6-5c86-a311-170c1ed24c00,Radiography (Diagnostic Imaging),UK,discover-uk-stage1-002,tuition,"{""academic_cycle"":""2026/27"",""amount"":17684,""audience"":""international"",""credential"":""international tuition fee"",""currency"":""GBP"",""fee_period"":""annual""}",programme,international,2026/27,https://www.hsu.ac.uk/course/bsc-hons-radiography-diagnostic-imaging/#overview,"will not be more than 5%. Tuition Fees 2026/27 UK/ROI/Channel Islands and Isle of Man students – £9,790 International – £17, 684 These fees are for the 2026/27 academic year only and may be subject to an increase in subsequent years of study. Any future increase will be in line with our Tuition Fees Policy which can be accessed on our Study Money Matters page. Additional course costs Your tuition fees will cover the cost of all mandatory elements of your course. There are additional course related costs are not included in the tuition fees. So you will need to bu",official_university_page,OFFICIAL,DIRECT_OFFICIAL,bb3a5d461ecb6f77285e3b6ebc83ef869572ced3ef381c8c6e552c972292ecd1,stage1-coverage-20260916-raw-bb3a5d461ecb6f77285e3b6e,stage1-deterministic-coverage,1
056c787b-cb1e-526e-bb3d-9a731e339a19,Data Science,UK,manchester-uk-canary,application_url,"""https://www.manchester.ac.uk/study/undergraduate/courses/2026/12952/bsc-meng-computer-science-with-an-integrated-foundation-year/""",programme,,,https://discoveruni.gov.uk/course-details/10007798/2571195/Full-time/,Discover Uni Course page: https://www.manchester.ac.uk/study/undergraduate/courses/2026/12952/bsc-meng-computer-science-with-an-integrated-foundation-year/,discover_uni,GOVERNMENT,CATALOGUE_PROVIDER,3c68a30f56a0e1b1ffc59e639a3c3f08847316fb3eeb19a3efc577b32c95ad96,stage1-coverage-20260916-raw-3c68a30f56a0e1b1ffc59e63,stage1-deterministic-coverage,1
394c7037-53ca-5124-b1cb-c347f2f3c5a9,licence mention professorat des écoles,FR,onisep-fr-stage1-009,application_url,"""https://inspe.uca.fr/formation/licences/licence-professorat-des-ecoles""",programme,,,https://api.opendata.onisep.fr/downloads/605344579a7d7/605344579a7d7.csv,Onisep AF page web: https://inspe.uca.fr/formation/licences/licence-professorat-des-ecoles,onisep_higher_ed,GOVERNMENT,GOVERNMENT,bf0ff9a929fecfe1974dcc64639baec0496be306ce750ce9211f611329408104,stage1-coverage-20260916-raw-bf0ff9a929fecfe1974dcc64,stage1-deterministic-coverage,1
150cc360-0583-5ca4-b727-85c3655122d8,Licence mention information-communication,FR,uco-nantes-fr-canary,application_url,"""http://nantes.uco.fr/fr/formations/humanites/licence-information-communication-nantes""",programme,,,https://api.opendata.onisep.fr/downloads/605344579a7d7/605344579a7d7.csv,Onisep AF page web: http://nantes.uco.fr/fr/formations/humanites/licence-information-communication-nantes,onisep_higher_ed,GOVERNMENT,GOVERNMENT,bf0ff9a929fecfe1974dcc64639baec0496be306ce750ce9211f611329408104,stage1-coverage-20260916-raw-bf0ff9a929fecfe1974dcc64,stage1-deterministic-coverage,1
c2637d16-4f58-55b5-b925-6cdc8a8590d2,Business with Management,UK,discover-uk-stage1-014,ielts_overall,6,programme,,,https://blackburn.ac.uk/find-a-course/business/business/ba-hons-business-with-management,"of English, you must demonstrate proficiency of English equivalent to B2 of the Common European Framework, specifically IELTS 6.0 (or equivalent) with no more than 2 sub scores below IELTS 5.5 (or equivalent). Applicants who do not meet the standard entry criteria but have relevant work / life experience will be considered on an individual basis and may be invited to interview. The interview will consider your prior formal qualifications, and your evidence of experience gained through employment or other verifiable source. Students will be adm",official_university_page,OFFICIAL,DIRECT_OFFICIAL,6c2996a22898ca712322c0c6a7db07a0b0e8af094d1019a39144ab643058d8f9,stage1-coverage-20260916-raw-6c2996a22898ca712322c0c6,stage1-deterministic-coverage,1
1b39fb3f-57bd-530e-b3a8-e5eb492dffd9,Master of Arts in Fine Art and Design,NL,duo-nl-stage1-007,delivery_mode,"""full-time""",programme,,,https://onderwijsdata.duo.nl/api/3/action/datastore_search?resource_id=ffffa7ad-e6a2-4ba7-9fc2-a09df4128555&limit=1&filters=%7B%22ONDERWIJSBESTUURID%22%3A%22107B454%22%2C%22OPLEIDINGSEENHEIDCODE%22%3A%221001O5500%22%7D,DUO RIO VORM=VOLTIJD,duo_rio,GOVERNMENT,GOVERNMENT,3015b8781698f5ec02d1399e0199bb8920237bef84bbb2c7978d72e0048d8851,stage1-coverage-20260916-raw-3015b8781698f5ec02d1399e,stage1-deterministic-coverage,1
8606b6c5-bf41-54d1-87f7-95596c5d82cc,Business Information Technology,FI,haaga-helia-fi-canary,intakes,"{""start_date"":""2027-01-01""}",programme,,,https://opintopolku.fi/konfo-backend/hakukohde/1.2.246.562.20.00000000000000091904,Studyinfo paateltyAlkamisajankohta.pvm=2027-01-01,studyinfo_hakukohde,GOVERNMENT,GOVERNMENT,8ac5c4ec1d1c2309b3ca1113f7181d15a1f276057fa4d739da017c4729758cb7,stage1-coverage-20260916-raw-8ac5c4ec1d1c2309b3ca1113,stage1-deterministic-coverage,1
c5b5eba6-707a-51a9-b64a-9385389c6bd7,Mathematics and Computer Science,UK,imperial-uk-canary,scholarships,"{""details"":""More information Find out more about the TMUA , including information on how to book, test fees, bursaries for UK candidates in financial need, access arrangements and how to prepare."",""funding_type"":""financial_aid_policy""}",programme,,,https://www.imperial.ac.uk/study/courses/undergraduate/mathematics-computer-science-meng/,"More information Find out more about the TMUA , including information on how to book, test fees, bursaries for UK candidates in financial need, access arrangements and how to prepare.",official_university_page,OFFICIAL,DIRECT_OFFICIAL,e0e210bec2d7ac80f4f55876571d897b1caf5cc864467210411b42183c53ee4d,stage1-coverage-20260916-raw-e0e210bec2d7ac80f4f55876,stage1-deterministic-coverage,1
3a574afc-69e2-5f98-8d89-a358555d61bb,"Theology, Ministry and Mission",UK,discover-uk-stage1-022,application_url,"""https://www.bristol-baptist.ac.uk/undergraduate/""",programme,,,https://discoveruni.gov.uk/en/course-details/10000894/DIPTMM/Full-time/,Discover Uni Course page: https://www.bristol-baptist.ac.uk/undergraduate/,discover_uni,GOVERNMENT,CATALOGUE_PROVIDER,d62b4f043ebfb19e56cd03a44f0881c10009f07acae7785335b42899c1d9cf85,stage1-coverage-20260916-raw-d62b4f043ebfb19e56cd03a4,stage1-deterministic-coverage,1
9e56967c-c215-5e0b-ba38-018d61a6a991,Computer Science,UK,edinburgh-uk-canary,required_documents,"[""academic qualifications"",""a personal statement"",""evidence of your English language skills (with relevant qualifications)"",""a reference""]",programme,,,https://study.ed.ac.uk/programmes/undergraduate/57-computer-science,"What you need to apply As part of your application, you will need: your academic qualifications a personal statement evidence of your English language skills (with relevant qualifications) a reference How we select",official_university_page,OFFICIAL,DIRECT_OFFICIAL,eb6d761196fce7920832f314f674a153671f3220fa080770fbeb7e5153c1fd63,stage1-coverage-20260916-raw-eb6d761196fce7920832f314,stage1-deterministic-coverage,1
73db1816-bfbf-5cec-b4ea-619146b93fdb,Statistics and Data Science,NL,leiden-nl-canary,work_experience,"{""details"":""DUO RIO reports GEEN_EISEN for EISEN_WERKZAAMHEDEN."",""requirement_status"":""not_required""}",programme,,,https://onderwijsdata.duo.nl/api/3/action/datastore_search?filters=%7B%22ONDERWIJSBESTUURID%22%3A%22107B578%22%2C%22OPLEIDINGSEENHEIDCODE%22%3A%221001O7137%22%7D&limit=1&resource_id=ffffa7ad-e6a2-4ba7-9fc2-a09df4128555,DUO RIO EISEN_WERKZAAMHEDEN=GEEN_EISEN,duo_rio,GOVERNMENT,GOVERNMENT,34504bb5a55a6ddb368662eca2ccdc63e269996c7ec96a21e895595a434453fe,stage1-coverage-20260916-raw-34504bb5a55a6ddb368662ec,stage1-deterministic-coverage,1
770f992a-7c1a-5b5c-82ad-f900668b7f1e,Digital Animation Design & Production,UK,discover-uk-stage1-017,application_url,"""https://aub.ac.uk/partner-institutions#tab-5048274-bournemouth-and-poole-college""",programme,,,https://discoveruni.gov.uk/en/course-details/10000820/FDDAP/Full-time/,Discover Uni Course page: https://aub.ac.uk/partner-institutions#tab-5048274-bournemouth-and-poole-college,discover_uni,GOVERNMENT,CATALOGUE_PROVIDER,685e8a735470f94658c7ec764e5747d762798b33f7c522982e6e351732b20f18,stage1-coverage-20260916-raw-685e8a735470f94658c7ec76,stage1-deterministic-coverage,1
d649d1a4-f5d6-55c4-bac1-8db8a9953756,Photography,UK,discover-uk-stage1-012,portfolio,"""plus ideally a portfolio of your previous photographic work if you have one""",programme,,,https://bacoll.ac.uk/course/hnd-photography/,"m of 80 UCAS points from A Levels, Level 3 Diplomas, a combination of Level 3 Certificates, or an Access to HE Diploma, plus ideally a portfolio of your previous photographic work if you have one. Mature students with relevant life or employment experience will also be considered. Equivalent international qualifications are considered on a case-by-case basis. What will I do? Units for Level 5 . Professional Practice (ongoing) . Applied Practice collab",official_university_page,OFFICIAL,DIRECT_OFFICIAL,fb2e023e7ecb0cf76242a4795d0115176b7e6b07ece4c2c8ef5fc0fdf94ec962,stage1-coverage-20260916-raw-fb2e023e7ecb0cf76242a479,stage1-deterministic-coverage,1
88803846-33d0-5f69-96cb-474eb2633037,"master mention monnaie, banque, finance, assurance",FR,onisep-fr-stage1-031,application_url,"""https://univ-cotedazur.fr/formation/offre-de-formation/master-monnaie-banque-finance-assurance""",programme,,,https://api.opendata.onisep.fr/downloads/605344579a7d7/605344579a7d7.csv,Onisep AF page web: https://univ-cotedazur.fr/formation/offre-de-formation/master-monnaie-banque-finance-assurance,onisep_higher_ed,GOVERNMENT,GOVERNMENT,bf0ff9a929fecfe1974dcc64639baec0496be306ce750ce9211f611329408104,stage1-coverage-20260916-raw-bf0ff9a929fecfe1974dcc64,stage1-deterministic-coverage,1
150cc360-0583-5ca4-b727-85c3655122d8,Licence mention information-communication,FR,uco-nantes-fr-canary,tuition,"{""credential"":""tuition fee"",""currency"":""EUR"",""fee_period"":""annual"",""maximum_amount"":23700,""minimum_amount"":11850,""source_text"":""de 11850 euros jusqu'à 23700 euros en 2025 (de 3950 à 7900 euros par an selon les revenus)""}",programme,,,https://api.opendata.onisep.fr/downloads/605344579a7d7/605344579a7d7.csv,Onisep AF coût scolarité: de 11850 euros jusqu'à 23700 euros en 2025 (de 3950 à 7900 euros par an selon les revenus),onisep_higher_ed,GOVERNMENT,GOVERNMENT,bf0ff9a929fecfe1974dcc64639baec0496be306ce750ce9211f611329408104,stage1-coverage-20260916-raw-bf0ff9a929fecfe1974dcc64,stage1-deterministic-coverage,1
11ff1bd2-c5f3-5999-b0c4-5f010956c67b,Master mention informatique,FR,centrale-lyon-fr-canary,application_url,"""https://www.ec-lyon.fr/formation/master-2-informatique""",programme,,,https://api.opendata.onisep.fr/downloads/605344579a7d7/605344579a7d7.csv,Onisep AF page web: https://www.ec-lyon.fr/formation/master-2-informatique,onisep_higher_ed,GOVERNMENT,GOVERNMENT,bf0ff9a929fecfe1974dcc64639baec0496be306ce750ce9211f611329408104,stage1-coverage-20260916-raw-bf0ff9a929fecfe1974dcc64,stage1-deterministic-coverage,1
df53e148-1899-5eb0-b91b-2abd84256559,Computer Science,UK,bristol-uk-canary,tuition,"{""amount"":33400,""audience"":""international"",""credential"":""international tuition fee"",""currency"":""GBP"",""fee_period"":""annual""}",programme,international,,https://www.bristol.ac.uk/study/undergraduate/2026/computer-science/bsc-computer-science/,"ethod UCAS (Code: G400 ) Location Clifton campus Fees Home students, £9,790 for the first year. International students, £33,400 for the first year. Fees are subject to annual review and are liable to rise each year. Home fees will be set in line with UK government policy and updated as per their guidance, while international fees increase annually in line with expected inflation rises. Find full information about tuition fees, living costs and financial support . Course structure Full details about the course structure and units for this course can be viewed in",official_university_page,OFFICIAL,DIRECT_OFFICIAL,f2d5e25a77d7aef16d0076b6e90e3415d9a12fe60b3f7344b7ffd581caad2326,stage1-coverage-20260916-raw-f2d5e25a77d7aef16d0076b6,stage1-deterministic-coverage,1
9abbec1d-5f50-59ea-9532-f3ed9e3aff10,Bachelor en sciences et ingenierie - genie energetique et environnement,FR,insa-lyon-fr-canary,application_url,"""https://www.insa-lyon.fr/fr/formation/bachelor-specialite-infrastructures-reseaux-electriques""",programme,,,https://api.opendata.onisep.fr/downloads/605344579a7d7/605344579a7d7.csv,Onisep AF page web: https://www.insa-lyon.fr/fr/formation/bachelor-specialite-infrastructures-reseaux-electriques,onisep_higher_ed,GOVERNMENT,GOVERNMENT,bf0ff9a929fecfe1974dcc64639baec0496be306ce750ce9211f611329408104,stage1-coverage-20260916-raw-bf0ff9a929fecfe1974dcc64,stage1-deterministic-coverage,1
8fdc5c4f-eace-5dd7-a0a2-85c3d9aeb144,BUT techniques de commercialisation parcours business international : achat et vente,FR,onisep-fr-stage1-010,application_url,"""https://www.uca.fr/formation/nos-formations/par-ufr-ecoles-et-iut/iut-clermont-auvergne/but/but-techniques-de-commercialisation-moulins-1#inscriptions""",programme,,,https://api.opendata.onisep.fr/downloads/605344579a7d7/605344579a7d7.csv,Onisep AF page web: https://www.uca.fr/formation/nos-formations/par-ufr-ecoles-et-iut/iut-clermont-auvergne/but/but-techniques-de-commercialisation-moulins-1#inscriptions,onisep_higher_ed,GOVERNMENT,GOVERNMENT,bf0ff9a929fecfe1974dcc64639baec0496be306ce750ce9211f611329408104,stage1-coverage-20260916-raw-bf0ff9a929fecfe1974dcc64,stage1-deterministic-coverage,1
f93efbac-69e9-53de-a54d-c1768805685c,Applied Animal Behaviour and Training,UK,discover-uk-stage1-013,application_url,"""https://www.bishopburton.ac.uk/university-centre/study/view-all-courses/bsc-hons-applied-animal-behaviour-and-training""",programme,,,https://discoveruni.gov.uk/en/course-details/10000721/BScAABT/Full-time/,Discover Uni Course page: https://www.bishopburton.ac.uk/university-centre/study/view-all-courses/bsc-hons-applied-animal-behaviour-and-training,discover_uni,GOVERNMENT,CATALOGUE_PROVIDER,6d1d66031668c622b550187b9fe9a01fc829e86c25fc423cdd5e07bbc99f271e,stage1-coverage-20260916-raw-6d1d66031668c622b550187b,stage1-deterministic-coverage,1
9436b038-a11f-554e-bf0b-894432db7716,Fine Art,UK,discover-uk-stage1-004,intakes,"{""source_label"":""Start date"",""start_dates"":[""2026-09-01""]}",programme,,,https://www.aru.ac.uk/study/undergraduate/fine-art,nts Fees and funding Apply Apply online now Come to an Open Day BA (Hons) With placement With foundation year BA (Hons) Start date September 2026 Location Cambridge UCAS course code W105 Duration 3 years With placement Start date September 2026 Location Cambridge UCAS course code W107 Duration 4 years with placement With foundation year Start date September 2026 Location Cambridge UCAS course code W106 Duration 4 years with foundation 98% for “Learning resources” in the National Student Survey 2026. Source: NSS 2026 Experiment with you,official_university_page,OFFICIAL,DIRECT_OFFICIAL,775862b3c2d6d6f73bd8f7a9e7234c94c55c627f8a49b876f42af10dabd5753b,stage1-coverage-20260916-raw-775862b3c2d6d6f73bd8f7a9,stage1-deterministic-coverage,1
0bdcd270-f39d-573a-9d65-19d757eefc98,BUT gestion des entreprises et des administrations parcours gestion entrepreneuriat et management d'activités,FR,onisep-fr-stage1-016,application_url,"""https://iut.univ-amu.fr/fr/formations/bachelor-universitaire-de-technologie/but-gestion-entreprises-administrations/but-gea-gap""",programme,,,https://api.opendata.onisep.fr/downloads/605344579a7d7/605344579a7d7.csv,Onisep AF page web: https://iut.univ-amu.fr/fr/formations/bachelor-universitaire-de-technologie/but-gestion-entreprises-administrations/but-gea-gap,onisep_higher_ed,GOVERNMENT,GOVERNMENT,bf0ff9a929fecfe1974dcc64639baec0496be306ce750ce9211f611329408104,stage1-coverage-20260916-raw-bf0ff9a929fecfe1974dcc64,stage1-deterministic-coverage,1
f7fd244f-c807-5a05-82dc-58c2e0df2804,Cultuurwetenschappen,NL,uva-nl-canary,work_experience,"{""details"":""DUO RIO reports GEEN_EISEN for EISEN_WERKZAAMHEDEN."",""requirement_status"":""not_required""}",programme,,,https://onderwijsdata.duo.nl/api/3/action/datastore_search?filters=%7B%22ONDERWIJSBESTUURID%22%3A%22107B473%22%2C%22OPLEIDINGSEENHEIDCODE%22%3A%221001O5623%22%7D&limit=1&resource_id=ffffa7ad-e6a2-4ba7-9fc2-a09df4128555,DUO RIO EISEN_WERKZAAMHEDEN=GEEN_EISEN,duo_rio,GOVERNMENT,GOVERNMENT,9373cd7d5e5d3f8f70ea5545060186bf8ce295f858c233730141cd698e34928f,stage1-coverage-20260916-raw-9373cd7d5e5d3f8f70ea5545,stage1-deterministic-coverage,1
339349f1-ea76-5178-8eb9-8401fbcf9143,Engineering (Robotics and Automation Engineering),UK,discover-uk-stage1-015,application_url,"""https://www.blackpool.ac.uk/course/ET1HE601""",programme,,,https://discoveruni.gov.uk/en/course-details/10000754/ET1HE601/Full-time/,Discover Uni Course page: https://www.blackpool.ac.uk/course/ET1HE601,discover_uni,GOVERNMENT,CATALOGUE_PROVIDER,361050e4fe753a09e388d30fcac4d1c3f406a859ee6de8d0e9cfd46cda3420a9,stage1-coverage-20260916-raw-361050e4fe753a09e388d30f,stage1-deterministic-coverage,1
1d0f054d-8868-5c6e-bc0c-5286c035f206,master mention méthodes informatiques appliquées à la gestion des entreprises,FR,onisep-fr-stage1-030,application_url,"""https://univ-cotedazur.fr/formation/offre-de-formation/master-methodes-informatiques-appliquees-a-la-gestion-des-entreprises""",programme,,,https://api.opendata.onisep.fr/downloads/605344579a7d7/605344579a7d7.csv,Onisep AF page web: https://univ-cotedazur.fr/formation/offre-de-formation/master-methodes-informatiques-appliquees-a-la-gestion-des-entreprises,onisep_higher_ed,GOVERNMENT,GOVERNMENT,bf0ff9a929fecfe1974dcc64639baec0496be306ce750ce9211f611329408104,stage1-coverage-20260916-raw-bf0ff9a929fecfe1974dcc64,stage1-deterministic-coverage,1
6ed310cc-38b0-5e8f-992a-1d7ebe481f14,Sustainability Transitions (joint degree),NL,duo-nl-stage1-013,delivery_mode,"""full-time""",programme,,,https://onderwijsdata.duo.nl/api/3/action/datastore_search?resource_id=ffffa7ad-e6a2-4ba7-9fc2-a09df4128555&limit=1&filters=%7B%22ONDERWIJSBESTUURID%22%3A%22107B477%22%2C%22OPLEIDINGSEENHEIDCODE%22%3A%221016O4303%22%7D,DUO RIO VORM=VOLTIJD,duo_rio,GOVERNMENT,GOVERNMENT,505ae4b4ed1cb9228db827dfee51a90eb938c07df3933da6e572bbc3603686ae,stage1-coverage-20260916-raw-505ae4b4ed1cb9228db827df,stage1-deterministic-coverage,1
69dddfc8-ee52-57d9-8887-28139c2275d6,Computer Science,UK,kings-uk-canary,intakes,"{""source_label"":""Start date"",""start_dates"":[""2027-09-01""]}",programme,,,https://www.kcl.ac.uk/study/undergraduate/courses/computer-science-bsc,"nours Delivery mode: In person Study mode: Full-time Required A-Levels: A*A*A Duration: Three years Application status: Start date: September 2027 Application deadline: Key Links How to apply Register your interest Chat to a student Order a prospectus Taught in Department of Informatics Faculty of Natural, Mathematical & Engineering Sciences Administrative bodies Course accreditation Reviewed, inspected and accredited by the BCS Awarding body King's College London and Affiliates Regulating body Base campuses Strand Campus Strand Campus",official_university_page,OFFICIAL,DIRECT_OFFICIAL,b0a3e6419e596112913a30f4e0571449880faaf71c77261a6c3c55b87fc82aab,stage1-coverage-20260916-raw-b0a3e6419e596112913a30f4,stage1-deterministic-coverage,1
45389133-b30b-5620-a1f1-132881ea6575,Data Science,UK,bristol-uk-canary,tuition,"{""amount"":33400,""audience"":""international"",""credential"":""international tuition fee"",""currency"":""GBP"",""fee_period"":""annual""}",programme,international,,https://www.bristol.ac.uk/study/undergraduate/2026/computer-science/meng-computer-science/,"ethod UCAS (Code: G403 ) Location Clifton campus Fees Home students, £9,790 for the first year. International students, £33,400 for the first year. Fees are subject to annual review and are liable to rise each year. Home fees will be set in line with UK government policy and updated as per their guidance, while international fees increase annually in line with expected inflation rises. Find full information about tuition fees, living costs and financial support . Course structure Full details about the course structure and units for this course can be viewed in",official_university_page,OFFICIAL,DIRECT_OFFICIAL,aea80e62c18d0e1e5663be85a3a582ef905f6d9f9cdcb882955c31712f9439d4,stage1-coverage-20260916-raw-aea80e62c18d0e1e5663be85,stage1-deterministic-coverage,1
203e027d-3bf3-57ca-9bf7-6bcaf82a909a,Computer Science,UK,nottingham-uk-canary,ielts_overall,6.5,programme,,,https://www.nottingham.ac.uk/studywithus/ugstudy/courses/UG/Computer-Science-MSci-Hons.html,"ur offer. * Additional eligibility requirements apply. View further details on this scheme . IELTS/English requirements IELTS 6.5 (no less than 6.0 in any element) English language requirements As well as IELTS (listed above), we also accept other English language qualifications. This includes TOEFL iBT, Pearson PTE, GCSE, IB and O level English. Check our English language policies and equivalencies for further details. For pre-sessional English, or one-year foundation courses, you must take a Secure English Language Test (SELT) that is recogn",official_university_page,OFFICIAL,DIRECT_OFFICIAL,cddd3c4e76f96b643a9d66a9930cc6ce99886c8d39e7f851dbf988e6713d9f7f,stage1-coverage-20260916-raw-cddd3c4e76f96b643a9d66a9,stage1-deterministic-coverage,1
5f7e4503-b034-5260-913a-5110ed0982b6,Acting for Stage and Screen,UK,discover-uk-stage1-025,application_url,"""https://www.bnu.ac.uk/courses/undergraduate/ba-hons-acting-stage-and-screen""",programme,,,https://discoveruni.gov.uk/en/course-details/10000975/KBAACSSFTACT1/Full-time/,Discover Uni Course page: https://www.bnu.ac.uk/courses/undergraduate/ba-hons-acting-stage-and-screen,discover_uni,GOVERNMENT,CATALOGUE_PROVIDER,e3b0c44298fc1c149afbf4c8996fb92427ae41e4649b934ca495991b7852b855,stage1-coverage-20260916-raw-e3b0c44298fc1c149afbf4c8,stage1-deterministic-coverage,1
99b99133-5159-5038-b8d9-e413a69b1b20,master mention sciences sociales,FR,onisep-fr-stage1-034,application_url,"""https://univ-cotedazur.fr/servlet/com.jsbsoft.jtf.core.SG?%23ECRAN_LOGIQUE%23=RECHERCHE&PROC=RECHERCHE&ACTION=VALIDER&RH=1595659207794&OBJET=FORMATION&LANGUE=0&FORMATION_INITIALE=&REPRISE_ETUDES=&PARTIELLEMENT_DISTANCE=&TOTALEMENT_DISTANCE=&ALTERNANCE=&LIBELLE=&GRADE=0000&TYPE_DIPLOME=MASTER&FORMATION=0000&MODALITE=ALTERNANCE&DOMAINE_LMD=0000""",programme,,,https://api.opendata.onisep.fr/downloads/605344579a7d7/605344579a7d7.csv,Onisep AF page web: https://univ-cotedazur.fr/servlet/com.jsbsoft.jtf.core.SG?%23ECRAN_LOGIQUE%23=RECHERCHE&PROC=RECHERCHE&ACTION=VALIDER&RH=1595659207794&OBJET=FORMATION&LANGUE=0&FORMATION_INITIALE=&REPRISE_ETUDES=&PARTIELLEMENT_DISTANCE=&TOTALEMENT_DISTANCE=&ALTERNANCE=&LIBELLE=&GRADE=0000&TYPE_DIPLOME=MASTER&FORMATION=0000&MODALITE=ALTERNANCE&DOMAINE_LMD=0000,onisep_higher_ed,GOVERNMENT,GOVERNMENT,bf0ff9a929fecfe1974dcc64639baec0496be306ce750ce9211f611329408104,stage1-coverage-20260916-raw-bf0ff9a929fecfe1974dcc64,stage1-deterministic-coverage,1
df53e148-1899-5eb0-b91b-2abd84256559,Computer Science,UK,bristol-uk-canary,ielts_subscores,"{""minimum_each"":6,""minimum_overall"":6.5,""source_text"":""levels . English language requirements If English is not your first language, you need to have one of the following: • IELTS 6.5 overall with 6.0 in all skills • GCSE English Language grade C or 4 • an alternative qualification outlined in our Profile level E. Further information about English language requirements and profile levels Related courses See a list of all Computer Science degrees at Bristol, and find more information about the course, assessment and career prospects. MEng Computer Science MEng Computer Science with Innovation MEng""}",programme,,,https://www.bristol.ac.uk/study/undergraduate/2026/computer-science/bsc-computer-science/,"levels . English language requirements If English is not your first language, you need to have one of the following: • IELTS 6.5 overall with 6.0 in all skills • GCSE English Language grade C or 4 • an alternative qualification outlined in our Profile level E. Further information about English language requirements and profile levels Related courses See a list of all Computer Science degrees at Bristol, and find more information about the course, assessment and career prospects. MEng Computer Science MEng Computer Science with Innovation MEng",official_university_page,OFFICIAL,DIRECT_OFFICIAL,f2d5e25a77d7aef16d0076b6e90e3415d9a12fe60b3f7344b7ffd581caad2326,stage1-coverage-20260916-raw-f2d5e25a77d7aef16d0076b6,stage1-deterministic-coverage,1
7b6753ca-2400-51f3-b391-925e7ef33827,master mention gestion de l'environnement,FR,onisep-fr-stage1-037,application_url,"""https://univ-cotedazur.fr/formation/offre-de-formation/master-gestion-de-lenvironnement#parcours""",programme,,,https://api.opendata.onisep.fr/downloads/605344579a7d7/605344579a7d7.csv,Onisep AF page web: https://univ-cotedazur.fr/formation/offre-de-formation/master-gestion-de-lenvironnement#parcours,onisep_higher_ed,GOVERNMENT,GOVERNMENT,bf0ff9a929fecfe1974dcc64639baec0496be306ce750ce9211f611329408104,stage1-coverage-20260916-raw-bf0ff9a929fecfe1974dcc64,stage1-deterministic-coverage,1
c2637d16-4f58-55b5-b925-6cdc8a8590d2,Business with Management,UK,discover-uk-stage1-014,intakes,"{""source_label"":""Start date"",""start_dates"":[""2026-08-01""]}",programme,,,https://blackburn.ac.uk/find-a-course/business/business/ba-hons-business-with-management,y Centre at Blackburn College Validated by: Lancaster University UCAS code N101 Age 18+ Adult 19+ Course code BS3026A26 Start date AUGUST 2026 Apply for this course Entry Requirements Minimum of 80 UCAS points Study Mode Full time Duration Full time: 3 years Timetable Various Key Features & Benefits Validated by UK Top 15 Lancaster University Study in our dedicated University Centre Benefit from smaller class sizes *Subject to revalidation Overview The BA (Hons) Business with Management route does not focus on one narrow area of a busi,official_university_page,OFFICIAL,DIRECT_OFFICIAL,6c2996a22898ca712322c0c6a7db07a0b0e8af094d1019a39144ab643058d8f9,stage1-coverage-20260916-raw-6c2996a22898ca712322c0c6,stage1-deterministic-coverage,1
9e56967c-c215-5e0b-ba38-018d61a6a991,Computer Science,UK,edinburgh-uk-canary,recommendation_letters,"""Reference""",programme,,,https://study.ed.ac.uk/programmes/undergraduate/57-computer-science,"What you need to apply As part of your application, you will need: your academic qualifications a personal statement evidence of your English language skills (with relevant qualifications) a reference How we select",official_university_page,OFFICIAL,DIRECT_OFFICIAL,eb6d761196fce7920832f314f674a153671f3220fa080770fbeb7e5153c1fd63,stage1-coverage-20260916-raw-eb6d761196fce7920832f314,stage1-deterministic-coverage,1
0c35c3a5-02ff-5de8-820a-f2ee8108e32e,Film & Television,UK,discover-uk-stage1-016,tuition,"{""amount"":7100,""credential"":""tuition fee"",""currency"":""GBP"",""fee_period"":""annual""}",programme,,,https://www.boston.ac.uk/find-a-course/view-all-courses/film-and-television-hnd-level-5,us approximately 24 hours of independent study per week. Fees and Funding The Film and Television HND Level 5 will cost £7100 per year. You can apply for a student loan to cover the costs of course fees. You may also be able to apply for various grants and loans to support your learning. Specific advice regarding student loans and other benefits can be obtained from www.gov.uk/student-finance . Disabled Students' Allowance (DSA) If you’re studying a Higher Education course you may be eligible for Disabled Students’ Allowance (DSA). DSA supports students with l,official_university_page,OFFICIAL,DIRECT_OFFICIAL,bc049d80cf90369244d734ef8a5e02945d4f9d65a96b99a8b14af86b24864b17,stage1-coverage-20260916-raw-bc049d80cf90369244d734ef,stage1-deterministic-coverage,1
e21a74fb-4986-5481-9095-01428fac91ef,Computer Science,UK,nottingham-uk-canary,intakes,"{""source_label"":""Start date"",""start_dates"":[""2027-09-01""]}",programme,,,https://www.nottingham.ac.uk/studywithus/ugstudy/courses/UG/Computer-Science-BSc-Hons.html,"ents 36 points overall Fees £10,050 per year £33,500 per year Duration 3 years full-time Location Jubilee Campus Select start date September 2027 Other start dates available, currently selected start date is Select start date International student How to apply Book an open day International student Course overview At Nottingham, we teach computer science from the ground up, ensuring you cover everything you need to know about the core foundations of the field. From day one, you’ll get involved in practical problem-solving experiences,",official_university_page,OFFICIAL,DIRECT_OFFICIAL,2480b70f4c200ca950cdc5da258e33cd8946ecb66b76b35fb783b23c2863a4e5,stage1-coverage-20260916-raw-2480b70f4c200ca950cdc5da,stage1-deterministic-coverage,1
9aa11c3a-96bc-55a3-b8c1-f7ff409776c5,master mention sciences et techniques des activités physiques et sportives  : activité physique adaptée et santé,FR,onisep-fr-stage1-032,application_url,"""https://univ-cotedazur.fr/formation/offre-de-formation/master-activite-physique-adaptee-et-sante""",programme,,,https://api.opendata.onisep.fr/downloads/605344579a7d7/605344579a7d7.csv,Onisep AF page web: https://univ-cotedazur.fr/formation/offre-de-formation/master-activite-physique-adaptee-et-sante,onisep_higher_ed,GOVERNMENT,GOVERNMENT,bf0ff9a929fecfe1974dcc64639baec0496be306ce750ce9211f611329408104,stage1-coverage-20260916-raw-bf0ff9a929fecfe1974dcc64,stage1-deterministic-coverage,1
69dddfc8-ee52-57d9-8887-28139c2275d6,Computer Science,UK,kings-uk-canary,application_url,"""https://www.kcl.ac.uk/study/undergraduate/courses/computer-science-bsc""",programme,,,https://discoveruni.gov.uk/course-details/10003645/UBSH3CSCS/Full-time/,Discover Uni Course page: https://www.kcl.ac.uk/study/undergraduate/courses/computer-science-bsc,discover_uni,GOVERNMENT,CATALOGUE_PROVIDER,e1bfe917f6a0c2cd2dfe213fdd0fc6681bf9bde6b2aba9e65d1ef99fe7123d29,stage1-coverage-20260916-raw-e1bfe917f6a0c2cd2dfe213f,stage1-deterministic-coverage,1
7dca1beb-82e4-515a-a5f8-8dae2a29f84d,Acting with Foundation Year at Boomsatsuma,UK,discover-uk-stage1-010,application_url,"""http://www.bathspa.ac.uk/courses/ug-acting/""",programme,,,https://discoveruni.gov.uk/en/course-details/10000571/BAACTFYBMACTFYBM/Full-time/,Discover Uni Course page: http://www.bathspa.ac.uk/courses/ug-acting/,discover_uni,GOVERNMENT,CATALOGUE_PROVIDER,40f83f5afd7591e4f731466df306203acb3691a148b9bda0ca1e6eb49d59643d,stage1-coverage-20260916-raw-40f83f5afd7591e4f731466d,stage1-deterministic-coverage,1
5f95f3f8-7afc-52a6-ba5b-e4f49c98267b,"Makeup Artistry, Prosthetic FX and Wig Making",UK,discover-uk-stage1-020,application_url,"""https://www.somerset.ac.uk/courses/media-make-up-foundation-degree.html""",programme,,,https://discoveruni.gov.uk/en/course-details/10000878/00245990-fdeg-media-make-FT/Full-time/,Discover Uni Course page: https://www.somerset.ac.uk/courses/media-make-up-foundation-degree.html,discover_uni,GOVERNMENT,CATALOGUE_PROVIDER,1f7d66645449da55cd438efea981b63a0b9407c5d849986d525d4b5977561f5c,stage1-coverage-20260916-raw-1f7d66645449da55cd438efe,stage1-deterministic-coverage,1
9e56967c-c215-5e0b-ba38-018d61a6a991,Computer Science,UK,edinburgh-uk-canary,scholarships,"{""details"":""Living costs: estimates explained Scholarships and funding Funding information You can find detailed information on financial support available, based on where you are living, in our funding section."",""funding_type"":""financial_aid_policy""}",programme,,,https://study.ed.ac.uk/programmes/undergraduate/57-computer-science,"Living costs: estimates explained Scholarships and funding Funding information You can find detailed information on financial support available, based on where you are living, in our funding section.",official_university_page,OFFICIAL,DIRECT_OFFICIAL,eb6d761196fce7920832f314f674a153671f3220fa080770fbeb7e5153c1fd63,stage1-coverage-20260916-raw-eb6d761196fce7920832f314,stage1-deterministic-coverage,1
7dca1beb-82e4-515a-a5f8-8dae2a29f84d,Acting with Foundation Year at Boomsatsuma,UK,discover-uk-stage1-010,tuition,"{""academic_cycle"":""2027"",""amount"":19505,""audience"":""international"",""credential"":""international tuition fee"",""currency"":""GBP"",""fee_period"":""annual""}",programme,international,2027,https://www.bathspa.ac.uk:443/courses/ug-acting/,"and bursaries . 2027 entry Student Annual tuition fee UK full time £10,050 UK part time £5,025 International full time £19,505 Professional Placement Year During the placement year, the fee is reduced to 20% of the full time fee . This applies to UK and EU/International students. UK: £2,010 International: £3,901 International fee information Our fees for international students are organised into bands. For more information, please consult the tables on the international student fees webpage . Additional course costs You may need to pay additional course costs o",official_university_page,OFFICIAL,DIRECT_OFFICIAL,8ab2a166886cc577673ec06beb5e3453367b519831a94afecd63fa89e7db505b,stage1-coverage-20260916-raw-8ab2a166886cc577673ec06b,stage1-deterministic-coverage,1
b2e631c1-b970-54ea-be38-4a8e3378752a,BUT réseaux et télécommunications parcours internet des objets et mobilité,FR,onisep-fr-stage1-020,application_url,"""https://iut.univ-cotedazur.fr/departements-et-formations/reseaux-et-telecommunications/bachelor-universitaire-de-technologie""",programme,,,https://api.opendata.onisep.fr/downloads/605344579a7d7/605344579a7d7.csv,Onisep AF page web: https://iut.univ-cotedazur.fr/departements-et-formations/reseaux-et-telecommunications/bachelor-universitaire-de-technologie,onisep_higher_ed,GOVERNMENT,GOVERNMENT,bf0ff9a929fecfe1974dcc64639baec0496be306ce750ce9211f611329408104,stage1-coverage-20260916-raw-bf0ff9a929fecfe1974dcc64,stage1-deterministic-coverage,1
f9bd9d5d-8227-5b66-b4a7-9869b90d9d7c,master mention génie des procédés et des bio-procédés,FR,onisep-fr-stage1-003,application_url,"""https://offre-de-formations.univ-lyon1.fr/parcours-348/genie-des-procedes-alimentaires.html""",programme,,,https://api.opendata.onisep.fr/downloads/605344579a7d7/605344579a7d7.csv,Onisep AF page web: https://offre-de-formations.univ-lyon1.fr/parcours-348/genie-des-procedes-alimentaires.html,onisep_higher_ed,GOVERNMENT,GOVERNMENT,bf0ff9a929fecfe1974dcc64639baec0496be306ce750ce9211f611329408104,stage1-coverage-20260916-raw-bf0ff9a929fecfe1974dcc64,stage1-deterministic-coverage,1
ee43edae-4df6-560b-b1fb-fe25f1cc0350,International Business,FI,haaga-helia-fi-canary,programme_language,"""English""",programme,,,https://opintopolku.fi/konfo-backend/valintaperuste/88fc8a7e-9804-478d-bf45-18af037bf8e7,"Master of Business Administration, in Finnish Tradenomi (ylempi AMK) Extent: 90 credit points (ECTS)</li><li value=""3"">Language: English</li><li value=""4"">Study method: Virtual teaching</li><li value=""5"">Tuition fee: <strong>for non EU, EEA or Switzerland citizens</strong> 12,000 EUR per academic year</li><li value=""6"">Intake: 20 (4 with GMAT or GRE test and 16 with entrance e",studyinfo_valintaperuste,GOVERNMENT,GOVERNMENT,ae33ef1355037be951d7ab890b61d7c18702132bf67683e3f708f3b97f73460f,stage1-coverage-20260916-raw-ae33ef1355037be951d7ab89,stage1-deterministic-coverage,1
799e0634-fecf-5059-8a0b-3f628d588a9c,BUT techniques de commercialisation parcours business international : achat et vente,FR,onisep-fr-stage1-007,application_url,"""https://www.u-picardie.fr/formation/catalogue/but-techniques-commercialisation-laon""",programme,,,https://api.opendata.onisep.fr/downloads/605344579a7d7/605344579a7d7.csv,Onisep AF page web: https://www.u-picardie.fr/formation/catalogue/but-techniques-commercialisation-laon,onisep_higher_ed,GOVERNMENT,GOVERNMENT,bf0ff9a929fecfe1974dcc64639baec0496be306ce750ce9211f611329408104,stage1-coverage-20260916-raw-bf0ff9a929fecfe1974dcc64,stage1-deterministic-coverage,1
1494bc65-9315-5198-a797-81202c1520c0,Acting for Screen,UK,discover-uk-stage1-006,application_url,"""http://aub.ac.uk/courses/ba/ba-acting""",programme,,,https://discoveruni.gov.uk/en/course-details/10000385/BAACTF/Full-time/,Discover Uni Course page: http://aub.ac.uk/courses/ba/ba-acting,discover_uni,GOVERNMENT,CATALOGUE_PROVIDER,d37900ca403af7d8e26e1af3c726fbf8f94b9251751cf1fe65c38e646d2acea3,stage1-coverage-20260916-raw-d37900ca403af7d8e26e1af3,stage1-deterministic-coverage,1
87ff2832-35fa-524a-9ae3-c8b7aeabad3b,Business and Management Practice,UK,discover-uk-stage1-001,application_url,"""https://www.brookes.ac.uk/courses/undergraduate/business-and-management-practice-fda""",programme,,,https://discoveruni.gov.uk/en/course-details/10000055/FDA-BMP/Full-time/,Discover Uni Course page: https://www.brookes.ac.uk/courses/undergraduate/business-and-management-practice-fda,discover_uni,GOVERNMENT,CATALOGUE_PROVIDER,262a127471c72d5884047ce29ed6c56b7d394c21b01acef587b76271f46484be,stage1-coverage-20260916-raw-262a127471c72d5884047ce2,stage1-deterministic-coverage,1
9e56967c-c215-5e0b-ba38-018d61a6a991,Computer Science,UK,edinburgh-uk-canary,sop_essay_requirements,"""Personal statement""",programme,,,https://study.ed.ac.uk/programmes/undergraduate/57-computer-science,"What you need to apply As part of your application, you will need: your academic qualifications a personal statement evidence of your English language skills (with relevant qualifications) a reference How we select",official_university_page,OFFICIAL,DIRECT_OFFICIAL,eb6d761196fce7920832f314f674a153671f3220fa080770fbeb7e5153c1fd63,stage1-coverage-20260916-raw-eb6d761196fce7920832f314,stage1-deterministic-coverage,1
8322e08f-eb1d-50a8-bd91-33371fb57645,Mathematics and Computer Science,UK,imperial-uk-canary,tuition,"{""academic_cycle"":""2027"",""amount"":45500,""audience"":""international"",""credential"":""international tuition fee"",""currency"":""GBP"",""fee_period"":""annual""}",programme,international,2027,https://www.imperial.ac.uk/study/courses/undergraduate/mathematics-computer-science-beng/,"n more about additional costs Overseas fee Overseas fee 2027 entry Not set As a guide, the Overseas fee for 2026-27 was £45,500. Which fee you pay Whether you pay the Home or Overseas fee depends on your fee status. This is assessed based on UK Government legislation and includes things like where you live and your nationality or residency status. Find out how we assess your fee status . Extra costs You might need to budget for additional costs related to your course that aren't covered by your tuition fees – like field trips, books and protective clothing. Our",official_university_page,OFFICIAL,DIRECT_OFFICIAL,24389a960e7703c91597ee925c0b8fb35988772e588886a037c50c1b53714cd5,stage1-coverage-20260916-raw-24389a960e7703c91597ee92,stage1-deterministic-coverage,1
28ee7709-d09b-5231-8e41-461663619e85,Business Management with Entrepreneurship,UK,discover-uk-stage1-021,application_url,"""https://www.brighton.ac.uk/courses/study/business-management-with-entrepreneurship-bsc-hons.aspx""",programme,,,https://discoveruni.gov.uk/en/course-details/10000886/BUEG001MUU/Full-time/,Discover Uni Course page: https://www.brighton.ac.uk/courses/study/business-management-with-entrepreneurship-bsc-hons.aspx,discover_uni,GOVERNMENT,CATALOGUE_PROVIDER,d2886b3cd42facf0b79155880da724196eac86c49ccaef44d704bbb870fa6693,stage1-coverage-20260916-raw-d2886b3cd42facf0b7915588,stage1-deterministic-coverage,1
bfc45f5d-0a97-5713-983e-d41f43e9de06,Licence mention science politique,FR,uco-nantes-fr-canary,application_url,"""https://nantes.uco.fr/fr/formations/droit-economie-gestion/licence-science-politique-nantes""",programme,,,https://api.opendata.onisep.fr/downloads/605344579a7d7/605344579a7d7.csv,Onisep AF page web: https://nantes.uco.fr/fr/formations/droit-economie-gestion/licence-science-politique-nantes,onisep_higher_ed,GOVERNMENT,GOVERNMENT,bf0ff9a929fecfe1974dcc64639baec0496be306ce750ce9211f611329408104,stage1-coverage-20260916-raw-bf0ff9a929fecfe1974dcc64,stage1-deterministic-coverage,1
45d0488c-fd77-5761-bf4b-e68dc9328b6f,Computer Science (3 or 4 years),UK,oxford-uk-canary,application_url,"""https://www.ox.ac.uk/admissions/undergraduate/courses/course-listing/computer-science""",programme,,,https://discoveruni.gov.uk/course-details/10007774/G400/Full-time/,Discover Uni Course page: https://www.ox.ac.uk/admissions/undergraduate/courses/course-listing/computer-science,discover_uni,GOVERNMENT,CATALOGUE_PROVIDER,ae0b26c68939e8214056c2517af3b5091f1c674c8aef5f1e1fbab7804a78829b,stage1-coverage-20260916-raw-ae0b26c68939e8214056c251,stage1-deterministic-coverage,1
626e1529-04bc-5ccd-be3e-78268b0a4e35,Business and Consumer Studies,NL,wageningen-nl-canary,work_experience,"{""details"":""DUO RIO reports GEEN_EISEN for EISEN_WERKZAAMHEDEN."",""requirement_status"":""not_required""}",programme,,,https://onderwijsdata.duo.nl/api/3/action/datastore_search?filters=%7B%22ONDERWIJSBESTUURID%22%3A%22107B451%22%2C%22OPLEIDINGSEENHEIDCODE%22%3A%221001O6086%22%7D&limit=1&resource_id=ffffa7ad-e6a2-4ba7-9fc2-a09df4128555,DUO RIO EISEN_WERKZAAMHEDEN=GEEN_EISEN,duo_rio,GOVERNMENT,GOVERNMENT,eef6aa9bb980df24867a56168782cc9c890fbd6402dc2fcd59b8049b65039f21,stage1-coverage-20260916-raw-eef6aa9bb980df24867a5616,stage1-deterministic-coverage,1
f274a2a7-1552-584b-979f-0a0a65b34fc1,Musical Theatre,UK,discover-uk-stage1-005,application_url,"""https://artsed.co.uk/course/undergraduate/undergraduate-musical-theatre/?course-guide""",programme,,,https://discoveruni.gov.uk/en/course-details/10000381/BAMT/Full-time/,Discover Uni Course page: https://artsed.co.uk/course/undergraduate/undergraduate-musical-theatre/?course-guide,discover_uni,GOVERNMENT,CATALOGUE_PROVIDER,c716b8f66b309c727b5f6f19501f64f380474227ca898740ecf1ca05c8e0fe5d,stage1-coverage-20260916-raw-c716b8f66b309c727b5f6f19,stage1-deterministic-coverage,1
28ee7709-d09b-5231-8e41-461663619e85,Business Management with Entrepreneurship,UK,discover-uk-stage1-021,ielts_subscores,"{""minimum_each"":5.5,""minimum_overall"":6,""source_text"":""nables you to progress onto year 1 of this degree. English language requirements If English is not your first language, IELTS 6.0 overall with a minimum of 5.5 in each element. Find out about the other English qualifications that we accept . Studied before or got relevant experience? If you have suitable qualifications, credits from a previous university course or relevant professional experience, these could count towards your course at Brighton and you could start the course in year 2 or 3. Transferring from another university Thinking about""}",programme,,,https://www.brighton.ac.uk/courses/study/business-management-with-entrepreneurship-bsc-hons.aspx,"nables you to progress onto year 1 of this degree. English language requirements If English is not your first language, IELTS 6.0 overall with a minimum of 5.5 in each element. Find out about the other English qualifications that we accept . Studied before or got relevant experience? If you have suitable qualifications, credits from a previous university course or relevant professional experience, these could count towards your course at Brighton and you could start the course in year 2 or 3. Transferring from another university Thinking about",official_university_page,OFFICIAL,DIRECT_OFFICIAL,72b248a810b38ef4545b4a5564696a3f7fe8894c6b4dee5eaaf4c416bc6a6dd2,stage1-coverage-20260916-raw-72b248a810b38ef4545b4a55,stage1-deterministic-coverage,1
705ee35e-ee7c-5f92-9b2f-326464160035,Geneeskunde,NL,leiden-nl-canary,work_experience,"{""details"":""DUO RIO reports GEEN_EISEN for EISEN_WERKZAAMHEDEN."",""requirement_status"":""not_required""}",programme,,,https://onderwijsdata.duo.nl/api/3/action/datastore_search?filters=%7B%22ONDERWIJSBESTUURID%22%3A%22107B578%22%2C%22OPLEIDINGSEENHEIDCODE%22%3A%221001O5903%22%7D&limit=1&resource_id=ffffa7ad-e6a2-4ba7-9fc2-a09df4128555,DUO RIO EISEN_WERKZAAMHEDEN=GEEN_EISEN,duo_rio,GOVERNMENT,GOVERNMENT,b78d278764886b261723b87d2c7f1f6c917c7b80b01512038e1c9bef4abfb230,stage1-coverage-20260916-raw-b78d278764886b261723b87d,stage1-deterministic-coverage,1
d115e175-3bb5-5c4f-8d2d-169038e9cdc2,Animation (Online),UK,discover-uk-stage1-025,application_url,"""https://www.bnu.ac.uk/courses/undergraduate/ba-hons-animation-online""",programme,,,https://discoveruni.gov.uk/en/course-details/10000975/KBAANIMDFCMSD/Full-time/,Discover Uni Course page: https://www.bnu.ac.uk/courses/undergraduate/ba-hons-animation-online,discover_uni,GOVERNMENT,CATALOGUE_PROVIDER,70557d85f10d8b5c71428f164dcc5dea2abeba496203366d7f563a9fbf7aa964,stage1-coverage-20260916-raw-70557d85f10d8b5c71428f16,stage1-deterministic-coverage,1
b9aa04e3-0f33-518f-afbd-7a9e7479bafb,"BUT génie chimique, génie des procédés parcours conception des procédés et innovation technologique",FR,onisep-fr-stage1-008,application_url,"""https://www.u-picardie.fr/formation/catalogue/but-genie-chimique-genie-procedes-saint-quentin""",programme,,,https://api.opendata.onisep.fr/downloads/605344579a7d7/605344579a7d7.csv,Onisep AF page web: https://www.u-picardie.fr/formation/catalogue/but-genie-chimique-genie-procedes-saint-quentin,onisep_higher_ed,GOVERNMENT,GOVERNMENT,bf0ff9a929fecfe1974dcc64639baec0496be306ce750ce9211f611329408104,stage1-coverage-20260916-raw-bf0ff9a929fecfe1974dcc64,stage1-deterministic-coverage,1
6fb2e41e-4389-5d23-936f-113aef58afc1,master mention enseignement et éducation - professorat des écoles,FR,onisep-fr-stage1-005,application_url,"""https://inspe.u-picardie.fr/formations-linspe""",programme,,,https://api.opendata.onisep.fr/downloads/605344579a7d7/605344579a7d7.csv,Onisep AF page web: https://inspe.u-picardie.fr/formations-linspe,onisep_higher_ed,GOVERNMENT,GOVERNMENT,bf0ff9a929fecfe1974dcc64639baec0496be306ce750ce9211f611329408104,stage1-coverage-20260916-raw-bf0ff9a929fecfe1974dcc64,stage1-deterministic-coverage,1
8322e08f-eb1d-50a8-bd91-33371fb57645,Mathematics and Computer Science,UK,imperial-uk-canary,intakes,"{""source_label"":""Start date"",""start_dates"":[""2027-10-01""]}",programme,,,https://www.imperial.ac.uk/study/courses/undergraduate/mathematics-computer-science-beng/,ry requirements How to apply Fees and funding Careers Request info Course key facts Qualification BEng Duration 3 years Start date October 2027 UCAS course code GG14 Study mode Full-time Delivered by Department of Computing Department of Mathematics Location South Kensington White City Minimum entry standard A*A*A (A-level) 41 points (International Baccalaureate) View full entry requirements Course overview Study both mathematics and computer science at one of the world’s leading universities. By combining the programming and algorithm,official_university_page,OFFICIAL,DIRECT_OFFICIAL,24389a960e7703c91597ee925c0b8fb35988772e588886a037c50c1b53714cd5,stage1-coverage-20260916-raw-24389a960e7703c91597ee92,stage1-deterministic-coverage,1
bf308eef-94f1-5ee2-93f5-29797353ff96,Master informatique,FR,grenoble-inp-fr-canary,application_url,"""https://ensimag.grenoble-inp.fr/fr/formation/masters""",programme,,,https://api.opendata.onisep.fr/downloads/605344579a7d7/605344579a7d7.csv,Onisep AF page web: https://ensimag.grenoble-inp.fr/fr/formation/masters,onisep_higher_ed,GOVERNMENT,GOVERNMENT,bf0ff9a929fecfe1974dcc64639baec0496be306ce750ce9211f611329408104,stage1-coverage-20260916-raw-bf0ff9a929fecfe1974dcc64,stage1-deterministic-coverage,1
8eb42e1e-62a2-5044-987d-01719cd7d204,Law,UK,discover-uk-stage1-004,intakes,"{""source_label"":""Start date"",""start_dates"":[""2026-09-01"",""2027-01-01""]}",programme,,,https://www.aru.ac.uk/study/undergraduate/law,"ties Entry requirements Fees and funding Apply Apply now Come to an Open Day LLB (Hons) With foundation year LLB (Hons) Start date January 2027 September 2026 Location Cambridge Chelmsford Peterborough UCAS course code M100 Duration 3 years Start dates vary by location. To see start dates for each location, check the apply pages. With foundation year Start date January 2027 September 2026 Location Cambridge Chelmsford Peterborough UCAS course code M100, M101 Duration 4 years with foundation Start dates vary by location. To see start da",official_university_page,OFFICIAL,DIRECT_OFFICIAL,6caa911e31c45c7188674f785bbf96914b01502cd3b650bd5796f957f620bcde,stage1-coverage-20260916-raw-6caa911e31c45c7188674f78,stage1-deterministic-coverage,1
d649d1a4-f5d6-55c4-bac1-8db8a9953756,Photography,UK,discover-uk-stage1-012,intakes,"{""source_label"":""Start date"",""start_dates"":[""2026-09-07"",""2028-06-07""]}",programme,,,https://bacoll.ac.uk/course/hnd-photography/,"HND Photography HND Photography Course Code: BACF4549-261A Cost per year: £7995.00 Days: Monday, Tuesday and Wednesday Start Date: 07/09/2026 End Date: 07/06/2028 Apply Now Add to Basket Course overview This programme develops your technical and creative skills across both digital and analogue photography, including studio lighting, post-production, visual communication and professional practice. You will work in specialist facilities such as our black-and-white darkroom, industry-standard digital suites and dedicated photography stud",official_university_page,OFFICIAL,DIRECT_OFFICIAL,fb2e023e7ecb0cf76242a4795d0115176b7e6b07ece4c2c8ef5fc0fdf94ec962,stage1-coverage-20260916-raw-fb2e023e7ecb0cf76242a479,stage1-deterministic-coverage,1
67ef7389-04ec-5e55-94cc-49456ef74cb3,Data Engineering,FI,uef-fi-canary,application_url,"""https://opintopolku.fi/hakemus/hakukohde/1.2.246.562.20.00000000000000076744?lang=en""",programme,,,https://opintopolku.fi/konfo-backend/hakukohde/1.2.246.562.20.00000000000000076744,Studyinfo hakulomakeLinkki.en=https://opintopolku.fi/hakemus/hakukohde/1.2.246.562.20.00000000000000076744?lang=en,studyinfo_hakukohde,GOVERNMENT,GOVERNMENT,a57b1ea1e3cd2e236faf4aaf3fcccc7b3a739f576f659a6a930b528b8952ec96,stage1-coverage-20260916-raw-a57b1ea1e3cd2e236faf4aaf,stage1-deterministic-coverage,1
d33870ff-b395-5b21-bda9-ce18c8c74b27,Theatre with Placement Year,UK,discover-uk-stage1-024,application_url,"""https://www.brunel.ac.uk/study/undergraduate/theatre-ba""",programme,,,https://discoveruni.gov.uk/en/course-details/10000961/1FDJUTHEATRE-KW-BA/Full-time/,Discover Uni Course page: https://www.brunel.ac.uk/study/undergraduate/theatre-ba,discover_uni,GOVERNMENT,CATALOGUE_PROVIDER,605b515a2199edad7f4700e921466af72261ef0ec944d1a428be9dd553e7ada0,stage1-coverage-20260916-raw-605b515a2199edad7f4700e9,stage1-deterministic-coverage,1
0c35c3a5-02ff-5de8-820a-f2ee8108e32e,Film & Television,UK,discover-uk-stage1-016,scholarships,"{""details"":""The bursary can help cover a range of costs, including, travel, equipment, uniform, trips, food (including Further Education Free Meals) and industry placement expenses."",""funding_type"":""financial_aid_policy""}",programme,,,https://www.boston.ac.uk/find-a-course/view-all-courses/film-and-television-hnd-level-5,"The bursary can help cover a range of costs, including, travel, equipment, uniform, trips, food (including Further Education Free Meals) and industry placement expenses.",official_university_page,OFFICIAL,DIRECT_OFFICIAL,bc049d80cf90369244d734ef8a5e02945d4f9d65a96b99a8b14af86b24864b17,stage1-coverage-20260916-raw-bc049d80cf90369244d734ef,stage1-deterministic-coverage,1
1370d5b6-1a85-52bd-ab33-535fe62aeee9,Business and Management Practice,UK,discover-uk-stage1-001,subject_prerequisites,"""including Mathematics and English Language or equivalents""",programme,,,https://www.brookes.ac.uk/courses/undergraduate/business-and-management-practice-fda,"meet one of the following sets of requirements: Three passes at GCSE (grades A – C) or O-level (grades A – C), normally including Mathematics and English Language or equivalents. PLUS (a) a minimum of one pass at A-Level or 6-unit Vocational A-Level; or (b) a National Certificate or Diploma or other equivalent qualification; or (c) exceptionally, demonstration through an extended CV, references and interview that they have the knowle",official_university_page,OFFICIAL,DIRECT_OFFICIAL,e4165dcd598a14e4daf1d848597d36cec497f992c4f0fa12560f62a09ea74e51,stage1-coverage-20260916-raw-e4165dcd598a14e4daf1d848,stage1-deterministic-coverage,1
d33870ff-b395-5b21-bda9-ce18c8c74b27,Theatre with Placement Year,UK,discover-uk-stage1-024,scholarships,"{""details"":""Please refer to the scholarships pages to view discounts available to eligible EU undergraduate applicants."",""funding_type"":""financial_aid_policy""}",programme,,,https://www.brunel.ac.uk/study/courses/theatre-ba,Please refer to the scholarships pages to view discounts available to eligible EU undergraduate applicants.,official_university_page,OFFICIAL,DIRECT_OFFICIAL,672d79778918afd7f2a55ca1ed6fb109767f2ba2603b69b20fe89c59da2036e5,stage1-coverage-20260916-raw-672d79778918afd7f2a55ca1,stage1-deterministic-coverage,1
c2637d16-4f58-55b5-b925-6cdc8a8590d2,Business with Management,UK,discover-uk-stage1-014,application_url,"""https://blackburn.ac.uk/find-a-course/business/business/business-with-management-ba-hons""",programme,,,https://discoveruni.gov.uk/en/course-details/10000747/BS3026A26/Full-time/,Discover Uni Course page: https://blackburn.ac.uk/find-a-course/business/business/business-with-management-ba-hons,discover_uni,GOVERNMENT,CATALOGUE_PROVIDER,a0402ba3ff781a33a34c0bb266f0650d543806ce7724dc1a57e34f53a8f5ce48,stage1-coverage-20260916-raw-a0402ba3ff781a33a34c0bb2,stage1-deterministic-coverage,1
daa9521e-4e07-53a8-b85a-bcd0c566e374,Computing: Cyber Security,UK,discover-uk-stage1-023,subject_prerequisites,"""including English and Maths or equivalent qualification""",programme,,,https://www.lsec.ac.uk/courses/higher-education/computing-and-it/btec-hnd-in-computing-cyber-security-htq,"aureate qualification. Applicants with BTEC ND/NC or degrees in other areas will be considered. 5 GCSEs-grades A*-C/9-4 including English and Maths or equivalent qualification. We will accept T Levels for entry onto our higher education courses, providing they meet our entry requirements. Additional Entry Requirements Applications from students with specific vocational, professional and other qualifications are judged on merit acco",official_university_page,OFFICIAL,DIRECT_OFFICIAL,8f022afd82040387c5fd3b1c7aaa3d3bd6882d94b5cd1325a664f2be2a9273b8,stage1-coverage-20260916-raw-8f022afd82040387c5fd3b1c,stage1-deterministic-coverage,1
8322e08f-eb1d-50a8-bd91-33371fb57645,Mathematics and Computer Science,UK,imperial-uk-canary,subject_prerequisites,"""To include: A* in Mathematics A* in Further Mathematics A in a useful subject Recommended subjects Computer Science Physics Useful subjects Ancient Language, Biology, Chemistry, Economics, Electronics, English Literature, History, Languages, Law, Philosophy, Politics, Psychology Not accepted : ICT, Business Studies, General Studie""",programme,,,https://www.imperial.ac.uk/study/courses/undergraduate/mathematics-computer-science-beng/,"ions test (TMUA) and interview English language requirement Foundation programmes A-levels Minimum entry standard A*A*A To include: A* in Mathematics A* in Further Mathematics A in a useful subject Recommended subjects Computer Science Physics Useful subjects Ancient Language, Biology, Chemistry, Economics, Electronics, English Literature, History, Languages, Law, Philosophy, Politics, Psychology Not accepted : ICT, Business Studies, General Studies and Critical Thinking Science Practical Endorsement: If you are made an offer you will be required to achieve a pass in the practical endorsement in all science subjects that form part of the offer. Further Mathematics: We are able to make specia",official_university_page,OFFICIAL,DIRECT_OFFICIAL,24389a960e7703c91597ee925c0b8fb35988772e588886a037c50c1b53714cd5,stage1-coverage-20260916-raw-24389a960e7703c91597ee92,stage1-deterministic-coverage,1
aab072ce-4ac6-5c86-a311-170c1ed24c00,Radiography (Diagnostic Imaging),UK,discover-uk-stage1-002,ielts_overall,7,programme,,,https://www.hsu.ac.uk/course/bsc-hons-radiography-diagnostic-imaging/#overview,"equire a Student visa to study in the UK are welcome to apply for entry in September 2026 Test Grade Additional details IELTS (Academic) 7 with no less than 6.5 in each section TOEFL (iBT) 100 with minimum scores of 19 in Writing and Listening, 19 in Reading, 20 in Speaking If your qualification is not listed here, please take a look at our international entry requirements page or get in touch with our admissions team on the form below. Please note, to be accepted onto this course; you will also need to demonstrate that you meet the minimum standards o",official_university_page,OFFICIAL,DIRECT_OFFICIAL,bb3a5d461ecb6f77285e3b6ebc83ef869572ced3ef381c8c6e552c972292ecd1,stage1-coverage-20260916-raw-bb3a5d461ecb6f77285e3b6e,stage1-deterministic-coverage,1
814d8802-d69b-59c9-808a-b733ffe17579,Computer Science,UK,edinburgh-uk-canary,sop_essay_requirements,"""Personal statement""",programme,,,https://study.ed.ac.uk/programmes/undergraduate/58-computer-science,"What you need to apply As part of your application, you will need: your academic qualifications a personal statement evidence of your English language skills (with relevant qualifications) a reference How we select",official_university_page,OFFICIAL,DIRECT_OFFICIAL,44a81bd562dff2fc31bd7d060b7b2da478c3a82392833498b4de6319af0ea117,stage1-coverage-20260916-raw-44a81bd562dff2fc31bd7d06,stage1-deterministic-coverage,1
45389133-b30b-5620-a1f1-132881ea6575,Data Science,UK,bristol-uk-canary,subject_prerequisites,"""A* in Mathematics A-level contextual offer AAB including A in Mathematics Find out if you are eligible for a contextual offer BTEC D*DD in either Engineering BTEC National Level 3 Extended Diploma, plus A in Mathematics at A-level (or eq""",programme,,,https://www.bristol.ac.uk/study/undergraduate/2026/computer-science/meng-computer-science/,"dents of all backgrounds. Below is a guide to the typical offers for this course. A-level standard offer A*AA including A* in Mathematics A-level contextual offer AAB including A in Mathematics Find out if you are eligible for a contextual offer BTEC D*DD in either Engineering BTEC National Level 3 Extended Diploma, plus A in Mathematics at A-level (or equivalent), or any Applied General BTEC National Level 3 Extended Diploma, plus A in Mathematics at A-level (or equivalent). Applicants taking Engineering BTEC may be invited to take the University of Bristol mathematics test in place of A-level Mathematics. Fi",official_university_page,OFFICIAL,DIRECT_OFFICIAL,aea80e62c18d0e1e5663be85a3a582ef905f6d9f9cdcb882955c31712f9439d4,stage1-coverage-20260916-raw-aea80e62c18d0e1e5663be85,stage1-deterministic-coverage,1
e67cc4ee-c764-5b6c-b1fb-565dd2ffea47,Acting,UK,discover-uk-stage1-010,ielts_overall,6,programme,,,https://www.bathspa.ac.uk:443/courses/ug-acting/,"editation of Prior Learning (APL) page to learn more. English Language Requirements for International and EU Applicants IELTS 6.0 - for visa nationals, with a minimum score of IELTS 5.5 in each element. Course enquiries For further information about the programme or entry requirements, please email us at admissions@bathspa.ac.uk . How do I apply? Ready to apply? Click the 'apply now' button in the centre of this page. Need more guidance? Head to our how to apply webpages. Audition guidance Applicants who meet the entry criteria will be invited",official_university_page,OFFICIAL,DIRECT_OFFICIAL,8ab2a166886cc577673ec06beb5e3453367b519831a94afecd63fa89e7db505b,stage1-coverage-20260916-raw-8ab2a166886cc577673ec06b,stage1-deterministic-coverage,1
dcf7376b-e09f-5a39-a42b-463e84ec8ccc,Data Science and Artificial Intelligence Technology,NL,tu-delft-nl-canary,work_experience,"{""details"":""DUO RIO reports GEEN_EISEN for EISEN_WERKZAAMHEDEN."",""requirement_status"":""not_required""}",programme,,,https://onderwijsdata.duo.nl/api/3/action/datastore_search?filters=%7B%22ONDERWIJSBESTUURID%22%3A%22107B605%22%2C%22OPLEIDINGSEENHEIDCODE%22%3A%221001O8897%22%7D&limit=1&resource_id=ffffa7ad-e6a2-4ba7-9fc2-a09df4128555,DUO RIO EISEN_WERKZAAMHEDEN=GEEN_EISEN,duo_rio,GOVERNMENT,GOVERNMENT,c5b8e8da898fb246274bd4f5812c8ec0473e7f89ad5eb41ae24bc34981d99e3f,stage1-coverage-20260916-raw-c5b8e8da898fb246274bd4f5,stage1-deterministic-coverage,1
c5b5eba6-707a-51a9-b64a-9385389c6bd7,Mathematics and Computer Science,UK,imperial-uk-canary,application_url,"""https://www.imperial.ac.uk/study/courses/undergraduate/mathematics-computer-science-meng/""",programme,,,https://discoveruni.gov.uk/course-details/10003270/GG41/Full-time/,Discover Uni Course page: https://www.imperial.ac.uk/study/courses/undergraduate/mathematics-computer-science-meng/,discover_uni,GOVERNMENT,CATALOGUE_PROVIDER,00df967568ba5a833e20d3a783a67dacc454c997f3f4a85ef567a6415b1ef68e,stage1-coverage-20260916-raw-00df967568ba5a833e20d3a7,stage1-deterministic-coverage,1
814d8802-d69b-59c9-808a-b733ffe17579,Computer Science,UK,edinburgh-uk-canary,final_deadline,"""2027-01-13""",programme,,,https://study.ed.ac.uk/programmes/undergraduate/58-computer-science,"hen we decide who to select for this degree programme. How we select applicants When to apply 2027 entry UCAS deadline: 13 January 2027 (6:00pm GMT) This is the deadline for all UK, EU and international applicants to non-medicine and veterinary medicine programmes. To find out if any degree programmes have spaces after 13 January 2027, search the University of Edinburgh on the UCAS website. Search degrees that are open on the UCAS website Key application dates and deadlines After you apply",official_university_page,OFFICIAL,DIRECT_OFFICIAL,44a81bd562dff2fc31bd7d060b7b2da478c3a82392833498b4de6319af0ea117,stage1-coverage-20260916-raw-44a81bd562dff2fc31bd7d06,stage1-deterministic-coverage,1
52ed182b-e33d-5595-9e88-fe534b52acb9,Sustainable Energy Technology,NL,tue-nl-canary,work_experience,"{""details"":""DUO RIO reports GEEN_EISEN for EISEN_WERKZAAMHEDEN."",""requirement_status"":""not_required""}",programme,,,https://onderwijsdata.duo.nl/api/3/action/datastore_search?filters=%7B%22ONDERWIJSBESTUURID%22%3A%22107B450%22%2C%22OPLEIDINGSEENHEIDCODE%22%3A%221001O6777%22%7D&limit=1&resource_id=ffffa7ad-e6a2-4ba7-9fc2-a09df4128555,DUO RIO EISEN_WERKZAAMHEDEN=GEEN_EISEN,duo_rio,GOVERNMENT,GOVERNMENT,7a00e337c38993f4867681be3dd48b1ee7546b872d749c88bcfdf928dd0a1c3c,stage1-coverage-20260916-raw-7a00e337c38993f4867681be,stage1-deterministic-coverage,1
d33870ff-b395-5b21-bda9-ce18c8c74b27,Theatre with Placement Year,UK,discover-uk-stage1-024,tuition,"{""academic_cycle"":""2026/27"",""amount"":17400,""audience"":""international"",""credential"":""international tuition fee"",""currency"":""GBP"",""fee_period"":""annual""}",programme,international,2026/27,https://www.brunel.ac.uk/study/courses/theatre-ba,"Mode of study 3 years full-time 4 years full-time with placement 6 years part-time Fees 2026/27 UK £9,790 International £17,400 Scroll to #fees Entry requirements 2026/7 BBB - BCC (A-level) DDM-DMM (BTEC) 30-28 (IB) Scroll to #entryRequirements Overview Course content Careers and your future Entry requirements Fees and funding Teaching and learning Assessment and feedback Back to top Overview Are you passionate about theatre and eager to perform and transform your creative ideas into compelling stage productions? Brunel’s Theatre course will equip you with speci",official_university_page,OFFICIAL,DIRECT_OFFICIAL,672d79778918afd7f2a55ca1ed6fb109767f2ba2603b69b20fe89c59da2036e5,stage1-coverage-20260916-raw-672d79778918afd7f2a55ca1,stage1-deterministic-coverage,1
eab1fd00-32ca-5cd9-81cb-b1cd97519540,BUT réseaux et télécommunications parcours cybersécurité,FR,onisep-fr-stage1-020,application_url,"""https://iut.univ-cotedazur.fr/departements-et-formations/reseaux-et-telecommunications/bachelor-universitaire-de-technologie""",programme,,,https://api.opendata.onisep.fr/downloads/605344579a7d7/605344579a7d7.csv,Onisep AF page web: https://iut.univ-cotedazur.fr/departements-et-formations/reseaux-et-telecommunications/bachelor-universitaire-de-technologie,onisep_higher_ed,GOVERNMENT,GOVERNMENT,bf0ff9a929fecfe1974dcc64639baec0496be306ce750ce9211f611329408104,stage1-coverage-20260916-raw-bf0ff9a929fecfe1974dcc64,stage1-deterministic-coverage,1
0f512584-17ba-595f-8723-74993b8cfbe0,Fine Art and Design in Education,NL,duo-nl-stage1-012,programme_language,"""Dutch""",programme,,,https://onderwijsdata.duo.nl/api/3/action/datastore_search?resource_id=ffffa7ad-e6a2-4ba7-9fc2-a09df4128555&limit=1&filters=%7B%22ONDERWIJSBESTUURID%22%3A%22107B580%22%2C%22OPLEIDINGSEENHEIDCODE%22%3A%221001O5087%22%7D,DUO RIO VOERTAAL=NLD,duo_rio,GOVERNMENT,GOVERNMENT,631fa824493f39c5b1c1d29a4b43c08465de17d812266d8eb478402008c503e8,stage1-coverage-20260916-raw-631fa824493f39c5b1c1d29a,stage1-deterministic-coverage,1
626e1529-04bc-5ccd-be3e-78268b0a4e35,Business and Consumer Studies,NL,wageningen-nl-canary,application_url,"""http://www.wur.nl/bbc""",programme,,,https://onderwijsdata.duo.nl/api/3/action/datastore_search?filters=%7B%22ONDERWIJSBESTUURID%22%3A%22107B451%22%2C%22OPLEIDINGSEENHEIDCODE%22%3A%221001O6086%22%7D&limit=1&resource_id=ffffa7ad-e6a2-4ba7-9fc2-a09df4128555,DUO RIO WEBSITE=http://www.wur.nl/bbc,duo_rio,GOVERNMENT,GOVERNMENT,eef6aa9bb980df24867a56168782cc9c890fbd6402dc2fcd59b8049b65039f21,stage1-coverage-20260916-raw-eef6aa9bb980df24867a5616,stage1-deterministic-coverage,1
00164ee0-24b0-5e69-8c8b-979d08113044,Mathematics and Computer Science,UK,oxford-uk-canary,application_url,"""http://www.ox.ac.uk/admissions/undergraduate/courses-listing/mathematics-and-computer-science""",programme,,,https://discoveruni.gov.uk/course-details/10007774/GG14/Full-time/,Discover Uni Course page: http://www.ox.ac.uk/admissions/undergraduate/courses-listing/mathematics-and-computer-science,discover_uni,GOVERNMENT,CATALOGUE_PROVIDER,ae0b26c68939e8214056c2517af3b5091f1c674c8aef5f1e1fbab7804a78829b,stage1-coverage-20260916-raw-ae0b26c68939e8214056c251,stage1-deterministic-coverage,1
31096360-54d5-509d-82d0-8e262fdbe4eb,master mention sciences et techniques des activités physiques et sportives : management du sport,FR,onisep-fr-stage1-032,application_url,"""https://univ-cotedazur.fr/formation/offre-de-formation/master-staps-management-du-sport-master-mention-staps-management-du-sport""",programme,,,https://api.opendata.onisep.fr/downloads/605344579a7d7/605344579a7d7.csv,Onisep AF page web: https://univ-cotedazur.fr/formation/offre-de-formation/master-staps-management-du-sport-master-mention-staps-management-du-sport,onisep_higher_ed,GOVERNMENT,GOVERNMENT,bf0ff9a929fecfe1974dcc64639baec0496be306ce750ce9211f611329408104,stage1-coverage-20260916-raw-bf0ff9a929fecfe1974dcc64,stage1-deterministic-coverage,1
7dca1beb-82e4-515a-a5f8-8dae2a29f84d,Acting with Foundation Year at Boomsatsuma,UK,discover-uk-stage1-010,ielts_overall,6,programme,,,https://www.bathspa.ac.uk:443/courses/ug-acting/,"editation of Prior Learning (APL) page to learn more. English Language Requirements for International and EU Applicants IELTS 6.0 - for visa nationals, with a minimum score of IELTS 5.5 in each element. Course enquiries For further information about the programme or entry requirements, please email us at admissions@bathspa.ac.uk . How do I apply? Ready to apply? Click the 'apply now' button in the centre of this page. Need more guidance? Head to our how to apply webpages. Audition guidance Applicants who meet the entry criteria will be invited",official_university_page,OFFICIAL,DIRECT_OFFICIAL,8ab2a166886cc577673ec06beb5e3453367b519831a94afecd63fa89e7db505b,stage1-coverage-20260916-raw-8ab2a166886cc577673ec06b,stage1-deterministic-coverage,1
1370d5b6-1a85-52bd-ab33-535fe62aeee9,Business and Management Practice,UK,discover-uk-stage1-001,tuition,"{""academic_cycle"":""2026 / 27"",""amount"":9900,""audience"":""international"",""credential"":""international tuition fee"",""currency"":""GBP"",""fee_period"":""annual""}",programme,international,2026 / 27,https://www.brookes.ac.uk/courses/undergraduate/business-and-management-practice-fda,"027 / 28 Home (UK) full time off campus £7,700 Home (UK) part time off-campus £5,140 International full time off-campus £9,900 Home (UK) full time off campus TBA Home (UK) part time off-campus TBA International full time off-campus £TBA (off-campus intl) Tuition fees 2026 / 27 Home (UK) full time off campus £7,700 Home (UK) part time off-campus £5,140 International full time off-campus £9,900 2027 / 28 Home (UK) full time off campus TBA Home (UK) part time off-campus TBA International full time off-campus £TBA (off-campus intl) Please note, tuition fees for Hom",official_university_page,OFFICIAL,DIRECT_OFFICIAL,e4165dcd598a14e4daf1d848597d36cec497f992c4f0fa12560f62a09ea74e51,stage1-coverage-20260916-raw-e4165dcd598a14e4daf1d848,stage1-deterministic-coverage,1
c6eca011-652e-5337-acaf-ddaeb1183845,Master mathematiques et applications,FR,grenoble-inp-fr-canary,application_url,"""https://ensimag.grenoble-inp.fr/fr/formation/masters""",programme,,,https://api.opendata.onisep.fr/downloads/605344579a7d7/605344579a7d7.csv,Onisep AF page web: https://ensimag.grenoble-inp.fr/fr/formation/masters,onisep_higher_ed,GOVERNMENT,GOVERNMENT,bf0ff9a929fecfe1974dcc64639baec0496be306ce750ce9211f611329408104,stage1-coverage-20260916-raw-bf0ff9a929fecfe1974dcc64,stage1-deterministic-coverage,1
222ba9b3-65ca-53ac-bc73-7957fd61353f,licence mention gestion,FR,onisep-fr-stage1-002,application_url,"""https://bourgenbresse.univ-lyon3.fr/licence-de-gestion-management-bourg-en-bresse-3""",programme,,,https://api.opendata.onisep.fr/downloads/605344579a7d7/605344579a7d7.csv,Onisep AF page web: https://bourgenbresse.univ-lyon3.fr/licence-de-gestion-management-bourg-en-bresse-3,onisep_higher_ed,GOVERNMENT,GOVERNMENT,bf0ff9a929fecfe1974dcc64639baec0496be306ce750ce9211f611329408104,stage1-coverage-20260916-raw-bf0ff9a929fecfe1974dcc64,stage1-deterministic-coverage,1
244409cd-c35a-5eb3-8a63-58b1faf6518c,"master mention civilisations, cultures et sociétés",FR,onisep-fr-stage1-028,application_url,"""https://univ-cotedazur.fr/medias/fichier/ccs-sciences-historiques_1610304274580-pdf""",programme,,,https://api.opendata.onisep.fr/downloads/605344579a7d7/605344579a7d7.csv,Onisep AF page web: https://univ-cotedazur.fr/medias/fichier/ccs-sciences-historiques_1610304274580-pdf,onisep_higher_ed,GOVERNMENT,GOVERNMENT,bf0ff9a929fecfe1974dcc64639baec0496be306ce750ce9211f611329408104,stage1-coverage-20260916-raw-bf0ff9a929fecfe1974dcc64,stage1-deterministic-coverage,1
064e4c8c-3273-5475-acc2-a785d2dc169d,Acting,UK,discover-uk-stage1-005,application_url,"""https://artsed.co.uk/course/undergraduate/undergraduate-acting/?course-guide""",programme,,,https://discoveruni.gov.uk/en/course-details/10000381/BAAct/Full-time/,Discover Uni Course page: https://artsed.co.uk/course/undergraduate/undergraduate-acting/?course-guide,discover_uni,GOVERNMENT,CATALOGUE_PROVIDER,f32c3c1de03e3b42d3791337eff71c3eb19c071bdb54e53c639808d024a89689,stage1-coverage-20260916-raw-f32c3c1de03e3b42d3791337,stage1-deterministic-coverage,1
67d4335b-a04e-580e-9e0e-cdefa450480a,master mention gestion de l'environnement,FR,onisep-fr-stage1-036,application_url,"""https://univ-cotedazur.fr/formation/offre-de-formation/master-gestion-de-lenvironnement""",programme,,,https://api.opendata.onisep.fr/downloads/605344579a7d7/605344579a7d7.csv,Onisep AF page web: https://univ-cotedazur.fr/formation/offre-de-formation/master-gestion-de-lenvironnement,onisep_higher_ed,GOVERNMENT,GOVERNMENT,bf0ff9a929fecfe1974dcc64639baec0496be306ce750ce9211f611329408104,stage1-coverage-20260916-raw-bf0ff9a929fecfe1974dcc64,stage1-deterministic-coverage,1
203e027d-3bf3-57ca-9bf7-6bcaf82a909a,Computer Science,UK,nottingham-uk-canary,scholarships,"{""details"":""Scholarships and bursaries The University of Nottingham offers a wide range of bursaries and scholarships."",""funding_type"":""financial_aid_policy""}",programme,,,https://www.nottingham.ac.uk/studywithus/ugstudy/courses/UG/Computer-Science-MSci-Hons.html,Scholarships and bursaries The University of Nottingham offers a wide range of bursaries and scholarships.,official_university_page,OFFICIAL,DIRECT_OFFICIAL,cddd3c4e76f96b643a9d66a9930cc6ce99886c8d39e7f851dbf988e6713d9f7f,stage1-coverage-20260916-raw-cddd3c4e76f96b643a9d66a9,stage1-deterministic-coverage,1
8606b6c5-bf41-54d1-87f7-95596c5d82cc,Business Information Technology,FI,haaga-helia-fi-canary,standardized_tests,"{""requirement_status"":""required"",""test"":""SAT""}",programme,,,https://opintopolku.fi/konfo-backend/valintaperuste/60a36d5e-bdd3-4509-8125-85c36f8df222,"tudent-selection"" target=""_blank"" rel=""noopener noreferrer"">Haaga-Helia's webpage</a>)<br></p><ul><li value=""1""><strong>SAT</strong> scores (in addition, applicant must have a higher secondary degree)</li><li value=""2""><strong>African</strong> certificate-based selection group:</li><li value=""3""><ul><li value=""1"">Moroccan Baccalaureate diploma</li><li value=""2"">South African Na",studyinfo_valintaperuste,GOVERNMENT,GOVERNMENT,883e0011df146abaf47a99901b3fa58298f402d3937192f0bc4d5441fb180243,stage1-coverage-20260916-raw-883e0011df146abaf47a9990,stage1-deterministic-coverage,1
da8fbb39-bb88-5c12-8e38-02ab720afa48,Theology,NL,duo-nl-stage1-004,delivery_mode,"""full-time""",programme,,,https://onderwijsdata.duo.nl/api/3/action/datastore_search?resource_id=ffffa7ad-e6a2-4ba7-9fc2-a09df4128555&limit=1&filters=%7B%22ONDERWIJSBESTUURID%22%3A%22107B461%22%2C%22OPLEIDINGSEENHEIDCODE%22%3A%221001O6573%22%7D,DUO RIO VORM=VOLTIJD,duo_rio,GOVERNMENT,GOVERNMENT,92fef3863901d175fccf9871ddf88c88178b8e9a26fcead4038119569214a65b,stage1-coverage-20260916-raw-92fef3863901d175fccf9871,stage1-deterministic-coverage,1
e01daefe-355a-5f31-a3db-f63d8275d471,Accounting and Finance,UK,discover-uk-stage1-014,application_url,"""https://blackburn.ac.uk/find-a-course/business/accounting/accounting-and-finance-fdsc""",programme,,,https://discoveruni.gov.uk/en/course-details/10000747/BS2530A25/Full-time/,Discover Uni Course page: https://blackburn.ac.uk/find-a-course/business/accounting/accounting-and-finance-fdsc,discover_uni,GOVERNMENT,CATALOGUE_PROVIDER,8dcb9d50da96c1b6189e925f2e263de1f92a4593d4ea56d94535b1fc4b30b2c7,stage1-coverage-20260916-raw-8dcb9d50da96c1b6189e925f,stage1-deterministic-coverage,1
a7aeb70e-3922-587d-ba67-1cd77b0ab33f,Art & Design,NL,duo-nl-stage1-007,programme_language,"""English""",programme,,,https://onderwijsdata.duo.nl/api/3/action/datastore_search?resource_id=ffffa7ad-e6a2-4ba7-9fc2-a09df4128555&limit=1&filters=%7B%22ONDERWIJSBESTUURID%22%3A%22107B454%22%2C%22OPLEIDINGSEENHEIDCODE%22%3A%221001O5090%22%7D,DUO RIO VOERTAAL=ENG,duo_rio,GOVERNMENT,GOVERNMENT,3e12a4401d51e5c36ab6d3c5056e1d26ed0edb61bd109623424db193441ef0fe,stage1-coverage-20260916-raw-3e12a4401d51e5c36ab6d3c5,stage1-deterministic-coverage,1
056c787b-cb1e-526e-bb3d-9a731e339a19,Data Science,UK,manchester-uk-canary,tuition,"{""academic_cycle"":""2026/27"",""amount"":26300,""audience"":""international"",""credential"":""international tuition fee"",""currency"":""GBP"",""fee_period"":""annual""}",programme,international,2026/27,https://www.manchester.ac.uk/study/undergraduate/courses/2026/12952/bsc-computer-science-with-an-integrated-foundation-year/,"te to you as soon as we can in advance of the relevant academic year). Tuition fees for international students will be Â£26,300 for the 2026/27 academic year. For subsequent academic years, the University reserves the right to increase the tuition fee by up to 7% each year including to reflect rising costs associated with delivering our education and wider student experience. For general information please see the undergraduate finance pages. Policy on additional costs All students should normally be able to complete their programme of study without incurring ad",official_university_page,OFFICIAL,DIRECT_OFFICIAL,a03ef8078f86d20105b50a5670876b09891ede32baced1c3a5abb04e7b89b509,stage1-coverage-20260916-raw-a03ef8078f86d20105b50a56,stage1-deterministic-coverage,1
de38fc20-2235-5c03-b4f0-5d3817f4abcc,Computer Science,UK,manchester-uk-canary,ielts_overall,7,programme,,,https://www.manchester.ac.uk/study/undergraduate/courses/2026/00559/bsc-computer-science-with-industrial-experience/,"English Language grade B/6. GCSE/IGCSE English Literature will not be accepted in lieu of GCSE/IGCSE English Language. IELTS 7.0 overall, with no subscore below 6.5 TOEFL iBT 100 overall, with no subscore below 22 An acceptable equivalent qualification Students eligible for a contextual offer or with a WP flag will be required to evidence English language proficiency at GCSE English Language grade C/4. This concession only applies to GCSE/IGCSE. See our contextual admissions page for full details and to check your eligibility. If you need to",official_university_page,OFFICIAL,DIRECT_OFFICIAL,0554036670b353a8c6edf9aad668adccd20d513b5ab10300d7915ba17171b931,stage1-coverage-20260916-raw-0554036670b353a8c6edf9aa,stage1-deterministic-coverage,1
3de52a35-3c2d-58bb-9e06-01d688b47671,Leadership & Management,UK,discover-uk-stage1-016,scholarships,"{""details"":""The bursary can help cover a range of costs, including, travel, equipment, uniform, trips, food (including Further Education Free Meals) and industry placement expenses."",""funding_type"":""financial_aid_policy""}",programme,,,https://www.boston.ac.uk/find-a-course/view-all-courses/leadership-and-management-hnd-level-5,"The bursary can help cover a range of costs, including, travel, equipment, uniform, trips, food (including Further Education Free Meals) and industry placement expenses.",official_university_page,OFFICIAL,DIRECT_OFFICIAL,77b6b6a3e2491d6cc36c2e8c184026bf60f485ba6baba9dcf15d95e95273394e,stage1-coverage-20260916-raw-77b6b6a3e2491d6cc36c2e8c,stage1-deterministic-coverage,1
19e02a28-bc70-55c1-9b7d-cac9d5fb648e,"licence mention langues, littératures et civilisations étrangères et régionales",FR,onisep-fr-stage1-022,application_url,"""https://univ-cotedazur.fr/formation/offre-de-formation/licence-langues-litteratures-et-civilisations-etrangeres-et-regionales""",programme,,,https://api.opendata.onisep.fr/downloads/605344579a7d7/605344579a7d7.csv,Onisep AF page web: https://univ-cotedazur.fr/formation/offre-de-formation/licence-langues-litteratures-et-civilisations-etrangeres-et-regionales,onisep_higher_ed,GOVERNMENT,GOVERNMENT,bf0ff9a929fecfe1974dcc64639baec0496be306ce750ce9211f611329408104,stage1-coverage-20260916-raw-bf0ff9a929fecfe1974dcc64,stage1-deterministic-coverage,1
de38fc20-2235-5c03-b4f0-5d3817f4abcc,Computer Science,UK,manchester-uk-canary,toefl,100,programme,,,https://www.manchester.ac.uk/study/undergraduate/courses/2026/00559/bsc-computer-science-with-industrial-experience/,"h Literature will not be accepted in lieu of GCSE/IGCSE English Language. IELTS 7.0 overall, with no subscore below 6.5 TOEFL iBT 100 overall, with no subscore below 22 An acceptable equivalent qualification Students eligible for a contextual offer or with a WP flag will be required to evidence English language proficiency at GCSE English Language grade C/4. This concession only applies to GCSE/IGCSE. See our contextual admissions page for full details and to check your eligibility. If you need to improve your English language skills to",official_university_page,OFFICIAL,DIRECT_OFFICIAL,0554036670b353a8c6edf9aad668adccd20d513b5ab10300d7915ba17171b931,stage1-coverage-20260916-raw-0554036670b353a8c6edf9aa,stage1-deterministic-coverage,1
f0aaed85-63dd-5540-9212-228b3b131e10,"B Education in Primary Schools (age 4-12), full-time",NL,duo-nl-stage1-016,delivery_mode,"""full-time""",programme,,,https://onderwijsdata.duo.nl/api/3/action/datastore_search?resource_id=ffffa7ad-e6a2-4ba7-9fc2-a09df4128555&limit=1&filters=%7B%22ONDERWIJSBESTUURID%22%3A%22107B555%22%2C%22OPLEIDINGSEENHEIDCODE%22%3A%221015O6755%22%7D,DUO RIO VORM=VOLTIJD,duo_rio,GOVERNMENT,GOVERNMENT,ab7d7b1371ef6ef7b8d0048381d8868775faf64b191c5b37fac5f92f193b2ace,stage1-coverage-20260916-raw-ab7d7b1371ef6ef7b8d00483,stage1-deterministic-coverage,1
4312df08-cb0e-538a-b9ed-4e0d7e864ff9,Primary Education Early Years 5-11 (QTS),UK,discover-uk-stage1-019,application_url,"""https://www.bradfordcollege.ac.uk/courses/level-6-ba-hons-primary-education-later-years-5-11-with-qts/""",programme,,,https://discoveruni.gov.uk/en/course-details/10000840/BABRCPELYQ_A/Full-time/,Discover Uni Course page: https://www.bradfordcollege.ac.uk/courses/level-6-ba-hons-primary-education-later-years-5-11-with-qts/,discover_uni,GOVERNMENT,CATALOGUE_PROVIDER,ae0b26c68939e8214056c2517af3b5091f1c674c8aef5f1e1fbab7804a78829b,stage1-coverage-20260916-raw-ae0b26c68939e8214056c251,stage1-deterministic-coverage,1
c79f728c-33cc-5030-b778-40a823b3c17d,BUT génie biologique parcours sciences de l'environnement et écotechnologies,FR,onisep-fr-stage1-015,application_url,"""https://iut.univ-amu.fr/fr/formations/bachelor-universitaire-de-technologie/but-genie-biologique""",programme,,,https://api.opendata.onisep.fr/downloads/605344579a7d7/605344579a7d7.csv,Onisep AF page web: https://iut.univ-amu.fr/fr/formations/bachelor-universitaire-de-technologie/but-genie-biologique,onisep_higher_ed,GOVERNMENT,GOVERNMENT,bf0ff9a929fecfe1974dcc64639baec0496be306ce750ce9211f611329408104,stage1-coverage-20260916-raw-bf0ff9a929fecfe1974dcc64,stage1-deterministic-coverage,1
de38fc20-2235-5c03-b4f0-5d3817f4abcc,Computer Science,UK,manchester-uk-canary,scholarships,"{""details"":""Scholarships/sponsorships The University of Manchester is committed to attracting and supporting the very best students."",""funding_type"":""financial_aid_policy""}",programme,,,https://www.manchester.ac.uk/study/undergraduate/courses/2026/00559/bsc-computer-science-with-industrial-experience/,Scholarships/sponsorships The University of Manchester is committed to attracting and supporting the very best students.,official_university_page,OFFICIAL,DIRECT_OFFICIAL,0554036670b353a8c6edf9aad668adccd20d513b5ab10300d7915ba17171b931,stage1-coverage-20260916-raw-0554036670b353a8c6edf9aa,stage1-deterministic-coverage,1
b2f723c3-fea3-57c3-b092-2be7825c5a5e,licence mention sciences pour l'ingénieur,FR,onisep-fr-stage1-040,application_url,"""https://www.univ-reims.fr/eisine/formations/licences/licences,22847,39625.html""",programme,,,https://api.opendata.onisep.fr/downloads/605344579a7d7/605344579a7d7.csv,"Onisep AF page web: https://www.univ-reims.fr/eisine/formations/licences/licences,22847,39625.html",onisep_higher_ed,GOVERNMENT,GOVERNMENT,bf0ff9a929fecfe1974dcc64639baec0496be306ce750ce9211f611329408104,stage1-coverage-20260916-raw-bf0ff9a929fecfe1974dcc64,stage1-deterministic-coverage,1
7af5cdae-1e38-5d6c-a16b-d92503e58923,master mention physique fondamentale et applications,FR,onisep-fr-stage1-035,application_url,"""https://univ-cotedazur.fr/formation/offre-de-formation/master-physique-fondamentale-et-applications#parcours""",programme,,,https://api.opendata.onisep.fr/downloads/605344579a7d7/605344579a7d7.csv,Onisep AF page web: https://univ-cotedazur.fr/formation/offre-de-formation/master-physique-fondamentale-et-applications#parcours,onisep_higher_ed,GOVERNMENT,GOVERNMENT,bf0ff9a929fecfe1974dcc64639baec0496be306ce750ce9211f611329408104,stage1-coverage-20260916-raw-bf0ff9a929fecfe1974dcc64,stage1-deterministic-coverage,1
8eb42e1e-62a2-5044-987d-01719cd7d204,Law,UK,discover-uk-stage1-004,application_url,"""https://www.aru.ac.uk/study/undergraduate/law""",programme,,,https://discoveruni.gov.uk/en/course-details/10000291/K00001/Full-time/,Discover Uni Course page: https://www.aru.ac.uk/study/undergraduate/law,discover_uni,GOVERNMENT,CATALOGUE_PROVIDER,71e930b10ffe9a63c8e669bab12e8e18f56e952ff3e719777ebe0fc1b7eea561,stage1-coverage-20260916-raw-71e930b10ffe9a63c8e669ba,stage1-deterministic-coverage,1
6ed310cc-38b0-5e8f-992a-1d7ebe481f14,Sustainability Transitions (joint degree),NL,duo-nl-stage1-013,work_experience,"{""details"":""DUO RIO reports GEEN_EISEN for EISEN_WERKZAAMHEDEN."",""requirement_status"":""not_required""}",programme,,,https://onderwijsdata.duo.nl/api/3/action/datastore_search?resource_id=ffffa7ad-e6a2-4ba7-9fc2-a09df4128555&limit=1&filters=%7B%22ONDERWIJSBESTUURID%22%3A%22107B477%22%2C%22OPLEIDINGSEENHEIDCODE%22%3A%221016O4303%22%7D,DUO RIO EISEN_WERKZAAMHEDEN=GEEN_EISEN,duo_rio,GOVERNMENT,GOVERNMENT,505ae4b4ed1cb9228db827dfee51a90eb938c07df3933da6e572bbc3603686ae,stage1-coverage-20260916-raw-505ae4b4ed1cb9228db827df,stage1-deterministic-coverage,1
a7314bac-e141-553c-b6f2-6f6577f85f8f,"master mention sciences de la Terre et des planètes, environnement",FR,onisep-fr-stage1-036,application_url,"""https://masterste.wixsite.com/accueil/parcours-3g""",programme,,,https://api.opendata.onisep.fr/downloads/605344579a7d7/605344579a7d7.csv,Onisep AF page web: https://masterste.wixsite.com/accueil/parcours-3g,onisep_higher_ed,GOVERNMENT,GOVERNMENT,bf0ff9a929fecfe1974dcc64639baec0496be306ce750ce9211f611329408104,stage1-coverage-20260916-raw-bf0ff9a929fecfe1974dcc64,stage1-deterministic-coverage,1
ee721859-3e1a-5f30-bbbc-8738b875a484,BUT techniques de commercialisation parcours business développement et management de la relation client,FR,onisep-fr-stage1-039,application_url,"""https://www.iut-rcc.fr/media-files/30682/but-tc08.pdf""",programme,,,https://api.opendata.onisep.fr/downloads/605344579a7d7/605344579a7d7.csv,Onisep AF page web: https://www.iut-rcc.fr/media-files/30682/but-tc08.pdf,onisep_higher_ed,GOVERNMENT,GOVERNMENT,bf0ff9a929fecfe1974dcc64639baec0496be306ce750ce9211f611329408104,stage1-coverage-20260916-raw-bf0ff9a929fecfe1974dcc64,stage1-deterministic-coverage,1
8e8f2126-460d-5840-b1e8-d4144fbd4007,Master sciences des donnees,FR,centrale-lille-fr-canary,application_url,"""https://centralelille.fr/formation/masters/fiche-master-data-science/""",programme,,,https://api.opendata.onisep.fr/downloads/605344579a7d7/605344579a7d7.csv,Onisep AF page web: https://centralelille.fr/formation/masters/fiche-master-data-science/,onisep_higher_ed,GOVERNMENT,GOVERNMENT,bf0ff9a929fecfe1974dcc64639baec0496be306ce750ce9211f611329408104,stage1-coverage-20260916-raw-bf0ff9a929fecfe1974dcc64,stage1-deterministic-coverage,1
e21a74fb-4986-5481-9095-01428fac91ef,Computer Science,UK,nottingham-uk-canary,tuition,"{""academic_cycle"":""2027/28"",""amount"":10050,""audience"":""domestic"",""credential"":""tuition fee"",""currency"":""GBP"",""fee_period"":""annual""}",programme,domestic,2027/28,https://www.nottingham.ac.uk/studywithus/ugstudy/courses/UG/Computer-Science-BSc-Hons.html,"ribution to the wider student population. You can find lots of useful information on the mature students webpage . Fees £10,050 per year Tuition fees 2027/28 (UK undergraduate students) This is the UK undergraduate tuition fee for the academic year 27/28. It may increase for the academic year 28/29 and we will update our information once we have received confirmation of the fee. For full details including fees for part-time students and reduced fees during your time studying abroad or on placement (where applicable), please visit our fees page . Additional costs",official_university_page,OFFICIAL,DIRECT_OFFICIAL,2480b70f4c200ca950cdc5da258e33cd8946ecb66b76b35fb783b23c2863a4e5,stage1-coverage-20260916-raw-2480b70f4c200ca950cdc5da,stage1-deterministic-coverage,1
3de52a35-3c2d-58bb-9e06-01d688b47671,Leadership & Management,UK,discover-uk-stage1-016,tuition,"{""amount"":7100,""credential"":""tuition fee"",""currency"":""GBP"",""fee_period"":""annual""}",programme,,,https://www.boston.ac.uk/find-a-course/view-all-courses/leadership-and-management-hnd-level-5,"Rochford Campus in Boston, plus independent study. Fees and Funding The Leadership and Management HND Level 5 will cost £7100 per year. You can apply for a student loan to cover the costs of course fees. You may also be able to apply for various grants and loans to support your learning. Specific advice regarding student loans and other benefits can be obtained from www.gov.uk/student-finance . Disabled Students' Allowance (DSA) If you’re studying a Higher Education course you may be eligible for Disabled Students’ Allowance (DSA). DSA supports students with l",official_university_page,OFFICIAL,DIRECT_OFFICIAL,77b6b6a3e2491d6cc36c2e8c184026bf60f485ba6baba9dcf15d95e95273394e,stage1-coverage-20260916-raw-77b6b6a3e2491d6cc36c2e8c,stage1-deterministic-coverage,1
daa9521e-4e07-53a8-b85a-bcd0c566e374,Computing: Cyber Security,UK,discover-uk-stage1-023,application_url,"""https://www.lsec.ac.uk/courses/higher-education/computing-and-it/btec-hnd-in-computing-cyber-security-htq""",programme,,,https://discoveruni.gov.uk/en/course-details/10000948/HNDCMCS/Full-time/,Discover Uni Course page: https://www.lsec.ac.uk/courses/higher-education/computing-and-it/btec-hnd-in-computing-cyber-security-htq,discover_uni,GOVERNMENT,CATALOGUE_PROVIDER,7ddf42641e4757084ed6b1c8b4a919b0f05fe67ddc2e31b92312b18b50ac10d5,stage1-coverage-20260916-raw-7ddf42641e4757084ed6b1c8,stage1-deterministic-coverage,1
9e56967c-c215-5e0b-ba38-018d61a6a991,Computer Science,UK,edinburgh-uk-canary,final_deadline,"""2027-01-13""",programme,,,https://study.ed.ac.uk/programmes/undergraduate/57-computer-science,"hen we decide who to select for this degree programme. How we select applicants When to apply 2027 entry UCAS deadline: 13 January 2027 (6:00pm GMT) This is the deadline for all UK, EU and international applicants to non-medicine and veterinary medicine programmes. To find out if any degree programmes have spaces after 13 January 2027, search the University of Edinburgh on the UCAS website. Search degrees that are open on the UCAS website Key application dates and deadlines After you apply",official_university_page,OFFICIAL,DIRECT_OFFICIAL,eb6d761196fce7920832f314f674a153671f3220fa080770fbeb7e5153c1fd63,stage1-coverage-20260916-raw-eb6d761196fce7920832f314,stage1-deterministic-coverage,1
aab072ce-4ac6-5c86-a311-170c1ed24c00,Radiography (Diagnostic Imaging),UK,discover-uk-stage1-002,application_url,"""https://www.hsu.ac.uk/course/bsc-hons-radiography-diagnostic-imaging/#overview""",programme,,,https://discoveruni.gov.uk/en/course-details/10000163/BSRDIF-B821/Full-time/,Discover Uni Course page: https://www.hsu.ac.uk/course/bsc-hons-radiography-diagnostic-imaging/#overview,discover_uni,GOVERNMENT,CATALOGUE_PROVIDER,73ae6bb0680b466fdfca03bc5a14042875d965e5c6bc4d270f956119cdc44ffb,stage1-coverage-20260916-raw-73ae6bb0680b466fdfca03bc,stage1-deterministic-coverage,1
c4ca6963-813a-5121-a844-b24e4ffc1097,Information Technology,FI,uef-fi-canary,application_url,"""https://opintopolku.fi/hakemus/hakukohde/1.2.246.562.20.00000000000000076731?lang=en""",programme,,,https://opintopolku.fi/konfo-backend/hakukohde/1.2.246.562.20.00000000000000076731,Studyinfo hakulomakeLinkki.en=https://opintopolku.fi/hakemus/hakukohde/1.2.246.562.20.00000000000000076731?lang=en,studyinfo_hakukohde,GOVERNMENT,GOVERNMENT,05c26d42665d068ba0dfe3217c2ce032c279df0332e5d55c74e9ceb8ae49fcba,stage1-coverage-20260916-raw-05c26d42665d068ba0dfe321,stage1-deterministic-coverage,1
8eb42e1e-62a2-5044-987d-01719cd7d204,Law,UK,discover-uk-stage1-004,scholarships,"{""details"":""Bursaries, scholarships and part-time work We offer a range of scholarships and bursaries for UK and international students , which provide extra financial support while you’re at university."",""funding_type"":""financial_aid_policy""}",programme,,,https://www.aru.ac.uk/study/undergraduate/law,"Bursaries, scholarships and part-time work We offer a range of scholarships and bursaries for UK and international students , which provide extra financial support while you’re at university.",official_university_page,OFFICIAL,DIRECT_OFFICIAL,6caa911e31c45c7188674f785bbf96914b01502cd3b650bd5796f957f620bcde,stage1-coverage-20260916-raw-6caa911e31c45c7188674f78,stage1-deterministic-coverage,1
95d3bbf1-7e5d-5412-96b3-c6022bd8b35a,Computing For England (General) (Barking and Dagenham),UK,discover-uk-stage1-008,application_url,"""https://www.gre.ac.uk/foundation-degrees/engsci/computing-for-england-general-hnd-barking-and-dagenham-college""",programme,,,https://discoveruni.gov.uk/en/course-details/10000528/K0677/Full-time/,Discover Uni Course page: https://www.gre.ac.uk/foundation-degrees/engsci/computing-for-england-general-hnd-barking-and-dagenham-college,discover_uni,GOVERNMENT,CATALOGUE_PROVIDER,58ce21545d2412e3a9901835ca4b5e518c883c4fbedebb94f5e4e6d070e1135d,stage1-coverage-20260916-raw-58ce21545d2412e3a9901835,stage1-deterministic-coverage,1
6a7210f2-06be-539a-8480-cf8386a4f915,Early Years Professional Leadership,UK,discover-uk-stage1-023,application_url,"""https://www.lsec.ac.uk/courses/higher-education/children-and-young-peoples-education/btec-hnd-in-early-years-professional-leadership-htq""",programme,,,https://discoveruni.gov.uk/en/course-details/10000948/HNDEYPL/Full-time/,Discover Uni Course page: https://www.lsec.ac.uk/courses/higher-education/children-and-young-peoples-education/btec-hnd-in-early-years-professional-leadership-htq,discover_uni,GOVERNMENT,CATALOGUE_PROVIDER,f99cb3977e9ed55e02a11aaf4628e4e74a6b04e43371540a339a6b405f9f5cf6,stage1-coverage-20260916-raw-f99cb3977e9ed55e02a11aaf,stage1-deterministic-coverage,1
770878eb-c3e4-583c-aeb7-0113b97486cf,Pharmacy,UK,discover-uk-stage1-021,tuition,"{""academic_cycle"":""2026"",""amount"":19692,""audience"":""international"",""credential"":""international tuition fee"",""currency"":""GBP"",""fee_period"":""annual""}",programme,international,2026,https://www.brighton.ac.uk/courses/study/pharmacy-mpharm-with-preparatory-year.aspx,", or you can watch the video on YouTube . Fees and costs Course fees UK (full-time) 9,790 GBP International (full-time) 19,692 GBP The course fees shown here are what you will pay for the first year of your course if you start in the academic year 2026–27 and you are studying full-time (fee amount is subject to parliamentary approval). You pay fees in each year of your course. The fees you pay may increase each year. Regulated fees Fees for UK students on undergraduate and some postgraduate courses are set by the UK government. These are known as regulated fees .",official_university_page,OFFICIAL,DIRECT_OFFICIAL,194120ec9c3e75fa8da26931c37c04e0223b472e1a82d6168711eba36212351b,stage1-coverage-20260916-raw-194120ec9c3e75fa8da26931,stage1-deterministic-coverage,1
0f512584-17ba-595f-8723-74993b8cfbe0,Fine Art and Design in Education,NL,duo-nl-stage1-012,application_url,"""https://www.artez.nl/opleidingen/bachelor/docent-beeldende-kunst-en-vormgeving-deeltijd-arnhem""",programme,,,https://onderwijsdata.duo.nl/api/3/action/datastore_search?resource_id=ffffa7ad-e6a2-4ba7-9fc2-a09df4128555&limit=1&filters=%7B%22ONDERWIJSBESTUURID%22%3A%22107B580%22%2C%22OPLEIDINGSEENHEIDCODE%22%3A%221001O5087%22%7D,DUO RIO WEBSITE=https://www.artez.nl/opleidingen/bachelor/docent-beeldende-kunst-en-vormgeving-deeltijd-arnhem,duo_rio,GOVERNMENT,GOVERNMENT,631fa824493f39c5b1c1d29a4b43c08465de17d812266d8eb478402008c503e8,stage1-coverage-20260916-raw-631fa824493f39c5b1c1d29a,stage1-deterministic-coverage,1
e21a74fb-4986-5481-9095-01428fac91ef,Computer Science,UK,nottingham-uk-canary,ielts_overall,6.5,programme,,,https://www.nottingham.ac.uk/studywithus/ugstudy/courses/UG/Computer-Science-BSc-Hons.html,"ss to HE Diploma with 42 Level 3 graded credits at Distinction and 3 Level 3 graded at Merit IELTS/English requirements IELTS 6.5 (no less than 6.0 in any element) English language requirements As well as IELTS (listed above), we also accept other English language qualifications. This includes TOEFL iBT, Pearson PTE, GCSE, IB and O level English. Check our English language policies and equivalencies for further details. For pre-sessional English, or one-year foundation courses, you must take a Secure English Language Test (SELT) that is recogn",official_university_page,OFFICIAL,DIRECT_OFFICIAL,2480b70f4c200ca950cdc5da258e33cd8946ecb66b76b35fb783b23c2863a4e5,stage1-coverage-20260916-raw-2480b70f4c200ca950cdc5da,stage1-deterministic-coverage,1
aab072ce-4ac6-5c86-a311-170c1ed24c00,Radiography (Diagnostic Imaging),UK,discover-uk-stage1-002,scholarships,"{""details"":""Students from low-income backgrounds eligible for bursary support from the HSU may be able to have this funded."",""funding_type"":""financial_aid_policy""}",programme,,,https://www.hsu.ac.uk/course/bsc-hons-radiography-diagnostic-imaging/#overview,Students from low-income backgrounds eligible for bursary support from the HSU may be able to have this funded.,official_university_page,OFFICIAL,DIRECT_OFFICIAL,bb3a5d461ecb6f77285e3b6ebc83ef869572ced3ef381c8c6e552c972292ecd1,stage1-coverage-20260916-raw-bb3a5d461ecb6f77285e3b6e,stage1-deterministic-coverage,1
c71397c3-c640-5a07-9cb8-8f9d7f00b9a8,BUT métiers de la transition et de l'efficacité énergétiques parcours réalisation des installations énergétiques pour le bâtiment et l'industrie,FR,onisep-fr-stage1-013,application_url,"""https://www.uca.fr/formation/nos-formations/par-ufr-ecoles-et-iut/iut-clermont-auvergne/but/but-genie-thermique""",programme,,,https://api.opendata.onisep.fr/downloads/605344579a7d7/605344579a7d7.csv,Onisep AF page web: https://www.uca.fr/formation/nos-formations/par-ufr-ecoles-et-iut/iut-clermont-auvergne/but/but-genie-thermique,onisep_higher_ed,GOVERNMENT,GOVERNMENT,bf0ff9a929fecfe1974dcc64639baec0496be306ce750ce9211f611329408104,stage1-coverage-20260916-raw-bf0ff9a929fecfe1974dcc64,stage1-deterministic-coverage,1
271f2b25-6d27-59ee-9488-5a932948ecc1,Design,NL,duo-nl-stage1-017,delivery_mode,"""full-time""",programme,,,https://onderwijsdata.duo.nl/api/3/action/datastore_search?resource_id=ffffa7ad-e6a2-4ba7-9fc2-a09df4128555&limit=1&filters=%7B%22ONDERWIJSBESTUURID%22%3A%22107B525%22%2C%22OPLEIDINGSEENHEIDCODE%22%3A%221001O5102%22%7D,DUO RIO VORM=VOLTIJD,duo_rio,GOVERNMENT,GOVERNMENT,db86867b615a8e49dc0a024fa562af8c2b6d7cb6c8e90cba30b0f1a5826bafad,stage1-coverage-20260916-raw-db86867b615a8e49dc0a024f,stage1-deterministic-coverage,1
87ff2832-35fa-524a-9ae3-c8b7aeabad3b,Business and Management Practice,UK,discover-uk-stage1-001,subject_prerequisites,"""including Mathematics and English Language or equivalents""",programme,,,https://www.brookes.ac.uk/courses/undergraduate/business-and-management-practice-fda,"meet one of the following sets of requirements: Three passes at GCSE (grades A – C) or O-level (grades A – C), normally including Mathematics and English Language or equivalents. PLUS (a) a minimum of one pass at A-Level or 6-unit Vocational A-Level; or (b) a National Certificate or Diploma or other equivalent qualification; or (c) exceptionally, demonstration through an extended CV, references and interview that they have the knowle",official_university_page,OFFICIAL,DIRECT_OFFICIAL,e4165dcd598a14e4daf1d848597d36cec497f992c4f0fa12560f62a09ea74e51,stage1-coverage-20260916-raw-e4165dcd598a14e4daf1d848,stage1-deterministic-coverage,1
8322e08f-eb1d-50a8-bd91-33371fb57645,Mathematics and Computer Science,UK,imperial-uk-canary,final_deadline,"""2027-01-13""",programme,,,https://www.imperial.ac.uk/study/courses/undergraduate/mathematics-computer-science-beng/,"your application. Submit your application via UCAS | GG14 UCAS institution code: I50 Application deadlines – Wednesday 13 January 2027 at 18.00 (UK time) Admissions test – the TMUA Admissions test (TMUA) To be eligible for selection for this course for 2027 entry, you must sit the Test of Mathematics for University Admission (TMUA) as part of the application process. Check the entry requirements section on this page to learn more about the TMUA and how to register for this test. Selection",official_university_page,OFFICIAL,DIRECT_OFFICIAL,24389a960e7703c91597ee925c0b8fb35988772e588886a037c50c1b53714cd5,stage1-coverage-20260916-raw-24389a960e7703c91597ee92,stage1-deterministic-coverage,1
ee43edae-4df6-560b-b1fb-fe25f1cc0350,International Business,FI,haaga-helia-fi-canary,standardized_tests,"{""requirement_status"":""required"",""test"":""GMAT/GRE""}",programme,,,https://opintopolku.fi/konfo-backend/valintaperuste/88fc8a7e-9804-478d-bf45-18af037bf8e7,"rong>for non EU, EEA or Switzerland citizens</strong> 12,000 EUR per academic year</li><li value=""6"">Intake: 20 (4 with GMAT or GRE test and 16 with entrance examination)</li><li value=""7"">Place: Virtual</li></ul><p></p><p><strong>Admission in short</strong></p><p></p><p>Joint application period to Haaga-Helia UAS from 31 August to 10 September 2026:</p><ol><li value=""1"">Submit",studyinfo_valintaperuste,GOVERNMENT,GOVERNMENT,ae33ef1355037be951d7ab890b61d7c18702132bf67683e3f708f3b97f73460f,stage1-coverage-20260916-raw-ae33ef1355037be951d7ab89,stage1-deterministic-coverage,1
5899253a-cf94-5a60-ae1a-dd8d5638d45c,"Theology, Ministry and Mission",UK,discover-uk-stage1-022,application_url,"""https://www.bristol-baptist.ac.uk/undergraduate/""",programme,,,https://discoveruni.gov.uk/en/course-details/10000894/BATMM/Full-time/,Discover Uni Course page: https://www.bristol-baptist.ac.uk/undergraduate/,discover_uni,GOVERNMENT,CATALOGUE_PROVIDER,d62b4f043ebfb19e56cd03a44f0881c10009f07acae7785335b42899c1d9cf85,stage1-coverage-20260916-raw-d62b4f043ebfb19e56cd03a4,stage1-deterministic-coverage,1
8e50c3cc-f732-5c1a-a6d9-5a011949e138,Education in Primary Schools (age 4 - 12),NL,duo-nl-stage1-008,programme_language,"""Dutch""",programme,,,https://onderwijsdata.duo.nl/api/3/action/datastore_search?resource_id=ffffa7ad-e6a2-4ba7-9fc2-a09df4128555&limit=1&filters=%7B%22ONDERWIJSBESTUURID%22%3A%22107B460%22%2C%22OPLEIDINGSEENHEIDCODE%22%3A%221001O4361%22%7D,DUO RIO VOERTAAL=NLD,duo_rio,GOVERNMENT,GOVERNMENT,19450af8cf3663e2fbd667043fdb1597eaddf10f6d9a815fc591a902484add3e,stage1-coverage-20260916-raw-19450af8cf3663e2fbd66704,stage1-deterministic-coverage,1
ceec9355-9c45-56cb-a776-d302dd78bb57,master mention informatique,FR,onisep-fr-stage1-024,application_url,"""https://www.eurecom.fr/fr/les-formations/master-en-informatique""",programme,,,https://api.opendata.onisep.fr/downloads/605344579a7d7/605344579a7d7.csv,Onisep AF page web: https://www.eurecom.fr/fr/les-formations/master-en-informatique,onisep_higher_ed,GOVERNMENT,GOVERNMENT,bf0ff9a929fecfe1974dcc64639baec0496be306ce750ce9211f611329408104,stage1-coverage-20260916-raw-bf0ff9a929fecfe1974dcc64,stage1-deterministic-coverage,1
60e2e546-beec-559f-8803-ff7d234c1959,Biblical and Intercultural Studies,UK,discover-uk-stage1-003,intakes,"{""source_label"":""Start date"",""start_dates"":[""2027-09-01""]}",programme,,,https://www.allnations.ac.uk/courses/diploma-in-biblical-studies,"nable to get time off from their work and ministry (e.g. bi-vocational workers) to also study part-time with us. Course Start Dates OU Diploma (HE) in Biblical and Intercultural Studies (2 years) - September 2027 If you have any questions please contact ba@allnations.ac.uk What Will I Study? Christian Mission and Ministry modules within the Diploma in Biblical and Intercultural Studies equip students with comprehensive knowledge of mission and ministry, practical skills for effective service, and opportunities for personal and spiritu",official_university_page,OFFICIAL,DIRECT_OFFICIAL,e1c65ab19df62827b163fae8c0cce06ec6b0226d5cc86990df15533eaaa277b3,stage1-coverage-20260916-raw-e1c65ab19df62827b163fae8,stage1-deterministic-coverage,1
203e027d-3bf3-57ca-9bf7-6bcaf82a909a,Computer Science,UK,nottingham-uk-canary,ielts_subscores,"{""minimum_each"":6,""minimum_overall"":6.5,""source_text"":""ur offer. * Additional eligibility requirements apply. View further details on this scheme . IELTS/English requirements IELTS 6.5 (no less than 6.0 in any element) English language requirements As well as IELTS (listed above), we also accept other English language qualifications. This includes TOEFL iBT, Pearson PTE, GCSE, IB and O level English. Check our English language policies and equivalencies for further details. For pre-sessional English, or one-year foundation courses, you must take a Secure English Language Test (SELT) that is recogn""}",programme,,,https://www.nottingham.ac.uk/studywithus/ugstudy/courses/UG/Computer-Science-MSci-Hons.html,"ur offer. * Additional eligibility requirements apply. View further details on this scheme . IELTS/English requirements IELTS 6.5 (no less than 6.0 in any element) English language requirements As well as IELTS (listed above), we also accept other English language qualifications. This includes TOEFL iBT, Pearson PTE, GCSE, IB and O level English. Check our English language policies and equivalencies for further details. For pre-sessional English, or one-year foundation courses, you must take a Secure English Language Test (SELT) that is recogn",official_university_page,OFFICIAL,DIRECT_OFFICIAL,cddd3c4e76f96b643a9d66a9930cc6ce99886c8d39e7f851dbf988e6713d9f7f,stage1-coverage-20260916-raw-cddd3c4e76f96b643a9d66a9,stage1-deterministic-coverage,1
2d63a989-f592-52d3-9a35-1cab15b8fafe,Informatica,NL,uva-nl-canary,application_url,"""http://uva.nl/bsc-informatica""",programme,,,https://onderwijsdata.duo.nl/api/3/action/datastore_search?filters=%7B%22ONDERWIJSBESTUURID%22%3A%22107B473%22%2C%22OPLEIDINGSEENHEIDCODE%22%3A%221001O6172%22%7D&limit=1&resource_id=ffffa7ad-e6a2-4ba7-9fc2-a09df4128555,DUO RIO WEBSITE=http://uva.nl/bsc-informatica,duo_rio,GOVERNMENT,GOVERNMENT,9baadcd34d28eb0557ed6b11228b63ea7d1fc06507de48afb1d72b78b4373030,stage1-coverage-20260916-raw-9baadcd34d28eb0557ed6b11,stage1-deterministic-coverage,1
9c7a356e-e589-5c3b-a538-c3b048b27a66,master mention ingénierie de conception,FR,onisep-fr-stage1-040,application_url,"""https://www.univ-reims.fr/eisine/formations/masters/masters,22849,39624.html""",programme,,,https://api.opendata.onisep.fr/downloads/605344579a7d7/605344579a7d7.csv,"Onisep AF page web: https://www.univ-reims.fr/eisine/formations/masters/masters,22849,39624.html",onisep_higher_ed,GOVERNMENT,GOVERNMENT,bf0ff9a929fecfe1974dcc64639baec0496be306ce750ce9211f611329408104,stage1-coverage-20260916-raw-bf0ff9a929fecfe1974dcc64,stage1-deterministic-coverage,1
d649d1a4-f5d6-55c4-bac1-8db8a9953756,Photography,UK,discover-uk-stage1-012,work_experience,"{""details"":""Mature students with relevant life or employment experience will also be considered"",""requirement_status"":""conditional""}",programme,,,https://bacoll.ac.uk/course/hnd-photography/,"Certificates, or an Access to HE Diploma, plus ideally a portfolio of your previous photographic work if you have one. Mature students with relevant life or employment experience will also be considered. Equivalent international qualifications are considered on a case-by-case basis. What will I do? Units for Level 5 . Professional Practice (ongoing) . Applied Practice collaborative Project (Pearson-Set) . Advanced Photographic Studies . Moving image . Photoj",official_university_page,OFFICIAL,DIRECT_OFFICIAL,fb2e023e7ecb0cf76242a4795d0115176b7e6b07ece4c2c8ef5fc0fdf94ec962,stage1-coverage-20260916-raw-fb2e023e7ecb0cf76242a479,stage1-deterministic-coverage,1
203e027d-3bf3-57ca-9bf7-6bcaf82a909a,Computer Science,UK,nottingham-uk-canary,tuition,"{""academic_cycle"":""2027/28"",""amount"":10050,""audience"":""domestic"",""credential"":""tuition fee"",""currency"":""GBP"",""fee_period"":""annual""}",programme,domestic,2027/28,https://www.nottingham.ac.uk/studywithus/ugstudy/courses/UG/Computer-Science-MSci-Hons.html,"ribution to the wider student population. You can find lots of useful information on the mature students webpage . Fees £10,050 per year Tuition fees 2027/28 (UK undergraduate students) This is the UK undergraduate tuition fee for the academic year 27/28. It may increase for the academic year 28/29 and we will update our information once we have received confirmation of the fee. For full details including fees for part-time students and reduced fees during your time studying abroad or on placement (where applicable), please visit our fees page . Additional costs",official_university_page,OFFICIAL,DIRECT_OFFICIAL,cddd3c4e76f96b643a9d66a9930cc6ce99886c8d39e7f851dbf988e6713d9f7f,stage1-coverage-20260916-raw-cddd3c4e76f96b643a9d66a9,stage1-deterministic-coverage,1
df53e148-1899-5eb0-b91b-2abd84256559,Computer Science,UK,bristol-uk-canary,ielts_overall,6.5,programme,,,https://www.bristol.ac.uk/study/undergraduate/2026/computer-science/bsc-computer-science/,"levels . English language requirements If English is not your first language, you need to have one of the following: • IELTS 6.5 overall with 6.0 in all skills • GCSE English Language grade C or 4 • an alternative qualification outlined in our Profile level E. Further information about English language requirements and profile levels Related courses See a list of all Computer Science degrees at Bristol, and find more information about the course, assessment and career prospects. MEng Computer Science MEng Computer Science with Innovation MEng",official_university_page,OFFICIAL,DIRECT_OFFICIAL,f2d5e25a77d7aef16d0076b6e90e3415d9a12fe60b3f7344b7ffd581caad2326,stage1-coverage-20260916-raw-f2d5e25a77d7aef16d0076b6,stage1-deterministic-coverage,1
d3500ac3-9288-5594-91cf-cc8f2dc1c9d3,Applied Biology,NL,duo-nl-stage1-011,work_experience,"{""details"":""DUO RIO reports GEEN_EISEN for EISEN_WERKZAAMHEDEN."",""requirement_status"":""not_required""}",programme,,,https://onderwijsdata.duo.nl/api/3/action/datastore_search?resource_id=ffffa7ad-e6a2-4ba7-9fc2-a09df4128555&limit=1&filters=%7B%22ONDERWIJSBESTUURID%22%3A%22100B561%22%2C%22OPLEIDINGSEENHEIDCODE%22%3A%221001O2646%22%7D,DUO RIO EISEN_WERKZAAMHEDEN=GEEN_EISEN,duo_rio,GOVERNMENT,GOVERNMENT,6de9099c7889071aa1fe8041279b1beb324a6571013fc128a6cb40c48ca30401,stage1-coverage-20260916-raw-6de9099c7889071aa1fe8041,stage1-deterministic-coverage,1
c5b5eba6-707a-51a9-b64a-9385389c6bd7,Mathematics and Computer Science,UK,imperial-uk-canary,subject_prerequisites,"""To include: A* in Mathematics A* in Further Mathematics A in a useful subject Recommended subjects Computer Science Physics Useful subjects Ancient Language, Biology, Chemistry, Economics, Electronics, English Literature, History, Languages, Law, Philosophy, Politics, Psychology Not accepted : ICT, Business Studies, General Studie""",programme,,,https://www.imperial.ac.uk/study/courses/undergraduate/mathematics-computer-science-meng/,"ions test (TMUA) and interview English language requirement Foundation programmes A-levels Minimum entry standard A*A*A To include: A* in Mathematics A* in Further Mathematics A in a useful subject Recommended subjects Computer Science Physics Useful subjects Ancient Language, Biology, Chemistry, Economics, Electronics, English Literature, History, Languages, Law, Philosophy, Politics, Psychology Not accepted : ICT, Business Studies, General Studies and Critical Thinking Science Practical Endorsement: If you are made an offer you will be required to achieve a pass in the practical endorsement in all science subjects that form part of the offer. Further Mathematics: We are able to make specia",official_university_page,OFFICIAL,DIRECT_OFFICIAL,e0e210bec2d7ac80f4f55876571d897b1caf5cc864467210411b42183c53ee4d,stage1-coverage-20260916-raw-e0e210bec2d7ac80f4f55876,stage1-deterministic-coverage,1
d0fa5375-aec0-55a2-ad4b-23ae41795088,Art and Design,UK,discover-uk-stage1-012,work_experience,"{""details"":""mature students with relevant life or employment experience will also be considered individually"",""requirement_status"":""conditional""}",programme,,,https://bacoll.ac.uk/course/hnd-fine-art/,olio demonstrating artistic ability; equivalent international qualifications will also be considered. Applications from mature students with relevant life or employment experience will also be considered individually. What will I do? Whilst studying the HND in Art and Design Level 5 you will complete projects and assignments which include both theory and practical. Units include: Professional development Contextual studies Individual project (Pearson-set) Techniques and p,official_university_page,OFFICIAL,DIRECT_OFFICIAL,ee53c877a3458d014b9c03e9c319d1dc9eb6f05243eebcf14070cbc4ef04e737,stage1-coverage-20260916-raw-ee53c877a3458d014b9c03e9,stage1-deterministic-coverage,1
056c787b-cb1e-526e-bb3d-9a731e339a19,Data Science,UK,manchester-uk-canary,recommendation_letters,"""Reference""",programme,,,https://www.manchester.ac.uk/study/undergraduate/courses/2026/12952/bsc-computer-science-with-an-integrated-foundation-year/,"re applying. You will be required to demonstrate that you meet the specified academic entry requirements of the course. We will also require a reference from somebody who knows you well enough, in an official capacity, to write about you and your suitability for higher education. Please refer to UCAS for further information: UCAS reference guidelines. If you are a home schooled student and would like further information or advice please contact the academic School for your chosen course who will be able to help you. Non-standard educ",official_university_page,OFFICIAL,DIRECT_OFFICIAL,a03ef8078f86d20105b50a5670876b09891ede32baced1c3a5abb04e7b89b509,stage1-coverage-20260916-raw-a03ef8078f86d20105b50a56,stage1-deterministic-coverage,1
3de52a35-3c2d-58bb-9e06-01d688b47671,Leadership & Management,UK,discover-uk-stage1-016,application_url,"""https://www.boston.ac.uk/courses/find-a-course/area/business/leadership-and-management-hnd-level-5/""",programme,,,https://discoveruni.gov.uk/en/course-details/10000812/113985/Full-time/,Discover Uni Course page: https://www.boston.ac.uk/courses/find-a-course/area/business/leadership-and-management-hnd-level-5/,discover_uni,GOVERNMENT,CATALOGUE_PROVIDER,cab08da7032b73f64b58b4c9ca3ebc80100a38b5743b16ecd11888d896242cbf,stage1-coverage-20260916-raw-cab08da7032b73f64b58b4c9,stage1-deterministic-coverage,1
7415a39b-2f5f-5571-bfc7-43976f8d48d7,Equine Science and Management,UK,discover-uk-stage1-007,application_url,"""https://www.askham-bryan.ac.uk/courses/fdsc-equine-science-and-management/""",programme,,,https://discoveruni.gov.uk/en/course-details/10000415/L58T22/Full-time/,Discover Uni Course page: https://www.askham-bryan.ac.uk/courses/fdsc-equine-science-and-management/,discover_uni,GOVERNMENT,CATALOGUE_PROVIDER,3aec87ae8fd087d29026c30c4d81a7fa2596bdc876f926e1f0d920052cc9a85b,stage1-coverage-20260916-raw-3aec87ae8fd087d29026c30c,stage1-deterministic-coverage,1
4a6dc990-011c-5b1c-8192-72159ff410fc,licence mention histoire,FR,onisep-fr-stage1-002,application_url,"""https://bourgenbresse.univ-lyon3.fr/licence-histoire-bourg-en-bresse-1""",programme,,,https://api.opendata.onisep.fr/downloads/605344579a7d7/605344579a7d7.csv,Onisep AF page web: https://bourgenbresse.univ-lyon3.fr/licence-histoire-bourg-en-bresse-1,onisep_higher_ed,GOVERNMENT,GOVERNMENT,bf0ff9a929fecfe1974dcc64639baec0496be306ce750ce9211f611329408104,stage1-coverage-20260916-raw-bf0ff9a929fecfe1974dcc64,stage1-deterministic-coverage,1
d3500ac3-9288-5594-91cf-cc8f2dc1c9d3,Applied Biology,NL,duo-nl-stage1-011,delivery_mode,"""full-time""",programme,,,https://onderwijsdata.duo.nl/api/3/action/datastore_search?resource_id=ffffa7ad-e6a2-4ba7-9fc2-a09df4128555&limit=1&filters=%7B%22ONDERWIJSBESTUURID%22%3A%22100B561%22%2C%22OPLEIDINGSEENHEIDCODE%22%3A%221001O2646%22%7D,DUO RIO VORM=VOLTIJD,duo_rio,GOVERNMENT,GOVERNMENT,6de9099c7889071aa1fe8041279b1beb324a6571013fc128a6cb40c48ca30401,stage1-coverage-20260916-raw-6de9099c7889071aa1fe8041,stage1-deterministic-coverage,1
c695f7f2-0ce1-5caa-9600-cf5fc759a332,Computer Science MSc,FI,aalto-fi-canary,intakes,"{""start_date"":""2027-08-01""}",programme,,,https://opintopolku.fi/konfo-backend/hakukohde/1.2.246.562.20.00000000000000091188,Studyinfo paateltyAlkamisajankohta.pvm=2027-08-01,studyinfo_hakukohde,GOVERNMENT,GOVERNMENT,af8763cb892e92d029e263919a125fa670e8c03a33a05839ef18edcfce847c8c,stage1-coverage-20260916-raw-af8763cb892e92d029e26391,stage1-deterministic-coverage,1
ee43edae-4df6-560b-b1fb-fe25f1cc0350,International Business,FI,haaga-helia-fi-canary,tuition,"{""amount"":12000,""audience"":""international"",""credential"":""tuition fee for non-EU/EEA students"",""currency"":""EUR"",""fee_period"":""annual""}",programme,international,,https://opintopolku.fi/konfo-backend/valintaperuste/88fc8a7e-9804-478d-bf45-18af037bf8e7,"it points (ECTS)</li><li value=""3"">Language: English</li><li value=""4"">Study method: Virtual teaching</li><li value=""5"">Tuition fee: <strong>for non EU, EEA or Switzerland citizens</strong> 12,000 EUR per academic year</li><li value=""6"">Intake: 20 (4 with GMAT or GRE test and 16 with entrance examination)</li><li value=""7"">Place: Virtual</li></ul><p></p><p><strong>Admission in short</strong></p><p></p><p>Joint application period to Haaga-Helia UAS from 31 August to 10 September 2026:</p><ol><li value=""1"">Submit online application by 10 September 2026 at 15.00 Finnish time",studyinfo_valintaperuste,GOVERNMENT,GOVERNMENT,ae33ef1355037be951d7ab890b61d7c18702132bf67683e3f708f3b97f73460f,stage1-coverage-20260916-raw-ae33ef1355037be951d7ab89,stage1-deterministic-coverage,1
de38fc20-2235-5c03-b4f0-5d3817f4abcc,Computer Science,UK,manchester-uk-canary,subject_prerequisites,"""A* in Mathematics, and a minimum of one science subject from the following list: Computer Science, Further Mathematics, Biology, Chemistry, or Physics""",programme,,,https://www.manchester.ac.uk/study/undergraduate/courses/2026/00559/bsc-computer-science-with-industrial-experience/,"recognised by other countries that are signatories to international accords. Entry requirements A-level A*A*A including A* in Mathematics, and a minimum of one science subject from the following list: Computer Science, Further Mathematics, Biology, Chemistry, or Physics. Your A Level in Mathematics should include Mathematics with a significant pure element (Use of Mathematics or Core Mathematics does not satisfy this requirement). Practical skills are a crucial part of science education and therefore there will be a requirem",official_university_page,OFFICIAL,DIRECT_OFFICIAL,0554036670b353a8c6edf9aad668adccd20d513b5ab10300d7915ba17171b931,stage1-coverage-20260916-raw-0554036670b353a8c6edf9aa,stage1-deterministic-coverage,1
1157b236-a40b-5e2d-ad9a-197ad246a2e8,Animal Management,UK,discover-uk-stage1-009,tuition,"{""academic_cycle"":""2026"",""amount"":6995,""credential"":""tuition fee"",""currency"":""GBP"",""fee_period"":""annual""}",programme,,2026,https://www.barnsley.ac.uk/course/animal-management-foundation-degree-fdsc-full-time,"se Code: HANIAMFD UCAS Course Code: DN32 Apply Now Validated by: Course Fees and Funding How much does the course cost? £6,995 per year. Other funding information HE Student Finance As a Higher Education student living in England you may be eligible for the non-means tested Tuition Fee Loan from the Government and a Maintenance Loan. Students with children or dependant adults may qualify for a Childcare Grant or Adult Dependants' Grant. Students can apply for these at the same time as applying for a Maintenance Loan. Remember: Eligible students will not have to",official_university_page,OFFICIAL,DIRECT_OFFICIAL,2c2db7c771a7fe4ab327573b139eed9f7967af5ab71d37f887e115037110d300,stage1-coverage-20260916-raw-2c2db7c771a7fe4ab327573b,stage1-deterministic-coverage,1
2b10d957-eb9b-5583-b2bb-fc1c741a300b,Accounting,UK,discover-uk-stage1-018,application_url,"""https://www.bournemouth.ac.uk/study/courses/ba-hons-accounting""",programme,,,https://discoveruni.gov.uk/en/course-details/10000824/BAACS_N423/Full-time/,Discover Uni Course page: https://www.bournemouth.ac.uk/study/courses/ba-hons-accounting,discover_uni,GOVERNMENT,CATALOGUE_PROVIDER,ae0b26c68939e8214056c2517af3b5091f1c674c8aef5f1e1fbab7804a78829b,stage1-coverage-20260916-raw-ae0b26c68939e8214056c251,stage1-deterministic-coverage,1
e67cc4ee-c764-5b6c-b1fb-565dd2ffea47,Acting,UK,discover-uk-stage1-010,tuition,"{""academic_cycle"":""2027"",""amount"":19505,""audience"":""international"",""credential"":""international tuition fee"",""currency"":""GBP"",""fee_period"":""annual""}",programme,international,2027,https://www.bathspa.ac.uk:443/courses/ug-acting/,"and bursaries . 2027 entry Student Annual tuition fee UK full time £10,050 UK part time £5,025 International full time £19,505 Professional Placement Year During the placement year, the fee is reduced to 20% of the full time fee . This applies to UK and EU/International students. UK: £2,010 International: £3,901 International fee information Our fees for international students are organised into bands. For more information, please consult the tables on the international student fees webpage . Additional course costs You may need to pay additional course costs o",official_university_page,OFFICIAL,DIRECT_OFFICIAL,8ab2a166886cc577673ec06beb5e3453367b519831a94afecd63fa89e7db505b,stage1-coverage-20260916-raw-8ab2a166886cc577673ec06b,stage1-deterministic-coverage,1
339349f1-ea76-5178-8eb9-8401fbcf9143,Engineering (Robotics and Automation Engineering),UK,discover-uk-stage1-015,intakes,"{""source_label"":""Start date"",""start_dates"":[""2026-09-01"",""2027-09-01""]}",programme,,,https://www.blackpool.ac.uk/course/ET1HE601,"se code ET1HE601 UCAS code H671 Duration 3 Years Day/s of week Monday to Wednesday Time 09:00 - 17:00 Next course dates Start date Location Duration September 2026 Bispham Campus 3 Years Apply now September 2027 Bispham Campus 3 Years Apply now Where can this subject lead? Career progression The UK has a significant shortfall of suitably skilled and qualified engineers across all engineering disciplines. This, coupled with the fact that a generation of engineers will be retiring over the next five years, means that the job market remai",official_university_page,OFFICIAL,DIRECT_OFFICIAL,a4d71abeea87f79c6b266e11471118760ed2e9d7a63e96ba6a61417225b4064b,stage1-coverage-20260916-raw-a4d71abeea87f79c6b266e11,stage1-deterministic-coverage,1
c88a3280-125f-585b-8a20-aebb08a5836f,Theatre,UK,discover-uk-stage1-024,application_url,"""https://www.brunel.ac.uk/study/undergraduate/theatre-ba""",programme,,,https://discoveruni.gov.uk/en/course-details/10000961/1FDJUTHEATRE-FT-BA/Full-time/,Discover Uni Course page: https://www.brunel.ac.uk/study/undergraduate/theatre-ba,discover_uni,GOVERNMENT,CATALOGUE_PROVIDER,605b515a2199edad7f4700e921466af72261ef0ec944d1a428be9dd553e7ada0,stage1-coverage-20260916-raw-605b515a2199edad7f4700e9,stage1-deterministic-coverage,1
8606b6c5-bf41-54d1-87f7-95596c5d82cc,Business Information Technology,FI,haaga-helia-fi-canary,rolling_admission,true,programme,,,https://opintopolku.fi/konfo-backend/hakukohde/1.2.246.562.20.00000000000000091904,Studyinfo valintaperuste.hakutapa=Rolling admission (higher education),studyinfo_hakukohde,GOVERNMENT,GOVERNMENT,8ac5c4ec1d1c2309b3ca1113f7181d15a1f276057fa4d739da017c4729758cb7,stage1-coverage-20260916-raw-8ac5c4ec1d1c2309b3ca1113,stage1-deterministic-coverage,1
87ff2832-35fa-524a-9ae3-c8b7aeabad3b,Business and Management Practice,UK,discover-uk-stage1-001,intakes,"{""source_label"":""Start date"",""start_dates"":[""2026-09-01""]}",programme,,,https://www.brookes.ac.uk/courses/undergraduate/business-and-management-practice-fda,tion fees How to apply Find out more next or previous Find a course Expand Course Level Search Key facts UCAS code N20N Start dates September 2026 Location Abingdon & Witney College Course length Full time: 2 years Part time: 3 years School(s) Oxford Brookes Business School Order a Prospectus Ask a question Attend an open day or webinar Overview The Foundation Degree in Business and Management Practice provides a practical business education programme for those who wish to study at Higher Education level in their local area. Designed,official_university_page,OFFICIAL,DIRECT_OFFICIAL,e4165dcd598a14e4daf1d848597d36cec497f992c4f0fa12560f62a09ea74e51,stage1-coverage-20260916-raw-e4165dcd598a14e4daf1d848,stage1-deterministic-coverage,1
e21a74fb-4986-5481-9095-01428fac91ef,Computer Science,UK,nottingham-uk-canary,ielts_subscores,"{""minimum_each"":6,""minimum_overall"":6.5,""source_text"":""ss to HE Diploma with 42 Level 3 graded credits at Distinction and 3 Level 3 graded at Merit IELTS/English requirements IELTS 6.5 (no less than 6.0 in any element) English language requirements As well as IELTS (listed above), we also accept other English language qualifications. This includes TOEFL iBT, Pearson PTE, GCSE, IB and O level English. Check our English language policies and equivalencies for further details. For pre-sessional English, or one-year foundation courses, you must take a Secure English Language Test (SELT) that is recogn""}",programme,,,https://www.nottingham.ac.uk/studywithus/ugstudy/courses/UG/Computer-Science-BSc-Hons.html,"ss to HE Diploma with 42 Level 3 graded credits at Distinction and 3 Level 3 graded at Merit IELTS/English requirements IELTS 6.5 (no less than 6.0 in any element) English language requirements As well as IELTS (listed above), we also accept other English language qualifications. This includes TOEFL iBT, Pearson PTE, GCSE, IB and O level English. Check our English language policies and equivalencies for further details. For pre-sessional English, or one-year foundation courses, you must take a Secure English Language Test (SELT) that is recogn",official_university_page,OFFICIAL,DIRECT_OFFICIAL,2480b70f4c200ca950cdc5da258e33cd8946ecb66b76b35fb783b23c2863a4e5,stage1-coverage-20260916-raw-2480b70f4c200ca950cdc5da,stage1-deterministic-coverage,1
0f512584-17ba-595f-8723-74993b8cfbe0,Fine Art and Design in Education,NL,duo-nl-stage1-012,work_experience,"{""details"":""DUO RIO reports GEEN_EISEN for EISEN_WERKZAAMHEDEN."",""requirement_status"":""not_required""}",programme,,,https://onderwijsdata.duo.nl/api/3/action/datastore_search?resource_id=ffffa7ad-e6a2-4ba7-9fc2-a09df4128555&limit=1&filters=%7B%22ONDERWIJSBESTUURID%22%3A%22107B580%22%2C%22OPLEIDINGSEENHEIDCODE%22%3A%221001O5087%22%7D,DUO RIO EISEN_WERKZAAMHEDEN=GEEN_EISEN,duo_rio,GOVERNMENT,GOVERNMENT,631fa824493f39c5b1c1d29a4b43c08465de17d812266d8eb478402008c503e8,stage1-coverage-20260916-raw-631fa824493f39c5b1c1d29a,stage1-deterministic-coverage,1
203e027d-3bf3-57ca-9bf7-6bcaf82a909a,Computer Science,UK,nottingham-uk-canary,intakes,"{""source_label"":""Start date"",""start_dates"":[""2027-09-01""]}",programme,,,https://www.nottingham.ac.uk/studywithus/ugstudy/courses/UG/Computer-Science-MSci-Hons.html,"ents 36 points overall Fees £10,050 per year £33,500 per year Duration 4 years full-time Location Jubilee Campus Select start date September 2027 Other start dates available, currently selected start date is Select start date International student How to apply Book an open day International student Course overview At Nottingham, we teach computer science from the ground up, ensuring you cover everything you need to know about the core foundations of the field. From day one, you’ll get involved in practical problem-solving experiences,",official_university_page,OFFICIAL,DIRECT_OFFICIAL,cddd3c4e76f96b643a9d66a9930cc6ce99886c8d39e7f851dbf988e6713d9f7f,stage1-coverage-20260916-raw-cddd3c4e76f96b643a9d66a9,stage1-deterministic-coverage,1
2f22ab26-e9a8-53fb-a260-26252a231af8,master mention informatique,FR,onisep-fr-stage1-004,application_url,"""https://www.u-picardie.fr/formation/catalogue/master-informatique""",programme,,,https://api.opendata.onisep.fr/downloads/605344579a7d7/605344579a7d7.csv,Onisep AF page web: https://www.u-picardie.fr/formation/catalogue/master-informatique,onisep_higher_ed,GOVERNMENT,GOVERNMENT,bf0ff9a929fecfe1974dcc64639baec0496be306ce750ce9211f611329408104,stage1-coverage-20260916-raw-bf0ff9a929fecfe1974dcc64,stage1-deterministic-coverage,1
546f63d0-1d09-592f-baec-3c564b05a6a3,master mention droit des affaires,FR,onisep-fr-stage1-033,application_url,"""https://univ-cotedazur.fr/servlet/com.jsbsoft.jtf.core.SG?%23ECRAN_LOGIQUE%23=RECHERCHE&PROC=RECHERCHE&ACTION=VALIDER&RH=1595659207794&OBJET=FORMATION&LANGUE=0&FORMATION_INITIALE=&REPRISE_ETUDES=&PARTIELLEMENT_DISTANCE=&TOTALEMENT_DISTANCE=&ALTERNANCE=&LIBELLE=&GRADE=0000&TYPE_DIPLOME=MASTER&FORMATION=0000&MODALITE=ALTERNANCE&DOMAINE_LMD=0000""",programme,,,https://api.opendata.onisep.fr/downloads/605344579a7d7/605344579a7d7.csv,Onisep AF page web: https://univ-cotedazur.fr/servlet/com.jsbsoft.jtf.core.SG?%23ECRAN_LOGIQUE%23=RECHERCHE&PROC=RECHERCHE&ACTION=VALIDER&RH=1595659207794&OBJET=FORMATION&LANGUE=0&FORMATION_INITIALE=&REPRISE_ETUDES=&PARTIELLEMENT_DISTANCE=&TOTALEMENT_DISTANCE=&ALTERNANCE=&LIBELLE=&GRADE=0000&TYPE_DIPLOME=MASTER&FORMATION=0000&MODALITE=ALTERNANCE&DOMAINE_LMD=0000,onisep_higher_ed,GOVERNMENT,GOVERNMENT,bf0ff9a929fecfe1974dcc64639baec0496be306ce750ce9211f611329408104,stage1-coverage-20260916-raw-bf0ff9a929fecfe1974dcc64,stage1-deterministic-coverage,1
57418cd2-9e28-5de8-9bc6-055f88d3b8bb,Computer Science,UK,kings-uk-canary,intakes,"{""source_label"":""Start date"",""start_dates"":[""2027-09-01""]}",programme,,,https://www.kcl.ac.uk/study/undergraduate/courses/computer-science-msci,"onours Delivery mode: In person Study mode: Full-time Required A-Levels: A*A*A Duration: Four years Application status: Start date: September 2027 Application deadline: Key Links How to apply Register your interest Chat to a student Order a prospectus Taught in Department of Informatics Faculty of Natural, Mathematical & Engineering Sciences Administrative bodies Course accreditation Reviewed, inspected and accredited by the BCS Awarding body King's College London and Affiliates Regulating body Base campuses Strand Campus Strand Campus",official_university_page,OFFICIAL,DIRECT_OFFICIAL,acb60ca15af0b9140de78e987ec7badd330b192b35e55c1d445dbd434572f7cc,stage1-coverage-20260916-raw-acb60ca15af0b9140de78e98,stage1-deterministic-coverage,1
770878eb-c3e4-583c-aeb7-0113b97486cf,Pharmacy,UK,discover-uk-stage1-021,application_url,"""https://www.brighton.ac.uk/courses/study/pharmacy-mpharm-with-preparatory-year.aspx""",programme,,,https://discoveruni.gov.uk/en/course-details/10000886/APCB001MUU/Full-time/,Discover Uni Course page: https://www.brighton.ac.uk/courses/study/pharmacy-mpharm-with-preparatory-year.aspx,discover_uni,GOVERNMENT,CATALOGUE_PROVIDER,f931b6d677d0c3683ddfe043d6599b454e1603255dc2ea3da2458b44cee97c66,stage1-coverage-20260916-raw-f931b6d677d0c3683ddfe043,stage1-deterministic-coverage,1
45389133-b30b-5620-a1f1-132881ea6575,Data Science,UK,bristol-uk-canary,ielts_overall,6.5,programme,,,https://www.bristol.ac.uk/study/undergraduate/2026/computer-science/meng-computer-science/,"levels . English language requirements If English is not your first language, you need to have one of the following: • IELTS 6.5 overall with 6.0 in all skills • GCSE English Language grade C or 4 • an alternative qualification outlined in our Profile level E. Further information about English language requirements and profile levels Related courses See a list of all Computer Science degrees at Bristol, and find more information about the course, assessment and career prospects. BSc Computer Science MEng Computer Science with Innovation MEng",official_university_page,OFFICIAL,DIRECT_OFFICIAL,aea80e62c18d0e1e5663be85a3a582ef905f6d9f9cdcb882955c31712f9439d4,stage1-coverage-20260916-raw-aea80e62c18d0e1e5663be85,stage1-deterministic-coverage,1
2eaaaaff-8813-58c6-870f-7eb32c37f6a6,licence mention humanités,FR,onisep-fr-stage1-029,application_url,"""https://univ-cotedazur.fr/formation/offre-de-formation/licence-humanites""",programme,,,https://api.opendata.onisep.fr/downloads/605344579a7d7/605344579a7d7.csv,Onisep AF page web: https://univ-cotedazur.fr/formation/offre-de-formation/licence-humanites,onisep_higher_ed,GOVERNMENT,GOVERNMENT,bf0ff9a929fecfe1974dcc64639baec0496be306ce750ce9211f611329408104,stage1-coverage-20260916-raw-bf0ff9a929fecfe1974dcc64,stage1-deterministic-coverage,1
996b9e0a-6692-5ca7-ab52-23f3030c9a37,Theology (joint degree),NL,duo-nl-stage1-004,delivery_mode,"""part-time""",programme,,,https://onderwijsdata.duo.nl/api/3/action/datastore_search?resource_id=ffffa7ad-e6a2-4ba7-9fc2-a09df4128555&limit=1&filters=%7B%22ONDERWIJSBESTUURID%22%3A%22107B461%22%2C%22OPLEIDINGSEENHEIDCODE%22%3A%221001O5786%22%7D,DUO RIO VORM=DEELTIJD,duo_rio,GOVERNMENT,GOVERNMENT,b41b12cf8802a8bc569b92091d3ae7ceab9a7bc51d9600540a5f2884c12e20c6,stage1-coverage-20260916-raw-b41b12cf8802a8bc569b9209,stage1-deterministic-coverage,1
814d8802-d69b-59c9-808a-b733ffe17579,Computer Science,UK,edinburgh-uk-canary,scholarships,"{""details"":""Living costs: estimates explained Scholarships and funding Funding information You can find detailed information on financial support available, based on where you are living, in our funding section."",""funding_type"":""financial_aid_policy""}",programme,,,https://study.ed.ac.uk/programmes/undergraduate/58-computer-science,"Living costs: estimates explained Scholarships and funding Funding information You can find detailed information on financial support available, based on where you are living, in our funding section.",official_university_page,OFFICIAL,DIRECT_OFFICIAL,44a81bd562dff2fc31bd7d060b7b2da478c3a82392833498b4de6319af0ea117,stage1-coverage-20260916-raw-44a81bd562dff2fc31bd7d06,stage1-deterministic-coverage,1
60e2e546-beec-559f-8803-ff7d234c1959,Biblical and Intercultural Studies,UK,discover-uk-stage1-003,application_url,"""https://www.allnations.ac.uk/courses/diploma-in-biblical-studies""",programme,,,https://discoveruni.gov.uk/en/course-details/10000216/177650/Full-time/,Discover Uni Course page: https://www.allnations.ac.uk/courses/diploma-in-biblical-studies,discover_uni,GOVERNMENT,CATALOGUE_PROVIDER,6bb31bd424073ff008b625d1c3abc8f12c5e200f078add73f8e3ce34b2fcf1b1,stage1-coverage-20260916-raw-6bb31bd424073ff008b625d1,stage1-deterministic-coverage,1
465d4536-96e4-5b55-8c3e-80a1e8013b76,Equine Science and Management (including Foundation year),UK,discover-uk-stage1-007,tuition,"{""academic_cycle"":""2025/26"",""amount"":14500,""credential"":""tuition fee"",""currency"":""GBP"",""fee_period"":""annual""}",programme,,2025/26,https://www.askham-bryan.ac.uk/courses/extended-fdsc-equine-science-and-management/,"Degree/ Extended Foundation Degree/ Certificate of Higher Education Fees: 2025/26 = £14,000 per academic year 2026/27 = £14,500 per academic year Fees are charged per academic year of the course. Please note that is any restudy is required there will be tuition fees associated with this. Please refer further guidance and information on tuition fees and additional costs – Student Finance Please note: fee information is correct as at the time of issue; tuition fees may also be subject to an inflationary increase which will be reviewed annually, inline with UK Gove",official_university_page,OFFICIAL,DIRECT_OFFICIAL,d67cbeea4ac17fa05e2ab2ece0638493220c439e6813d2ff9ec3dced7266e551,stage1-coverage-20260916-raw-d67cbeea4ac17fa05e2ab2ec,stage1-deterministic-coverage,1
5d6d82c7-4eae-5e59-850c-4fdc44bc1b9e,licence mention histoire,FR,onisep-fr-stage1-022,application_url,"""https://univ-cotedazur.fr/formation/offre-de-formation/licence-histoire""",programme,,,https://api.opendata.onisep.fr/downloads/605344579a7d7/605344579a7d7.csv,Onisep AF page web: https://univ-cotedazur.fr/formation/offre-de-formation/licence-histoire,onisep_higher_ed,GOVERNMENT,GOVERNMENT,bf0ff9a929fecfe1974dcc64639baec0496be306ce750ce9211f611329408104,stage1-coverage-20260916-raw-bf0ff9a929fecfe1974dcc64,stage1-deterministic-coverage,1
2d63a989-f592-52d3-9a35-1cab15b8fafe,Informatica,NL,uva-nl-canary,work_experience,"{""details"":""DUO RIO reports GEEN_EISEN for EISEN_WERKZAAMHEDEN."",""requirement_status"":""not_required""}",programme,,,https://onderwijsdata.duo.nl/api/3/action/datastore_search?filters=%7B%22ONDERWIJSBESTUURID%22%3A%22107B473%22%2C%22OPLEIDINGSEENHEIDCODE%22%3A%221001O6172%22%7D&limit=1&resource_id=ffffa7ad-e6a2-4ba7-9fc2-a09df4128555,DUO RIO EISEN_WERKZAAMHEDEN=GEEN_EISEN,duo_rio,GOVERNMENT,GOVERNMENT,9baadcd34d28eb0557ed6b11228b63ea7d1fc06507de48afb1d72b78b4373030,stage1-coverage-20260916-raw-9baadcd34d28eb0557ed6b11,stage1-deterministic-coverage,1
d16a8da1-2e7e-5f82-ad51-2ad5d35a46b2,Biblical and Intercultural Studies,UK,discover-uk-stage1-003,application_url,"""https://www.allnations.ac.uk/courses/mission-ministry-degree""",programme,,,https://discoveruni.gov.uk/en/course-details/10000216/532986/Full-time/,Discover Uni Course page: https://www.allnations.ac.uk/courses/mission-ministry-degree,discover_uni,GOVERNMENT,CATALOGUE_PROVIDER,34005f75f46a1a9ca38ede48c2c8038d925b2781fae8f71f37ed9087f32dce50,stage1-coverage-20260916-raw-34005f75f46a1a9ca38ede48,stage1-deterministic-coverage,1
87ff2832-35fa-524a-9ae3-c8b7aeabad3b,Business and Management Practice,UK,discover-uk-stage1-001,tuition,"{""academic_cycle"":""2026 / 27"",""amount"":9900,""audience"":""international"",""credential"":""international tuition fee"",""currency"":""GBP"",""fee_period"":""annual""}",programme,international,2026 / 27,https://www.brookes.ac.uk/courses/undergraduate/business-and-management-practice-fda,"027 / 28 Home (UK) full time off campus £7,700 Home (UK) part time off-campus £5,140 International full time off-campus £9,900 Home (UK) full time off campus TBA Home (UK) part time off-campus TBA International full time off-campus £TBA (off-campus intl) Tuition fees 2026 / 27 Home (UK) full time off campus £7,700 Home (UK) part time off-campus £5,140 International full time off-campus £9,900 2027 / 28 Home (UK) full time off campus TBA Home (UK) part time off-campus TBA International full time off-campus £TBA (off-campus intl) Please note, tuition fees for Hom",official_university_page,OFFICIAL,DIRECT_OFFICIAL,e4165dcd598a14e4daf1d848597d36cec497f992c4f0fa12560f62a09ea74e51,stage1-coverage-20260916-raw-e4165dcd598a14e4daf1d848,stage1-deterministic-coverage,1
6fe23143-7fdb-57ea-a7e6-1656c7c6ffa5,master mention ville et environnements urbains,FR,onisep-fr-stage1-034,application_url,"""https://univ-cotedazur.fr/formation/offre-de-formation/master-villes-et-environnements-urbains""",programme,,,https://api.opendata.onisep.fr/downloads/605344579a7d7/605344579a7d7.csv,Onisep AF page web: https://univ-cotedazur.fr/formation/offre-de-formation/master-villes-et-environnements-urbains,onisep_higher_ed,GOVERNMENT,GOVERNMENT,bf0ff9a929fecfe1974dcc64639baec0496be306ce750ce9211f611329408104,stage1-coverage-20260916-raw-bf0ff9a929fecfe1974dcc64,stage1-deterministic-coverage,1
814d8802-d69b-59c9-808a-b733ffe17579,Computer Science,UK,edinburgh-uk-canary,recommendation_letters,"""Reference""",programme,,,https://study.ed.ac.uk/programmes/undergraduate/58-computer-science,"What you need to apply As part of your application, you will need: your academic qualifications a personal statement evidence of your English language skills (with relevant qualifications) a reference How we select",official_university_page,OFFICIAL,DIRECT_OFFICIAL,44a81bd562dff2fc31bd7d060b7b2da478c3a82392833498b4de6319af0ea117,stage1-coverage-20260916-raw-44a81bd562dff2fc31bd7d06,stage1-deterministic-coverage,1
056c787b-cb1e-526e-bb3d-9a731e339a19,Data Science,UK,manchester-uk-canary,subject_prerequisites,"""including Mathematics (either âAnalysis and Approachesâ or âApplications and Interpretationâ are acceptable) or Physics""",programme,,,https://www.manchester.ac.uk/study/undergraduate/courses/2026/12952/bsc-computer-science-with-an-integrated-foundation-year/,"tails and to check your eligibility. International Baccalaureate 35 points overall with 6,6,5 in Higher Level subjects, including Mathematics (either âAnalysis and Approachesâ or âApplications and Interpretationâ are acceptable) or Physics. If Mathematics is not studied at Higher Level, then we would require Standard Level Mathematics (either âAnalysis and Approachesâ or âApplications and Interpretationâ are acceptable) with Grade 6 or higher. Applicants studying the International Bacca",official_university_page,OFFICIAL,DIRECT_OFFICIAL,a03ef8078f86d20105b50a5670876b09891ede32baced1c3a5abb04e7b89b509,stage1-coverage-20260916-raw-a03ef8078f86d20105b50a56,stage1-deterministic-coverage,1
4e617a0f-c536-5347-956b-ba2cf24bc507,licence mention sciences et techniques des activités physiques et sportives activité physique adaptée et santé,FR,onisep-fr-stage1-012,application_url,"""https://www.uca.fr/formation/nos-formations/par-ufr-ecoles-et-iut/institut-lettres-langues-sciences-humaines-et-sociales/ufr-sciences-et-techniques-des-activites-physiques-et-sportives/licence/portail-licence-staps""",programme,,,https://api.opendata.onisep.fr/downloads/605344579a7d7/605344579a7d7.csv,Onisep AF page web: https://www.uca.fr/formation/nos-formations/par-ufr-ecoles-et-iut/institut-lettres-langues-sciences-humaines-et-sociales/ufr-sciences-et-techniques-des-activites-physiques-et-sportives/licence/portail-licence-staps,onisep_higher_ed,GOVERNMENT,GOVERNMENT,bf0ff9a929fecfe1974dcc64639baec0496be306ce750ce9211f611329408104,stage1-coverage-20260916-raw-bf0ff9a929fecfe1974dcc64,stage1-deterministic-coverage,1
133eac2d-937c-54fc-9f7f-1fcdb2937732,Radiography (Radiotherapy and Oncology),UK,discover-uk-stage1-002,ielts_overall,7,programme,,,https://www.hsu.ac.uk/course/bsc-hons-radiography-radiotherapy-and-oncology/#overview,"quire a Student visa to study in the UK are welcome to apply for entry in September 2026. Test Grade Additional details IELTS (Academic) 7 with no less than 6.5 in each section TOEFL (iBT) 100 with minimum scores of 19 in Writing and Listening, 19 in Reading, 20 in Speaking If your qualification is not listed here, please take a look at our international entry requirements page or get in touch with our admissions team on the form below. Please note, to be accepted onto this course; you will also need to demonstrate that you meet the minimum standards o",official_university_page,OFFICIAL,DIRECT_OFFICIAL,46d0228ef8ecdb053812315fa9b0d1aae2e927852ff3babedf9b18e472a3d182,stage1-coverage-20260916-raw-46d0228ef8ecdb053812315f,stage1-deterministic-coverage,1
e67cc4ee-c764-5b6c-b1fb-565dd2ffea47,Acting,UK,discover-uk-stage1-010,application_url,"""http://www.bathspa.ac.uk/courses/ug-acting/""",programme,,,https://discoveruni.gov.uk/en/course-details/10000571/BAACTACTSPS/Full-time/,Discover Uni Course page: http://www.bathspa.ac.uk/courses/ug-acting/,discover_uni,GOVERNMENT,CATALOGUE_PROVIDER,40f83f5afd7591e4f731466df306203acb3691a148b9bda0ca1e6eb49d59643d,stage1-coverage-20260916-raw-40f83f5afd7591e4f731466d,stage1-deterministic-coverage,1
f0e956c7-5c0a-57a4-b147-b8bd217d2514,BUT carrières juridiques parcours entreprise et association,FR,onisep-fr-stage1-006,application_url,"""https://www.u-picardie.fr/formation/catalogue/but-carrieres-juridiques-laon-soissons""",programme,,,https://api.opendata.onisep.fr/downloads/605344579a7d7/605344579a7d7.csv,Onisep AF page web: https://www.u-picardie.fr/formation/catalogue/but-carrieres-juridiques-laon-soissons,onisep_higher_ed,GOVERNMENT,GOVERNMENT,bf0ff9a929fecfe1974dcc64639baec0496be306ce750ce9211f611329408104,stage1-coverage-20260916-raw-bf0ff9a929fecfe1974dcc64,stage1-deterministic-coverage,1
04bc0f72-add9-5031-9f73-893f3015f64e,BUT techniques de commercialisation parcours business développement et management de la relation client,FR,onisep-fr-stage1-007,application_url,"""https://www.u-picardie.fr/formation/catalogue/but-techniques-commercialisation-laon""",programme,,,https://api.opendata.onisep.fr/downloads/605344579a7d7/605344579a7d7.csv,Onisep AF page web: https://www.u-picardie.fr/formation/catalogue/but-techniques-commercialisation-laon,onisep_higher_ed,GOVERNMENT,GOVERNMENT,bf0ff9a929fecfe1974dcc64639baec0496be306ce750ce9211f611329408104,stage1-coverage-20260916-raw-bf0ff9a929fecfe1974dcc64,stage1-deterministic-coverage,1
ee43edae-4df6-560b-b1fb-fe25f1cc0350,International Business,FI,haaga-helia-fi-canary,intakes,"{""start_date"":""2027-01-01""}",programme,,,https://opintopolku.fi/konfo-backend/hakukohde/1.2.246.562.20.00000000000000088243,Studyinfo paateltyAlkamisajankohta.pvm=2027-01-01,studyinfo_hakukohde,GOVERNMENT,GOVERNMENT,eef328352e982ff5c51c9ba9b0fc20d50ecb974762a5698854ef987ac08954e7,stage1-coverage-20260916-raw-eef328352e982ff5c51c9ba9,stage1-deterministic-coverage,1
465d4536-96e4-5b55-8c3e-80a1e8013b76,Equine Science and Management (including Foundation year),UK,discover-uk-stage1-007,application_url,"""https://www.askham-bryan.ac.uk/courses/extended-fdsc-equine-science-and-management/""",programme,,,https://discoveruni.gov.uk/en/course-details/10000415/L58T23/Full-time/,Discover Uni Course page: https://www.askham-bryan.ac.uk/courses/extended-fdsc-equine-science-and-management/,discover_uni,GOVERNMENT,CATALOGUE_PROVIDER,011d8f818d34399f3cf8609197cf9f7fb665a21de7f3924b52a88f498a6daec1,stage1-coverage-20260916-raw-011d8f818d34399f3cf86091,stage1-deterministic-coverage,1
43850490-0520-5cca-b9a2-0b1b84156049,Airport And Aviation Management,UK,discover-uk-stage1-011,application_url,"""https://www.ucb.ac.uk/study/courses/undergraduate/aviation-and-airport-management-ba-hons-fda/""",programme,,,https://discoveruni.gov.uk/en/course-details/10000712/BA_AAM/Full-time/,Discover Uni Course page: https://www.ucb.ac.uk/study/courses/undergraduate/aviation-and-airport-management-ba-hons-fda/,discover_uni,GOVERNMENT,CATALOGUE_PROVIDER,3323e0421be16c657bf348a029143c5dd359c495112976a03d0f7005a19a3cd3,stage1-coverage-20260916-raw-3323e0421be16c657bf348a0,stage1-deterministic-coverage,1
271f2b25-6d27-59ee-9488-5a932948ecc1,Design,NL,duo-nl-stage1-017,programme_language,"""English""",programme,,,https://onderwijsdata.duo.nl/api/3/action/datastore_search?resource_id=ffffa7ad-e6a2-4ba7-9fc2-a09df4128555&limit=1&filters=%7B%22ONDERWIJSBESTUURID%22%3A%22107B525%22%2C%22OPLEIDINGSEENHEIDCODE%22%3A%221001O5102%22%7D,DUO RIO VOERTAAL=ENG,duo_rio,GOVERNMENT,GOVERNMENT,db86867b615a8e49dc0a024fa562af8c2b6d7cb6c8e90cba30b0f1a5826bafad,stage1-coverage-20260916-raw-db86867b615a8e49dc0a024f,stage1-deterministic-coverage,1
aab072ce-4ac6-5c86-a311-170c1ed24c00,Radiography (Diagnostic Imaging),UK,discover-uk-stage1-002,ielts_subscores,"{""minimum_each"":6.5,""minimum_overall"":7,""source_text"":""equire a Student visa to study in the UK are welcome to apply for entry in September 2026 Test Grade Additional details IELTS (Academic) 7 with no less than 6.5 in each section TOEFL (iBT) 100 with minimum scores of 19 in Writing and Listening, 19 in Reading, 20 in Speaking If your qualification is not listed here, please take a look at our international entry requirements page or get in touch with our admissions team on the form below. Please note, to be accepted onto this course; you will also need to demonstrate that you meet the minimum standards o""}",programme,,,https://www.hsu.ac.uk/course/bsc-hons-radiography-diagnostic-imaging/#overview,"equire a Student visa to study in the UK are welcome to apply for entry in September 2026 Test Grade Additional details IELTS (Academic) 7 with no less than 6.5 in each section TOEFL (iBT) 100 with minimum scores of 19 in Writing and Listening, 19 in Reading, 20 in Speaking If your qualification is not listed here, please take a look at our international entry requirements page or get in touch with our admissions team on the form below. Please note, to be accepted onto this course; you will also need to demonstrate that you meet the minimum standards o",official_university_page,OFFICIAL,DIRECT_OFFICIAL,bb3a5d461ecb6f77285e3b6ebc83ef869572ced3ef381c8c6e552c972292ecd1,stage1-coverage-20260916-raw-bb3a5d461ecb6f77285e3b6e,stage1-deterministic-coverage,1
58644168-c523-558b-b4e2-52647103bbd0,BUT gestion administrative et commerciale des organisations parcours management responsable de projet et entrepreneuriat,FR,onisep-fr-stage1-039,application_url,"""https://www.iut-rcc.fr/media-files/30672/but-gaco.pdf""",programme,,,https://api.opendata.onisep.fr/downloads/605344579a7d7/605344579a7d7.csv,Onisep AF page web: https://www.iut-rcc.fr/media-files/30672/but-gaco.pdf,onisep_higher_ed,GOVERNMENT,GOVERNMENT,bf0ff9a929fecfe1974dcc64639baec0496be306ce750ce9211f611329408104,stage1-coverage-20260916-raw-bf0ff9a929fecfe1974dcc64,stage1-deterministic-coverage,1
5dcb3d22-21b0-523b-b1aa-27093fb8036a,Aesthetics,UK,discover-uk-stage1-011,application_url,"""https://www.ucb.ac.uk/study/courses/undergraduate/aesthetic-practitioner-ba-hons-fda/""",programme,,,https://discoveruni.gov.uk/en/course-details/10000712/BA_ABP/Full-time/,Discover Uni Course page: https://www.ucb.ac.uk/study/courses/undergraduate/aesthetic-practitioner-ba-hons-fda/,discover_uni,GOVERNMENT,CATALOGUE_PROVIDER,3323e0421be16c657bf348a029143c5dd359c495112976a03d0f7005a19a3cd3,stage1-coverage-20260916-raw-3323e0421be16c657bf348a0,stage1-deterministic-coverage,1
c695f7f2-0ce1-5caa-9600-cf5fc759a332,Computer Science MSc,FI,aalto-fi-canary,application_url,"""https://opintopolku.fi/hakemus/hakukohde/1.2.246.562.20.00000000000000091188?lang=en""",programme,,,https://opintopolku.fi/konfo-backend/hakukohde/1.2.246.562.20.00000000000000091188,Studyinfo hakulomakeLinkki.en=https://opintopolku.fi/hakemus/hakukohde/1.2.246.562.20.00000000000000091188?lang=en,studyinfo_hakukohde,GOVERNMENT,GOVERNMENT,af8763cb892e92d029e263919a125fa670e8c03a33a05839ef18edcfce847c8c,stage1-coverage-20260916-raw-af8763cb892e92d029e26391,stage1-deterministic-coverage,1
2a4fb7c5-f257-555a-84c5-2a23d72e611b,Engineering (Automotive Engineering),UK,discover-uk-stage1-015,subject_prerequisites,"""including passes in mathematics GCSE Requirements - English Language and Mathematics GCSEs at grade C/4 or above (or equivalent qualifications, such as Functional Skills at Level 2)""",programme,,,https://www.blackpool.ac.uk/course/ET1HE0001,"subject PPP from Extended Diploma, MP from Diploma, MM from 90 Credit Diploma in a science or technology-based subject, including passes in mathematics GCSE Requirements - English Language and Mathematics GCSEs at grade C/4 or above (or equivalent qualifications, such as Functional Skills at Level 2). Applicants for whom English is not their first language are expected to achieve a minimum 6.0 overall with at least 5.5 in each component Applicants who are able to demonstrate relevant work/life skills or knowledge will also be considered on an individual b",official_university_page,OFFICIAL,DIRECT_OFFICIAL,e068cff21c5ec333172bcc066b4ae645c0b3b973764eb18cfa5ba865e824b4ad,stage1-coverage-20260916-raw-e068cff21c5ec333172bcc06,stage1-deterministic-coverage,1
776f8c66-f129-5d3a-a7f8-7a91c0a7f9bd,Embedded Systems,NL,tue-nl-canary,work_experience,"{""details"":""DUO RIO reports GEEN_EISEN for EISEN_WERKZAAMHEDEN."",""requirement_status"":""not_required""}",programme,,,https://onderwijsdata.duo.nl/api/3/action/datastore_search?filters=%7B%22ONDERWIJSBESTUURID%22%3A%22107B450%22%2C%22OPLEIDINGSEENHEIDCODE%22%3A%221001O6650%22%7D&limit=1&resource_id=ffffa7ad-e6a2-4ba7-9fc2-a09df4128555,DUO RIO EISEN_WERKZAAMHEDEN=GEEN_EISEN,duo_rio,GOVERNMENT,GOVERNMENT,692dc19d2c67f10dad20bbd22e21d8bb053e8ea4398842fec3e99046e4733e85,stage1-coverage-20260916-raw-692dc19d2c67f10dad20bbd2,stage1-deterministic-coverage,1
e01daefe-355a-5f31-a3db-f63d8275d471,Accounting and Finance,UK,discover-uk-stage1-014,intakes,"{""source_label"":""Start date"",""start_dates"":[""2026-08-01""]}",programme,,,https://blackburn.ac.uk/find-a-course/business/accounting/accounting-and-finance-fdsc,y Centre at Blackburn College Validated by: Lancaster University UCAS code N401 Age 18+ Adult 19+ Course code BS2530A25 Start date AUGUST 2026 Apply for this course Entry Requirements Minimum of 48 UCAS points from relevant fields Study Mode Full time Duration Full time: 2 years Timetable Various Key Features & Benefits Validated by UK Top 15 Lancaster University Plus exemptions from ACCA and CIMA Opportunity to gain a SAGE certificate accredited by ACCA Learn from expert lecturers with specialist industry knowledge and experience Take,official_university_page,OFFICIAL,DIRECT_OFFICIAL,4f47bad9dab11d73aa5190dc8762ca5119399853649d1ee155f28147bae42ac4,stage1-coverage-20260916-raw-4f47bad9dab11d73aa5190dc,stage1-deterministic-coverage,1
2a4fb7c5-f257-555a-84c5-2a23d72e611b,Engineering (Automotive Engineering),UK,discover-uk-stage1-015,intakes,"{""source_label"":""Start date"",""start_dates"":[""2026-09-01"",""2027-09-01""]}",programme,,,https://www.blackpool.ac.uk/course/ET1HE0001,"e code ET1HE0001 UCAS code H391 Duration 3 Years Day/s of week Monday to Wednesday Time 09:00 - 17:00 Next course dates Start date Location Duration September 2026 Bispham Campus 3 Years Apply now September 2027 Bispham Campus 3 Years Apply now Where can this subject lead? Career progression The UK automotive industry is evolving rapidly, with strong demand for skilled engineers to drive innovation in electric, connected and autonomous vehicle technologies. In the North West, major employers and engineering firms offer excellent opport",official_university_page,OFFICIAL,DIRECT_OFFICIAL,e068cff21c5ec333172bcc066b4ae645c0b3b973764eb18cfa5ba865e824b4ad,stage1-coverage-20260916-raw-e068cff21c5ec333172bcc06,stage1-deterministic-coverage,1
0f512584-17ba-595f-8723-74993b8cfbe0,Fine Art and Design in Education,NL,duo-nl-stage1-012,delivery_mode,"""part-time""",programme,,,https://onderwijsdata.duo.nl/api/3/action/datastore_search?resource_id=ffffa7ad-e6a2-4ba7-9fc2-a09df4128555&limit=1&filters=%7B%22ONDERWIJSBESTUURID%22%3A%22107B580%22%2C%22OPLEIDINGSEENHEIDCODE%22%3A%221001O5087%22%7D,DUO RIO VORM=DEELTIJD,duo_rio,GOVERNMENT,GOVERNMENT,631fa824493f39c5b1c1d29a4b43c08465de17d812266d8eb478402008c503e8,stage1-coverage-20260916-raw-631fa824493f39c5b1c1d29a,stage1-deterministic-coverage,1
6344d41a-fdd0-5644-86ac-209f83326370,master mention langues étrangères appliquées,FR,onisep-fr-stage1-028,application_url,"""https://creates.univ-cotedazur.fr/formations/master-1""",programme,,,https://api.opendata.onisep.fr/downloads/605344579a7d7/605344579a7d7.csv,Onisep AF page web: https://creates.univ-cotedazur.fr/formations/master-1,onisep_higher_ed,GOVERNMENT,GOVERNMENT,bf0ff9a929fecfe1974dcc64639baec0496be306ce750ce9211f611329408104,stage1-coverage-20260916-raw-bf0ff9a929fecfe1974dcc64,stage1-deterministic-coverage,1
7415a39b-2f5f-5571-bfc7-43976f8d48d7,Equine Science and Management,UK,discover-uk-stage1-007,tuition,"{""academic_cycle"":""2025/26"",""amount"":14500,""credential"":""tuition fee"",""currency"":""GBP"",""fee_period"":""annual""}",programme,,2025/26,https://www.askham-bryan.ac.uk/courses/fdsc-equine-science-and-management/,"Degree/ Extended Foundation Degree/ Certificate of Higher Education Fees: 2025/26 = £14,000 per academic year 2026/27 = £14,500 per academic year 2027/28 = £14,500 per academic year Fees are charged per academic year of the course. Please note that is any restudy is required there will be tuition fees associated with this. Please refer further guidance and information on tuition fees and additional costs – Student Finance Tuition fees are subject to an annual inflationary rise as per government guidance. This programme requires students to undertake 300 hours of",official_university_page,OFFICIAL,DIRECT_OFFICIAL,3e42c88d424db8054d17fb2c2577520cff3c6e78a598b8cf9969715eb0b107d3,stage1-coverage-20260916-raw-3e42c88d424db8054d17fb2c,stage1-deterministic-coverage,1
f851cbdf-cdd3-513d-9f6f-3a5ed1dda854,master mention enseignement et éducation - professorat des écoles,FR,onisep-fr-stage1-001,application_url,"""https://inspe.univ-lyon1.fr/formation/offre-de-formation/master-enseignement-et-education""",programme,,,https://api.opendata.onisep.fr/downloads/605344579a7d7/605344579a7d7.csv,Onisep AF page web: https://inspe.univ-lyon1.fr/formation/offre-de-formation/master-enseignement-et-education,onisep_higher_ed,GOVERNMENT,GOVERNMENT,bf0ff9a929fecfe1974dcc64639baec0496be306ce750ce9211f611329408104,stage1-coverage-20260916-raw-bf0ff9a929fecfe1974dcc64,stage1-deterministic-coverage,1
63412a30-b38b-5b03-b7ff-4ddfa92300cf,Computing for England (Cyber Security) (Barking and Dagenham),UK,discover-uk-stage1-008,application_url,"""https://www.gre.ac.uk/foundation-degrees/engsci/computing-for-england-cyber-security-hnd-barking-and-dagenham-college""",programme,,,https://discoveruni.gov.uk/en/course-details/10000528/K0678/Full-time/,Discover Uni Course page: https://www.gre.ac.uk/foundation-degrees/engsci/computing-for-england-cyber-security-hnd-barking-and-dagenham-college,discover_uni,GOVERNMENT,CATALOGUE_PROVIDER,58ce21545d2412e3a9901835ca4b5e518c883c4fbedebb94f5e4e6d070e1135d,stage1-coverage-20260916-raw-58ce21545d2412e3a9901835,stage1-deterministic-coverage,1
eeb069c9-ba8c-5b25-bcd4-bf86a72f59cd,Primary Education Early Years 3-7 (QTS),UK,discover-uk-stage1-019,application_url,"""https://www.bradfordcollege.ac.uk/courses/level-6-ba-hons-primary-education-early-years-3-7-with-qts/""",programme,,,https://discoveruni.gov.uk/en/course-details/10000840/BABRCPEEYQ_A/Full-time/,Discover Uni Course page: https://www.bradfordcollege.ac.uk/courses/level-6-ba-hons-primary-education-early-years-3-7-with-qts/,discover_uni,GOVERNMENT,CATALOGUE_PROVIDER,ae0b26c68939e8214056c2517af3b5091f1c674c8aef5f1e1fbab7804a78829b,stage1-coverage-20260916-raw-ae0b26c68939e8214056c251,stage1-deterministic-coverage,1
8322e08f-eb1d-50a8-bd91-33371fb57645,Mathematics and Computer Science,UK,imperial-uk-canary,application_url,"""https://www.imperial.ac.uk/study/courses/undergraduate/mathematics-computer-science-beng/""",programme,,,https://discoveruni.gov.uk/course-details/10003270/GG14/Full-time/,Discover Uni Course page: https://www.imperial.ac.uk/study/courses/undergraduate/mathematics-computer-science-beng/,discover_uni,GOVERNMENT,CATALOGUE_PROVIDER,bd205418ed441fd06729f9f26aa8b376d2f5e53cbd314f79ed780cb077fe4c22,stage1-coverage-20260916-raw-bd205418ed441fd06729f9f2,stage1-deterministic-coverage,1
28ee7709-d09b-5231-8e41-461663619e85,Business Management with Entrepreneurship,UK,discover-uk-stage1-021,tuition,"{""amount"":18108,""audience"":""international"",""credential"":""international tuition fee"",""currency"":""GBP"",""fee_period"":""annual""}",programme,international,,https://www.brighton.ac.uk/courses/study/business-management-with-entrepreneurship-bsc-hons.aspx,", or you can watch the video on YouTube . Fees and costs Course fees UK (full-time) 9,790 GBP International (full-time) 18,108 GBP This course offers a professional placement (sandwich) year in year 3. If you choose to take this placement you will pay a reduced fee during this year. For students starting their undergraduate degree in the 2026–27 academic year, the fee for the professional placement year is £1,958. This fee may be subject to small increases in line with inflation. The course fees shown here are what you will pay for the first year of your course if",official_university_page,OFFICIAL,DIRECT_OFFICIAL,72b248a810b38ef4545b4a5564696a3f7fe8894c6b4dee5eaaf4c416bc6a6dd2,stage1-coverage-20260916-raw-72b248a810b38ef4545b4a55,stage1-deterministic-coverage,1
4ec2cb38-ac8f-597c-857d-18eabf99649b,Computer Science,UK,cambridge-uk-canary,application_url,"""https://www.undergraduate.study.cam.ac.uk/courses/computer-science-ba-hons-meng""",programme,,,https://discoveruni.gov.uk/course-details/10007788/UG_CSTX/Full-time/,Discover Uni Course page: https://www.undergraduate.study.cam.ac.uk/courses/computer-science-ba-hons-meng,discover_uni,GOVERNMENT,CATALOGUE_PROVIDER,1f3b2c74d757e1048737a57f2a0e74383cc21bceda21a348536f28ba29255eae,stage1-coverage-20260916-raw-1f3b2c74d757e1048737a57f,stage1-deterministic-coverage,1
8606b6c5-bf41-54d1-87f7-95596c5d82cc,Business Information Technology,FI,haaga-helia-fi-canary,application_url,"""https://opintopolku.fi/hakemus/hakukohde/1.2.246.562.20.00000000000000091904?lang=en""",programme,,,https://opintopolku.fi/konfo-backend/hakukohde/1.2.246.562.20.00000000000000091904,Studyinfo hakulomakeLinkki.en=https://opintopolku.fi/hakemus/hakukohde/1.2.246.562.20.00000000000000091904?lang=en,studyinfo_hakukohde,GOVERNMENT,GOVERNMENT,8ac5c4ec1d1c2309b3ca1113f7181d15a1f276057fa4d739da017c4729758cb7,stage1-coverage-20260916-raw-8ac5c4ec1d1c2309b3ca1113,stage1-deterministic-coverage,1
8eb42e1e-62a2-5044-987d-01719cd7d204,Law,UK,discover-uk-stage1-004,tuition,"{""academic_cycle"":""2026/27"",""amount"":9790,""audience"":""domestic"",""credential"":""tuition fee"",""currency"":""GBP"",""fee_period"":""annual""}",programme,domestic,2026/27,https://www.aru.ac.uk/study/undergraduate/law,"""Fees Information"" section to function. Fees and funding UK students LLB (Hons) With foundation year LLB (Hons) 3 years £9,790 UK students starting 2026/27 (full-time, per year) Paying your tuition fees If you're a UK student, you don't need the money to pay for university now . If you accept an offer to study at university, you can apply for a Tuition Fee Loan to cover your course fees. Both full-time and part-time students can apply for a Tuition Fee Loan. You'll start repaying the loan in the April after you graduate. For more information about student loans",official_university_page,OFFICIAL,DIRECT_OFFICIAL,6caa911e31c45c7188674f785bbf96914b01502cd3b650bd5796f957f620bcde,stage1-coverage-20260916-raw-6caa911e31c45c7188674f78,stage1-deterministic-coverage,1
d649d1a4-f5d6-55c4-bac1-8db8a9953756,Photography,UK,discover-uk-stage1-012,application_url,"""https://bacoll.ac.uk/course/hnd-in-art-and-design-l5-photography/""",programme,,,https://discoveruni.gov.uk/en/course-details/10000720/BAC12/Full-time/,Discover Uni Course page: https://bacoll.ac.uk/course/hnd-in-art-and-design-l5-photography/,discover_uni,GOVERNMENT,CATALOGUE_PROVIDER,ff11564c7e2a64b7e2c5df617b1e87f73bae736ef1ad9bb5dcc7f1c90dcd2c1f,stage1-coverage-20260916-raw-ff11564c7e2a64b7e2c5df61,stage1-deterministic-coverage,1
df53e148-1899-5eb0-b91b-2abd84256559,Computer Science,UK,bristol-uk-canary,application_url,"""https://www.bristol.ac.uk/study/undergraduate/2026/computer-science/bsc-computer-science/""",programme,,,https://discoveruni.gov.uk/course-details/10007786/4COSC006UU-202425/Full-time/,Discover Uni Course page: https://www.bristol.ac.uk/study/undergraduate/2026/computer-science/bsc-computer-science/,discover_uni,GOVERNMENT,CATALOGUE_PROVIDER,523257d0c1ace92d322f644db25cbae647ac7f018cf34dacd4c2fcf53f1745be,stage1-coverage-20260916-raw-523257d0c1ace92d322f644d,stage1-deterministic-coverage,1
bfc45f5d-0a97-5713-983e-d41f43e9de06,Licence mention science politique,FR,uco-nantes-fr-canary,tuition,"{""credential"":""tuition fee"",""currency"":""EUR"",""fee_period"":""annual"",""maximum_amount"":23700,""minimum_amount"":11850,""source_text"":""de 11850 euros jusqu'à 23700 euros en 2025 (de 3950 à 7900 euros par an selon les revenus)""}",programme,,,https://api.opendata.onisep.fr/downloads/605344579a7d7/605344579a7d7.csv,Onisep AF coût scolarité: de 11850 euros jusqu'à 23700 euros en 2025 (de 3950 à 7900 euros par an selon les revenus),onisep_higher_ed,GOVERNMENT,GOVERNMENT,bf0ff9a929fecfe1974dcc64639baec0496be306ce750ce9211f611329408104,stage1-coverage-20260916-raw-bf0ff9a929fecfe1974dcc64,stage1-deterministic-coverage,1
1157b236-a40b-5e2d-ad9a-197ad246a2e8,Animal Management,UK,discover-uk-stage1-009,application_url,"""https://www.barnsley.ac.uk/course/animal-management-foundation-degree-fdsc-full-time""",programme,,,https://discoveruni.gov.uk/en/course-details/10000536/AT49AMFDFT/Full-time/,Discover Uni Course page: https://www.barnsley.ac.uk/course/animal-management-foundation-degree-fdsc-full-time,discover_uni,GOVERNMENT,CATALOGUE_PROVIDER,cb0ae3e7b7f470259cddff780a37b1d34361fdab237231712fd5d4b705580af0,stage1-coverage-20260916-raw-cb0ae3e7b7f470259cddff78,stage1-deterministic-coverage,1
d16a8da1-2e7e-5f82-ad51-2ad5d35a46b2,Biblical and Intercultural Studies,UK,discover-uk-stage1-003,intakes,"{""source_label"":""Start date"",""start_dates"":[""2026-09-01"",""2027-09-01""]}",programme,,,https://www.allnations.ac.uk/courses/mission-ministry-degree,"ogy, live interaction with tutors, workshops, practical placements, tutorials and interactive discussion forums. Course Start Dates OU BA (Hons) in Biblical and Intercultural Studies (1 Year) - September 2026 OU BA (Hons) in Biblical and Intercultural Studies (3 years) - September 2027 If you have any questions please contact ba@allnations.ac.uk What Will I Study? Christian Mission and Ministry modules within the Degree in Biblical and Intercultural Studies equip students with comprehensive knowledge of mission and ministry, practical",official_university_page,OFFICIAL,DIRECT_OFFICIAL,5686c3abc6ee1eb6bece589bcfb8cea744487c591e4164c3273eac3284270fd6,stage1-coverage-20260916-raw-5686c3abc6ee1eb6bece589b,stage1-deterministic-coverage,1
c5b5eba6-707a-51a9-b64a-9385389c6bd7,Mathematics and Computer Science,UK,imperial-uk-canary,intakes,"{""source_label"":""Start date"",""start_dates"":[""2027-10-01""]}",programme,,,https://www.imperial.ac.uk/study/courses/undergraduate/mathematics-computer-science-meng/,ry requirements How to apply Fees and funding Careers Request info Course key facts Qualification MEng Duration 4 years Start date October 2027 UCAS course code GG41 Study mode Full-time Delivered by Department of Computing Department of Mathematics Location South Kensington White City Minimum entry standard A*A*A (A-level) 41 points (International Baccalaureate) View full entry requirements Course overview Study both mathematics and computer science at one of the world’s leading universities. By combining the programming and algorithm,official_university_page,OFFICIAL,DIRECT_OFFICIAL,e0e210bec2d7ac80f4f55876571d897b1caf5cc864467210411b42183c53ee4d,stage1-coverage-20260916-raw-e0e210bec2d7ac80f4f55876,stage1-deterministic-coverage,1
133eac2d-937c-54fc-9f7f-1fcdb2937732,Radiography (Radiotherapy and Oncology),UK,discover-uk-stage1-002,toefl,100,programme,,,https://www.hsu.ac.uk/course/bsc-hons-radiography-radiotherapy-and-oncology/#overview,"ply for entry in September 2026. Test Grade Additional details IELTS (Academic) 7 with no less than 6.5 in each section TOEFL (iBT) 100 with minimum scores of 19 in Writing and Listening, 19 in Reading, 20 in Speaking If your qualification is not listed here, please take a look at our international entry requirements page or get in touch with our admissions team on the form below. Please note, to be accepted onto this course; you will also need to demonstrate that you meet the minimum standards of English. For further information on Englis",official_university_page,OFFICIAL,DIRECT_OFFICIAL,46d0228ef8ecdb053812315fa9b0d1aae2e927852ff3babedf9b18e472a3d182,stage1-coverage-20260916-raw-46d0228ef8ecdb053812315f,stage1-deterministic-coverage,1
08ea5a7f-063b-5254-9e20-af26223b6208,master mention réseaux et télécommunication,FR,onisep-fr-stage1-024,application_url,"""https://www.eurecom.fr/fr/les-formations/master-en-reseaux-et-telecommunication""",programme,,,https://api.opendata.onisep.fr/downloads/605344579a7d7/605344579a7d7.csv,Onisep AF page web: https://www.eurecom.fr/fr/les-formations/master-en-reseaux-et-telecommunication,onisep_higher_ed,GOVERNMENT,GOVERNMENT,bf0ff9a929fecfe1974dcc64639baec0496be306ce750ce9211f611329408104,stage1-coverage-20260916-raw-bf0ff9a929fecfe1974dcc64,stage1-deterministic-coverage,1
d0fa5375-aec0-55a2-ad4b-23ae41795088,Art and Design,UK,discover-uk-stage1-012,application_url,"""https://bacoll.ac.uk/course/hnd-in-art-and-design-l5/""",programme,,,https://discoveruni.gov.uk/en/course-details/10000720/BAC10/Full-time/,Discover Uni Course page: https://bacoll.ac.uk/course/hnd-in-art-and-design-l5/,discover_uni,GOVERNMENT,CATALOGUE_PROVIDER,e0adf20c10ae2555d0b33e21183b64fbf02ede7179a62a75d56e1da1165f0917,stage1-coverage-20260916-raw-e0adf20c10ae2555d0b33e21,stage1-deterministic-coverage,1
8322e08f-eb1d-50a8-bd91-33371fb57645,Mathematics and Computer Science,UK,imperial-uk-canary,scholarships,"{""details"":""More information Find out more about the TMUA , including information on how to book, test fees, bursaries for UK candidates in financial need, access arrangements and how to prepare."",""funding_type"":""financial_aid_policy""}",programme,,,https://www.imperial.ac.uk/study/courses/undergraduate/mathematics-computer-science-beng/,"More information Find out more about the TMUA , including information on how to book, test fees, bursaries for UK candidates in financial need, access arrangements and how to prepare.",official_university_page,OFFICIAL,DIRECT_OFFICIAL,24389a960e7703c91597ee925c0b8fb35988772e588886a037c50c1b53714cd5,stage1-coverage-20260916-raw-24389a960e7703c91597ee92,stage1-deterministic-coverage,1
b2d3ccbf-2726-540d-9f02-a41883121b37,licence mention sciences et techniques des activités physiques et sportives éducation et motricité,FR,onisep-fr-stage1-012,application_url,"""https://www.uca.fr/formation/nos-formations/par-ufr-ecoles-et-iut/institut-lettres-langues-sciences-humaines-et-sociales/ufr-sciences-et-techniques-des-activites-physiques-et-sportives/licence/portail-licence-staps""",programme,,,https://api.opendata.onisep.fr/downloads/605344579a7d7/605344579a7d7.csv,Onisep AF page web: https://www.uca.fr/formation/nos-formations/par-ufr-ecoles-et-iut/institut-lettres-langues-sciences-humaines-et-sociales/ufr-sciences-et-techniques-des-activites-physiques-et-sportives/licence/portail-licence-staps,onisep_higher_ed,GOVERNMENT,GOVERNMENT,bf0ff9a929fecfe1974dcc64639baec0496be306ce750ce9211f611329408104,stage1-coverage-20260916-raw-bf0ff9a929fecfe1974dcc64,stage1-deterministic-coverage,1
c5b5eba6-707a-51a9-b64a-9385389c6bd7,Mathematics and Computer Science,UK,imperial-uk-canary,final_deadline,"""2027-01-13""",programme,,,https://www.imperial.ac.uk/study/courses/undergraduate/mathematics-computer-science-meng/,"your application. Submit your application via UCAS | GG41 UCAS institution code: I50 Application deadlines – Wednesday 13 January 2027 at 18.00 (UK time) Admissions test – the TMUA Admissions test (TMUA) To be eligible for selection for this course for 2027 entry, you must sit the Test of Mathematics for University Admission (TMUA) as part of the application process. Check the entry requirements section on this page to learn more about the TMUA and how to register for this test. Selection",official_university_page,OFFICIAL,DIRECT_OFFICIAL,e0e210bec2d7ac80f4f55876571d897b1caf5cc864467210411b42183c53ee4d,stage1-coverage-20260916-raw-e0e210bec2d7ac80f4f55876,stage1-deterministic-coverage,1
814d8802-d69b-59c9-808a-b733ffe17579,Computer Science,UK,edinburgh-uk-canary,intakes,"{""source_label"":""Start date"",""start_dates"":[""2027-09-01""]}",programme,,,https://study.ed.ac.uk/programmes/undergraduate/58-computer-science,"ey facts UCAS Code G401 Award BEng (Hons) Duration of study 4 years Delivery Full-time Study location Multiple campuses Start date September 2027 School School of Informatics College College of Science and Engineering Study abroad Available Accreditation Available Placement No Open days and events Overview About the degree programme Computer science is about understanding, designing, implementing and using computing systems. These systems can range in scale, and complexity, from the tiny components of a single processor to the globe-sp",official_university_page,OFFICIAL,DIRECT_OFFICIAL,44a81bd562dff2fc31bd7d060b7b2da478c3a82392833498b4de6319af0ea117,stage1-coverage-20260916-raw-44a81bd562dff2fc31bd7d06,stage1-deterministic-coverage,1
da194efb-4270-5346-a7bb-56cb3d7b47a6,master mention gestion des ressources humaines,FR,onisep-fr-stage1-031,application_url,"""https://univ-cotedazur.fr/formation/offre-de-formation/master-gestion-des-ressources-humaines-2#parcours""",programme,,,https://api.opendata.onisep.fr/downloads/605344579a7d7/605344579a7d7.csv,Onisep AF page web: https://univ-cotedazur.fr/formation/offre-de-formation/master-gestion-des-ressources-humaines-2#parcours,onisep_higher_ed,GOVERNMENT,GOVERNMENT,bf0ff9a929fecfe1974dcc64639baec0496be306ce750ce9211f611329408104,stage1-coverage-20260916-raw-bf0ff9a929fecfe1974dcc64,stage1-deterministic-coverage,1
363052cb-99e3-5cb4-bfc4-512e4dc078a2,Natural Sciences,UK,cambridge-uk-canary,application_url,"""https://www.undergraduate.study.cam.ac.uk/courses/natural-sciences-ba-hons-msci""",programme,,,https://discoveruni.gov.uk/course-details/10007788/UG_NSTX/Full-time/,Discover Uni Course page: https://www.undergraduate.study.cam.ac.uk/courses/natural-sciences-ba-hons-msci,discover_uni,GOVERNMENT,CATALOGUE_PROVIDER,33b2d9226bfd7eeb1e184f272885fbd7ca65e28922dac94f079697346864e809,stage1-coverage-20260916-raw-33b2d9226bfd7eeb1e184f27,stage1-deterministic-coverage,1
d33870ff-b395-5b21-bda9-ce18c8c74b27,Theatre with Placement Year,UK,discover-uk-stage1-024,ielts_overall,6.5,programme,,,https://www.brunel.ac.uk/study/courses/theatre-ba,"st . This must have been taken and passed within two years from the date the CAS is made. English language requirements IELTS: 6.5 (min 5.5 in all areas) Pearson: 59 (59 in all subscores) BrunELT : 6.5 (min 5.5 in all areas) TOEFL: 5 (min 4 in all subscores) You can find out more about the qualifications we accept on our English Language Requirements page. Should you wish to take a pre-sessional English course to improve your English prior to starting your degree course, you must sit the test at an approved SELT provider for the same reason. We",official_university_page,OFFICIAL,DIRECT_OFFICIAL,672d79778918afd7f2a55ca1ed6fb109767f2ba2603b69b20fe89c59da2036e5,stage1-coverage-20260916-raw-672d79778918afd7f2a55ca1,stage1-deterministic-coverage,1
133eac2d-937c-54fc-9f7f-1fcdb2937732,Radiography (Radiotherapy and Oncology),UK,discover-uk-stage1-002,scholarships,"{""details"":""Students from low-income backgrounds eligible for bursary support from the HSU may be able to have this funded."",""funding_type"":""financial_aid_policy""}",programme,,,https://www.hsu.ac.uk/course/bsc-hons-radiography-radiotherapy-and-oncology/#overview,Students from low-income backgrounds eligible for bursary support from the HSU may be able to have this funded.,official_university_page,OFFICIAL,DIRECT_OFFICIAL,46d0228ef8ecdb053812315fa9b0d1aae2e927852ff3babedf9b18e472a3d182,stage1-coverage-20260916-raw-46d0228ef8ecdb053812315f,stage1-deterministic-coverage,1
133eac2d-937c-54fc-9f7f-1fcdb2937732,Radiography (Radiotherapy and Oncology),UK,discover-uk-stage1-002,ielts_subscores,"{""minimum_each"":6.5,""minimum_overall"":7,""source_text"":""quire a Student visa to study in the UK are welcome to apply for entry in September 2026. Test Grade Additional details IELTS (Academic) 7 with no less than 6.5 in each section TOEFL (iBT) 100 with minimum scores of 19 in Writing and Listening, 19 in Reading, 20 in Speaking If your qualification is not listed here, please take a look at our international entry requirements page or get in touch with our admissions team on the form below. Please note, to be accepted onto this course; you will also need to demonstrate that you meet the minimum standards o""}",programme,,,https://www.hsu.ac.uk/course/bsc-hons-radiography-radiotherapy-and-oncology/#overview,"quire a Student visa to study in the UK are welcome to apply for entry in September 2026. Test Grade Additional details IELTS (Academic) 7 with no less than 6.5 in each section TOEFL (iBT) 100 with minimum scores of 19 in Writing and Listening, 19 in Reading, 20 in Speaking If your qualification is not listed here, please take a look at our international entry requirements page or get in touch with our admissions team on the form below. Please note, to be accepted onto this course; you will also need to demonstrate that you meet the minimum standards o",official_university_page,OFFICIAL,DIRECT_OFFICIAL,46d0228ef8ecdb053812315fa9b0d1aae2e927852ff3babedf9b18e472a3d182,stage1-coverage-20260916-raw-46d0228ef8ecdb053812315f,stage1-deterministic-coverage,1
996b9e0a-6692-5ca7-ab52-23f3030c9a37,Theology (joint degree),NL,duo-nl-stage1-004,work_experience,"{""details"":""DUO RIO reports GEEN_EISEN for EISEN_WERKZAAMHEDEN."",""requirement_status"":""not_required""}",programme,,,https://onderwijsdata.duo.nl/api/3/action/datastore_search?resource_id=ffffa7ad-e6a2-4ba7-9fc2-a09df4128555&limit=1&filters=%7B%22ONDERWIJSBESTUURID%22%3A%22107B461%22%2C%22OPLEIDINGSEENHEIDCODE%22%3A%221001O5786%22%7D,DUO RIO EISEN_WERKZAAMHEDEN=GEEN_EISEN,duo_rio,GOVERNMENT,GOVERNMENT,b41b12cf8802a8bc569b92091d3ae7ceab9a7bc51d9600540a5f2884c12e20c6,stage1-coverage-20260916-raw-b41b12cf8802a8bc569b9209,stage1-deterministic-coverage,1
770878eb-c3e4-583c-aeb7-0113b97486cf,Pharmacy,UK,discover-uk-stage1-021,ielts_overall,6,programme,,,https://www.brighton.ac.uk/courses/study/pharmacy-mpharm-with-preparatory-year.aspx,"pt GCSE equivalent qualifications for this course. English language requirements If English is not your first language, IELTS 6.0 overall with 6.0 in writing and minimum of 5.5 in other elements. Find out more about the English qualifications that we accept . If we make you an offer Once you’ve accepted your offer, in order to fulfil professional requirements, you will be expected to provide evidence of the following: satisfactory DBS disclosure, and an overseas police check for international applicants satisfactory health declaration/clearanc",official_university_page,OFFICIAL,DIRECT_OFFICIAL,194120ec9c3e75fa8da26931c37c04e0223b472e1a82d6168711eba36212351b,stage1-coverage-20260916-raw-194120ec9c3e75fa8da26931,stage1-deterministic-coverage,1
0c35c3a5-02ff-5de8-820a-f2ee8108e32e,Film & Television,UK,discover-uk-stage1-016,work_experience,"{""details"":""Relevant work experience may be considered if you do not meet the above criteria"",""requirement_status"":""conditional""}",programme,,,https://www.boston.ac.uk/find-a-course/view-all-courses/film-and-television-hnd-level-5,"bjects GCSEs in English and Maths at grade 4 (C) or above, or Functional Skills Level 2 and/or minimum IELTS score of 6 Relevant work experience may be considered if you do not meet the above criteria. Attendance The Film and Television HND Level 5 will take you 2 years to complete. You will attend college for 2-3 days per week at our Rochford Campus, plus approximately 24 hours of independent study per week. Fees and Funding The Film and Television HND Le",official_university_page,OFFICIAL,DIRECT_OFFICIAL,bc049d80cf90369244d734ef8a5e02945d4f9d65a96b99a8b14af86b24864b17,stage1-coverage-20260916-raw-bc049d80cf90369244d734ef,stage1-deterministic-coverage,1
6ed310cc-38b0-5e8f-992a-1d7ebe481f14,Sustainability Transitions (joint degree),NL,duo-nl-stage1-013,programme_language,"""Dutch""",programme,,,https://onderwijsdata.duo.nl/api/3/action/datastore_search?resource_id=ffffa7ad-e6a2-4ba7-9fc2-a09df4128555&limit=1&filters=%7B%22ONDERWIJSBESTUURID%22%3A%22107B477%22%2C%22OPLEIDINGSEENHEIDCODE%22%3A%221016O4303%22%7D,DUO RIO VOERTAAL=NLD,duo_rio,GOVERNMENT,GOVERNMENT,505ae4b4ed1cb9228db827dfee51a90eb938c07df3933da6e572bbc3603686ae,stage1-coverage-20260916-raw-505ae4b4ed1cb9228db827df,stage1-deterministic-coverage,1
770878eb-c3e4-583c-aeb7-0113b97486cf,Pharmacy,UK,discover-uk-stage1-021,scholarships,"{""details"":""Scholarship provides a boost for University of Brighton student “The Scholarship has enabled me to build my professional network and hear from inspiring voices who have not taken the conventional career path using their Pharmacy degree."",""funding_type"":""financial_aid_policy""}",programme,,,https://www.brighton.ac.uk/courses/study/pharmacy-mpharm-with-preparatory-year.aspx,Scholarship provides a boost for University of Brighton student “The Scholarship has enabled me to build my professional network and hear from inspiring voices who have not taken the conventional career path using their Pharmacy degree.,official_university_page,OFFICIAL,DIRECT_OFFICIAL,194120ec9c3e75fa8da26931c37c04e0223b472e1a82d6168711eba36212351b,stage1-coverage-20260916-raw-194120ec9c3e75fa8da26931,stage1-deterministic-coverage,1
814d8802-d69b-59c9-808a-b733ffe17579,Computer Science,UK,edinburgh-uk-canary,required_documents,"[""academic qualifications"",""a personal statement"",""evidence of your English language skills (with relevant qualifications)"",""a reference""]",programme,,,https://study.ed.ac.uk/programmes/undergraduate/58-computer-science,"What you need to apply As part of your application, you will need: your academic qualifications a personal statement evidence of your English language skills (with relevant qualifications) a reference How we select",official_university_page,OFFICIAL,DIRECT_OFFICIAL,44a81bd562dff2fc31bd7d060b7b2da478c3a82392833498b4de6319af0ea117,stage1-coverage-20260916-raw-44a81bd562dff2fc31bd7d06,stage1-deterministic-coverage,1
28ee7709-d09b-5231-8e41-461663619e85,Business Management with Entrepreneurship,UK,discover-uk-stage1-021,scholarships,"{""details"":""We offer scholarships for elite athletes, elite disabled athletes and talented sports performers."",""funding_type"":""financial_aid_policy""}",programme,,,https://www.brighton.ac.uk/courses/study/business-management-with-entrepreneurship-bsc-hons.aspx,"We offer scholarships for elite athletes, elite disabled athletes and talented sports performers.",official_university_page,OFFICIAL,DIRECT_OFFICIAL,72b248a810b38ef4545b4a5564696a3f7fe8894c6b4dee5eaaf4c416bc6a6dd2,stage1-coverage-20260916-raw-72b248a810b38ef4545b4a55,stage1-deterministic-coverage,1
c5b5eba6-707a-51a9-b64a-9385389c6bd7,Mathematics and Computer Science,UK,imperial-uk-canary,tuition,"{""academic_cycle"":""2027"",""amount"":45500,""audience"":""international"",""credential"":""international tuition fee"",""currency"":""GBP"",""fee_period"":""annual""}",programme,international,2027,https://www.imperial.ac.uk/study/courses/undergraduate/mathematics-computer-science-meng/,"n more about additional costs Overseas fee Overseas fee 2027 entry Not set As a guide, the Overseas fee for 2026-27 was £45,500. Which fee you pay Whether you pay the Home or Overseas fee depends on your fee status. This is assessed based on UK Government legislation and includes things like where you live and your nationality or residency status. Find out how we assess your fee status . Extra costs You might need to budget for additional costs related to your course that aren't covered by your tuition fees – like field trips, books and protective clothing. Our",official_university_page,OFFICIAL,DIRECT_OFFICIAL,e0e210bec2d7ac80f4f55876571d897b1caf5cc864467210411b42183c53ee4d,stage1-coverage-20260916-raw-e0e210bec2d7ac80f4f55876,stage1-deterministic-coverage,1
d0fa5375-aec0-55a2-ad4b-23ae41795088,Art and Design,UK,discover-uk-stage1-012,intakes,"{""source_label"":""Start date"",""start_dates"":[""2026-09-07"",""2028-06-07""]}",programme,,,https://bacoll.ac.uk/course/hnd-fine-art/,"Home / HND Fine Art HND Fine Art Course Code: BACF3053-261A Cost per year: £7995.00 Days: Monday, Tuesday and Wednesday Start Date: 07/09/2026 End Date: 07/06/2028 Apply Now Add to Basket Course overview This programme offers a comprehensive and immersive exploration of contemporary fine art practice, combining theoretical study with sustained practical skills development. Through research, independent and directed study, and industry-informed project work, you will engage with a wide range of artistic disciplines including drawing, pa",official_university_page,OFFICIAL,DIRECT_OFFICIAL,ee53c877a3458d014b9c03e9c319d1dc9eb6f05243eebcf14070cbc4ef04e737,stage1-coverage-20260916-raw-ee53c877a3458d014b9c03e9,stage1-deterministic-coverage,1
203e027d-3bf3-57ca-9bf7-6bcaf82a909a,Computer Science,UK,nottingham-uk-canary,application_url,"""http://www.nottingham.ac.uk/studywithus/ugstudy/courses/UG/Computer-Science-MSci-Hons.html""",programme,,,https://discoveruni.gov.uk/course-details/10007154/G404/Full-time/,Discover Uni Course page: http://www.nottingham.ac.uk/studywithus/ugstudy/courses/UG/Computer-Science-MSci-Hons.html,discover_uni,GOVERNMENT,CATALOGUE_PROVIDER,70eecb981d3a458840dcde95eedfc99a1edfc173db5b6bf7658908626eebf6cf,stage1-coverage-20260916-raw-70eecb981d3a458840dcde95,stage1-deterministic-coverage,1
b42b75f5-3004-5009-8bcf-40a2f3438085,BUT génie mécanique et productique parcours innovation pour l'industrie,FR,onisep-fr-stage1-008,application_url,"""https://www.u-picardie.fr/formation/catalogue/but-genie-mecanique-productique-saint-quentin""",programme,,,https://api.opendata.onisep.fr/downloads/605344579a7d7/605344579a7d7.csv,Onisep AF page web: https://www.u-picardie.fr/formation/catalogue/but-genie-mecanique-productique-saint-quentin,onisep_higher_ed,GOVERNMENT,GOVERNMENT,bf0ff9a929fecfe1974dcc64639baec0496be306ce750ce9211f611329408104,stage1-coverage-20260916-raw-bf0ff9a929fecfe1974dcc64,stage1-deterministic-coverage,1
baa1b317-ba51-5fac-af2c-4aa258d131a2,"Esports Production, Broadcasting and Events",UK,discover-uk-stage1-017,application_url,"""https://aub.ac.uk/partner-institutions#tab-5048274-bournemouth-and-poole-college""",programme,,,https://discoveruni.gov.uk/en/course-details/10000820/FDEPB/Full-time/,Discover Uni Course page: https://aub.ac.uk/partner-institutions#tab-5048274-bournemouth-and-poole-college,discover_uni,GOVERNMENT,CATALOGUE_PROVIDER,685e8a735470f94658c7ec764e5747d762798b33f7c522982e6e351732b20f18,stage1-coverage-20260916-raw-685e8a735470f94658c7ec76,stage1-deterministic-coverage,1
f0aaed85-63dd-5540-9212-228b3b131e10,"B Education in Primary Schools (age 4-12), full-time",NL,duo-nl-stage1-016,programme_language,"""Dutch""",programme,,,https://onderwijsdata.duo.nl/api/3/action/datastore_search?resource_id=ffffa7ad-e6a2-4ba7-9fc2-a09df4128555&limit=1&filters=%7B%22ONDERWIJSBESTUURID%22%3A%22107B555%22%2C%22OPLEIDINGSEENHEIDCODE%22%3A%221015O6755%22%7D,DUO RIO VOERTAAL=NLD,duo_rio,GOVERNMENT,GOVERNMENT,ab7d7b1371ef6ef7b8d0048381d8868775faf64b191c5b37fac5f92f193b2ace,stage1-coverage-20260916-raw-ab7d7b1371ef6ef7b8d00483,stage1-deterministic-coverage,1
9e56967c-c215-5e0b-ba38-018d61a6a991,Computer Science,UK,edinburgh-uk-canary,application_url,"""https://www.ed.ac.uk/ug/G400""",programme,,,https://discoveruni.gov.uk/course-details/10007790/UTCMPSIBSCH/Full-time/,Discover Uni Course page: https://www.ed.ac.uk/ug/G400,discover_uni,GOVERNMENT,CATALOGUE_PROVIDER,ff2d81ba0f2240a911742a066d47a664ee14c91f82c11db77b1c18f97316ccf5,stage1-coverage-20260916-raw-ff2d81ba0f2240a911742a06,stage1-deterministic-coverage,1
9436b038-a11f-554e-bf0b-894432db7716,Fine Art,UK,discover-uk-stage1-004,tuition,"{""academic_cycle"":""2026/27"",""amount"":9790,""audience"":""domestic"",""credential"":""tuition fee"",""currency"":""GBP"",""fee_period"":""annual""}",programme,domestic,2026/27,https://www.aru.ac.uk/study/undergraduate/fine-art,"Information"" section to function. Fees and funding UK students BA (Hons) With placement With foundation year BA (Hons) £9,790 UK students starting 2026/27 (full-time, per year) Paying your tuition fees If you're a UK student, you don't need the money to pay for university now . If you accept an offer to study at university, you can apply for a Tuition Fee Loan to cover your course fees. Both full-time and part-time students can apply for a Tuition Fee Loan. You'll start repaying the loan in the April after you graduate. For more information about student loans",official_university_page,OFFICIAL,DIRECT_OFFICIAL,775862b3c2d6d6f73bd8f7a9e7234c94c55c627f8a49b876f42af10dabd5753b,stage1-coverage-20260916-raw-775862b3c2d6d6f73bd8f7a9,stage1-deterministic-coverage,1
b71975da-c74a-5d2d-8e60-1ffed647fcee,BUT gestion administrative et commerciale des organisations parcours management responsable de projet et entrepreneuriat,FR,onisep-fr-stage1-015,application_url,"""https://iut.univ-amu.fr/fr/formations/bachelor-universitaire-de-technologie/but-gestion-administrative-commerciale-organisations""",programme,,,https://api.opendata.onisep.fr/downloads/605344579a7d7/605344579a7d7.csv,Onisep AF page web: https://iut.univ-amu.fr/fr/formations/bachelor-universitaire-de-technologie/but-gestion-administrative-commerciale-organisations,onisep_higher_ed,GOVERNMENT,GOVERNMENT,bf0ff9a929fecfe1974dcc64639baec0496be306ce750ce9211f611329408104,stage1-coverage-20260916-raw-bf0ff9a929fecfe1974dcc64,stage1-deterministic-coverage,1
49ca4019-1bf2-5b5c-983d-1c96b71efea6,"master mention métiers de l'enseignement, de l'éducation et de la formation - pratiques et ingénierie de la formation",FR,onisep-fr-stage1-026,application_url,"""https://inspe.univ-cotedazur.fr/a-propos-de-linspe/presentation""",programme,,,https://api.opendata.onisep.fr/downloads/605344579a7d7/605344579a7d7.csv,Onisep AF page web: https://inspe.univ-cotedazur.fr/a-propos-de-linspe/presentation,onisep_higher_ed,GOVERNMENT,GOVERNMENT,bf0ff9a929fecfe1974dcc64639baec0496be306ce750ce9211f611329408104,stage1-coverage-20260916-raw-bf0ff9a929fecfe1974dcc64,stage1-deterministic-coverage,1
