institution_name,original_programme_name,institution_id,programme_id,country,provider,classification,verified_programme_name,provider_native_programme_id,reason,binding_evidence,action
Massachusetts Institute of Technology,MIT Computer Science,mit-us-canary,12ea43db-9407-5372-89e5-7ed951f3cdc0,US,College Scorecard,SYNTHETIC_SEED,,,institution-scoped provider has no programme-native identifier,institution identity only; no programme-native identifier,KEEP_CANARY_ONLY
Massachusetts Institute of Technology,MIT Computer Science (alternate),mit-us-canary,6b4906ec-f0e6-57cc-bc33-5e7be40eedb1,US,College Scorecard,SYNTHETIC_SEED,,,institution-scoped provider has no programme-native identifier,institution identity only; no programme-native identifier,KEEP_CANARY_ONLY
Cornell University,Cornell Information Science,cornell-us-canary,1c7ec8f4-2b0f-55c6-857e-bf401ddd7aab,US,College Scorecard,SYNTHETIC_SEED,,,institution-scoped provider has no programme-native identifier,institution identity only; no programme-native identifier,KEEP_CANARY_ONLY
Cornell University,Cornell Information Science (alternate),cornell-us-canary,c6b706a2-ff0b-5ffa-a2b8-061e255e9608,US,College Scorecard,SYNTHETIC_SEED,,,institution-scoped provider has no programme-native identifier,institution identity only; no programme-native identifier,KEEP_CANARY_ONLY
Harvard University,Harvard Computer Science,harvard-us-canary,a3c3b0a9-ef44-5d5c-bff6-0a8632ee6c84,US,College Scorecard,SYNTHETIC_SEED,,,institution-scoped provider has no programme-native identifier,institution identity only; no programme-native identifier,KEEP_CANARY_ONLY
Harvard University,Harvard Computer Science (alternate),harvard-us-canary,06e6e1c7-516e-521c-910b-5d397d4ec5a5,US,College Scorecard,SYNTHETIC_SEED,,,institution-scoped provider has no programme-native identifier,institution identity only; no programme-native identifier,KEEP_CANARY_ONLY
Stanford University,Stanford Computer Science,stanford-us-canary,0d8144a4-e388-5bbf-9d3c-e725193b73e5,US,College Scorecard,SYNTHETIC_SEED,,,institution-scoped provider has no programme-native identifier,institution identity only; no programme-native identifier,KEEP_CANARY_ONLY
Stanford University,Stanford Computer Science (alternate),stanford-us-canary,a99fe8b8-2153-590f-875c-d3d09599f1cf,US,College Scorecard,SYNTHETIC_SEED,,,institution-scoped provider has no programme-native identifier,institution identity only; no programme-native identifier,KEEP_CANARY_ONLY
University of California-Berkeley,Berkeley Data Science,berkeley-us-canary,8fc5b1d1-3c23-5e14-8344-445a4c90a416,US,College Scorecard,SYNTHETIC_SEED,,,institution-scoped provider has no programme-native identifier,institution identity only; no programme-native identifier,KEEP_CANARY_ONLY
University of California-Berkeley,Berkeley Data Science (alternate),berkeley-us-canary,9a33e6c7-17d6-516b-ac4d-8f9a78b01269,US,College Scorecard,SYNTHETIC_SEED,,,institution-scoped provider has no programme-native identifier,institution identity only; no programme-native identifier,KEEP_CANARY_ONLY
Princeton University,Princeton Engineering,princeton-us-canary,1bae0c84-4db6-52a9-b7ec-6d25cb566e33,US,College Scorecard,SYNTHETIC_SEED,,,institution-scoped provider has no programme-native identifier,institution identity only; no programme-native identifier,KEEP_CANARY_ONLY
Princeton University,Princeton Engineering (alternate),princeton-us-canary,a05e67d9-34a7-586b-ae01-ee8974775c9f,US,College Scorecard,SYNTHETIC_SEED,,,institution-scoped provider has no programme-native identifier,institution identity only; no programme-native identifier,KEEP_CANARY_ONLY
Yale University,Yale Economics,yale-us-canary,b96e6d58-da92-55a2-8a2d-25bd9f52fc25,US,College Scorecard,SYNTHETIC_SEED,,,institution-scoped provider has no programme-native identifier,institution identity only; no programme-native identifier,KEEP_CANARY_ONLY
Yale University,Yale Economics (alternate),yale-us-canary,3a7a976d-48b8-57d9-a7cc-d04ecfdff0f1,US,College Scorecard,SYNTHETIC_SEED,,,institution-scoped provider has no programme-native identifier,institution identity only; no programme-native identifier,KEEP_CANARY_ONLY
Columbia University in the City of New York,Columbia Computer Science,columbia-us-canary,cc8a9728-1497-53fd-a039-50256a671b7c,US,College Scorecard,SYNTHETIC_SEED,,,institution-scoped provider has no programme-native identifier,institution identity only; no programme-native identifier,KEEP_CANARY_ONLY
Columbia University in the City of New York,Columbia Computer Science (alternate),columbia-us-canary,d1a7f1ff-7249-50ef-a805-e4c72c4ee10d,US,College Scorecard,SYNTHETIC_SEED,,,institution-scoped provider has no programme-native identifier,institution identity only; no programme-native identifier,KEEP_CANARY_ONLY
University of Michigan-Ann Arbor,Michigan Data Science,michigan-us-canary,afc13a92-dd1a-53b0-b8dc-e53c8ca7ac45,US,College Scorecard,SYNTHETIC_SEED,,,institution-scoped provider has no programme-native identifier,institution identity only; no programme-native identifier,KEEP_CANARY_ONLY
University of Michigan-Ann Arbor,Michigan Data Science (alternate),michigan-us-canary,84c6a72a-1a8e-5f18-8148-5eaf3e92d07d,US,College Scorecard,SYNTHETIC_SEED,,,institution-scoped provider has no programme-native identifier,institution identity only; no programme-native identifier,KEEP_CANARY_ONLY
Carnegie Mellon University,Carnegie Mellon Machine Learning,cmu-us-canary,0e85fd08-af75-5dc1-b15a-736ca7da58d9,US,College Scorecard,SYNTHETIC_SEED,,,institution-scoped provider has no programme-native identifier,institution identity only; no programme-native identifier,KEEP_CANARY_ONLY
Carnegie Mellon University,Carnegie Mellon Machine Learning (alternate),cmu-us-canary,2d111313-ac8c-5d54-9c78-58eaaa3049b2,US,College Scorecard,SYNTHETIC_SEED,,,institution-scoped provider has no programme-native identifier,institution identity only; no programme-native identifier,KEEP_CANARY_ONLY
New York University,NYU Business Analytics,nyu-us-canary,79ec5af9-62c0-548f-a0e9-4373568c1b48,US,College Scorecard,SYNTHETIC_SEED,,,institution-scoped provider has no programme-native identifier,institution identity only; no programme-native identifier,KEEP_CANARY_ONLY
New York University,NYU Business Analytics (alternate),nyu-us-canary,57b33342-6c02-588d-8fe1-070e1414b50e,US,College Scorecard,SYNTHETIC_SEED,,,institution-scoped provider has no programme-native identifier,institution identity only; no programme-native identifier,KEEP_CANARY_ONLY
Purdue University-Main Campus,Purdue Engineering,purdue-us-canary,11502bf2-9e85-525d-a0fc-a070676ec307,US,College Scorecard,SYNTHETIC_SEED,,,institution-scoped provider has no programme-native identifier,institution identity only; no programme-native identifier,KEEP_CANARY_ONLY
Purdue University-Main Campus,Purdue Engineering (alternate),purdue-us-canary,03e1ce9d-1328-53dc-8a6c-949ea29d6d8a,US,College Scorecard,SYNTHETIC_SEED,,,institution-scoped provider has no programme-native identifier,institution identity only; no programme-native identifier,KEEP_CANARY_ONLY
ETH Zurich,ETH Zurich Data Science,eth-zurich-ch-canary,287d21b6-9988-5ab2-8760-73790ce41946,CH,swissuniversities,SYNTHETIC_SEED,,,institution-scoped provider has no programme-native identifier,institution identity only; no programme-native identifier,KEEP_CANARY_ONLY
ETH Zurich,ETH Zurich Engineering,eth-zurich-ch-canary,8defaece-6e69-511d-9051-21acb33beb9f,CH,swissuniversities,SYNTHETIC_SEED,,,institution-scoped provider has no programme-native identifier,institution identity only; no programme-native identifier,KEEP_CANARY_ONLY
EPFL,EPFL Data Science,epfl-ch-canary,08040d71-863c-55e5-bdae-b543a5522672,CH,swissuniversities,SYNTHETIC_SEED,,,institution-scoped provider has no programme-native identifier,institution identity only; no programme-native identifier,KEEP_CANARY_ONLY
EPFL,EPFL Engineering,epfl-ch-canary,31142093-9075-5d8c-8037-92ac8cae54dd,CH,swissuniversities,SYNTHETIC_SEED,,,institution-scoped provider has no programme-native identifier,institution identity only; no programme-native identifier,KEEP_CANARY_ONLY
University of Zurich,University of Zurich Data Science,uzh-ch-canary,decf3e2a-c378-5138-b31c-e3da3493b6db,CH,swissuniversities,SYNTHETIC_SEED,,,institution-scoped provider has no programme-native identifier,institution identity only; no programme-native identifier,KEEP_CANARY_ONLY
University of Zurich,University of Zurich Engineering,uzh-ch-canary,8bf9c3db-a6d3-5d2f-b159-21601aa93163,CH,swissuniversities,SYNTHETIC_SEED,,,institution-scoped provider has no programme-native identifier,institution identity only; no programme-native identifier,KEEP_CANARY_ONLY
University of Geneva,University of Geneva Data Science,geneva-ch-canary,d0bfd80a-11d0-5bed-a14b-98593eba80c2,CH,swissuniversities,SYNTHETIC_SEED,,,institution-scoped provider has no programme-native identifier,institution identity only; no programme-native identifier,KEEP_CANARY_ONLY
University of Geneva,University of Geneva Engineering,geneva-ch-canary,e2f1a704-ebd5-5ba1-8849-d9eeaba3aa44,CH,swissuniversities,SYNTHETIC_SEED,,,institution-scoped provider has no programme-native identifier,institution identity only; no programme-native identifier,KEEP_CANARY_ONLY
University of Lausanne,University of Lausanne Data Science,lausanne-ch-canary,7f4f607f-0bf0-5638-8b4a-2a8c163c53f9,CH,swissuniversities,SYNTHETIC_SEED,,,institution-scoped provider has no programme-native identifier,institution identity only; no programme-native identifier,KEEP_CANARY_ONLY
University of Lausanne,University of Lausanne Engineering,lausanne-ch-canary,d7c19895-9b75-55c7-b376-1e35e08abe58,CH,swissuniversities,SYNTHETIC_SEED,,,institution-scoped provider has no programme-native identifier,institution identity only; no programme-native identifier,KEEP_CANARY_ONLY
University of Basel,University of Basel Data Science,basel-ch-canary,660dfaa0-4e84-52bb-862b-5cbcafba06aa,CH,swissuniversities,SYNTHETIC_SEED,,,institution-scoped provider has no programme-native identifier,institution identity only; no programme-native identifier,KEEP_CANARY_ONLY
University of Basel,University of Basel Engineering,basel-ch-canary,1fa25dc8-b853-590d-8481-27668ce3a81d,CH,swissuniversities,SYNTHETIC_SEED,,,institution-scoped provider has no programme-native identifier,institution identity only; no programme-native identifier,KEEP_CANARY_ONLY
University of Bern,University of Bern Data Science,bern-ch-canary,645ccb28-be3a-5b92-9bc4-1c596e39d8fc,CH,swissuniversities,SYNTHETIC_SEED,,,institution-scoped provider has no programme-native identifier,institution identity only; no programme-native identifier,KEEP_CANARY_ONLY
University of Bern,University of Bern Engineering,bern-ch-canary,2b6b45e5-a934-5676-ab10-f02491fef076,CH,swissuniversities,SYNTHETIC_SEED,,,institution-scoped provider has no programme-native identifier,institution identity only; no programme-native identifier,KEEP_CANARY_ONLY
University of St. Gallen,University of St. Gallen Data Science,st-gallen-ch-canary,35fd3eae-11a5-503d-964d-3dfc0c609680,CH,swissuniversities,SYNTHETIC_SEED,,,institution-scoped provider has no programme-native identifier,institution identity only; no programme-native identifier,KEEP_CANARY_ONLY
University of St. Gallen,University of St. Gallen Engineering,st-gallen-ch-canary,673d0f63-7bac-5f75-b5c2-45d6a43cb758,CH,swissuniversities,SYNTHETIC_SEED,,,institution-scoped provider has no programme-native identifier,institution identity only; no programme-native identifier,KEEP_CANARY_ONLY
Sorbonne Universite,Licence mention informatique,sorbonne-fr-canary,f825d937-ce65-5abf-ba73-588cbbe7d1d4,FR,Onisep Idéo,VERIFIED_PROGRAMME,Licence mention informatique,"{""onisep_higher_ed.Action de Formation (AF) identifiant Onisep"": ""AF.86527"", ""onisep_higher_ed.ENS code UAI"": ""0755283K""}",source-native programme identifier and deterministic identity binding,onisep_higher_ed.ENS code UAI=0755283K; onisep_higher_ed.Action de Formation (AF) identifiant Onisep=AF.86527,KEEP_PRODUCTION
Sorbonne Universite,Master mention informatique,sorbonne-fr-canary,1d747e1b-2087-5845-b0b1-9a73afb9fed1,FR,Onisep Idéo,VERIFIED_PROGRAMME,Master mention informatique,"{""onisep_higher_ed.Action de Formation (AF) identifiant Onisep"": ""AF.84654"", ""onisep_higher_ed.ENS code UAI"": ""0755283K""}",source-native programme identifier and deterministic identity binding,onisep_higher_ed.ENS code UAI=0755283K; onisep_higher_ed.Action de Formation (AF) identifiant Onisep=AF.84654,KEEP_PRODUCTION
Facultes libres de l'Ouest - UCO Nantes,Licence mention information-communication,uco-nantes-fr-canary,150cc360-0583-5ca4-b727-85c3655122d8,FR,Onisep Idéo,VERIFIED_PROGRAMME,Licence mention information-communication,"{""onisep_higher_ed.Action de Formation (AF) identifiant Onisep"": ""AF.45876"", ""onisep_higher_ed.ENS code UAI"": ""0442777E""}",source-native programme identifier and deterministic identity binding,onisep_higher_ed.ENS code UAI=0442777E; onisep_higher_ed.Action de Formation (AF) identifiant Onisep=AF.45876,KEEP_PRODUCTION
Facultes libres de l'Ouest - UCO Nantes,Licence mention science politique,uco-nantes-fr-canary,bfc45f5d-0a97-5713-983e-d41f43e9de06,FR,Onisep Idéo,VERIFIED_PROGRAMME,Licence mention science politique,"{""onisep_higher_ed.Action de Formation (AF) identifiant Onisep"": ""AF.109027"", ""onisep_higher_ed.ENS code UAI"": ""0442777E""}",source-native programme identifier and deterministic identity binding,onisep_higher_ed.ENS code UAI=0442777E; onisep_higher_ed.Action de Formation (AF) identifiant Onisep=AF.109027,KEEP_PRODUCTION
Ecole centrale de Lyon,Master mention informatique,centrale-lyon-fr-canary,11ff1bd2-c5f3-5999-b0c4-5f010956c67b,FR,Onisep Idéo,VERIFIED_PROGRAMME,Master mention informatique,"{""onisep_higher_ed.Action de Formation (AF) identifiant Onisep"": ""AF.30276"", ""onisep_higher_ed.ENS code UAI"": ""0690187D""}",source-native programme identifier and deterministic identity binding,onisep_higher_ed.ENS code UAI=0690187D; onisep_higher_ed.Action de Formation (AF) identifiant Onisep=AF.30276,KEEP_PRODUCTION
Ecole centrale de Lyon,Master mention chimie et sciences des materiaux,centrale-lyon-fr-canary,19238524-9803-53d5-ba61-dcbe17c6c55a,FR,Onisep Idéo,VERIFIED_PROGRAMME,Master mention chimie et sciences des materiaux,"{""onisep_higher_ed.Action de Formation (AF) identifiant Onisep"": ""AF.60342"", ""onisep_higher_ed.ENS code UAI"": ""0690187D""}",source-native programme identifier and deterministic identity binding,onisep_higher_ed.ENS code UAI=0690187D; onisep_higher_ed.Action de Formation (AF) identifiant Onisep=AF.60342,KEEP_PRODUCTION
Ecole normale superieure Paris-Saclay,Master mention physique fondamentale et applications,ens-paris-saclay-fr-canary,62a663d6-de90-5325-922d-27656a7c3d3c,FR,Onisep Idéo,VERIFIED_PROGRAMME,Master mention physique fondamentale et applications,"{""onisep_higher_ed.Action de Formation (AF) identifiant Onisep"": ""AF.43970"", ""onisep_higher_ed.ENS code UAI"": ""0912423P""}",source-native programme identifier and deterministic identity binding,onisep_higher_ed.ENS code UAI=0912423P; onisep_higher_ed.Action de Formation (AF) identifiant Onisep=AF.43970,KEEP_PRODUCTION
Ecole normale superieure Paris-Saclay,Master mention biologie-sante,ens-paris-saclay-fr-canary,49412a9b-8bd2-5754-979e-aacdc24e93ad,FR,Onisep Idéo,VERIFIED_PROGRAMME,Master mention biologie-sante,"{""onisep_higher_ed.Action de Formation (AF) identifiant Onisep"": ""AF.19718"", ""onisep_higher_ed.ENS code UAI"": ""0912423P""}",source-native programme identifier and deterministic identity binding,onisep_higher_ed.ENS code UAI=0912423P; onisep_higher_ed.Action de Formation (AF) identifiant Onisep=AF.19718,KEEP_PRODUCTION
Institut national des sciences appliquees de Lyon,Master mention IA - intelligence artificielle,insa-lyon-fr-canary,e9ed732d-69bc-5121-918a-1da325af79ef,FR,Onisep Idéo,VERIFIED_PROGRAMME,Master mention IA - intelligence artificielle,"{""onisep_higher_ed.Action de Formation (AF) identifiant Onisep"": ""AF.109653"", ""onisep_higher_ed.ENS code UAI"": ""0690192J""}",source-native programme identifier and deterministic identity binding,onisep_higher_ed.ENS code UAI=0690192J; onisep_higher_ed.Action de Formation (AF) identifiant Onisep=AF.109653,KEEP_PRODUCTION
Institut national des sciences appliquees de Lyon,Bachelor en sciences et ingenierie - genie energetique et environnement,insa-lyon-fr-canary,9abbec1d-5f50-59ea-9532-f3ed9e3aff10,FR,Onisep Idéo,VERIFIED_PROGRAMME,Bachelor en sciences et ingenierie - genie energetique et environnement,"{""onisep_higher_ed.Action de Formation (AF) identifiant Onisep"": ""AF.133979"", ""onisep_higher_ed.ENS code UAI"": ""0690192J""}",source-native programme identifier and deterministic identity binding,onisep_higher_ed.ENS code UAI=0690192J; onisep_higher_ed.Action de Formation (AF) identifiant Onisep=AF.133979,KEEP_PRODUCTION
Institut polytechnique de Paris,Master mention biologie-sante,ip-paris-fr-canary,10ca8bac-cfc7-5cb3-87ae-5f1041983e86,FR,Onisep Idéo,VERIFIED_PROGRAMME,Master mention biologie-sante,"{""onisep_higher_ed.Action de Formation (AF) identifiant Onisep"": ""AF.130168"", ""onisep_higher_ed.ENS code UAI"": ""0912403T""}",source-native programme identifier and deterministic identity binding,onisep_higher_ed.ENS code UAI=0912403T; onisep_higher_ed.Action de Formation (AF) identifiant Onisep=AF.130168,KEEP_PRODUCTION
Institut polytechnique de Paris,Master innovation entreprise societe,ip-paris-fr-canary,c730c2f4-b8a5-5ef0-9947-7eea1b10b7d9,FR,Onisep Idéo,VERIFIED_PROGRAMME,Master innovation entreprise societe,"{""onisep_higher_ed.Action de Formation (AF) identifiant Onisep"": ""AF.130166"", ""onisep_higher_ed.ENS code UAI"": ""0912403T""}",source-native programme identifier and deterministic identity binding,onisep_higher_ed.ENS code UAI=0912403T; onisep_higher_ed.Action de Formation (AF) identifiant Onisep=AF.130166,KEEP_PRODUCTION
Grenoble INP - UGA,Master mathematiques et applications,grenoble-inp-fr-canary,c6eca011-652e-5337-acaf-ddaeb1183845,FR,Onisep Idéo,VERIFIED_PROGRAMME,Master mathematiques et applications,"{""onisep_higher_ed.Action de Formation (AF) identifiant Onisep"": ""AF.101907"", ""onisep_higher_ed.ENS code UAI"": ""0383399N""}",source-native programme identifier and deterministic identity binding,onisep_higher_ed.ENS code UAI=0383399N; onisep_higher_ed.Action de Formation (AF) identifiant Onisep=AF.101907,KEEP_PRODUCTION
Grenoble INP - UGA,Master informatique,grenoble-inp-fr-canary,bf308eef-94f1-5ee2-93f5-29797353ff96,FR,Onisep Idéo,VERIFIED_PROGRAMME,Master informatique,"{""onisep_higher_ed.Action de Formation (AF) identifiant Onisep"": ""AF.98564"", ""onisep_higher_ed.ENS code UAI"": ""0383399N""}",source-native programme identifier and deterministic identity binding,onisep_higher_ed.ENS code UAI=0383399N; onisep_higher_ed.Action de Formation (AF) identifiant Onisep=AF.98564,KEEP_PRODUCTION
Centrale Lille Institut,Master mecanique,centrale-lille-fr-canary,51008e77-c0f0-545f-aa70-38f531ed5337,FR,Onisep Idéo,VERIFIED_PROGRAMME,Master mecanique,"{""onisep_higher_ed.Action de Formation (AF) identifiant Onisep"": ""AF.38086"", ""onisep_higher_ed.ENS code UAI"": ""0597139P""}",source-native programme identifier and deterministic identity binding,onisep_higher_ed.ENS code UAI=0597139P; onisep_higher_ed.Action de Formation (AF) identifiant Onisep=AF.38086,KEEP_PRODUCTION
Centrale Lille Institut,Master sciences des donnees,centrale-lille-fr-canary,8e8f2126-460d-5840-b1e8-d4144fbd4007,FR,Onisep Idéo,VERIFIED_PROGRAMME,Master sciences des donnees,"{""onisep_higher_ed.Action de Formation (AF) identifiant Onisep"": ""AF.76413"", ""onisep_higher_ed.ENS code UAI"": ""0597139P""}",source-native programme identifier and deterministic identity binding,onisep_higher_ed.ENS code UAI=0597139P; onisep_higher_ed.Action de Formation (AF) identifiant Onisep=AF.76413,KEEP_PRODUCTION
Oxford University,Computer Science (3 or 4 years),oxford-uk-canary,45d0488c-fd77-5761-bf4b-e68dc9328b6f,UK,Discover Uni,VERIFIED_PROGRAMME,Computer Science (3 or 4 years),"{""discover_uni_hesa.KISCourse"": ""G400"", ""discover_uni_hesa.KISMODE"": ""Full-time"", ""discover_uni_hesa.PUBUKPRN"": ""10007774"", ""discover_uni_hesa.course_name"": ""Computer Science (3 or 4 years)""}",source-native programme identifier and deterministic identity binding,discover_uni_hesa.PUBUKPRN=10007774; discover_uni_hesa.KISCourse=G400; discover_uni_hesa.KISMODE=Full-time; discover_uni_hesa.course_name=Computer Science (3 or 4 years),KEEP_PRODUCTION
Oxford University,Mathematics and Computer Science,oxford-uk-canary,00164ee0-24b0-5e69-8c8b-979d08113044,UK,Discover Uni,VERIFIED_PROGRAMME,Mathematics and Computer Science,"{""discover_uni_hesa.KISCourse"": ""GG14"", ""discover_uni_hesa.KISMODE"": ""Full-time"", ""discover_uni_hesa.PUBUKPRN"": ""10007774"", ""discover_uni_hesa.course_name"": ""Mathematics and Computer Science""}",source-native programme identifier and deterministic identity binding,discover_uni_hesa.PUBUKPRN=10007774; discover_uni_hesa.KISCourse=GG14; discover_uni_hesa.KISMODE=Full-time; discover_uni_hesa.course_name=Mathematics and Computer Science,KEEP_PRODUCTION
University of Cambridge,Computer Science,cambridge-uk-canary,4ec2cb38-ac8f-597c-857d-18eabf99649b,UK,Discover Uni,VERIFIED_PROGRAMME,Computer Science,"{""discover_uni_hesa.KISCourse"": ""UG_CSTX"", ""discover_uni_hesa.KISMODE"": ""Full-time"", ""discover_uni_hesa.PUBUKPRN"": ""10007788"", ""discover_uni_hesa.course_name"": ""Computer Science""}",source-native programme identifier and deterministic identity binding,discover_uni_hesa.PUBUKPRN=10007788; discover_uni_hesa.KISCourse=UG_CSTX; discover_uni_hesa.KISMODE=Full-time; discover_uni_hesa.course_name=Computer Science,KEEP_PRODUCTION
University of Cambridge,Natural Sciences,cambridge-uk-canary,363052cb-99e3-5cb4-bfc4-512e4dc078a2,UK,Discover Uni,VERIFIED_PROGRAMME,Natural Sciences,"{""discover_uni_hesa.KISCourse"": ""UG_NSTX"", ""discover_uni_hesa.KISMODE"": ""Full-time"", ""discover_uni_hesa.PUBUKPRN"": ""10007788"", ""discover_uni_hesa.course_name"": ""Natural Sciences""}",source-native programme identifier and deterministic identity binding,discover_uni_hesa.PUBUKPRN=10007788; discover_uni_hesa.KISCourse=UG_NSTX; discover_uni_hesa.KISMODE=Full-time; discover_uni_hesa.course_name=Natural Sciences,KEEP_PRODUCTION
Imperial College London,Mathematics and Computer Science,imperial-uk-canary,8322e08f-eb1d-50a8-bd91-33371fb57645,UK,Discover Uni,VERIFIED_PROGRAMME,Mathematics and Computer Science,"{""discover_uni_hesa.KISCourse"": ""GG14"", ""discover_uni_hesa.KISMODE"": ""Full-time"", ""discover_uni_hesa.PUBUKPRN"": ""10003270"", ""discover_uni_hesa.course_name"": ""Mathematics and Computer Science""}",source-native programme identifier and deterministic identity binding,discover_uni_hesa.PUBUKPRN=10003270; discover_uni_hesa.KISCourse=GG14; discover_uni_hesa.KISMODE=Full-time; discover_uni_hesa.course_name=Mathematics and Computer Science,KEEP_PRODUCTION
Imperial College London,Mathematics and Computer Science,imperial-uk-canary,c5b5eba6-707a-51a9-b64a-9385389c6bd7,UK,Discover Uni,VERIFIED_PROGRAMME,Mathematics and Computer Science,"{""discover_uni_hesa.KISCourse"": ""GG41"", ""discover_uni_hesa.KISMODE"": ""Full-time"", ""discover_uni_hesa.PUBUKPRN"": ""10003270"", ""discover_uni_hesa.course_name"": ""Mathematics and Computer Science""}",source-native programme identifier and deterministic identity binding,discover_uni_hesa.PUBUKPRN=10003270; discover_uni_hesa.KISCourse=GG41; discover_uni_hesa.KISMODE=Full-time; discover_uni_hesa.course_name=Mathematics and Computer Science,KEEP_PRODUCTION
University of Nottingham,Computer Science,nottingham-uk-canary,e21a74fb-4986-5481-9095-01428fac91ef,UK,Discover Uni,VERIFIED_PROGRAMME,Computer Science,"{""discover_uni_hesa.KISCourse"": ""G400"", ""discover_uni_hesa.KISMODE"": ""Full-time"", ""discover_uni_hesa.PUBUKPRN"": ""10007154"", ""discover_uni_hesa.course_name"": ""Computer Science""}",source-native programme identifier and deterministic identity binding,discover_uni_hesa.PUBUKPRN=10007154; discover_uni_hesa.KISCourse=G400; discover_uni_hesa.KISMODE=Full-time; discover_uni_hesa.course_name=Computer Science,KEEP_PRODUCTION
University of Nottingham,Computer Science,nottingham-uk-canary,203e027d-3bf3-57ca-9bf7-6bcaf82a909a,UK,Discover Uni,VERIFIED_PROGRAMME,Computer Science,"{""discover_uni_hesa.KISCourse"": ""G404"", ""discover_uni_hesa.KISMODE"": ""Full-time"", ""discover_uni_hesa.PUBUKPRN"": ""10007154"", ""discover_uni_hesa.course_name"": ""Computer Science""}",source-native programme identifier and deterministic identity binding,discover_uni_hesa.PUBUKPRN=10007154; discover_uni_hesa.KISCourse=G404; discover_uni_hesa.KISMODE=Full-time; discover_uni_hesa.course_name=Computer Science,KEEP_PRODUCTION
The University of Edinburgh,Computer Science,edinburgh-uk-canary,814d8802-d69b-59c9-808a-b733ffe17579,UK,Discover Uni,VERIFIED_PROGRAMME,Computer Science,"{""discover_uni_hesa.KISCourse"": ""UTCMPSIBENGH"", ""discover_uni_hesa.KISMODE"": ""Full-time"", ""discover_uni_hesa.PUBUKPRN"": ""10007790"", ""discover_uni_hesa.course_name"": ""Computer Science""}",source-native programme identifier and deterministic identity binding,discover_uni_hesa.PUBUKPRN=10007790; discover_uni_hesa.KISCourse=UTCMPSIBENGH; discover_uni_hesa.KISMODE=Full-time; discover_uni_hesa.course_name=Computer Science,KEEP_PRODUCTION
The University of Edinburgh,Computer Science,edinburgh-uk-canary,9e56967c-c215-5e0b-ba38-018d61a6a991,UK,Discover Uni,VERIFIED_PROGRAMME,Computer Science,"{""discover_uni_hesa.KISCourse"": ""UTCMPSIBSCH"", ""discover_uni_hesa.KISMODE"": ""Full-time"", ""discover_uni_hesa.PUBUKPRN"": ""10007790"", ""discover_uni_hesa.course_name"": ""Computer Science""}",source-native programme identifier and deterministic identity binding,discover_uni_hesa.PUBUKPRN=10007790; discover_uni_hesa.KISCourse=UTCMPSIBSCH; discover_uni_hesa.KISMODE=Full-time; discover_uni_hesa.course_name=Computer Science,KEEP_PRODUCTION
The University of Manchester,Computer Science,manchester-uk-canary,de38fc20-2235-5c03-b4f0-5d3817f4abcc,UK,Discover Uni,VERIFIED_PROGRAMME,Computer Science,"{""discover_uni_hesa.KISCourse"": ""28"", ""discover_uni_hesa.KISMODE"": ""Full-time"", ""discover_uni_hesa.PUBUKPRN"": ""10007798"", ""discover_uni_hesa.course_name"": ""Computer Science""}",source-native programme identifier and deterministic identity binding,discover_uni_hesa.PUBUKPRN=10007798; discover_uni_hesa.KISCourse=28; discover_uni_hesa.KISMODE=Full-time; discover_uni_hesa.course_name=Computer Science,KEEP_PRODUCTION
The University of Manchester,Data Science,manchester-uk-canary,056c787b-cb1e-526e-bb3d-9a731e339a19,UK,Discover Uni,VERIFIED_PROGRAMME,Data Science,"{""discover_uni_hesa.KISCourse"": ""2571195"", ""discover_uni_hesa.KISMODE"": ""Full-time"", ""discover_uni_hesa.PUBUKPRN"": ""10007798"", ""discover_uni_hesa.course_name"": ""Data Science""}",source-native programme identifier and deterministic identity binding,discover_uni_hesa.PUBUKPRN=10007798; discover_uni_hesa.KISCourse=2571195; discover_uni_hesa.KISMODE=Full-time; discover_uni_hesa.course_name=Data Science,KEEP_PRODUCTION
University of Bristol,Computer Science,bristol-uk-canary,df53e148-1899-5eb0-b91b-2abd84256559,UK,Discover Uni,VERIFIED_PROGRAMME,Computer Science,"{""discover_uni_hesa.KISCourse"": ""4COSC006UU-202425"", ""discover_uni_hesa.KISMODE"": ""Full-time"", ""discover_uni_hesa.PUBUKPRN"": ""10007786"", ""discover_uni_hesa.course_name"": ""Computer Science""}",source-native programme identifier and deterministic identity binding,discover_uni_hesa.PUBUKPRN=10007786; discover_uni_hesa.KISCourse=4COSC006UU-202425; discover_uni_hesa.KISMODE=Full-time; discover_uni_hesa.course_name=Computer Science,KEEP_PRODUCTION
University of Bristol,Data Science,bristol-uk-canary,45389133-b30b-5620-a1f1-132881ea6575,UK,Discover Uni,VERIFIED_PROGRAMME,Data Science,"{""discover_uni_hesa.KISCourse"": ""4COSC008UU-202425"", ""discover_uni_hesa.KISMODE"": ""Full-time"", ""discover_uni_hesa.PUBUKPRN"": ""10007786"", ""discover_uni_hesa.course_name"": ""Data Science""}",source-native programme identifier and deterministic identity binding,discover_uni_hesa.PUBUKPRN=10007786; discover_uni_hesa.KISCourse=4COSC008UU-202425; discover_uni_hesa.KISMODE=Full-time; discover_uni_hesa.course_name=Data Science,KEEP_PRODUCTION
King's College London,Computer Science,kings-uk-canary,69dddfc8-ee52-57d9-8887-28139c2275d6,UK,Discover Uni,VERIFIED_PROGRAMME,Computer Science,"{""discover_uni_hesa.KISCourse"": ""UBSH3CSCS"", ""discover_uni_hesa.KISMODE"": ""Full-time"", ""discover_uni_hesa.PUBUKPRN"": ""10003645"", ""discover_uni_hesa.course_name"": ""Computer Science""}",source-native programme identifier and deterministic identity binding,discover_uni_hesa.PUBUKPRN=10003645; discover_uni_hesa.KISCourse=UBSH3CSCS; discover_uni_hesa.KISMODE=Full-time; discover_uni_hesa.course_name=Computer Science,KEEP_PRODUCTION
King's College London,Computer Science,kings-uk-canary,57418cd2-9e28-5de8-9bc6-055f88d3b8bb,UK,Discover Uni,VERIFIED_PROGRAMME,Computer Science,"{""discover_uni_hesa.KISCourse"": ""UMSH4CSCS"", ""discover_uni_hesa.KISMODE"": ""Full-time"", ""discover_uni_hesa.PUBUKPRN"": ""10003645"", ""discover_uni_hesa.course_name"": ""Computer Science""}",source-native programme identifier and deterministic identity binding,discover_uni_hesa.PUBUKPRN=10003645; discover_uni_hesa.KISCourse=UMSH4CSCS; discover_uni_hesa.KISMODE=Full-time; discover_uni_hesa.course_name=Computer Science,KEEP_PRODUCTION
Delft University of Technology,Data Science and Artificial Intelligence Technology,tu-delft-nl-canary,dcf7376b-e09f-5a39-a42b-463e84ec8ccc,NL,DUO RIO,VERIFIED_PROGRAMME,Data Science and Artificial Intelligence Technology,"{""duo_rio_ho.ONDERWIJSBESTUURID"": ""107B605"", ""duo_rio_ho.OPLEIDINGSEENHEIDCODE"": ""1001O8897""}",source-native programme identifier and deterministic identity binding,duo_rio_ho.ONDERWIJSBESTUURID=107B605; duo_rio_ho.OPLEIDINGSEENHEIDCODE=1001O8897,KEEP_PRODUCTION
Delft University of Technology,Computer Science,tu-delft-nl-canary,d09b3b83-7fe8-5626-bb42-6dd7661c0972,NL,DUO RIO,VERIFIED_PROGRAMME,Computer Science,"{""duo_rio_ho.ONDERWIJSBESTUURID"": ""107B605"", ""duo_rio_ho.OPLEIDINGSEENHEIDCODE"": ""1001O6612""}",source-native programme identifier and deterministic identity binding,duo_rio_ho.ONDERWIJSBESTUURID=107B605; duo_rio_ho.OPLEIDINGSEENHEIDCODE=1001O6612,KEEP_PRODUCTION
Universiteit van Amsterdam,Informatica,uva-nl-canary,2d63a989-f592-52d3-9a35-1cab15b8fafe,NL,DUO RIO,VERIFIED_PROGRAMME,Informatica,"{""duo_rio_ho.ONDERWIJSBESTUURID"": ""107B473"", ""duo_rio_ho.OPLEIDINGSEENHEIDCODE"": ""1001O6172""}",source-native programme identifier and deterministic identity binding,duo_rio_ho.ONDERWIJSBESTUURID=107B473; duo_rio_ho.OPLEIDINGSEENHEIDCODE=1001O6172,KEEP_PRODUCTION
Universiteit van Amsterdam,Cultuurwetenschappen,uva-nl-canary,f7fd244f-c807-5a05-82dc-58c2e0df2804,NL,DUO RIO,VERIFIED_PROGRAMME,Cultuurwetenschappen,"{""duo_rio_ho.ONDERWIJSBESTUURID"": ""107B473"", ""duo_rio_ho.OPLEIDINGSEENHEIDCODE"": ""1001O5623""}",source-native programme identifier and deterministic identity binding,duo_rio_ho.ONDERWIJSBESTUURID=107B473; duo_rio_ho.OPLEIDINGSEENHEIDCODE=1001O5623,KEEP_PRODUCTION
Technische Universiteit Eindhoven,Sustainable Energy Technology,tue-nl-canary,52ed182b-e33d-5595-9e88-fe534b52acb9,NL,DUO RIO,VERIFIED_PROGRAMME,Sustainable Energy Technology,"{""duo_rio_ho.ONDERWIJSBESTUURID"": ""107B450"", ""duo_rio_ho.OPLEIDINGSEENHEIDCODE"": ""1001O6777""}",source-native programme identifier and deterministic identity binding,duo_rio_ho.ONDERWIJSBESTUURID=107B450; duo_rio_ho.OPLEIDINGSEENHEIDCODE=1001O6777,KEEP_PRODUCTION
Technische Universiteit Eindhoven,Embedded Systems,tue-nl-canary,776f8c66-f129-5d3a-a7f8-7a91c0a7f9bd,NL,DUO RIO,VERIFIED_PROGRAMME,Embedded Systems,"{""duo_rio_ho.ONDERWIJSBESTUURID"": ""107B450"", ""duo_rio_ho.OPLEIDINGSEENHEIDCODE"": ""1001O6650""}",source-native programme identifier and deterministic identity binding,duo_rio_ho.ONDERWIJSBESTUURID=107B450; duo_rio_ho.OPLEIDINGSEENHEIDCODE=1001O6650,KEEP_PRODUCTION
Universiteit Leiden,Statistics and Data Science,leiden-nl-canary,73db1816-bfbf-5cec-b4ea-619146b93fdb,NL,DUO RIO,VERIFIED_PROGRAMME,Statistics and Data Science,"{""duo_rio_ho.ONDERWIJSBESTUURID"": ""107B578"", ""duo_rio_ho.OPLEIDINGSEENHEIDCODE"": ""1001O7137""}",source-native programme identifier and deterministic identity binding,duo_rio_ho.ONDERWIJSBESTUURID=107B578; duo_rio_ho.OPLEIDINGSEENHEIDCODE=1001O7137,KEEP_PRODUCTION
Universiteit Leiden,Geneeskunde,leiden-nl-canary,705ee35e-ee7c-5f92-9b2f-326464160035,NL,DUO RIO,VERIFIED_PROGRAMME,Geneeskunde,"{""duo_rio_ho.ONDERWIJSBESTUURID"": ""107B578"", ""duo_rio_ho.OPLEIDINGSEENHEIDCODE"": ""1001O5903""}",source-native programme identifier and deterministic identity binding,duo_rio_ho.ONDERWIJSBESTUURID=107B578; duo_rio_ho.OPLEIDINGSEENHEIDCODE=1001O5903,KEEP_PRODUCTION
Radboud Universiteit,Computing Science,radboud-nl-canary,9b5d5d94-9494-5799-9c62-4d5c254f4565,NL,DUO RIO,VERIFIED_PROGRAMME,Computing Science,"{""duo_rio_ho.ONDERWIJSBESTUURID"": ""107B484"", ""duo_rio_ho.OPLEIDINGSEENHEIDCODE"": ""1001O6694""}",source-native programme identifier and deterministic identity binding,duo_rio_ho.ONDERWIJSBESTUURID=107B484; duo_rio_ho.OPLEIDINGSEENHEIDCODE=1001O6694,KEEP_PRODUCTION
Radboud Universiteit,Business Administration,radboud-nl-canary,eb1e73e5-1818-59ab-b3ba-67749a31edd3,NL,DUO RIO,VERIFIED_PROGRAMME,Business Administration,"{""duo_rio_ho.ONDERWIJSBESTUURID"": ""107B484"", ""duo_rio_ho.OPLEIDINGSEENHEIDCODE"": ""1001O6879""}",source-native programme identifier and deterministic identity binding,duo_rio_ho.ONDERWIJSBESTUURID=107B484; duo_rio_ho.OPLEIDINGSEENHEIDCODE=1001O6879,KEEP_PRODUCTION
Wageningen University,Plant Sciences,wageningen-nl-canary,e1eee6f6-bda2-5cbb-9419-21c682bfc19b,NL,DUO RIO,VERIFIED_PROGRAMME,Plant Sciences,"{""duo_rio_ho.ONDERWIJSBESTUURID"": ""107B451"", ""duo_rio_ho.OPLEIDINGSEENHEIDCODE"": ""1001O7489""}",source-native programme identifier and deterministic identity binding,duo_rio_ho.ONDERWIJSBESTUURID=107B451; duo_rio_ho.OPLEIDINGSEENHEIDCODE=1001O7489,KEEP_PRODUCTION
Wageningen University,Business and Consumer Studies,wageningen-nl-canary,626e1529-04bc-5ccd-be3e-78268b0a4e35,NL,DUO RIO,VERIFIED_PROGRAMME,Business and Consumer Studies,"{""duo_rio_ho.ONDERWIJSBESTUURID"": ""107B451"", ""duo_rio_ho.OPLEIDINGSEENHEIDCODE"": ""1001O6086""}",source-native programme identifier and deterministic identity binding,duo_rio_ho.ONDERWIJSBESTUURID=107B451; duo_rio_ho.OPLEIDINGSEENHEIDCODE=1001O6086,KEEP_PRODUCTION
Erasmus Universiteit Rotterdam,Business Administration,erasmus-nl-canary,2a72840d-c750-5afa-8adf-d8b51e4abe33,NL,DUO RIO,VERIFIED_PROGRAMME,Business Administration,"{""duo_rio_ho.ONDERWIJSBESTUURID"": ""107B576"", ""duo_rio_ho.OPLEIDINGSEENHEIDCODE"": ""1001O5712""}",source-native programme identifier and deterministic identity binding,duo_rio_ho.ONDERWIJSBESTUURID=107B576; duo_rio_ho.OPLEIDINGSEENHEIDCODE=1001O5712,KEEP_PRODUCTION
Erasmus Universiteit Rotterdam,Research Master Business Data Science,erasmus-nl-canary,7c7925d8-0ea6-5d8d-8b1c-10af69f024bb,NL,DUO RIO,VERIFIED_PROGRAMME,Research Master Business Data Science,"{""duo_rio_ho.ONDERWIJSBESTUURID"": ""107B576"", ""duo_rio_ho.OPLEIDINGSEENHEIDCODE"": ""1001O7206""}",source-native programme identifier and deterministic identity binding,duo_rio_ho.ONDERWIJSBESTUURID=107B576; duo_rio_ho.OPLEIDINGSEENHEIDCODE=1001O7206,KEEP_PRODUCTION
Universiteit Utrecht,Computer Science,utrecht-nl-canary,fe10af71-36d5-5b3a-bf01-0cc5ae35cf66,NL,DUO RIO,VERIFIED_PROGRAMME,Computer Science,"{""duo_rio_ho.ONDERWIJSBESTUURID"": ""107B449"", ""duo_rio_ho.OPLEIDINGSEENHEIDCODE"": ""1001O6171""}",source-native programme identifier and deterministic identity binding,duo_rio_ho.ONDERWIJSBESTUURID=107B449; duo_rio_ho.OPLEIDINGSEENHEIDCODE=1001O6171,KEEP_PRODUCTION
Universiteit Utrecht,Information Science,utrecht-nl-canary,80d11752-1297-5b81-aecd-cb6ab6bf37d1,NL,DUO RIO,VERIFIED_PROGRAMME,Information Science,"{""duo_rio_ho.ONDERWIJSBESTUURID"": ""107B449"", ""duo_rio_ho.OPLEIDINGSEENHEIDCODE"": ""1001O6096""}",source-native programme identifier and deterministic identity binding,duo_rio_ho.ONDERWIJSBESTUURID=107B449; duo_rio_ho.OPLEIDINGSEENHEIDCODE=1001O6096,KEEP_PRODUCTION
KTH Royal Institute of Technology,Architecture and Gender: Introduction,kth-se-canary,e1c56462-e350-50c0-bd4f-c34671fd3d61,SE,Susa-navet,VERIFIED_PROGRAMME,Architecture and Gender: Introduction,"{""susa_navet_event.SUSA_EVENT_ID"": ""e.uoh.kth.ad236v.11359.20262"", ""susa_navet_event.SUSA_PROVIDER_ID"": ""p.uoh.kth"", ""susa_navet_event.content.providers"": ""p.uoh.kth"", ""susa_navet_event.id"": ""e.uoh.kth.ad236v.11359.20262"", ""susa_navet_info.SUSA_INFO_ID"": ""i.uoh.kth.ad236v.11359.20262"", ""susa_navet_info.id"": ""i.uoh.kth.ad236v.11359.20262""}",source-native programme identifier and deterministic identity binding,susa_navet_event.SUSA_EVENT_ID=e.uoh.kth.ad236v.11359.20262; susa_navet_event.SUSA_PROVIDER_ID=p.uoh.kth; susa_navet_event.id=e.uoh.kth.ad236v.11359.20262; susa_navet_event.content.providers=p.uoh.kth; susa_navet_info.SUSA_INFO_ID=i.uoh.kth.ad236v.11359.20262; susa_navet_info.id=i.uoh.kth.ad236v.11359.20262,KEEP_PRODUCTION
KTH Royal Institute of Technology,Architecture and Gender: Essay,kth-se-canary,d03f735a-52cb-5656-ad23-d9fa0196ae4f,SE,Susa-navet,VERIFIED_PROGRAMME,Architecture and Gender: Essay,"{""susa_navet_event.SUSA_EVENT_ID"": ""e.uoh.kth.ad237v.12708.20271"", ""susa_navet_event.SUSA_PROVIDER_ID"": ""p.uoh.kth"", ""susa_navet_event.content.providers"": ""p.uoh.kth"", ""susa_navet_event.id"": ""e.uoh.kth.ad237v.12708.20271"", ""susa_navet_info.SUSA_INFO_ID"": ""i.uoh.kth.ad237v.12708.20271"", ""susa_navet_info.id"": ""i.uoh.kth.ad237v.12708.20271""}",source-native programme identifier and deterministic identity binding,susa_navet_event.SUSA_EVENT_ID=e.uoh.kth.ad237v.12708.20271; susa_navet_event.SUSA_PROVIDER_ID=p.uoh.kth; susa_navet_event.id=e.uoh.kth.ad237v.12708.20271; susa_navet_event.content.providers=p.uoh.kth; susa_navet_info.SUSA_INFO_ID=i.uoh.kth.ad237v.12708.20271; susa_navet_info.id=i.uoh.kth.ad237v.12708.20271,KEEP_PRODUCTION
Uppsala University,Natural Science and Science Education,uppsala-se-canary,db815ea7-641e-5c5b-b5fd-46811d987bef,SE,Susa-navet,VERIFIED_PROGRAMME,Natural Science and Science Education,"{""susa_navet_event.SUSA_EVENT_ID"": ""e.uoh.uu.1bg024.17443.20262"", ""susa_navet_event.SUSA_PROVIDER_ID"": ""p.uoh.uu"", ""susa_navet_event.content.providers"": ""p.uoh.uu"", ""susa_navet_event.id"": ""e.uoh.uu.1bg024.17443.20262"", ""susa_navet_info.SUSA_INFO_ID"": ""i.uoh.uu.1bg024.17443.20262"", ""susa_navet_info.id"": ""i.uoh.uu.1bg024.17443.20262""}",source-native programme identifier and deterministic identity binding,susa_navet_event.SUSA_EVENT_ID=e.uoh.uu.1bg024.17443.20262; susa_navet_event.SUSA_PROVIDER_ID=p.uoh.uu; susa_navet_event.id=e.uoh.uu.1bg024.17443.20262; susa_navet_event.content.providers=p.uoh.uu; susa_navet_info.SUSA_INFO_ID=i.uoh.uu.1bg024.17443.20262; susa_navet_info.id=i.uoh.uu.1bg024.17443.20262,KEEP_PRODUCTION
Uppsala University,Floristics and Faunistics L,uppsala-se-canary,7670144e-e4f8-58af-be95-830fb3831ee2,SE,Susa-navet,VERIFIED_PROGRAMME,Floristics and Faunistics L,"{""susa_navet_event.SUSA_EVENT_ID"": ""e.uoh.uu.1bg025.67407.20261"", ""susa_navet_event.SUSA_PROVIDER_ID"": ""p.uoh.uu"", ""susa_navet_event.content.providers"": ""p.uoh.uu"", ""susa_navet_event.id"": ""e.uoh.uu.1bg025.67407.20261"", ""susa_navet_info.SUSA_INFO_ID"": ""i.uoh.uu.1bg025.67407.20261"", ""susa_navet_info.id"": ""i.uoh.uu.1bg025.67407.20261""}",source-native programme identifier and deterministic identity binding,susa_navet_event.SUSA_EVENT_ID=e.uoh.uu.1bg025.67407.20261; susa_navet_event.SUSA_PROVIDER_ID=p.uoh.uu; susa_navet_event.id=e.uoh.uu.1bg025.67407.20261; susa_navet_event.content.providers=p.uoh.uu; susa_navet_info.SUSA_INFO_ID=i.uoh.uu.1bg025.67407.20261; susa_navet_info.id=i.uoh.uu.1bg025.67407.20261,KEEP_PRODUCTION
Lund University,AI and Digitization in the Archive Sector,lund-se-canary,d50de2d3-1fef-5ea0-8ba0-bd3213a09956,SE,Susa-navet,VERIFIED_PROGRAMME,AI and Digitization in the Archive Sector,"{""susa_navet_event.SUSA_EVENT_ID"": ""e.uoh.lu.abma21.31300.20262"", ""susa_navet_event.SUSA_PROVIDER_ID"": ""p.uoh.lu"", ""susa_navet_event.content.providers"": ""p.uoh.lu"", ""susa_navet_event.id"": ""e.uoh.lu.abma21.31300.20262"", ""susa_navet_info.SUSA_INFO_ID"": ""i.uoh.lu.abma21.31300.20262"", ""susa_navet_info.id"": ""i.uoh.lu.abma21.31300.20262""}",source-native programme identifier and deterministic identity binding,susa_navet_event.SUSA_EVENT_ID=e.uoh.lu.abma21.31300.20262; susa_navet_event.SUSA_PROVIDER_ID=p.uoh.lu; susa_navet_event.id=e.uoh.lu.abma21.31300.20262; susa_navet_event.content.providers=p.uoh.lu; susa_navet_info.SUSA_INFO_ID=i.uoh.lu.abma21.31300.20262; susa_navet_info.id=i.uoh.lu.abma21.31300.20262,KEEP_PRODUCTION
Lund University,ALM: Work Experience,lund-se-canary,228d9843-a888-597d-aa24-e964922f0c34,SE,Susa-navet,VERIFIED_PROGRAMME,ALM: Work Experience,"{""susa_navet_event.SUSA_EVENT_ID"": ""e.uoh.lu.abmm07.31350.20262"", ""susa_navet_event.SUSA_PROVIDER_ID"": ""p.uoh.lu"", ""susa_navet_event.content.providers"": ""p.uoh.lu"", ""susa_navet_event.id"": ""e.uoh.lu.abmm07.31350.20262"", ""susa_navet_info.SUSA_INFO_ID"": ""i.uoh.lu.abmm07.31350.20262"", ""susa_navet_info.id"": ""i.uoh.lu.abmm07.31350.20262""}",source-native programme identifier and deterministic identity binding,susa_navet_event.SUSA_EVENT_ID=e.uoh.lu.abmm07.31350.20262; susa_navet_event.SUSA_PROVIDER_ID=p.uoh.lu; susa_navet_event.id=e.uoh.lu.abmm07.31350.20262; susa_navet_event.content.providers=p.uoh.lu; susa_navet_info.SUSA_INFO_ID=i.uoh.lu.abmm07.31350.20262; susa_navet_info.id=i.uoh.lu.abmm07.31350.20262,KEEP_PRODUCTION
Haaga-Helia University of Applied Sciences,Business Information Technology,haaga-helia-fi-canary,8606b6c5-bf41-54d1-87f7-95596c5d82cc,FI,Studyinfo / Opintopolku,VERIFIED_PROGRAMME,Business Information Technology,"{""studyinfo_hakukohde.STUDYINFO_HAKUKOHDE_OID"": ""1.2.246.562.20.00000000000000091904"", ""studyinfo_hakukohde.oid"": ""1.2.246.562.20.00000000000000091904"", ""studyinfo_toteutus.STUDYINFO_TOTEUTUS_OID"": ""1.2.246.562.17.00000000000000009871"", ""studyinfo_toteutus.oid"": ""1.2.246.562.17.00000000000000009871"", ""studyinfo_valintaperuste.STUDYINFO_VALINTAPERUSTE_ID"": ""60a36d5e-bdd3-4509-8125-85c36f8df222"", ""studyinfo_valintaperuste.id"": ""60a36d5e-bdd3-4509-8125-85c36f8df222""}",source-native programme identifier and deterministic identity binding,studyinfo_hakukohde.STUDYINFO_HAKUKOHDE_OID=1.2.246.562.20.00000000000000091904; studyinfo_hakukohde.oid=1.2.246.562.20.00000000000000091904; studyinfo_toteutus.STUDYINFO_TOTEUTUS_OID=1.2.246.562.17.00000000000000009871; studyinfo_toteutus.oid=1.2.246.562.17.00000000000000009871; studyinfo_valintaperuste.STUDYINFO_VALINTAPERUSTE_ID=60a36d5e-bdd3-4509-8125-85c36f8df222; studyinfo_valintaperuste.id=60a36d5e-bdd3-4509-8125-85c36f8df222,KEEP_PRODUCTION
Haaga-Helia University of Applied Sciences,International Business,haaga-helia-fi-canary,ee43edae-4df6-560b-b1fb-fe25f1cc0350,FI,Studyinfo / Opintopolku,VERIFIED_PROGRAMME,International Business,"{""studyinfo_hakukohde.STUDYINFO_HAKUKOHDE_OID"": ""1.2.246.562.20.00000000000000088243"", ""studyinfo_hakukohde.oid"": ""1.2.246.562.20.00000000000000088243"", ""studyinfo_toteutus.STUDYINFO_TOTEUTUS_OID"": ""1.2.246.562.17.00000000000000011598"", ""studyinfo_toteutus.oid"": ""1.2.246.562.17.00000000000000011598"", ""studyinfo_valintaperuste.STUDYINFO_VALINTAPERUSTE_ID"": ""88fc8a7e-9804-478d-bf45-18af037bf8e7"", ""studyinfo_valintaperuste.id"": ""88fc8a7e-9804-478d-bf45-18af037bf8e7""}",source-native programme identifier and deterministic identity binding,studyinfo_hakukohde.STUDYINFO_HAKUKOHDE_OID=1.2.246.562.20.00000000000000088243; studyinfo_hakukohde.oid=1.2.246.562.20.00000000000000088243; studyinfo_toteutus.STUDYINFO_TOTEUTUS_OID=1.2.246.562.17.00000000000000011598; studyinfo_toteutus.oid=1.2.246.562.17.00000000000000011598; studyinfo_valintaperuste.STUDYINFO_VALINTAPERUSTE_ID=88fc8a7e-9804-478d-bf45-18af037bf8e7; studyinfo_valintaperuste.id=88fc8a7e-9804-478d-bf45-18af037bf8e7,KEEP_PRODUCTION
Aalto University,"Data Science, Bachelor/MSc",aalto-fi-canary,81f197ab-e6ea-5bdf-b4c2-eb79ba966142,FI,Studyinfo / Opintopolku,VERIFIED_PROGRAMME,"Data Science, Bachelor/MSc","{""studyinfo_hakukohde.STUDYINFO_HAKUKOHDE_OID"": ""1.2.246.562.20.00000000000000072536"", ""studyinfo_hakukohde.oid"": ""1.2.246.562.20.00000000000000072536"", ""studyinfo_toteutus.STUDYINFO_TOTEUTUS_OID"": ""1.2.246.562.17.00000000000000008195"", ""studyinfo_toteutus.oid"": ""1.2.246.562.17.00000000000000008195"", ""studyinfo_valintaperuste.STUDYINFO_VALINTAPERUSTE_ID"": ""31970760-4bba-42da-8124-103121d44ec3"", ""studyinfo_valintaperuste.id"": ""31970760-4bba-42da-8124-103121d44ec3""}",source-native programme identifier and deterministic identity binding,studyinfo_hakukohde.STUDYINFO_HAKUKOHDE_OID=1.2.246.562.20.00000000000000072536; studyinfo_hakukohde.oid=1.2.246.562.20.00000000000000072536; studyinfo_toteutus.STUDYINFO_TOTEUTUS_OID=1.2.246.562.17.00000000000000008195; studyinfo_toteutus.oid=1.2.246.562.17.00000000000000008195; studyinfo_valintaperuste.STUDYINFO_VALINTAPERUSTE_ID=31970760-4bba-42da-8124-103121d44ec3; studyinfo_valintaperuste.id=31970760-4bba-42da-8124-103121d44ec3,KEEP_PRODUCTION
Aalto University,Computer Science MSc,aalto-fi-canary,c695f7f2-0ce1-5caa-9600-cf5fc759a332,FI,Studyinfo / Opintopolku,VERIFIED_PROGRAMME,Computer Science MSc,"{""studyinfo_hakukohde.STUDYINFO_HAKUKOHDE_OID"": ""1.2.246.562.20.00000000000000091188"", ""studyinfo_hakukohde.oid"": ""1.2.246.562.20.00000000000000091188"", ""studyinfo_toteutus.STUDYINFO_TOTEUTUS_OID"": ""1.2.246.562.17.00000000000000008123"", ""studyinfo_toteutus.oid"": ""1.2.246.562.17.00000000000000008123"", ""studyinfo_valintaperuste.STUDYINFO_VALINTAPERUSTE_ID"": ""34db13a9-3733-434c-a323-67c130ae0f1f"", ""studyinfo_valintaperuste.id"": ""34db13a9-3733-434c-a323-67c130ae0f1f""}",source-native programme identifier and deterministic identity binding,studyinfo_hakukohde.STUDYINFO_HAKUKOHDE_OID=1.2.246.562.20.00000000000000091188; studyinfo_hakukohde.oid=1.2.246.562.20.00000000000000091188; studyinfo_toteutus.STUDYINFO_TOTEUTUS_OID=1.2.246.562.17.00000000000000008123; studyinfo_toteutus.oid=1.2.246.562.17.00000000000000008123; studyinfo_valintaperuste.STUDYINFO_VALINTAPERUSTE_ID=34db13a9-3733-434c-a323-67c130ae0f1f; studyinfo_valintaperuste.id=34db13a9-3733-434c-a323-67c130ae0f1f,KEEP_PRODUCTION
University of Eastern Finland,Data Engineering,uef-fi-canary,67ef7389-04ec-5e55-94cc-49456ef74cb3,FI,Studyinfo / Opintopolku,VERIFIED_PROGRAMME,Data Engineering,"{""studyinfo_hakukohde.STUDYINFO_HAKUKOHDE_OID"": ""1.2.246.562.20.00000000000000076744"", ""studyinfo_hakukohde.oid"": ""1.2.246.562.20.00000000000000076744"", ""studyinfo_toteutus.STUDYINFO_TOTEUTUS_OID"": ""1.2.246.562.17.00000000000000033281"", ""studyinfo_toteutus.oid"": ""1.2.246.562.17.00000000000000033281"", ""studyinfo_valintaperuste.STUDYINFO_VALINTAPERUSTE_ID"": ""2fd031ad-fa64-43d4-9b5d-5eb033245b07"", ""studyinfo_valintaperuste.id"": ""2fd031ad-fa64-43d4-9b5d-5eb033245b07""}",source-native programme identifier and deterministic identity binding,studyinfo_hakukohde.STUDYINFO_HAKUKOHDE_OID=1.2.246.562.20.00000000000000076744; studyinfo_hakukohde.oid=1.2.246.562.20.00000000000000076744; studyinfo_toteutus.STUDYINFO_TOTEUTUS_OID=1.2.246.562.17.00000000000000033281; studyinfo_toteutus.oid=1.2.246.562.17.00000000000000033281; studyinfo_valintaperuste.STUDYINFO_VALINTAPERUSTE_ID=2fd031ad-fa64-43d4-9b5d-5eb033245b07; studyinfo_valintaperuste.id=2fd031ad-fa64-43d4-9b5d-5eb033245b07,KEEP_PRODUCTION
University of Eastern Finland,Information Technology,uef-fi-canary,c4ca6963-813a-5121-a844-b24e4ffc1097,FI,Studyinfo / Opintopolku,VERIFIED_PROGRAMME,Information Technology,"{""studyinfo_hakukohde.STUDYINFO_HAKUKOHDE_OID"": ""1.2.246.562.20.00000000000000076731"", ""studyinfo_hakukohde.oid"": ""1.2.246.562.20.00000000000000076731"", ""studyinfo_toteutus.STUDYINFO_TOTEUTUS_OID"": ""1.2.246.562.17.00000000000000033279"", ""studyinfo_toteutus.oid"": ""1.2.246.562.17.00000000000000033279"", ""studyinfo_valintaperuste.STUDYINFO_VALINTAPERUSTE_ID"": ""33012799-b01f-435e-8083-851d47fb4b6d"", ""studyinfo_valintaperuste.id"": ""33012799-b01f-435e-8083-851d47fb4b6d""}",source-native programme identifier and deterministic identity binding,studyinfo_hakukohde.STUDYINFO_HAKUKOHDE_OID=1.2.246.562.20.00000000000000076731; studyinfo_hakukohde.oid=1.2.246.562.20.00000000000000076731; studyinfo_toteutus.STUDYINFO_TOTEUTUS_OID=1.2.246.562.17.00000000000000033279; studyinfo_toteutus.oid=1.2.246.562.17.00000000000000033279; studyinfo_valintaperuste.STUDYINFO_VALINTAPERUSTE_ID=33012799-b01f-435e-8083-851d47fb4b6d; studyinfo_valintaperuste.id=33012799-b01f-435e-8083-851d47fb4b6d,KEEP_PRODUCTION
University of Alaska Anchorage,University of Alaska Anchorage Computer Science,scorecard-us-stage1-001,70d8ae5c-bf94-5625-a4d6-bc133dad59ab,US,College Scorecard,SYNTHETIC_SEED,,,institution-scoped provider has no programme-native identifier,institution identity only; no programme-native identifier,KEEP_CANARY_ONLY
University of Alaska Anchorage,University of Alaska Anchorage Engineering,scorecard-us-stage1-001,b413c6d2-c13b-569e-ad17-96aebc7b23f6,US,College Scorecard,SYNTHETIC_SEED,,,institution-scoped provider has no programme-native identifier,institution identity only; no programme-native identifier,KEEP_CANARY_ONLY
University of Alaska Fairbanks,University of Alaska Fairbanks Computer Science,scorecard-us-stage1-002,8b2d43e3-1b4b-560f-9c54-d12a9787c70c,US,College Scorecard,SYNTHETIC_SEED,,,institution-scoped provider has no programme-native identifier,institution identity only; no programme-native identifier,KEEP_CANARY_ONLY
University of Alaska Fairbanks,University of Alaska Fairbanks Engineering,scorecard-us-stage1-002,3a6e318d-36ca-56b1-8a22-16d8c4f01e40,US,College Scorecard,SYNTHETIC_SEED,,,institution-scoped provider has no programme-native identifier,institution identity only; no programme-native identifier,KEEP_CANARY_ONLY
Auburn University,Auburn University Computer Science,scorecard-us-stage1-003,9ca2f0bd-809f-5944-86d2-208db9e8a465,US,College Scorecard,SYNTHETIC_SEED,,,institution-scoped provider has no programme-native identifier,institution identity only; no programme-native identifier,KEEP_CANARY_ONLY
Auburn University,Auburn University Engineering,scorecard-us-stage1-003,c982418d-cdd6-5c96-b81a-c7632f17a300,US,College Scorecard,SYNTHETIC_SEED,,,institution-scoped provider has no programme-native identifier,institution identity only; no programme-native identifier,KEEP_CANARY_ONLY
The University of Alabama,The University of Alabama Computer Science,scorecard-us-stage1-004,9965278a-a530-528b-8ce2-3037fb5be1eb,US,College Scorecard,SYNTHETIC_SEED,,,institution-scoped provider has no programme-native identifier,institution identity only; no programme-native identifier,KEEP_CANARY_ONLY
The University of Alabama,The University of Alabama Engineering,scorecard-us-stage1-004,5e23765b-94cc-5e0d-857d-65ddc3cdcdd4,US,College Scorecard,SYNTHETIC_SEED,,,institution-scoped provider has no programme-native identifier,institution identity only; no programme-native identifier,KEEP_CANARY_ONLY
University of Arkansas,University of Arkansas Computer Science,scorecard-us-stage1-005,c7a74f0b-af4c-50bf-9e7d-e15d91ddfde5,US,College Scorecard,SYNTHETIC_SEED,,,institution-scoped provider has no programme-native identifier,institution identity only; no programme-native identifier,KEEP_CANARY_ONLY
University of Arkansas,University of Arkansas Engineering,scorecard-us-stage1-005,e58b85c2-fa1f-5946-a7fd-97b7287b435b,US,College Scorecard,SYNTHETIC_SEED,,,institution-scoped provider has no programme-native identifier,institution identity only; no programme-native identifier,KEEP_CANARY_ONLY
University of Central Arkansas,University of Central Arkansas Computer Science,scorecard-us-stage1-006,359a49dc-21fe-54d9-a53e-775b870aea6b,US,College Scorecard,SYNTHETIC_SEED,,,institution-scoped provider has no programme-native identifier,institution identity only; no programme-native identifier,KEEP_CANARY_ONLY
University of Central Arkansas,University of Central Arkansas Engineering,scorecard-us-stage1-006,6978fcb1-152f-5fd7-908c-4b636b6e3754,US,College Scorecard,SYNTHETIC_SEED,,,institution-scoped provider has no programme-native identifier,institution identity only; no programme-native identifier,KEEP_CANARY_ONLY
Arizona State University Campus Immersion,Arizona State University Campus Immersion Computer Science,scorecard-us-stage1-007,7a4e685b-31a4-5264-86a1-7b0a8cbc411c,US,College Scorecard,SYNTHETIC_SEED,,,institution-scoped provider has no programme-native identifier,institution identity only; no programme-native identifier,KEEP_CANARY_ONLY
Arizona State University Campus Immersion,Arizona State University Campus Immersion Engineering,scorecard-us-stage1-007,759243ac-af8d-5a29-ac9d-7de254924796,US,College Scorecard,SYNTHETIC_SEED,,,institution-scoped provider has no programme-native identifier,institution identity only; no programme-native identifier,KEEP_CANARY_ONLY
University of Arizona,University of Arizona Computer Science,scorecard-us-stage1-008,f5cdaeda-fec7-5036-ac9b-4ee967fc7890,US,College Scorecard,SYNTHETIC_SEED,,,institution-scoped provider has no programme-native identifier,institution identity only; no programme-native identifier,KEEP_CANARY_ONLY
University of Arizona,University of Arizona Engineering,scorecard-us-stage1-008,225df47f-c7f1-50e6-8812-99c1bee2924f,US,College Scorecard,SYNTHETIC_SEED,,,institution-scoped provider has no programme-native identifier,institution identity only; no programme-native identifier,KEEP_CANARY_ONLY
California State University-Fullerton,California State University-Fullerton Computer Science,scorecard-us-stage1-009,796b02d3-ef3a-5ac2-b5bd-c189e2ddd0ca,US,College Scorecard,SYNTHETIC_SEED,,,institution-scoped provider has no programme-native identifier,institution identity only; no programme-native identifier,KEEP_CANARY_ONLY
California State University-Fullerton,California State University-Fullerton Engineering,scorecard-us-stage1-009,bbd86d2d-a2be-56e5-a118-9fe57cf9d0c5,US,College Scorecard,SYNTHETIC_SEED,,,institution-scoped provider has no programme-native identifier,institution identity only; no programme-native identifier,KEEP_CANARY_ONLY
California State University-Northridge,California State University-Northridge Computer Science,scorecard-us-stage1-010,7c4f3b74-a1f8-5eb8-9ecf-900567d243d9,US,College Scorecard,SYNTHETIC_SEED,,,institution-scoped provider has no programme-native identifier,institution identity only; no programme-native identifier,KEEP_CANARY_ONLY
California State University-Northridge,California State University-Northridge Engineering,scorecard-us-stage1-010,43c2c4e5-8f87-510b-a553-d19a5e3b88aa,US,College Scorecard,SYNTHETIC_SEED,,,institution-scoped provider has no programme-native identifier,institution identity only; no programme-native identifier,KEEP_CANARY_ONLY
Colorado State University-Fort Collins,Colorado State University-Fort Collins Computer Science,scorecard-us-stage1-011,8b6bdc3d-fb74-523e-9119-86a5127859ad,US,College Scorecard,SYNTHETIC_SEED,,,institution-scoped provider has no programme-native identifier,institution identity only; no programme-native identifier,KEEP_CANARY_ONLY
Colorado State University-Fort Collins,Colorado State University-Fort Collins Engineering,scorecard-us-stage1-011,c541127d-9966-5253-b222-41a629424b52,US,College Scorecard,SYNTHETIC_SEED,,,institution-scoped provider has no programme-native identifier,institution identity only; no programme-native identifier,KEEP_CANARY_ONLY
University of Colorado Boulder,University of Colorado Boulder Computer Science,scorecard-us-stage1-012,cb438170-dfbb-5b3b-b816-a85c986e6f6e,US,College Scorecard,SYNTHETIC_SEED,,,institution-scoped provider has no programme-native identifier,institution identity only; no programme-native identifier,KEEP_CANARY_ONLY
University of Colorado Boulder,University of Colorado Boulder Engineering,scorecard-us-stage1-012,62fbd019-8947-581a-96c3-8440372ae3ca,US,College Scorecard,SYNTHETIC_SEED,,,institution-scoped provider has no programme-native identifier,institution identity only; no programme-native identifier,KEEP_CANARY_ONLY
Central Connecticut State University,Central Connecticut State University Computer Science,scorecard-us-stage1-013,cc90298b-6f45-5b1d-bc5a-fa5317762d0b,US,College Scorecard,SYNTHETIC_SEED,,,institution-scoped provider has no programme-native identifier,institution identity only; no programme-native identifier,KEEP_CANARY_ONLY
Central Connecticut State University,Central Connecticut State University Engineering,scorecard-us-stage1-013,b7aac981-12d3-5cd7-ac0a-ee3d05fc1517,US,College Scorecard,SYNTHETIC_SEED,,,institution-scoped provider has no programme-native identifier,institution identity only; no programme-native identifier,KEEP_CANARY_ONLY
University of Connecticut,University of Connecticut Computer Science,scorecard-us-stage1-014,e18d214b-122f-5507-a400-d740999da16a,US,College Scorecard,SYNTHETIC_SEED,,,institution-scoped provider has no programme-native identifier,institution identity only; no programme-native identifier,KEEP_CANARY_ONLY
University of Connecticut,University of Connecticut Engineering,scorecard-us-stage1-014,c26a457c-4936-5aeb-b347-6f425bc13786,US,College Scorecard,SYNTHETIC_SEED,,,institution-scoped provider has no programme-native identifier,institution identity only; no programme-native identifier,KEEP_CANARY_ONLY
George Washington University,George Washington University Computer Science,scorecard-us-stage1-015,dc8bf413-f160-5440-bbce-7a436c270873,US,College Scorecard,SYNTHETIC_SEED,,,institution-scoped provider has no programme-native identifier,institution identity only; no programme-native identifier,KEEP_CANARY_ONLY
George Washington University,George Washington University Engineering,scorecard-us-stage1-015,7f2a722c-5a20-5cf3-8905-89c80c31b907,US,College Scorecard,SYNTHETIC_SEED,,,institution-scoped provider has no programme-native identifier,institution identity only; no programme-native identifier,KEEP_CANARY_ONLY
Howard University,Howard University Computer Science,scorecard-us-stage1-016,20f4079b-260f-5182-ba2d-797cbed74eb3,US,College Scorecard,SYNTHETIC_SEED,,,institution-scoped provider has no programme-native identifier,institution identity only; no programme-native identifier,KEEP_CANARY_ONLY
Howard University,Howard University Engineering,scorecard-us-stage1-016,3b444727-4f5f-5aac-b1a3-363c283e8af6,US,College Scorecard,SYNTHETIC_SEED,,,institution-scoped provider has no programme-native identifier,institution identity only; no programme-native identifier,KEEP_CANARY_ONLY
University of Delaware,University of Delaware Computer Science,scorecard-us-stage1-017,53d43333-eb2b-52f7-8878-fe937d68feb3,US,College Scorecard,SYNTHETIC_SEED,,,institution-scoped provider has no programme-native identifier,institution identity only; no programme-native identifier,KEEP_CANARY_ONLY
University of Delaware,University of Delaware Engineering,scorecard-us-stage1-017,b435761b-a474-5574-859f-c28ceec3a004,US,College Scorecard,SYNTHETIC_SEED,,,institution-scoped provider has no programme-native identifier,institution identity only; no programme-native identifier,KEEP_CANARY_ONLY
Wilmington University,Wilmington University Computer Science,scorecard-us-stage1-018,aeae0139-2b9b-5b0c-b5a3-00f56afede93,US,College Scorecard,SYNTHETIC_SEED,,,institution-scoped provider has no programme-native identifier,institution identity only; no programme-native identifier,KEEP_CANARY_ONLY
Wilmington University,Wilmington University Engineering,scorecard-us-stage1-018,0c34bf89-8318-52c9-8db3-bb384b92556d,US,College Scorecard,SYNTHETIC_SEED,,,institution-scoped provider has no programme-native identifier,institution identity only; no programme-native identifier,KEEP_CANARY_ONLY
Florida International University,Florida International University Computer Science,scorecard-us-stage1-019,50fe911a-2903-5e60-9dc9-bc5c30c5f6d0,US,College Scorecard,SYNTHETIC_SEED,,,institution-scoped provider has no programme-native identifier,institution identity only; no programme-native identifier,KEEP_CANARY_ONLY
Florida International University,Florida International University Engineering,scorecard-us-stage1-019,b2538924-1eb5-58b5-8529-2b0b2c62b150,US,College Scorecard,SYNTHETIC_SEED,,,institution-scoped provider has no programme-native identifier,institution identity only; no programme-native identifier,KEEP_CANARY_ONLY
University of Central Florida,University of Central Florida Computer Science,scorecard-us-stage1-020,fee6cc70-6a93-5197-a18f-5b3665a3da9a,US,College Scorecard,SYNTHETIC_SEED,,,institution-scoped provider has no programme-native identifier,institution identity only; no programme-native identifier,KEEP_CANARY_ONLY
University of Central Florida,University of Central Florida Engineering,scorecard-us-stage1-020,07fb5ba7-f05e-5539-959d-cbb8fa5351d9,US,College Scorecard,SYNTHETIC_SEED,,,institution-scoped provider has no programme-native identifier,institution identity only; no programme-native identifier,KEEP_CANARY_ONLY
Kennesaw State University,Kennesaw State University Computer Science,scorecard-us-stage1-021,3a44c0fe-9290-535d-bff7-9f904383ab26,US,College Scorecard,SYNTHETIC_SEED,,,institution-scoped provider has no programme-native identifier,institution identity only; no programme-native identifier,KEEP_CANARY_ONLY
Kennesaw State University,Kennesaw State University Engineering,scorecard-us-stage1-021,caddc981-801b-517c-a865-a15c3770d68d,US,College Scorecard,SYNTHETIC_SEED,,,institution-scoped provider has no programme-native identifier,institution identity only; no programme-native identifier,KEEP_CANARY_ONLY
University of Georgia,University of Georgia Computer Science,scorecard-us-stage1-022,dcff1333-726d-56a8-a483-9f15a8079c32,US,College Scorecard,SYNTHETIC_SEED,,,institution-scoped provider has no programme-native identifier,institution identity only; no programme-native identifier,KEEP_CANARY_ONLY
University of Georgia,University of Georgia Engineering,scorecard-us-stage1-022,43c28e04-5ff2-5419-8fa5-18e4ba61a1b6,US,College Scorecard,SYNTHETIC_SEED,,,institution-scoped provider has no programme-native identifier,institution identity only; no programme-native identifier,KEEP_CANARY_ONLY
Pacific Islands University,Pacific Islands University Computer Science,scorecard-us-stage1-023,8afd22a3-eb0e-584b-bf0a-fc779b65146a,US,College Scorecard,SYNTHETIC_SEED,,,institution-scoped provider has no programme-native identifier,institution identity only; no programme-native identifier,KEEP_CANARY_ONLY
Pacific Islands University,Pacific Islands University Engineering,scorecard-us-stage1-023,4b97f4cd-5258-5b1a-9465-44df2172443c,US,College Scorecard,SYNTHETIC_SEED,,,institution-scoped provider has no programme-native identifier,institution identity only; no programme-native identifier,KEEP_CANARY_ONLY
University of Guam,University of Guam Computer Science,scorecard-us-stage1-024,b61826dd-7500-59a5-94e9-eafb603a3d70,US,College Scorecard,SYNTHETIC_SEED,,,institution-scoped provider has no programme-native identifier,institution identity only; no programme-native identifier,KEEP_CANARY_ONLY
University of Guam,University of Guam Engineering,scorecard-us-stage1-024,bc48de5d-fa66-56d5-ae3a-687dfc15d815,US,College Scorecard,SYNTHETIC_SEED,,,institution-scoped provider has no programme-native identifier,institution identity only; no programme-native identifier,KEEP_CANARY_ONLY
Brigham Young University-Hawaii,Brigham Young University-Hawaii Computer Science,scorecard-us-stage1-025,b3a3f95d-7dd0-564f-b697-39f64abb7d6d,US,College Scorecard,SYNTHETIC_SEED,,,institution-scoped provider has no programme-native identifier,institution identity only; no programme-native identifier,KEEP_CANARY_ONLY
Brigham Young University-Hawaii,Brigham Young University-Hawaii Engineering,scorecard-us-stage1-025,50ac7d32-64ec-5136-8102-3e0f193cf67c,US,College Scorecard,SYNTHETIC_SEED,,,institution-scoped provider has no programme-native identifier,institution identity only; no programme-native identifier,KEEP_CANARY_ONLY
University of Hawaii at Manoa,University of Hawaii at Manoa Computer Science,scorecard-us-stage1-026,f5b91f22-48c0-50c5-8bfb-aae05c1c24eb,US,College Scorecard,SYNTHETIC_SEED,,,institution-scoped provider has no programme-native identifier,institution identity only; no programme-native identifier,KEEP_CANARY_ONLY
University of Hawaii at Manoa,University of Hawaii at Manoa Engineering,scorecard-us-stage1-026,23b333c1-8505-5a89-af1a-a588e5894701,US,College Scorecard,SYNTHETIC_SEED,,,institution-scoped provider has no programme-native identifier,institution identity only; no programme-native identifier,KEEP_CANARY_ONLY
Iowa State University,Iowa State University Computer Science,scorecard-us-stage1-027,747170ce-7b95-563a-9036-b09b11106b3c,US,College Scorecard,SYNTHETIC_SEED,,,institution-scoped provider has no programme-native identifier,institution identity only; no programme-native identifier,KEEP_CANARY_ONLY
Iowa State University,Iowa State University Engineering,scorecard-us-stage1-027,8227c4c4-14f4-52a2-8b2c-7b90116efd38,US,College Scorecard,SYNTHETIC_SEED,,,institution-scoped provider has no programme-native identifier,institution identity only; no programme-native identifier,KEEP_CANARY_ONLY
University of Iowa,University of Iowa Computer Science,scorecard-us-stage1-028,1410ec34-04c6-5f8a-beed-ccfbb85426c8,US,College Scorecard,SYNTHETIC_SEED,,,institution-scoped provider has no programme-native identifier,institution identity only; no programme-native identifier,KEEP_CANARY_ONLY
University of Iowa,University of Iowa Engineering,scorecard-us-stage1-028,41e55e4b-2b18-5507-b46a-8e42182d9a13,US,College Scorecard,SYNTHETIC_SEED,,,institution-scoped provider has no programme-native identifier,institution identity only; no programme-native identifier,KEEP_CANARY_ONLY
Boise State University,Boise State University Computer Science,scorecard-us-stage1-029,fcdd0150-8c77-5222-b59d-4b302f86e27c,US,College Scorecard,SYNTHETIC_SEED,,,institution-scoped provider has no programme-native identifier,institution identity only; no programme-native identifier,KEEP_CANARY_ONLY
Boise State University,Boise State University Engineering,scorecard-us-stage1-029,16a8b0b1-43fd-5369-b84f-539dfb09860e,US,College Scorecard,SYNTHETIC_SEED,,,institution-scoped provider has no programme-native identifier,institution identity only; no programme-native identifier,KEEP_CANARY_ONLY
Brigham Young University-Idaho,Brigham Young University-Idaho Computer Science,scorecard-us-stage1-030,83f7a2c0-6545-5703-81ac-e71d167c7763,US,College Scorecard,SYNTHETIC_SEED,,,institution-scoped provider has no programme-native identifier,institution identity only; no programme-native identifier,KEEP_CANARY_ONLY
Brigham Young University-Idaho,Brigham Young University-Idaho Engineering,scorecard-us-stage1-030,e5cdb09b-a5fd-5192-8423-b4ad55399405,US,College Scorecard,SYNTHETIC_SEED,,,institution-scoped provider has no programme-native identifier,institution identity only; no programme-native identifier,KEEP_CANARY_ONLY
University of Illinois Chicago,University of Illinois Chicago Computer Science,scorecard-us-stage1-031,e15a4324-3695-57a1-8aa9-0e760147434d,US,College Scorecard,SYNTHETIC_SEED,,,institution-scoped provider has no programme-native identifier,institution identity only; no programme-native identifier,KEEP_CANARY_ONLY
University of Illinois Chicago,University of Illinois Chicago Engineering,scorecard-us-stage1-031,06cc4857-91a5-529b-9c56-bb6415e3e872,US,College Scorecard,SYNTHETIC_SEED,,,institution-scoped provider has no programme-native identifier,institution identity only; no programme-native identifier,KEEP_CANARY_ONLY
University of Illinois Urbana-Champaign,University of Illinois Urbana-Champaign Computer Science,scorecard-us-stage1-032,b66eb8b4-4e9b-5f7c-a407-ddf45e0abc01,US,College Scorecard,SYNTHETIC_SEED,,,institution-scoped provider has no programme-native identifier,institution identity only; no programme-native identifier,KEEP_CANARY_ONLY
University of Illinois Urbana-Champaign,University of Illinois Urbana-Champaign Engineering,scorecard-us-stage1-032,8bc94bb2-a4e1-5417-9189-dc2b071b57ed,US,College Scorecard,SYNTHETIC_SEED,,,institution-scoped provider has no programme-native identifier,institution identity only; no programme-native identifier,KEEP_CANARY_ONLY
Indiana University-Bloomington,Indiana University-Bloomington Computer Science,scorecard-us-stage1-033,bf8c7ada-3c2e-5d84-a584-a2719ff548cd,US,College Scorecard,SYNTHETIC_SEED,,,institution-scoped provider has no programme-native identifier,institution identity only; no programme-native identifier,KEEP_CANARY_ONLY
Indiana University-Bloomington,Indiana University-Bloomington Engineering,scorecard-us-stage1-033,f2dda2fe-746a-5edc-bb22-6f1b225d8726,US,College Scorecard,SYNTHETIC_SEED,,,institution-scoped provider has no programme-native identifier,institution identity only; no programme-native identifier,KEEP_CANARY_ONLY
University of Kansas,University of Kansas Computer Science,scorecard-us-stage1-034,0c12a787-026c-5ee1-a00a-ddd576e1b4d6,US,College Scorecard,SYNTHETIC_SEED,,,institution-scoped provider has no programme-native identifier,institution identity only; no programme-native identifier,KEEP_CANARY_ONLY
University of Kansas,University of Kansas Engineering,scorecard-us-stage1-034,289ac7af-67d4-551c-afd2-e9801d14fd31,US,College Scorecard,SYNTHETIC_SEED,,,institution-scoped provider has no programme-native identifier,institution identity only; no programme-native identifier,KEEP_CANARY_ONLY
University of Kentucky,University of Kentucky Computer Science,scorecard-us-stage1-035,f4fd3ecb-8562-5c1c-8b54-4e2c24fb7afd,US,College Scorecard,SYNTHETIC_SEED,,,institution-scoped provider has no programme-native identifier,institution identity only; no programme-native identifier,KEEP_CANARY_ONLY
University of Kentucky,University of Kentucky Engineering,scorecard-us-stage1-035,70f000fd-3bd0-5146-bfea-6d99d83119ed,US,College Scorecard,SYNTHETIC_SEED,,,institution-scoped provider has no programme-native identifier,institution identity only; no programme-native identifier,KEEP_CANARY_ONLY
Louisiana State University and Agricultural & Mechanical College,Louisiana State University and Agricultural & Mechanical College Computer Science,scorecard-us-stage1-036,8b9c07a7-4cf6-5ae1-ac25-5963627459b3,US,College Scorecard,SYNTHETIC_SEED,,,institution-scoped provider has no programme-native identifier,institution identity only; no programme-native identifier,KEEP_CANARY_ONLY
Louisiana State University and Agricultural & Mechanical College,Louisiana State University and Agricultural & Mechanical College Engineering,scorecard-us-stage1-036,9f6f0e38-5971-5361-a22e-9601f3e4c863,US,College Scorecard,SYNTHETIC_SEED,,,institution-scoped provider has no programme-native identifier,institution identity only; no programme-native identifier,KEEP_CANARY_ONLY
University of Massachusetts-Amherst,University of Massachusetts-Amherst Computer Science,scorecard-us-stage1-037,7280bd03-f49c-5873-8ff8-8b77c28fd05a,US,College Scorecard,SYNTHETIC_SEED,,,institution-scoped provider has no programme-native identifier,institution identity only; no programme-native identifier,KEEP_CANARY_ONLY
University of Massachusetts-Amherst,University of Massachusetts-Amherst Engineering,scorecard-us-stage1-037,1f31e079-6f54-5976-af80-0d23c0594968,US,College Scorecard,SYNTHETIC_SEED,,,institution-scoped provider has no programme-native identifier,institution identity only; no programme-native identifier,KEEP_CANARY_ONLY
University of Maryland Global Campus,University of Maryland Global Campus Computer Science,scorecard-us-stage1-038,e11c5154-688f-501e-908b-f50afdabf82b,US,College Scorecard,SYNTHETIC_SEED,,,institution-scoped provider has no programme-native identifier,institution identity only; no programme-native identifier,KEEP_CANARY_ONLY
University of Maryland Global Campus,University of Maryland Global Campus Engineering,scorecard-us-stage1-038,e0dee254-a049-5722-97db-bfdcc1039bad,US,College Scorecard,SYNTHETIC_SEED,,,institution-scoped provider has no programme-native identifier,institution identity only; no programme-native identifier,KEEP_CANARY_ONLY
University of Maine,University of Maine Computer Science,scorecard-us-stage1-039,08aba9dd-3480-5da1-b239-c8d1ed45be1e,US,College Scorecard,SYNTHETIC_SEED,,,institution-scoped provider has no programme-native identifier,institution identity only; no programme-native identifier,KEEP_CANARY_ONLY
University of Maine,University of Maine Engineering,scorecard-us-stage1-039,a64d6e2d-dad7-53d1-998c-4537f2108b46,US,College Scorecard,SYNTHETIC_SEED,,,institution-scoped provider has no programme-native identifier,institution identity only; no programme-native identifier,KEEP_CANARY_ONLY
Michigan State University,Michigan State University Computer Science,scorecard-us-stage1-040,e8d68352-c05d-5cc7-a870-e2a5af0e8f58,US,College Scorecard,SYNTHETIC_SEED,,,institution-scoped provider has no programme-native identifier,institution identity only; no programme-native identifier,KEEP_CANARY_ONLY
Michigan State University,Michigan State University Engineering,scorecard-us-stage1-040,d47e194c-1356-5331-8202-0cbdb6f5fa28,US,College Scorecard,SYNTHETIC_SEED,,,institution-scoped provider has no programme-native identifier,institution identity only; no programme-native identifier,KEEP_CANARY_ONLY
University of Minnesota-Twin Cities,University of Minnesota-Twin Cities Computer Science,scorecard-us-stage1-041,abafde18-e90f-5df3-a539-8a96af71185f,US,College Scorecard,SYNTHETIC_SEED,,,institution-scoped provider has no programme-native identifier,institution identity only; no programme-native identifier,KEEP_CANARY_ONLY
University of Minnesota-Twin Cities,University of Minnesota-Twin Cities Engineering,scorecard-us-stage1-041,29340572-1f42-521e-ae17-360aea50d942,US,College Scorecard,SYNTHETIC_SEED,,,institution-scoped provider has no programme-native identifier,institution identity only; no programme-native identifier,KEEP_CANARY_ONLY
University of Missouri-Columbia,University of Missouri-Columbia Computer Science,scorecard-us-stage1-042,6351642e-a7f7-5ce7-979e-221780b7ba1b,US,College Scorecard,SYNTHETIC_SEED,,,institution-scoped provider has no programme-native identifier,institution identity only; no programme-native identifier,KEEP_CANARY_ONLY
University of Missouri-Columbia,University of Missouri-Columbia Engineering,scorecard-us-stage1-042,32bb3fde-8d73-58b3-b066-ce33a97cc3ec,US,College Scorecard,SYNTHETIC_SEED,,,institution-scoped provider has no programme-native identifier,institution identity only; no programme-native identifier,KEEP_CANARY_ONLY
Mississippi State University,Mississippi State University Computer Science,scorecard-us-stage1-043,acf61081-7cd9-5ccc-9833-0fef02293d62,US,College Scorecard,SYNTHETIC_SEED,,,institution-scoped provider has no programme-native identifier,institution identity only; no programme-native identifier,KEEP_CANARY_ONLY
Mississippi State University,Mississippi State University Engineering,scorecard-us-stage1-043,51f64407-43b6-518e-9c3d-a29a3be59067,US,College Scorecard,SYNTHETIC_SEED,,,institution-scoped provider has no programme-native identifier,institution identity only; no programme-native identifier,KEEP_CANARY_ONLY
Montana State University,Montana State University Computer Science,scorecard-us-stage1-044,b0d9bb16-693e-5768-87b9-2e0622b9796c,US,College Scorecard,SYNTHETIC_SEED,,,institution-scoped provider has no programme-native identifier,institution identity only; no programme-native identifier,KEEP_CANARY_ONLY
Montana State University,Montana State University Engineering,scorecard-us-stage1-044,a0e89561-e6b4-548d-a4aa-92d4229384e0,US,College Scorecard,SYNTHETIC_SEED,,,institution-scoped provider has no programme-native identifier,institution identity only; no programme-native identifier,KEEP_CANARY_ONLY
North Carolina State University at Raleigh,North Carolina State University at Raleigh Computer Science,scorecard-us-stage1-045,ff43d3e3-453d-5b17-8728-c4bdfb77bb29,US,College Scorecard,SYNTHETIC_SEED,,,institution-scoped provider has no programme-native identifier,institution identity only; no programme-native identifier,KEEP_CANARY_ONLY
North Carolina State University at Raleigh,North Carolina State University at Raleigh Engineering,scorecard-us-stage1-045,a03deffb-b5c0-5d90-8289-ff4dddf959fc,US,College Scorecard,SYNTHETIC_SEED,,,institution-scoped provider has no programme-native identifier,institution identity only; no programme-native identifier,KEEP_CANARY_ONLY
North Dakota State University-Main Campus,North Dakota State University-Main Campus Computer Science,scorecard-us-stage1-046,ab037e8f-543f-52df-a266-77664899723e,US,College Scorecard,SYNTHETIC_SEED,,,institution-scoped provider has no programme-native identifier,institution identity only; no programme-native identifier,KEEP_CANARY_ONLY
North Dakota State University-Main Campus,North Dakota State University-Main Campus Engineering,scorecard-us-stage1-046,07ba2a88-3f5d-5be8-b27e-b38ad693eb6c,US,College Scorecard,SYNTHETIC_SEED,,,institution-scoped provider has no programme-native identifier,institution identity only; no programme-native identifier,KEEP_CANARY_ONLY
University of Nebraska-Lincoln,University of Nebraska-Lincoln Computer Science,scorecard-us-stage1-047,35b76622-c012-58c1-ae67-f2d94fd3ad27,US,College Scorecard,SYNTHETIC_SEED,,,institution-scoped provider has no programme-native identifier,institution identity only; no programme-native identifier,KEEP_CANARY_ONLY
University of Nebraska-Lincoln,University of Nebraska-Lincoln Engineering,scorecard-us-stage1-047,087183cd-88d8-5380-828f-5f1c589845bd,US,College Scorecard,SYNTHETIC_SEED,,,institution-scoped provider has no programme-native identifier,institution identity only; no programme-native identifier,KEEP_CANARY_ONLY
Southern New Hampshire University,Southern New Hampshire University Computer Science,scorecard-us-stage1-048,999ac668-0f1a-59b1-9f18-08ca2425ce79,US,College Scorecard,SYNTHETIC_SEED,,,institution-scoped provider has no programme-native identifier,institution identity only; no programme-native identifier,KEEP_CANARY_ONLY
Southern New Hampshire University,Southern New Hampshire University Engineering,scorecard-us-stage1-048,e05c1171-1d4e-5906-bc23-b1ad1acd98eb,US,College Scorecard,SYNTHETIC_SEED,,,institution-scoped provider has no programme-native identifier,institution identity only; no programme-native identifier,KEEP_CANARY_ONLY
Rutgers University-New Brunswick,Rutgers University-New Brunswick Computer Science,scorecard-us-stage1-049,af9fcfb6-f44c-51fa-a035-7283afe06b3d,US,College Scorecard,SYNTHETIC_SEED,,,institution-scoped provider has no programme-native identifier,institution identity only; no programme-native identifier,KEEP_CANARY_ONLY
Rutgers University-New Brunswick,Rutgers University-New Brunswick Engineering,scorecard-us-stage1-049,b5cd2d0f-c828-5330-901e-cb40dd673cf2,US,College Scorecard,SYNTHETIC_SEED,,,institution-scoped provider has no programme-native identifier,institution identity only; no programme-native identifier,KEEP_CANARY_ONLY
University of New Mexico-Main Campus,University of New Mexico-Main Campus Computer Science,scorecard-us-stage1-050,b26ac17d-31cf-5c62-90d3-b5c3c5a71854,US,College Scorecard,SYNTHETIC_SEED,,,institution-scoped provider has no programme-native identifier,institution identity only; no programme-native identifier,KEEP_CANARY_ONLY
University of New Mexico-Main Campus,University of New Mexico-Main Campus Engineering,scorecard-us-stage1-050,260a70ab-598d-5e73-a90c-f0f3f8798deb,US,College Scorecard,SYNTHETIC_SEED,,,institution-scoped provider has no programme-native identifier,institution identity only; no programme-native identifier,KEEP_CANARY_ONLY
University of Nevada-Las Vegas,University of Nevada-Las Vegas Computer Science,scorecard-us-stage1-051,9779f599-cc40-5899-9fa1-5bc862dd4cec,US,College Scorecard,SYNTHETIC_SEED,,,institution-scoped provider has no programme-native identifier,institution identity only; no programme-native identifier,KEEP_CANARY_ONLY
University of Nevada-Las Vegas,University of Nevada-Las Vegas Engineering,scorecard-us-stage1-051,338ab231-450c-5f5a-820e-362d346e2338,US,College Scorecard,SYNTHETIC_SEED,,,institution-scoped provider has no programme-native identifier,institution identity only; no programme-native identifier,KEEP_CANARY_ONLY
University at Buffalo,University at Buffalo Computer Science,scorecard-us-stage1-052,fc8f6091-2e0a-5baa-8a3d-abd7510b600a,US,College Scorecard,SYNTHETIC_SEED,,,institution-scoped provider has no programme-native identifier,institution identity only; no programme-native identifier,KEEP_CANARY_ONLY
University at Buffalo,University at Buffalo Engineering,scorecard-us-stage1-052,969f50e1-1532-53c4-8eb9-e471dbd27ad2,US,College Scorecard,SYNTHETIC_SEED,,,institution-scoped provider has no programme-native identifier,institution identity only; no programme-native identifier,KEEP_CANARY_ONLY
Ohio State University-Main Campus,Ohio State University-Main Campus Computer Science,scorecard-us-stage1-053,96bb941d-6230-5d8a-a28f-5ed51af0202c,US,College Scorecard,SYNTHETIC_SEED,,,institution-scoped provider has no programme-native identifier,institution identity only; no programme-native identifier,KEEP_CANARY_ONLY
Ohio State University-Main Campus,Ohio State University-Main Campus Engineering,scorecard-us-stage1-053,a8f1a725-50d6-502e-abf2-8faece30ad21,US,College Scorecard,SYNTHETIC_SEED,,,institution-scoped provider has no programme-native identifier,institution identity only; no programme-native identifier,KEEP_CANARY_ONLY
University of Oklahoma-Norman Campus,University of Oklahoma-Norman Campus Computer Science,scorecard-us-stage1-054,adfc2516-288d-57ee-b218-b1185ca9f0ec,US,College Scorecard,SYNTHETIC_SEED,,,institution-scoped provider has no programme-native identifier,institution identity only; no programme-native identifier,KEEP_CANARY_ONLY
University of Oklahoma-Norman Campus,University of Oklahoma-Norman Campus Engineering,scorecard-us-stage1-054,4461db80-bfa6-50b9-bd31-54a5aef42391,US,College Scorecard,SYNTHETIC_SEED,,,institution-scoped provider has no programme-native identifier,institution identity only; no programme-native identifier,KEEP_CANARY_ONLY
Oregon State University,Oregon State University Computer Science,scorecard-us-stage1-055,2a763798-8d5b-525a-8283-fb067d2079bb,US,College Scorecard,SYNTHETIC_SEED,,,institution-scoped provider has no programme-native identifier,institution identity only; no programme-native identifier,KEEP_CANARY_ONLY
Oregon State University,Oregon State University Engineering,scorecard-us-stage1-055,e8686dae-7259-5f5a-a1c8-4873b16335d6,US,College Scorecard,SYNTHETIC_SEED,,,institution-scoped provider has no programme-native identifier,institution identity only; no programme-native identifier,KEEP_CANARY_ONLY
The Pennsylvania State University,The Pennsylvania State University Computer Science,scorecard-us-stage1-056,a42eb6e5-7905-553e-a879-d5ef8bad45f0,US,College Scorecard,SYNTHETIC_SEED,,,institution-scoped provider has no programme-native identifier,institution identity only; no programme-native identifier,KEEP_CANARY_ONLY
The Pennsylvania State University,The Pennsylvania State University Engineering,scorecard-us-stage1-056,46297f53-803b-50c9-96b5-fd9203694be5,US,College Scorecard,SYNTHETIC_SEED,,,institution-scoped provider has no programme-native identifier,institution identity only; no programme-native identifier,KEEP_CANARY_ONLY
University of Puerto Rico-Mayaguez,University of Puerto Rico-Mayaguez Computer Science,scorecard-us-stage1-057,c3fc1ce7-b5b2-52d8-bfbf-d9d98e032281,US,College Scorecard,SYNTHETIC_SEED,,,institution-scoped provider has no programme-native identifier,institution identity only; no programme-native identifier,KEEP_CANARY_ONLY
University of Puerto Rico-Mayaguez,University of Puerto Rico-Mayaguez Engineering,scorecard-us-stage1-057,ed312f6c-1dec-5521-ab29-a47878e2e91b,US,College Scorecard,SYNTHETIC_SEED,,,institution-scoped provider has no programme-native identifier,institution identity only; no programme-native identifier,KEEP_CANARY_ONLY
University of Rhode Island,University of Rhode Island Computer Science,scorecard-us-stage1-058,cc8702fc-9922-5cba-9485-9342a37d0568,US,College Scorecard,SYNTHETIC_SEED,,,institution-scoped provider has no programme-native identifier,institution identity only; no programme-native identifier,KEEP_CANARY_ONLY
University of Rhode Island,University of Rhode Island Engineering,scorecard-us-stage1-058,d2bf83f0-55ab-5155-85c6-28893d3be7c4,US,College Scorecard,SYNTHETIC_SEED,,,institution-scoped provider has no programme-native identifier,institution identity only; no programme-native identifier,KEEP_CANARY_ONLY
University of South Carolina-Columbia,University of South Carolina-Columbia Computer Science,scorecard-us-stage1-059,4a661ec4-3204-577f-b885-e6da8380ee72,US,College Scorecard,SYNTHETIC_SEED,,,institution-scoped provider has no programme-native identifier,institution identity only; no programme-native identifier,KEEP_CANARY_ONLY
University of South Carolina-Columbia,University of South Carolina-Columbia Engineering,scorecard-us-stage1-059,9d15216e-e31f-5093-b29f-ecb3933b3a65,US,College Scorecard,SYNTHETIC_SEED,,,institution-scoped provider has no programme-native identifier,institution identity only; no programme-native identifier,KEEP_CANARY_ONLY
South Dakota State University,South Dakota State University Computer Science,scorecard-us-stage1-060,812e0c6d-a481-53fb-b1f4-2762755c81c6,US,College Scorecard,SYNTHETIC_SEED,,,institution-scoped provider has no programme-native identifier,institution identity only; no programme-native identifier,KEEP_CANARY_ONLY
South Dakota State University,South Dakota State University Engineering,scorecard-us-stage1-060,fdcb3128-2a58-5ee8-9dc2-b4bdf10ba90e,US,College Scorecard,SYNTHETIC_SEED,,,institution-scoped provider has no programme-native identifier,institution identity only; no programme-native identifier,KEEP_CANARY_ONLY
The University of Tennessee-Knoxville,The University of Tennessee-Knoxville Computer Science,scorecard-us-stage1-061,a5aaa23f-4d92-5605-8c9d-34eddf1dd888,US,College Scorecard,SYNTHETIC_SEED,,,institution-scoped provider has no programme-native identifier,institution identity only; no programme-native identifier,KEEP_CANARY_ONLY
The University of Tennessee-Knoxville,The University of Tennessee-Knoxville Engineering,scorecard-us-stage1-061,0cdad72c-c49b-5049-b35d-3c61c4972feb,US,College Scorecard,SYNTHETIC_SEED,,,institution-scoped provider has no programme-native identifier,institution identity only; no programme-native identifier,KEEP_CANARY_ONLY
Texas A & M University-College Station,Texas A & M University-College Station Computer Science,scorecard-us-stage1-062,b8f351e6-50e2-5599-8561-ba0e833f25d0,US,College Scorecard,SYNTHETIC_SEED,,,institution-scoped provider has no programme-native identifier,institution identity only; no programme-native identifier,KEEP_CANARY_ONLY
Texas A & M University-College Station,Texas A & M University-College Station Engineering,scorecard-us-stage1-062,1cff6d4c-d70c-5246-9300-34f8f80bb2e3,US,College Scorecard,SYNTHETIC_SEED,,,institution-scoped provider has no programme-native identifier,institution identity only; no programme-native identifier,KEEP_CANARY_ONLY
Western Governors University,Western Governors University Computer Science,scorecard-us-stage1-063,83672477-58ab-5dfd-8848-be0e686aef69,US,College Scorecard,SYNTHETIC_SEED,,,institution-scoped provider has no programme-native identifier,institution identity only; no programme-native identifier,KEEP_CANARY_ONLY
Western Governors University,Western Governors University Engineering,scorecard-us-stage1-063,0613d5f6-f559-57f1-8bf1-155631525f66,US,College Scorecard,SYNTHETIC_SEED,,,institution-scoped provider has no programme-native identifier,institution identity only; no programme-native identifier,KEEP_CANARY_ONLY
Liberty University,Liberty University Computer Science,scorecard-us-stage1-064,1e0b380c-771c-5903-bf1e-c73d7bb8c7b2,US,College Scorecard,SYNTHETIC_SEED,,,institution-scoped provider has no programme-native identifier,institution identity only; no programme-native identifier,KEEP_CANARY_ONLY
Liberty University,Liberty University Engineering,scorecard-us-stage1-064,bbaf1d18-49a6-5e29-9bfc-fadd5d3e463b,US,College Scorecard,SYNTHETIC_SEED,,,institution-scoped provider has no programme-native identifier,institution identity only; no programme-native identifier,KEEP_CANARY_ONLY
University of the Virgin Islands,University of the Virgin Islands Computer Science,scorecard-us-stage1-065,e9b2f655-8668-5df4-b3d6-b43b833b87e9,US,College Scorecard,SYNTHETIC_SEED,,,institution-scoped provider has no programme-native identifier,institution identity only; no programme-native identifier,KEEP_CANARY_ONLY
University of the Virgin Islands,University of the Virgin Islands Engineering,scorecard-us-stage1-065,d6ec0fea-0326-51ba-b171-71af1d51e2ee,US,College Scorecard,SYNTHETIC_SEED,,,institution-scoped provider has no programme-native identifier,institution identity only; no programme-native identifier,KEEP_CANARY_ONLY
University of Vermont,University of Vermont Computer Science,scorecard-us-stage1-066,f1cda8fc-c195-57c4-ad98-ba9d20d45810,US,College Scorecard,SYNTHETIC_SEED,,,institution-scoped provider has no programme-native identifier,institution identity only; no programme-native identifier,KEEP_CANARY_ONLY
University of Vermont,University of Vermont Engineering,scorecard-us-stage1-066,8c7cdad8-4066-592a-bf37-6345ed0311cc,US,College Scorecard,SYNTHETIC_SEED,,,institution-scoped provider has no programme-native identifier,institution identity only; no programme-native identifier,KEEP_CANARY_ONLY
University of Washington-Seattle Campus,University of Washington-Seattle Campus Computer Science,scorecard-us-stage1-067,d0485169-eb6c-569a-85b6-983a38c3ed2f,US,College Scorecard,SYNTHETIC_SEED,,,institution-scoped provider has no programme-native identifier,institution identity only; no programme-native identifier,KEEP_CANARY_ONLY
University of Washington-Seattle Campus,University of Washington-Seattle Campus Engineering,scorecard-us-stage1-067,a1c471ec-d052-554d-bc5f-1582181727b1,US,College Scorecard,SYNTHETIC_SEED,,,institution-scoped provider has no programme-native identifier,institution identity only; no programme-native identifier,KEEP_CANARY_ONLY
University of Wisconsin-Madison,University of Wisconsin-Madison Computer Science,scorecard-us-stage1-068,0a00bdf6-1011-58de-89c6-e54818314b14,US,College Scorecard,SYNTHETIC_SEED,,,institution-scoped provider has no programme-native identifier,institution identity only; no programme-native identifier,KEEP_CANARY_ONLY
University of Wisconsin-Madison,University of Wisconsin-Madison Engineering,scorecard-us-stage1-068,a9de1268-7f4a-5f97-8064-1d1e764eda2f,US,College Scorecard,SYNTHETIC_SEED,,,institution-scoped provider has no programme-native identifier,institution identity only; no programme-native identifier,KEEP_CANARY_ONLY
West Virginia University,West Virginia University Computer Science,scorecard-us-stage1-069,e0a82c7f-2dc9-5e70-8154-56f81c8bb5a0,US,College Scorecard,SYNTHETIC_SEED,,,institution-scoped provider has no programme-native identifier,institution identity only; no programme-native identifier,KEEP_CANARY_ONLY
West Virginia University,West Virginia University Engineering,scorecard-us-stage1-069,b4f3ad7f-3afc-53c8-abd3-400aef8d4f96,US,College Scorecard,SYNTHETIC_SEED,,,institution-scoped provider has no programme-native identifier,institution identity only; no programme-native identifier,KEEP_CANARY_ONLY
University of Wyoming,University of Wyoming Computer Science,scorecard-us-stage1-070,540f7923-29e4-5dfe-82f8-6352fce8a128,US,College Scorecard,SYNTHETIC_SEED,,,institution-scoped provider has no programme-native identifier,institution identity only; no programme-native identifier,KEEP_CANARY_ONLY
University of Wyoming,University of Wyoming Engineering,scorecard-us-stage1-070,3b4397b9-9684-5cda-9a3f-0c5b81ef6dd3,US,College Scorecard,SYNTHETIC_SEED,,,institution-scoped provider has no programme-native identifier,institution identity only; no programme-native identifier,KEEP_CANARY_ONLY
Institut national supérieur du professorat et de l'éducation - site de l'Ain,master mention enseignement et éducation - professorat des écoles,onisep-fr-stage1-001,f851cbdf-cdd3-513d-9f6f-3a5ed1dda854,FR,Onisep Idéo,VERIFIED_PROGRAMME,master mention enseignement et éducation - professorat des écoles,"{""onisep_higher_ed.Action de Formation (AF) identifiant Onisep"": ""AF.144647"", ""onisep_higher_ed.ENS code UAI"": ""0011277H""}",source-native programme identifier and deterministic identity binding,onisep_higher_ed.ENS code UAI=0011277H; onisep_higher_ed.Action de Formation (AF) identifiant Onisep=AF.144647,KEEP_PRODUCTION
Institut national supérieur du professorat et de l'éducation - site de l'Ain,licence mention professorat des écoles,onisep-fr-stage1-001,26771848-8ad9-59b3-9f88-86811be85572,FR,Onisep Idéo,VERIFIED_PROGRAMME,licence mention professorat des écoles,"{""onisep_higher_ed.Action de Formation (AF) identifiant Onisep"": ""AF.143520"", ""onisep_higher_ed.ENS code UAI"": ""0011277H""}",source-native programme identifier and deterministic identity binding,onisep_higher_ed.ENS code UAI=0011277H; onisep_higher_ed.Action de Formation (AF) identifiant Onisep=AF.143520,KEEP_PRODUCTION
Campus de Lyon 3 à Bourg-en-Bresse,licence mention histoire,onisep-fr-stage1-002,4a6dc990-011c-5b1c-8192-72159ff410fc,FR,Onisep Idéo,VERIFIED_PROGRAMME,licence mention histoire,"{""onisep_higher_ed.Action de Formation (AF) identifiant Onisep"": ""AF.27150"", ""onisep_higher_ed.ENS code UAI"": ""0011310U""}",source-native programme identifier and deterministic identity binding,onisep_higher_ed.ENS code UAI=0011310U; onisep_higher_ed.Action de Formation (AF) identifiant Onisep=AF.27150,KEEP_PRODUCTION
Campus de Lyon 3 à Bourg-en-Bresse,licence mention gestion,onisep-fr-stage1-002,222ba9b3-65ca-53ac-bc73-7957fd61353f,FR,Onisep Idéo,VERIFIED_PROGRAMME,licence mention gestion,"{""onisep_higher_ed.Action de Formation (AF) identifiant Onisep"": ""AF.4468"", ""onisep_higher_ed.ENS code UAI"": ""0011310U""}",source-native programme identifier and deterministic identity binding,onisep_higher_ed.ENS code UAI=0011310U; onisep_higher_ed.Action de Formation (AF) identifiant Onisep=AF.4468,KEEP_PRODUCTION
IUT Lyon 1,master mention génie des procédés et des bio-procédés,onisep-fr-stage1-003,f9bd9d5d-8227-5b66-b4a7-9869b90d9d7c,FR,Onisep Idéo,VERIFIED_PROGRAMME,master mention génie des procédés et des bio-procédés,"{""onisep_higher_ed.Action de Formation (AF) identifiant Onisep"": ""AF.141537"", ""onisep_higher_ed.ENS code UAI"": ""0011312W""}",source-native programme identifier and deterministic identity binding,onisep_higher_ed.ENS code UAI=0011312W; onisep_higher_ed.Action de Formation (AF) identifiant Onisep=AF.141537,KEEP_PRODUCTION
IUT Lyon 1,BUT gestion des entreprises et des administrations parcours gestion entrepreneuriat et management d'activités,onisep-fr-stage1-003,fb4aa516-1b71-50e8-b122-746bb65175cf,FR,Onisep Idéo,VERIFIED_PROGRAMME,BUT gestion des entreprises et des administrations parcours gestion entrepreneuriat et management d'activités,"{""onisep_higher_ed.Action de Formation (AF) identifiant Onisep"": ""AF.113398"", ""onisep_higher_ed.ENS code UAI"": ""0011312W""}",source-native programme identifier and deterministic identity binding,onisep_higher_ed.ENS code UAI=0011312W; onisep_higher_ed.Action de Formation (AF) identifiant Onisep=AF.113398,KEEP_PRODUCTION
Institut supérieur des sciences et techniques,master mention génie industriel,onisep-fr-stage1-004,5dea6883-31fe-5808-9ee8-0775b57792ae,FR,Onisep Idéo,VERIFIED_PROGRAMME,master mention génie industriel,"{""onisep_higher_ed.Action de Formation (AF) identifiant Onisep"": ""AF.40511"", ""onisep_higher_ed.ENS code UAI"": ""0020087J""}",source-native programme identifier and deterministic identity binding,onisep_higher_ed.ENS code UAI=0020087J; onisep_higher_ed.Action de Formation (AF) identifiant Onisep=AF.40511,KEEP_PRODUCTION
Institut supérieur des sciences et techniques,master mention informatique,onisep-fr-stage1-004,2f22ab26-e9a8-53fb-a260-26252a231af8,FR,Onisep Idéo,VERIFIED_PROGRAMME,master mention informatique,"{""onisep_higher_ed.Action de Formation (AF) identifiant Onisep"": ""AF.16247"", ""onisep_higher_ed.ENS code UAI"": ""0020087J""}",source-native programme identifier and deterministic identity binding,onisep_higher_ed.ENS code UAI=0020087J; onisep_higher_ed.Action de Formation (AF) identifiant Onisep=AF.16247,KEEP_PRODUCTION
Institut national supérieur du professorat et de l'éducation - antenne de Laon,licence mention professorat des écoles,onisep-fr-stage1-005,81849649-f1a0-5dba-9010-16cfb9609bf3,FR,Onisep Idéo,VERIFIED_PROGRAMME,licence mention professorat des écoles,"{""onisep_higher_ed.Action de Formation (AF) identifiant Onisep"": ""AF.143423"", ""onisep_higher_ed.ENS code UAI"": ""0021952L""}",source-native programme identifier and deterministic identity binding,onisep_higher_ed.ENS code UAI=0021952L; onisep_higher_ed.Action de Formation (AF) identifiant Onisep=AF.143423,KEEP_PRODUCTION
Institut national supérieur du professorat et de l'éducation - antenne de Laon,master mention enseignement et éducation - professorat des écoles,onisep-fr-stage1-005,6fb2e41e-4389-5d23-936f-113aef58afc1,FR,Onisep Idéo,VERIFIED_PROGRAMME,master mention enseignement et éducation - professorat des écoles,"{""onisep_higher_ed.Action de Formation (AF) identifiant Onisep"": ""AF.144733"", ""onisep_higher_ed.ENS code UAI"": ""0021952L""}",source-native programme identifier and deterministic identity binding,onisep_higher_ed.ENS code UAI=0021952L; onisep_higher_ed.Action de Formation (AF) identifiant Onisep=AF.144733,KEEP_PRODUCTION
Institut universitaire de technologie de l'Aisne - Campus de Soissons,BUT carrières juridiques parcours entreprise et association,onisep-fr-stage1-006,f0e956c7-5c0a-57a4-b147-b8bd217d2514,FR,Onisep Idéo,VERIFIED_PROGRAMME,BUT carrières juridiques parcours entreprise et association,"{""onisep_higher_ed.Action de Formation (AF) identifiant Onisep"": ""AF.112777"", ""onisep_higher_ed.ENS code UAI"": ""0021958T""}",source-native programme identifier and deterministic identity binding,onisep_higher_ed.ENS code UAI=0021958T; onisep_higher_ed.Action de Formation (AF) identifiant Onisep=AF.112777,KEEP_PRODUCTION
Institut universitaire de technologie de l'Aisne - Campus de Soissons,BUT génie électrique et informatique industrielle parcours automatisme et informatique industrielle,onisep-fr-stage1-006,0f970faf-fdf2-58c6-814b-8cf1fb584379,FR,Onisep Idéo,VERIFIED_PROGRAMME,BUT génie électrique et informatique industrielle parcours automatisme et informatique industrielle,"{""onisep_higher_ed.Action de Formation (AF) identifiant Onisep"": ""AF.112524"", ""onisep_higher_ed.ENS code UAI"": ""0021958T""}",source-native programme identifier and deterministic identity binding,onisep_higher_ed.ENS code UAI=0021958T; onisep_higher_ed.Action de Formation (AF) identifiant Onisep=AF.112524,KEEP_PRODUCTION
Institut universitaire de technologie de l'Aisne - Campus de Laon,BUT techniques de commercialisation parcours business développement et management de la relation client,onisep-fr-stage1-007,04bc0f72-add9-5031-9f73-893f3015f64e,FR,Onisep Idéo,VERIFIED_PROGRAMME,BUT techniques de commercialisation parcours business développement et management de la relation client,"{""onisep_higher_ed.Action de Formation (AF) identifiant Onisep"": ""AF.113570"", ""onisep_higher_ed.ENS code UAI"": ""0021964Z""}",source-native programme identifier and deterministic identity binding,onisep_higher_ed.ENS code UAI=0021964Z; onisep_higher_ed.Action de Formation (AF) identifiant Onisep=AF.113570,KEEP_PRODUCTION
Institut universitaire de technologie de l'Aisne - Campus de Laon,BUT techniques de commercialisation parcours business international : achat et vente,onisep-fr-stage1-007,799e0634-fecf-5059-8a0b-3f628d588a9c,FR,Onisep Idéo,VERIFIED_PROGRAMME,BUT techniques de commercialisation parcours business international : achat et vente,"{""onisep_higher_ed.Action de Formation (AF) identifiant Onisep"": ""AF.113569"", ""onisep_higher_ed.ENS code UAI"": ""0021964Z""}",source-native programme identifier and deterministic identity binding,onisep_higher_ed.ENS code UAI=0021964Z; onisep_higher_ed.Action de Formation (AF) identifiant Onisep=AF.113569,KEEP_PRODUCTION
Institut universitaire de technologie de l'Aisne - Campus de Saint-Quentin,BUT génie mécanique et productique parcours innovation pour l'industrie,onisep-fr-stage1-008,b42b75f5-3004-5009-8bcf-40a2f3438085,FR,Onisep Idéo,VERIFIED_PROGRAMME,BUT génie mécanique et productique parcours innovation pour l'industrie,"{""onisep_higher_ed.Action de Formation (AF) identifiant Onisep"": ""AF.113283"", ""onisep_higher_ed.ENS code UAI"": ""0021998L""}",source-native programme identifier and deterministic identity binding,onisep_higher_ed.ENS code UAI=0021998L; onisep_higher_ed.Action de Formation (AF) identifiant Onisep=AF.113283,KEEP_PRODUCTION
Institut universitaire de technologie de l'Aisne - Campus de Saint-Quentin,"BUT génie chimique, génie des procédés parcours conception des procédés et innovation technologique",onisep-fr-stage1-008,b9aa04e3-0f33-518f-afbd-7a9e7479bafb,FR,Onisep Idéo,VERIFIED_PROGRAMME,"BUT génie chimique, génie des procédés parcours conception des procédés et innovation technologique","{""onisep_higher_ed.Action de Formation (AF) identifiant Onisep"": ""AF.112755"", ""onisep_higher_ed.ENS code UAI"": ""0021998L""}",source-native programme identifier and deterministic identity binding,onisep_higher_ed.ENS code UAI=0021998L; onisep_higher_ed.Action de Formation (AF) identifiant Onisep=AF.112755,KEEP_PRODUCTION
Institut national supérieur du professorat et de l'éducation Clermont-Auvergne - site de Moulins,master mention enseignement et éducation - professorat des écoles,onisep-fr-stage1-009,20fb556f-e752-5d5d-b1fb-b7aa65c58ea4,FR,Onisep Idéo,VERIFIED_PROGRAMME,master mention enseignement et éducation - professorat des écoles,"{""onisep_higher_ed.Action de Formation (AF) identifiant Onisep"": ""AF.144623"", ""onisep_higher_ed.ENS code UAI"": ""0031032F""}",source-native programme identifier and deterministic identity binding,onisep_higher_ed.ENS code UAI=0031032F; onisep_higher_ed.Action de Formation (AF) identifiant Onisep=AF.144623,KEEP_PRODUCTION
Institut national supérieur du professorat et de l'éducation Clermont-Auvergne - site de Moulins,licence mention professorat des écoles,onisep-fr-stage1-009,394c7037-53ca-5124-b1cb-c347f2f3c5a9,FR,Onisep Idéo,VERIFIED_PROGRAMME,licence mention professorat des écoles,"{""onisep_higher_ed.Action de Formation (AF) identifiant Onisep"": ""AF.143495"", ""onisep_higher_ed.ENS code UAI"": ""0031032F""}",source-native programme identifier and deterministic identity binding,onisep_higher_ed.ENS code UAI=0031032F; onisep_higher_ed.Action de Formation (AF) identifiant Onisep=AF.143495,KEEP_PRODUCTION
IUT Clermont Auvergne - site de Moulins,"BUT techniques de commercialisation parcours marketing digital, e-business et entrepreneuriat",onisep-fr-stage1-010,4bc4287b-b630-55b7-bebb-1505a023ea61,FR,Onisep Idéo,VERIFIED_PROGRAMME,"BUT techniques de commercialisation parcours marketing digital, e-business et entrepreneuriat","{""onisep_higher_ed.Action de Formation (AF) identifiant Onisep"": ""AF.113222"", ""onisep_higher_ed.ENS code UAI"": ""0031060L""}",source-native programme identifier and deterministic identity binding,onisep_higher_ed.ENS code UAI=0031060L; onisep_higher_ed.Action de Formation (AF) identifiant Onisep=AF.113222,KEEP_PRODUCTION
IUT Clermont Auvergne - site de Moulins,BUT techniques de commercialisation parcours business international : achat et vente,onisep-fr-stage1-010,8fdc5c4f-eace-5dd7-a0a2-85c3d9aeb144,FR,Onisep Idéo,VERIFIED_PROGRAMME,BUT techniques de commercialisation parcours business international : achat et vente,"{""onisep_higher_ed.Action de Formation (AF) identifiant Onisep"": ""AF.113224"", ""onisep_higher_ed.ENS code UAI"": ""0031060L""}",source-native programme identifier and deterministic identity binding,onisep_higher_ed.ENS code UAI=0031060L; onisep_higher_ed.Action de Formation (AF) identifiant Onisep=AF.113224,KEEP_PRODUCTION
IUT Clermont Auvergne - site de Vichy,BUT métiers du multimédia et de l'internet parcours création numérique,onisep-fr-stage1-011,6bd2a8b8-9767-5c0b-9580-2c8fbda3c98b,FR,Onisep Idéo,VERIFIED_PROGRAMME,BUT métiers du multimédia et de l'internet parcours création numérique,"{""onisep_higher_ed.Action de Formation (AF) identifiant Onisep"": ""AF.112271"", ""onisep_higher_ed.ENS code UAI"": ""0031092W""}",source-native programme identifier and deterministic identity binding,onisep_higher_ed.ENS code UAI=0031092W; onisep_higher_ed.Action de Formation (AF) identifiant Onisep=AF.112271,KEEP_PRODUCTION
IUT Clermont Auvergne - site de Vichy,BUT métiers du multimédia et de l'internet parcours stratégie de communication numérique et design d'expérience,onisep-fr-stage1-011,c8b582cd-d346-5415-8893-e40e62413526,FR,Onisep Idéo,VERIFIED_PROGRAMME,BUT métiers du multimédia et de l'internet parcours stratégie de communication numérique et design d'expérience,"{""onisep_higher_ed.Action de Formation (AF) identifiant Onisep"": ""AF.112270"", ""onisep_higher_ed.ENS code UAI"": ""0031092W""}",source-native programme identifier and deterministic identity binding,onisep_higher_ed.ENS code UAI=0031092W; onisep_higher_ed.Action de Formation (AF) identifiant Onisep=AF.112270,KEEP_PRODUCTION
UFR Sciences et techniques des activités physiques et sportives - Antenne de Vichy,licence mention sciences et techniques des activités physiques et sportives éducation et motricité,onisep-fr-stage1-012,b2d3ccbf-2726-540d-9f02-a41883121b37,FR,Onisep Idéo,VERIFIED_PROGRAMME,licence mention sciences et techniques des activités physiques et sportives éducation et motricité,"{""onisep_higher_ed.Action de Formation (AF) identifiant Onisep"": ""AF.65894"", ""onisep_higher_ed.ENS code UAI"": ""0031121C""}",source-native programme identifier and deterministic identity binding,onisep_higher_ed.ENS code UAI=0031121C; onisep_higher_ed.Action de Formation (AF) identifiant Onisep=AF.65894,KEEP_PRODUCTION
UFR Sciences et techniques des activités physiques et sportives - Antenne de Vichy,licence mention sciences et techniques des activités physiques et sportives activité physique adaptée et santé,onisep-fr-stage1-012,4e617a0f-c536-5347-956b-ba2cf24bc507,FR,Onisep Idéo,VERIFIED_PROGRAMME,licence mention sciences et techniques des activités physiques et sportives activité physique adaptée et santé,"{""onisep_higher_ed.Action de Formation (AF) identifiant Onisep"": ""AF.70416"", ""onisep_higher_ed.ENS code UAI"": ""0031121C""}",source-native programme identifier and deterministic identity binding,onisep_higher_ed.ENS code UAI=0031121C; onisep_higher_ed.Action de Formation (AF) identifiant Onisep=AF.70416,KEEP_PRODUCTION
IUT Clermont Auvergne - site de Montluçon,BUT génie électrique et informatique industrielle parcours électricité et maîtrise de l'énergie,onisep-fr-stage1-013,4c35dae7-87c2-5354-824b-be18661a1765,FR,Onisep Idéo,VERIFIED_PROGRAMME,BUT génie électrique et informatique industrielle parcours électricité et maîtrise de l'énergie,"{""onisep_higher_ed.Action de Formation (AF) identifiant Onisep"": ""AF.113174"", ""onisep_higher_ed.ENS code UAI"": ""0031134S""}",source-native programme identifier and deterministic identity binding,onisep_higher_ed.ENS code UAI=0031134S; onisep_higher_ed.Action de Formation (AF) identifiant Onisep=AF.113174,KEEP_PRODUCTION
IUT Clermont Auvergne - site de Montluçon,BUT métiers de la transition et de l'efficacité énergétiques parcours réalisation des installations énergétiques pour le bâtiment et l'industrie,onisep-fr-stage1-013,c71397c3-c640-5a07-9cb8-8f9d7f00b9a8,FR,Onisep Idéo,VERIFIED_PROGRAMME,BUT métiers de la transition et de l'efficacité énergétiques parcours réalisation des installations énergétiques pour le bâtiment et l'industrie,"{""onisep_higher_ed.Action de Formation (AF) identifiant Onisep"": ""AF.113069"", ""onisep_higher_ed.ENS code UAI"": ""0031134S""}",source-native programme identifier and deterministic identity binding,onisep_higher_ed.ENS code UAI=0031134S; onisep_higher_ed.Action de Formation (AF) identifiant Onisep=AF.113069,KEEP_PRODUCTION
Institut national supérieur du professorat et de l'éducation - site de Digne-les-Bains,licence mention professorat des écoles,onisep-fr-stage1-014,d6cc8d77-c34f-5b12-a8d0-ab09479fe460,FR,Onisep Idéo,VERIFIED_PROGRAMME,licence mention professorat des écoles,"{""onisep_higher_ed.Action de Formation (AF) identifiant Onisep"": ""AF.143163"", ""onisep_higher_ed.ENS code UAI"": ""0040506D""}",source-native programme identifier and deterministic identity binding,onisep_higher_ed.ENS code UAI=0040506D; onisep_higher_ed.Action de Formation (AF) identifiant Onisep=AF.143163,KEEP_PRODUCTION
Institut national supérieur du professorat et de l'éducation - site de Digne-les-Bains,master mention enseignement et éducation - professorat des écoles,onisep-fr-stage1-014,b24a96cd-0e71-58de-91fe-fd509593425f,FR,Onisep Idéo,VERIFIED_PROGRAMME,master mention enseignement et éducation - professorat des écoles,"{""onisep_higher_ed.Action de Formation (AF) identifiant Onisep"": ""AF.144771"", ""onisep_higher_ed.ENS code UAI"": ""0040506D""}",source-native programme identifier and deterministic identity binding,onisep_higher_ed.ENS code UAI=0040506D; onisep_higher_ed.Action de Formation (AF) identifiant Onisep=AF.144771,KEEP_PRODUCTION
IUT d'Aix-Marseille - site de Digne-les-Bains,BUT génie biologique parcours sciences de l'environnement et écotechnologies,onisep-fr-stage1-015,c79f728c-33cc-5030-b778-40a823b3c17d,FR,Onisep Idéo,VERIFIED_PROGRAMME,BUT génie biologique parcours sciences de l'environnement et écotechnologies,"{""onisep_higher_ed.Action de Formation (AF) identifiant Onisep"": ""AF.113232"", ""onisep_higher_ed.ENS code UAI"": ""0040522W""}",source-native programme identifier and deterministic identity binding,onisep_higher_ed.ENS code UAI=0040522W; onisep_higher_ed.Action de Formation (AF) identifiant Onisep=AF.113232,KEEP_PRODUCTION
IUT d'Aix-Marseille - site de Digne-les-Bains,BUT gestion administrative et commerciale des organisations parcours management responsable de projet et entrepreneuriat,onisep-fr-stage1-015,b71975da-c74a-5d2d-8e60-1ffed647fcee,FR,Onisep Idéo,VERIFIED_PROGRAMME,BUT gestion administrative et commerciale des organisations parcours management responsable de projet et entrepreneuriat,"{""onisep_higher_ed.Action de Formation (AF) identifiant Onisep"": ""AF.112495"", ""onisep_higher_ed.ENS code UAI"": ""0040522W""}",source-native programme identifier and deterministic identity binding,onisep_higher_ed.ENS code UAI=0040522W; onisep_higher_ed.Action de Formation (AF) identifiant Onisep=AF.112495,KEEP_PRODUCTION
IUT d'Aix-Marseille - site de Gap,"BUT gestion des entreprises et des administrations parcours gestion comptable, fiscale et financière",onisep-fr-stage1-016,5fb6c708-c086-5214-9871-88a376d13fda,FR,Onisep Idéo,VERIFIED_PROGRAMME,"BUT gestion des entreprises et des administrations parcours gestion comptable, fiscale et financière","{""onisep_higher_ed.Action de Formation (AF) identifiant Onisep"": ""AF.113183"", ""onisep_higher_ed.ENS code UAI"": ""0050604E""}",source-native programme identifier and deterministic identity binding,onisep_higher_ed.ENS code UAI=0050604E; onisep_higher_ed.Action de Formation (AF) identifiant Onisep=AF.113183,KEEP_PRODUCTION
IUT d'Aix-Marseille - site de Gap,BUT gestion des entreprises et des administrations parcours gestion entrepreneuriat et management d'activités,onisep-fr-stage1-016,0bdcd270-f39d-573a-9d65-19d757eefc98,FR,Onisep Idéo,VERIFIED_PROGRAMME,BUT gestion des entreprises et des administrations parcours gestion entrepreneuriat et management d'activités,"{""onisep_higher_ed.Action de Formation (AF) identifiant Onisep"": ""AF.113184"", ""onisep_higher_ed.ENS code UAI"": ""0050604E""}",source-native programme identifier and deterministic identity binding,onisep_higher_ed.ENS code UAI=0050604E; onisep_higher_ed.Action de Formation (AF) identifiant Onisep=AF.113184,KEEP_PRODUCTION
Institut d'administration des entreprises - Campus Saint-Jean d'Angely,master mention management et commerce international,onisep-fr-stage1-017,2936099d-411e-5963-8c62-27be8bb17202,FR,Onisep Idéo,VERIFIED_PROGRAMME,master mention management et commerce international,"{""onisep_higher_ed.Action de Formation (AF) identifiant Onisep"": ""AF.86439"", ""onisep_higher_ed.ENS code UAI"": ""0060636J""}",source-native programme identifier and deterministic identity binding,onisep_higher_ed.ENS code UAI=0060636J; onisep_higher_ed.Action de Formation (AF) identifiant Onisep=AF.86439,KEEP_PRODUCTION
Institut d'administration des entreprises - Campus Saint-Jean d'Angely,master mention management,onisep-fr-stage1-017,067b77ac-c8fa-5719-9f3e-3cd6d2318b38,FR,Onisep Idéo,VERIFIED_PROGRAMME,master mention management,"{""onisep_higher_ed.Action de Formation (AF) identifiant Onisep"": ""AF.27629"", ""onisep_higher_ed.ENS code UAI"": ""0060636J""}",source-native programme identifier and deterministic identity binding,onisep_higher_ed.ENS code UAI=0060636J; onisep_higher_ed.Action de Formation (AF) identifiant Onisep=AF.27629,KEEP_PRODUCTION
IUT Nice Côte d'Azur - site de Nice,"BUT informatique parcours réalisation d'applications : conception, développement, validation",onisep-fr-stage1-018,c544e49f-37e4-5f5e-9ffb-f89d91caafda,FR,Onisep Idéo,VERIFIED_PROGRAMME,"BUT informatique parcours réalisation d'applications : conception, développement, validation","{""onisep_higher_ed.Action de Formation (AF) identifiant Onisep"": ""AF.114889"", ""onisep_higher_ed.ENS code UAI"": ""0060914L""}",source-native programme identifier and deterministic identity binding,onisep_higher_ed.ENS code UAI=0060914L; onisep_higher_ed.Action de Formation (AF) identifiant Onisep=AF.114889,KEEP_PRODUCTION
IUT Nice Côte d'Azur - site de Nice,BUT gestion des entreprises et des administrations parcours gestion et pilotage des ressources humaines,onisep-fr-stage1-018,2bd8d0f8-2222-53ab-96c6-cdf12dfdca2d,FR,Onisep Idéo,VERIFIED_PROGRAMME,BUT gestion des entreprises et des administrations parcours gestion et pilotage des ressources humaines,"{""onisep_higher_ed.Action de Formation (AF) identifiant Onisep"": ""AF.112165"", ""onisep_higher_ed.ENS code UAI"": ""0060914L""}",source-native programme identifier and deterministic identity binding,onisep_higher_ed.ENS code UAI=0060914L; onisep_higher_ed.Action de Formation (AF) identifiant Onisep=AF.112165,KEEP_PRODUCTION
"Institut national supérieur du professorat et de l'éducation Célestin Freinet - site de Nice, Stephen Liégeard",licence mention professorat des écoles,onisep-fr-stage1-019,97423fc0-45e9-51e2-a731-0ca88961b85f,FR,Onisep Idéo,VERIFIED_PROGRAMME,licence mention professorat des écoles,"{""onisep_higher_ed.Action de Formation (AF) identifiant Onisep"": ""AF.143561"", ""onisep_higher_ed.ENS code UAI"": ""0061551D""}",source-native programme identifier and deterministic identity binding,onisep_higher_ed.ENS code UAI=0061551D; onisep_higher_ed.Action de Formation (AF) identifiant Onisep=AF.143561,KEEP_PRODUCTION
"Institut national supérieur du professorat et de l'éducation Célestin Freinet - site de Nice, Stephen Liégeard",master mention enseignement et éducation - professorat des écoles,onisep-fr-stage1-019,f4f878c2-17b2-5cd3-bf41-335ff38646af,FR,Onisep Idéo,VERIFIED_PROGRAMME,master mention enseignement et éducation - professorat des écoles,"{""onisep_higher_ed.Action de Formation (AF) identifiant Onisep"": ""AF.144776"", ""onisep_higher_ed.ENS code UAI"": ""0061551D""}",source-native programme identifier and deterministic identity binding,onisep_higher_ed.ENS code UAI=0061551D; onisep_higher_ed.Action de Formation (AF) identifiant Onisep=AF.144776,KEEP_PRODUCTION
IUT Nice Côte d'Azur- Site de Sophia-Antipolis,BUT réseaux et télécommunications parcours cybersécurité,onisep-fr-stage1-020,eab1fd00-32ca-5cd9-81cb-b1cd97519540,FR,Onisep Idéo,VERIFIED_PROGRAMME,BUT réseaux et télécommunications parcours cybersécurité,"{""onisep_higher_ed.Action de Formation (AF) identifiant Onisep"": ""AF.112335"", ""onisep_higher_ed.ENS code UAI"": ""0061817T""}",source-native programme identifier and deterministic identity binding,onisep_higher_ed.ENS code UAI=0061817T; onisep_higher_ed.Action de Formation (AF) identifiant Onisep=AF.112335,KEEP_PRODUCTION
IUT Nice Côte d'Azur- Site de Sophia-Antipolis,BUT réseaux et télécommunications parcours internet des objets et mobilité,onisep-fr-stage1-020,b2e631c1-b970-54ea-be38-4a8e3378752a,FR,Onisep Idéo,VERIFIED_PROGRAMME,BUT réseaux et télécommunications parcours internet des objets et mobilité,"{""onisep_higher_ed.Action de Formation (AF) identifiant Onisep"": ""AF.112336"", ""onisep_higher_ed.ENS code UAI"": ""0061817T""}",source-native programme identifier and deterministic identity binding,onisep_higher_ed.ENS code UAI=0061817T; onisep_higher_ed.Action de Formation (AF) identifiant Onisep=AF.112336,KEEP_PRODUCTION
IUT Nice Côte d'Azur - Site de Menton,BUT carrières sociales parcours animation sociale et socio-culturelle,onisep-fr-stage1-021,e0732994-091e-5f76-92ac-3b0830ad9969,FR,Onisep Idéo,VERIFIED_PROGRAMME,BUT carrières sociales parcours animation sociale et socio-culturelle,"{""onisep_higher_ed.Action de Formation (AF) identifiant Onisep"": ""AF.111962"", ""onisep_higher_ed.ENS code UAI"": ""0061887U""}",source-native programme identifier and deterministic identity binding,onisep_higher_ed.ENS code UAI=0061887U; onisep_higher_ed.Action de Formation (AF) identifiant Onisep=AF.111962,KEEP_PRODUCTION
IUT Nice Côte d'Azur - Site de Menton,BUT carrières sociales parcours éducation spécialisée,onisep-fr-stage1-021,d3eed547-9c02-5f1a-aa92-86592188de66,FR,Onisep Idéo,VERIFIED_PROGRAMME,BUT carrières sociales parcours éducation spécialisée,"{""onisep_higher_ed.Action de Formation (AF) identifiant Onisep"": ""AF.111961"", ""onisep_higher_ed.ENS code UAI"": ""0061887U""}",source-native programme identifier and deterministic identity binding,onisep_higher_ed.ENS code UAI=0061887U; onisep_higher_ed.Action de Formation (AF) identifiant Onisep=AF.111961,KEEP_PRODUCTION
"Campus Carlone Lettres, Arts et Sciences humaines","licence mention langues, littératures et civilisations étrangères et régionales",onisep-fr-stage1-022,19e02a28-bc70-55c1-9b7d-cac9d5fb648e,FR,Onisep Idéo,VERIFIED_PROGRAMME,"licence mention langues, littératures et civilisations étrangères et régionales","{""onisep_higher_ed.Action de Formation (AF) identifiant Onisep"": ""AF.29090"", ""onisep_higher_ed.ENS code UAI"": ""0061975P""}",source-native programme identifier and deterministic identity binding,onisep_higher_ed.ENS code UAI=0061975P; onisep_higher_ed.Action de Formation (AF) identifiant Onisep=AF.29090,KEEP_PRODUCTION
"Campus Carlone Lettres, Arts et Sciences humaines",licence mention histoire,onisep-fr-stage1-022,5d6d82c7-4eae-5e59-850c-4fdc44bc1b9e,FR,Onisep Idéo,VERIFIED_PROGRAMME,licence mention histoire,"{""onisep_higher_ed.Action de Formation (AF) identifiant Onisep"": ""AF.2859"", ""onisep_higher_ed.ENS code UAI"": ""0061975P""}",source-native programme identifier and deterministic identity binding,onisep_higher_ed.ENS code UAI=0061975P; onisep_higher_ed.Action de Formation (AF) identifiant Onisep=AF.2859,KEEP_PRODUCTION
École polytechnique universitaire de l'Université Côte d'Azur,diplôme d'ingénieur de l'École polytechnique universitaire de l'université Côte d'Azur spécialité informatique,onisep-fr-stage1-023,9f97224e-b2bd-5a6f-9b0e-f6a539fd3230,FR,Onisep Idéo,VERIFIED_PROGRAMME,diplôme d'ingénieur de l'École polytechnique universitaire de l'université Côte d'Azur spécialité informatique,"{""onisep_higher_ed.Action de Formation (AF) identifiant Onisep"": ""AF.15903"", ""onisep_higher_ed.ENS code UAI"": ""0062020N""}",source-native programme identifier and deterministic identity binding,onisep_higher_ed.ENS code UAI=0062020N; onisep_higher_ed.Action de Formation (AF) identifiant Onisep=AF.15903,KEEP_PRODUCTION
École polytechnique universitaire de l'Université Côte d'Azur,diplôme d'ingénieur de l'École polytechnique universitaire de l'université Côte d'Azur spécialité robotique,onisep-fr-stage1-023,0cebda89-86b8-5e41-88f9-480c86db3248,FR,Onisep Idéo,VERIFIED_PROGRAMME,diplôme d'ingénieur de l'École polytechnique universitaire de l'université Côte d'Azur spécialité robotique,"{""onisep_higher_ed.Action de Formation (AF) identifiant Onisep"": ""AF.133396"", ""onisep_higher_ed.ENS code UAI"": ""0062020N""}",source-native programme identifier and deterministic identity binding,onisep_higher_ed.ENS code UAI=0062020N; onisep_higher_ed.Action de Formation (AF) identifiant Onisep=AF.133396,KEEP_PRODUCTION
EURECOM,master mention réseaux et télécommunication,onisep-fr-stage1-024,08ea5a7f-063b-5254-9e20-af26223b6208,FR,Onisep Idéo,VERIFIED_PROGRAMME,master mention réseaux et télécommunication,"{""onisep_higher_ed.Action de Formation (AF) identifiant Onisep"": ""AF.32269"", ""onisep_higher_ed.ENS code UAI"": ""0062022R""}",source-native programme identifier and deterministic identity binding,onisep_higher_ed.ENS code UAI=0062022R; onisep_higher_ed.Action de Formation (AF) identifiant Onisep=AF.32269,KEEP_PRODUCTION
EURECOM,master mention informatique,onisep-fr-stage1-024,ceec9355-9c45-56cb-a776-d302dd78bb57,FR,Onisep Idéo,VERIFIED_PROGRAMME,master mention informatique,"{""onisep_higher_ed.Action de Formation (AF) identifiant Onisep"": ""AF.2878"", ""onisep_higher_ed.ENS code UAI"": ""0062022R""}",source-native programme identifier and deterministic identity binding,onisep_higher_ed.ENS code UAI=0062022R; onisep_higher_ed.Action de Formation (AF) identifiant Onisep=AF.2878,KEEP_PRODUCTION
CESI école d'ingénieurs - campus de Nice,diplôme d'ingénieur du CESI,onisep-fr-stage1-025,3e73f74a-32b2-5791-bced-eab789f0add1,FR,Onisep Idéo,VERIFIED_PROGRAMME,diplôme d'ingénieur du CESI,"{""onisep_higher_ed.Action de Formation (AF) identifiant Onisep"": ""AF.53373"", ""onisep_higher_ed.ENS code UAI"": ""0062104E""}",source-native programme identifier and deterministic identity binding,onisep_higher_ed.ENS code UAI=0062104E; onisep_higher_ed.Action de Formation (AF) identifiant Onisep=AF.53373,KEEP_PRODUCTION
CESI école d'ingénieurs - campus de Nice,diplôme d'ingénieur du CESI spécialité informatique,onisep-fr-stage1-025,23a1be45-6364-5f9d-aaaf-2dfa117a3fc9,FR,Onisep Idéo,VERIFIED_PROGRAMME,diplôme d'ingénieur du CESI spécialité informatique,"{""onisep_higher_ed.Action de Formation (AF) identifiant Onisep"": ""AF.61732"", ""onisep_higher_ed.ENS code UAI"": ""0062104E""}",source-native programme identifier and deterministic identity binding,onisep_higher_ed.ENS code UAI=0062104E; onisep_higher_ed.Action de Formation (AF) identifiant Onisep=AF.61732,KEEP_PRODUCTION
"Institut national supérieur du professorat et de l'éducation Célestin Freinet - site de Nice, George V","master mention métiers de l'enseignement, de l'éducation et de la formation - pratiques et ingénierie de la formation",onisep-fr-stage1-026,49ca4019-1bf2-5b5c-983d-1c96b71efea6,FR,Onisep Idéo,VERIFIED_PROGRAMME,"master mention métiers de l'enseignement, de l'éducation et de la formation - pratiques et ingénierie de la formation","{""onisep_higher_ed.Action de Formation (AF) identifiant Onisep"": ""AF.131278"", ""onisep_higher_ed.ENS code UAI"": ""0062109K""}",source-native programme identifier and deterministic identity binding,onisep_higher_ed.ENS code UAI=0062109K; onisep_higher_ed.Action de Formation (AF) identifiant Onisep=AF.131278,KEEP_PRODUCTION
"Institut national supérieur du professorat et de l'éducation Célestin Freinet - site de Nice, George V",master mention enseignement et éducation - professorat du second degré,onisep-fr-stage1-026,4da6f840-9e62-5e39-a2b7-ebc0aea392ef,FR,Onisep Idéo,VERIFIED_PROGRAMME,master mention enseignement et éducation - professorat du second degré,"{""onisep_higher_ed.Action de Formation (AF) identifiant Onisep"": ""AF.144879"", ""onisep_higher_ed.ENS code UAI"": ""0062109K""}",source-native programme identifier and deterministic identity binding,onisep_higher_ed.ENS code UAI=0062109K; onisep_higher_ed.Action de Formation (AF) identifiant Onisep=AF.144879,KEEP_PRODUCTION
IUT Nice Côte d'Azur - Site de Cannes,BUT information-communication parcours journalisme,onisep-fr-stage1-027,4cedbd6a-eda3-5e11-ad37-9bdcf3746650,FR,Onisep Idéo,VERIFIED_PROGRAMME,BUT information-communication parcours journalisme,"{""onisep_higher_ed.Action de Formation (AF) identifiant Onisep"": ""AF.112759"", ""onisep_higher_ed.ENS code UAI"": ""0062211W""}",source-native programme identifier and deterministic identity binding,onisep_higher_ed.ENS code UAI=0062211W; onisep_higher_ed.Action de Formation (AF) identifiant Onisep=AF.112759,KEEP_PRODUCTION
IUT Nice Côte d'Azur - Site de Cannes,BUT information-communication parcours communication des organisations,onisep-fr-stage1-027,64e762bd-c437-5b9a-bfbf-40671329cc90,FR,Onisep Idéo,VERIFIED_PROGRAMME,BUT information-communication parcours communication des organisations,"{""onisep_higher_ed.Action de Formation (AF) identifiant Onisep"": ""AF.112760"", ""onisep_higher_ed.ENS code UAI"": ""0062211W""}",source-native programme identifier and deterministic identity binding,onisep_higher_ed.ENS code UAI=0062211W; onisep_higher_ed.Action de Formation (AF) identifiant Onisep=AF.112760,KEEP_PRODUCTION
École universitaire de recherche arts et humanités - Campus Carlone,"master mention civilisations, cultures et sociétés",onisep-fr-stage1-028,244409cd-c35a-5eb3-8a63-58b1faf6518c,FR,Onisep Idéo,VERIFIED_PROGRAMME,"master mention civilisations, cultures et sociétés","{""onisep_higher_ed.Action de Formation (AF) identifiant Onisep"": ""AF.101286"", ""onisep_higher_ed.ENS code UAI"": ""0062225L""}",source-native programme identifier and deterministic identity binding,onisep_higher_ed.ENS code UAI=0062225L; onisep_higher_ed.Action de Formation (AF) identifiant Onisep=AF.101286,KEEP_PRODUCTION
École universitaire de recherche arts et humanités - Campus Carlone,master mention langues étrangères appliquées,onisep-fr-stage1-028,6344d41a-fdd0-5644-86ac-209f83326370,FR,Onisep Idéo,VERIFIED_PROGRAMME,master mention langues étrangères appliquées,"{""onisep_higher_ed.Action de Formation (AF) identifiant Onisep"": ""AF.44847"", ""onisep_higher_ed.ENS code UAI"": ""0062225L""}",source-native programme identifier and deterministic identity binding,onisep_higher_ed.ENS code UAI=0062225L; onisep_higher_ed.Action de Formation (AF) identifiant Onisep=AF.44847,KEEP_PRODUCTION
École universitaire de recherche arts et humanités - Campus Georges Méliès,licence mention humanités,onisep-fr-stage1-029,2eaaaaff-8813-58c6-870f-7eb32c37f6a6,FR,Onisep Idéo,VERIFIED_PROGRAMME,licence mention humanités,"{""onisep_higher_ed.Action de Formation (AF) identifiant Onisep"": ""AF.109436"", ""onisep_higher_ed.ENS code UAI"": ""0062226M""}",source-native programme identifier and deterministic identity binding,onisep_higher_ed.ENS code UAI=0062226M; onisep_higher_ed.Action de Formation (AF) identifiant Onisep=AF.109436,KEEP_PRODUCTION
École universitaire de recherche arts et humanités - Campus Georges Méliès,licence mention sciences et humanités,onisep-fr-stage1-029,96c509ad-7afb-5c33-a47f-b49db274ca43,FR,Onisep Idéo,VERIFIED_PROGRAMME,licence mention sciences et humanités,"{""onisep_higher_ed.Action de Formation (AF) identifiant Onisep"": ""AF.100098"", ""onisep_higher_ed.ENS code UAI"": ""0062226M""}",source-native programme identifier and deterministic identity binding,onisep_higher_ed.ENS code UAI=0062226M; onisep_higher_ed.Action de Formation (AF) identifiant Onisep=AF.100098,KEEP_PRODUCTION
École universitaire de recherche en systèmes numériques pour l'humain - Campus Sophia Tech,master mention informatique,onisep-fr-stage1-030,bea9cf87-a594-599a-af97-f393a534a5f1,FR,Onisep Idéo,VERIFIED_PROGRAMME,master mention informatique,"{""onisep_higher_ed.Action de Formation (AF) identifiant Onisep"": ""AF.48706"", ""onisep_higher_ed.ENS code UAI"": ""0062227N""}",source-native programme identifier and deterministic identity binding,onisep_higher_ed.ENS code UAI=0062227N; onisep_higher_ed.Action de Formation (AF) identifiant Onisep=AF.48706,KEEP_PRODUCTION
École universitaire de recherche en systèmes numériques pour l'humain - Campus Sophia Tech,master mention méthodes informatiques appliquées à la gestion des entreprises,onisep-fr-stage1-030,1d0f054d-8868-5c6e-bc0c-5286c035f206,FR,Onisep Idéo,VERIFIED_PROGRAMME,master mention méthodes informatiques appliquées à la gestion des entreprises,"{""onisep_higher_ed.Action de Formation (AF) identifiant Onisep"": ""AF.1080"", ""onisep_higher_ed.ENS code UAI"": ""0062227N""}",source-native programme identifier and deterministic identity binding,onisep_higher_ed.ENS code UAI=0062227N; onisep_higher_ed.Action de Formation (AF) identifiant Onisep=AF.1080,KEEP_PRODUCTION
École universitaire de recherche en économie et Management (ELMI) - Campus Saint-Jean d'Angely,master mention gestion des ressources humaines,onisep-fr-stage1-031,da194efb-4270-5346-a7bb-56cb3d7b47a6,FR,Onisep Idéo,VERIFIED_PROGRAMME,master mention gestion des ressources humaines,"{""onisep_higher_ed.Action de Formation (AF) identifiant Onisep"": ""AF.75093"", ""onisep_higher_ed.ENS code UAI"": ""0062230S""}",source-native programme identifier and deterministic identity binding,onisep_higher_ed.ENS code UAI=0062230S; onisep_higher_ed.Action de Formation (AF) identifiant Onisep=AF.75093,KEEP_PRODUCTION
École universitaire de recherche en économie et Management (ELMI) - Campus Saint-Jean d'Angely,"master mention monnaie, banque, finance, assurance",onisep-fr-stage1-031,88803846-33d0-5f69-96cb-474eb2633037,FR,Onisep Idéo,VERIFIED_PROGRAMME,"master mention monnaie, banque, finance, assurance","{""onisep_higher_ed.Action de Formation (AF) identifiant Onisep"": ""AF.6226"", ""onisep_higher_ed.ENS code UAI"": ""0062230S""}",source-native programme identifier and deterministic identity binding,onisep_higher_ed.ENS code UAI=0062230S; onisep_higher_ed.Action de Formation (AF) identifiant Onisep=AF.6226,KEEP_PRODUCTION
École universitaire de recherche en écosystèmes des sciences de la santé - Campus STAPS,master mention sciences et techniques des activités physiques et sportives  : activité physique adaptée et santé,onisep-fr-stage1-032,9aa11c3a-96bc-55a3-b8c1-f7ff409776c5,FR,Onisep Idéo,VERIFIED_PROGRAMME,master mention sciences et techniques des activités physiques et sportives  : activité physique adaptée et santé,"{""onisep_higher_ed.Action de Formation (AF) identifiant Onisep"": ""AF.57996"", ""onisep_higher_ed.ENS code UAI"": ""0062233V""}",source-native programme identifier and deterministic identity binding,onisep_higher_ed.ENS code UAI=0062233V; onisep_higher_ed.Action de Formation (AF) identifiant Onisep=AF.57996,KEEP_PRODUCTION
École universitaire de recherche en écosystèmes des sciences de la santé - Campus STAPS,master mention sciences et techniques des activités physiques et sportives : management du sport,onisep-fr-stage1-032,31096360-54d5-509d-82d0-8e262fdbe4eb,FR,Onisep Idéo,VERIFIED_PROGRAMME,master mention sciences et techniques des activités physiques et sportives : management du sport,"{""onisep_higher_ed.Action de Formation (AF) identifiant Onisep"": ""AF.93954"", ""onisep_higher_ed.ENS code UAI"": ""0062233V""}",source-native programme identifier and deterministic identity binding,onisep_higher_ed.ENS code UAI=0062233V; onisep_higher_ed.Action de Formation (AF) identifiant Onisep=AF.93954,KEEP_PRODUCTION
École universitaire de recherche en droit et science politique - Faculté de droit et science politique - Campus Trotabas,master mention droit public,onisep-fr-stage1-033,62a162a9-a6a1-57f4-a3b1-eb0e91c275e4,FR,Onisep Idéo,VERIFIED_PROGRAMME,master mention droit public,"{""onisep_higher_ed.Action de Formation (AF) identifiant Onisep"": ""AF.84967"", ""onisep_higher_ed.ENS code UAI"": ""0062240C""}",source-native programme identifier and deterministic identity binding,onisep_higher_ed.ENS code UAI=0062240C; onisep_higher_ed.Action de Formation (AF) identifiant Onisep=AF.84967,KEEP_PRODUCTION
École universitaire de recherche en droit et science politique - Faculté de droit et science politique - Campus Trotabas,master mention droit des affaires,onisep-fr-stage1-033,546f63d0-1d09-592f-baec-3c564b05a6a3,FR,Onisep Idéo,VERIFIED_PROGRAMME,master mention droit des affaires,"{""onisep_higher_ed.Action de Formation (AF) identifiant Onisep"": ""AF.26701"", ""onisep_higher_ed.ENS code UAI"": ""0062240C""}",source-native programme identifier and deterministic identity binding,onisep_higher_ed.ENS code UAI=0062240C; onisep_higher_ed.Action de Formation (AF) identifiant Onisep=AF.26701,KEEP_PRODUCTION
École universitaire de recherche en sciences de la société et de l'environnement - Campus Carlone,master mention ville et environnements urbains,onisep-fr-stage1-034,6fe23143-7fdb-57ea-a7e6-1656c7c6ffa5,FR,Onisep Idéo,VERIFIED_PROGRAMME,master mention ville et environnements urbains,"{""onisep_higher_ed.Action de Formation (AF) identifiant Onisep"": ""AF.101272"", ""onisep_higher_ed.ENS code UAI"": ""0062244G""}",source-native programme identifier and deterministic identity binding,onisep_higher_ed.ENS code UAI=0062244G; onisep_higher_ed.Action de Formation (AF) identifiant Onisep=AF.101272,KEEP_PRODUCTION
École universitaire de recherche en sciences de la société et de l'environnement - Campus Carlone,master mention sciences sociales,onisep-fr-stage1-034,99b99133-5159-5038-b8d9-e413a69b1b20,FR,Onisep Idéo,VERIFIED_PROGRAMME,master mention sciences sociales,"{""onisep_higher_ed.Action de Formation (AF) identifiant Onisep"": ""AF.41195"", ""onisep_higher_ed.ENS code UAI"": ""0062244G""}",source-native programme identifier and deterministic identity binding,onisep_higher_ed.ENS code UAI=0062244G; onisep_higher_ed.Action de Formation (AF) identifiant Onisep=AF.41195,KEEP_PRODUCTION
École universitaire de recherche en sciences fondamentales et Ingénierie - Campus Valrose,master mention physique fondamentale et applications,onisep-fr-stage1-035,7af5cdae-1e38-5d6c-a16b-d92503e58923,FR,Onisep Idéo,VERIFIED_PROGRAMME,master mention physique fondamentale et applications,"{""onisep_higher_ed.Action de Formation (AF) identifiant Onisep"": ""AF.57595"", ""onisep_higher_ed.ENS code UAI"": ""0062249M""}",source-native programme identifier and deterministic identity binding,onisep_higher_ed.ENS code UAI=0062249M; onisep_higher_ed.Action de Formation (AF) identifiant Onisep=AF.57595,KEEP_PRODUCTION
École universitaire de recherche en sciences fondamentales et Ingénierie - Campus Valrose,master mention chimie moléculaire,onisep-fr-stage1-035,21d727d7-7df7-5f09-b896-e62da24e9238,FR,Onisep Idéo,VERIFIED_PROGRAMME,master mention chimie moléculaire,"{""onisep_higher_ed.Action de Formation (AF) identifiant Onisep"": ""AF.101502"", ""onisep_higher_ed.ENS code UAI"": ""0062249M""}",source-native programme identifier and deterministic identity binding,onisep_higher_ed.ENS code UAI=0062249M; onisep_higher_ed.Action de Formation (AF) identifiant Onisep=AF.101502,KEEP_PRODUCTION
École universitaire de recherche en sciences fondamentales et Ingénierie - Campus Sophia Tech,"master mention sciences de la Terre et des planètes, environnement",onisep-fr-stage1-036,a7314bac-e141-553c-b6f2-6f6577f85f8f,FR,Onisep Idéo,VERIFIED_PROGRAMME,"master mention sciences de la Terre et des planètes, environnement","{""onisep_higher_ed.Action de Formation (AF) identifiant Onisep"": ""AF.101501"", ""onisep_higher_ed.ENS code UAI"": ""0062251P""}",source-native programme identifier and deterministic identity binding,onisep_higher_ed.ENS code UAI=0062251P; onisep_higher_ed.Action de Formation (AF) identifiant Onisep=AF.101501,KEEP_PRODUCTION
École universitaire de recherche en sciences fondamentales et Ingénierie - Campus Sophia Tech,master mention gestion de l'environnement,onisep-fr-stage1-036,67d4335b-a04e-580e-9e0e-cdefa450480a,FR,Onisep Idéo,VERIFIED_PROGRAMME,master mention gestion de l'environnement,"{""onisep_higher_ed.Action de Formation (AF) identifiant Onisep"": ""AF.55459"", ""onisep_higher_ed.ENS code UAI"": ""0062251P""}",source-native programme identifier and deterministic identity binding,onisep_higher_ed.ENS code UAI=0062251P; onisep_higher_ed.Action de Formation (AF) identifiant Onisep=AF.55459,KEEP_PRODUCTION
École universitaire de recherche en sciences fondamentales et Ingénierie - Campus Plaine du Var - Écovallée,master mention physique fondamentale et applications,onisep-fr-stage1-037,59c87f4f-e9fb-59a9-9c0c-ef57d23132d5,FR,Onisep Idéo,VERIFIED_PROGRAMME,master mention physique fondamentale et applications,"{""onisep_higher_ed.Action de Formation (AF) identifiant Onisep"": ""AF.145658"", ""onisep_higher_ed.ENS code UAI"": ""0062252R""}",source-native programme identifier and deterministic identity binding,onisep_higher_ed.ENS code UAI=0062252R; onisep_higher_ed.Action de Formation (AF) identifiant Onisep=AF.145658,KEEP_PRODUCTION
École universitaire de recherche en sciences fondamentales et Ingénierie - Campus Plaine du Var - Écovallée,master mention gestion de l'environnement,onisep-fr-stage1-037,7b6753ca-2400-51f3-b391-925e7ef33827,FR,Onisep Idéo,VERIFIED_PROGRAMME,master mention gestion de l'environnement,"{""onisep_higher_ed.Action de Formation (AF) identifiant Onisep"": ""AF.145925"", ""onisep_higher_ed.ENS code UAI"": ""0062252R""}",source-native programme identifier and deterministic identity binding,onisep_higher_ed.ENS code UAI=0062252R; onisep_higher_ed.Action de Formation (AF) identifiant Onisep=AF.145925,KEEP_PRODUCTION
Institut national supérieur du professorat et de l'éducation - site de Charleville-Mézières,master mention enseignement et éducation - professorat des écoles,onisep-fr-stage1-038,b40d6dfd-98cd-50c3-94e3-cdc6c928c532,FR,Onisep Idéo,VERIFIED_PROGRAMME,master mention enseignement et éducation - professorat des écoles,"{""onisep_higher_ed.Action de Formation (AF) identifiant Onisep"": ""AF.144716"", ""onisep_higher_ed.ENS code UAI"": ""0080057U""}",source-native programme identifier and deterministic identity binding,onisep_higher_ed.ENS code UAI=0080057U; onisep_higher_ed.Action de Formation (AF) identifiant Onisep=AF.144716,KEEP_PRODUCTION
Institut national supérieur du professorat et de l'éducation - site de Charleville-Mézières,licence mention professorat des écoles,onisep-fr-stage1-038,36d5084e-2c73-5fb5-b94e-abfed22c61eb,FR,Onisep Idéo,VERIFIED_PROGRAMME,licence mention professorat des écoles,"{""onisep_higher_ed.Action de Formation (AF) identifiant Onisep"": ""AF.143888"", ""onisep_higher_ed.ENS code UAI"": ""0080057U""}",source-native programme identifier and deterministic identity binding,onisep_higher_ed.ENS code UAI=0080057U; onisep_higher_ed.Action de Formation (AF) identifiant Onisep=AF.143888,KEEP_PRODUCTION
IUT de Charleville,BUT gestion administrative et commerciale des organisations parcours management responsable de projet et entrepreneuriat,onisep-fr-stage1-039,58644168-c523-558b-b4e2-52647103bbd0,FR,Onisep Idéo,VERIFIED_PROGRAMME,BUT gestion administrative et commerciale des organisations parcours management responsable de projet et entrepreneuriat,"{""onisep_higher_ed.Action de Formation (AF) identifiant Onisep"": ""AF.113259"", ""onisep_higher_ed.ENS code UAI"": ""0081084K""}",source-native programme identifier and deterministic identity binding,onisep_higher_ed.ENS code UAI=0081084K; onisep_higher_ed.Action de Formation (AF) identifiant Onisep=AF.113259,KEEP_PRODUCTION
IUT de Charleville,BUT techniques de commercialisation parcours business développement et management de la relation client,onisep-fr-stage1-039,ee721859-3e1a-5f30-bbbc-8738b875a484,FR,Onisep Idéo,VERIFIED_PROGRAMME,BUT techniques de commercialisation parcours business développement et management de la relation client,"{""onisep_higher_ed.Action de Formation (AF) identifiant Onisep"": ""AF.113433"", ""onisep_higher_ed.ENS code UAI"": ""0081084K""}",source-native programme identifier and deterministic identity binding,onisep_higher_ed.ENS code UAI=0081084K; onisep_higher_ed.Action de Formation (AF) identifiant Onisep=AF.113433,KEEP_PRODUCTION
École d'ingénieurs en sciences industrielles et numérique - site de Charleville-Mézières,licence mention sciences pour l'ingénieur,onisep-fr-stage1-040,b2f723c3-fea3-57c3-b092-2be7825c5a5e,FR,Onisep Idéo,VERIFIED_PROGRAMME,licence mention sciences pour l'ingénieur,"{""onisep_higher_ed.Action de Formation (AF) identifiant Onisep"": ""AF.1679"", ""onisep_higher_ed.ENS code UAI"": ""0081149F""}",source-native programme identifier and deterministic identity binding,onisep_higher_ed.ENS code UAI=0081149F; onisep_higher_ed.Action de Formation (AF) identifiant Onisep=AF.1679,KEEP_PRODUCTION
École d'ingénieurs en sciences industrielles et numérique - site de Charleville-Mézières,master mention ingénierie de conception,onisep-fr-stage1-040,9c7a356e-e589-5c3b-a538-c3b048b27a66,FR,Onisep Idéo,VERIFIED_PROGRAMME,master mention ingénierie de conception,"{""onisep_higher_ed.Action de Formation (AF) identifiant Onisep"": ""AF.64590"", ""onisep_higher_ed.ENS code UAI"": ""0081149F""}",source-native programme identifier and deterministic identity binding,onisep_higher_ed.ENS code UAI=0081149F; onisep_higher_ed.Action de Formation (AF) identifiant Onisep=AF.64590,KEEP_PRODUCTION
Het College van Bestuur van de Vrije Universiteit,Datastore Search,duo-nl-stage1-001,d01f556a-86a0-57b3-a068-85efc5a05b24,NL,DUO RIO,INVALID_PROVIDER_MAPPING,Geographical Information Sciences,"{""duo_rio_ho.ONDERWIJSBESTUURID"": ""107B482"", ""duo_rio_ho.OPLEIDINGSEENHEIDCODE"": ""1001O8144""}",frozen RIO source-native title restored after query-order binding defect,duo_rio_ho.ONDERWIJSBESTUURID=107B482; duo_rio_ho.OPLEIDINGSEENHEIDCODE=1001O8144,FIXED_MAPPING
Het College van Bestuur van de Vrije Universiteit,Datastore Search,duo-nl-stage1-001,7523ae19-3e89-5a97-843b-147b847e4c45,NL,DUO RIO,INVALID_PROVIDER_MAPPING,Change Management,"{""duo_rio_ho.ONDERWIJSBESTUURID"": ""107B482"", ""duo_rio_ho.OPLEIDINGSEENHEIDCODE"": ""1001O8239""}",frozen RIO source-native title restored after query-order binding defect,duo_rio_ho.ONDERWIJSBESTUURID=107B482; duo_rio_ho.OPLEIDINGSEENHEIDCODE=1001O8239,FIXED_MAPPING
Maastricht University,Datastore Search,duo-nl-stage1-002,16a79eae-ec22-54ba-8eac-c70cc0f84632,NL,DUO RIO,INVALID_PROVIDER_MAPPING,"Master European Studies on Society, Science and Technology","{""duo_rio_ho.ONDERWIJSBESTUURID"": ""107B471"", ""duo_rio_ho.OPLEIDINGSEENHEIDCODE"": ""1015O8102""}",frozen RIO source-native title restored after query-order binding defect,duo_rio_ho.ONDERWIJSBESTUURID=107B471; duo_rio_ho.OPLEIDINGSEENHEIDCODE=1015O8102,FIXED_MAPPING
Maastricht University,Datastore Search,duo-nl-stage1-002,ef24c577-d5ed-56d2-acc5-0ae85892b671,NL,DUO RIO,INVALID_PROVIDER_MAPPING,International Executive Master of Finance and Control,"{""duo_rio_ho.ONDERWIJSBESTUURID"": ""107B471"", ""duo_rio_ho.OPLEIDINGSEENHEIDCODE"": ""1016O1544""}",frozen RIO source-native title restored after query-order binding defect,duo_rio_ho.ONDERWIJSBESTUURID=107B471; duo_rio_ho.OPLEIDINGSEENHEIDCODE=1016O1544,FIXED_MAPPING
Open Universiteit Nederland,Datastore Search,duo-nl-stage1-003,2c43e758-e2c2-51e2-9e80-0c3581520de9,NL,DUO RIO,INVALID_PROVIDER_MAPPING,HBO - Rechten,"{""duo_rio_ho.ONDERWIJSBESTUURID"": ""107B497"", ""duo_rio_ho.OPLEIDINGSEENHEIDCODE"": ""1001O5180""}",frozen RIO source-native title restored after query-order binding defect,duo_rio_ho.ONDERWIJSBESTUURID=107B497; duo_rio_ho.OPLEIDINGSEENHEIDCODE=1001O5180,FIXED_MAPPING
Open Universiteit Nederland,Datastore Search,duo-nl-stage1-003,409ba547-8457-53c7-8e77-3dbe46e84b34,NL,DUO RIO,INVALID_PROVIDER_MAPPING,Psychology,"{""duo_rio_ho.ONDERWIJSBESTUURID"": ""107B497"", ""duo_rio_ho.OPLEIDINGSEENHEIDCODE"": ""1001O7353""}",frozen RIO source-native title restored after query-order binding defect,duo_rio_ho.ONDERWIJSBESTUURID=107B497; duo_rio_ho.OPLEIDINGSEENHEIDCODE=1001O7353,FIXED_MAPPING
Protestantse Theologische Universiteit (PThU),Datastore Search,duo-nl-stage1-004,996b9e0a-6692-5ca7-ab52-23f3030c9a37,NL,DUO RIO,INVALID_PROVIDER_MAPPING,Theology (joint degree),"{""duo_rio_ho.ONDERWIJSBESTUURID"": ""107B461"", ""duo_rio_ho.OPLEIDINGSEENHEIDCODE"": ""1001O5786""}",frozen RIO source-native title restored after query-order binding defect,duo_rio_ho.ONDERWIJSBESTUURID=107B461; duo_rio_ho.OPLEIDINGSEENHEIDCODE=1001O5786,FIXED_MAPPING
Protestantse Theologische Universiteit (PThU),Datastore Search,duo-nl-stage1-004,da8fbb39-bb88-5c12-8e38-02ab720afa48,NL,DUO RIO,INVALID_PROVIDER_MAPPING,Theology,"{""duo_rio_ho.ONDERWIJSBESTUURID"": ""107B461"", ""duo_rio_ho.OPLEIDINGSEENHEIDCODE"": ""1001O6573""}",frozen RIO source-native title restored after query-order binding defect,duo_rio_ho.ONDERWIJSBESTUURID=107B461; duo_rio_ho.OPLEIDINGSEENHEIDCODE=1001O6573,FIXED_MAPPING
Rijksuniversiteit Groningen,Datastore Search,duo-nl-stage1-005,45df12ed-0f4c-5ef7-a071-4092b34a4e20,NL,DUO RIO,INVALID_PROVIDER_MAPPING,Dutch Language and Culture,"{""duo_rio_ho.ONDERWIJSBESTUURID"": ""107B448"", ""duo_rio_ho.OPLEIDINGSEENHEIDCODE"": ""1001O5999""}",frozen RIO source-native title restored after query-order binding defect,duo_rio_ho.ONDERWIJSBESTUURID=107B448; duo_rio_ho.OPLEIDINGSEENHEIDCODE=1001O5999,FIXED_MAPPING
Rijksuniversiteit Groningen,Datastore Search,duo-nl-stage1-005,030cb98c-43d9-5905-bb2e-cbfd4a298e66,NL,DUO RIO,INVALID_PROVIDER_MAPPING,Philosophy of a Specific Discipline,"{""duo_rio_ho.ONDERWIJSBESTUURID"": ""107B448"", ""duo_rio_ho.OPLEIDINGSEENHEIDCODE"": ""1001O6215""}",frozen RIO source-native title restored after query-order binding defect,duo_rio_ho.ONDERWIJSBESTUURID=107B448; duo_rio_ho.OPLEIDINGSEENHEIDCODE=1001O6215,FIXED_MAPPING
Stg. Chr. Hoger Ber.ond. op Gereformeerde Grondslag,Datastore Search,duo-nl-stage1-006,847d059a-5d7f-567f-adb8-8980d7e567c6,NL,DUO RIO,INVALID_PROVIDER_MAPPING,Information & Communication Technology,"{""duo_rio_ho.ONDERWIJSBESTUURID"": ""107B531"", ""duo_rio_ho.OPLEIDINGSEENHEIDCODE"": ""1001O2670""}",frozen RIO source-native title restored after query-order binding defect,duo_rio_ho.ONDERWIJSBESTUURID=107B531; duo_rio_ho.OPLEIDINGSEENHEIDCODE=1001O2670,FIXED_MAPPING
Stg. Chr. Hoger Ber.ond. op Gereformeerde Grondslag,Datastore Search,duo-nl-stage1-006,fb370800-2b1e-5844-aaf9-780e2ef70779,NL,DUO RIO,INVALID_PROVIDER_MAPPING,Business Administration,"{""duo_rio_ho.ONDERWIJSBESTUURID"": ""107B531"", ""duo_rio_ho.OPLEIDINGSEENHEIDCODE"": ""1001O2793""}",frozen RIO source-native title restored after query-order binding defect,duo_rio_ho.ONDERWIJSBESTUURID=107B531; duo_rio_ho.OPLEIDINGSEENHEIDCODE=1001O2793,FIXED_MAPPING
Stg. Gerrit. Rietveld Academ. Hogesch. Kunst en Vormg.,Datastore Search,duo-nl-stage1-007,a7aeb70e-3922-587d-ba67-1cd77b0ab33f,NL,DUO RIO,INVALID_PROVIDER_MAPPING,Art & Design,"{""duo_rio_ho.ONDERWIJSBESTUURID"": ""107B454"", ""duo_rio_ho.OPLEIDINGSEENHEIDCODE"": ""1001O5090""}",frozen RIO source-native title restored after query-order binding defect,duo_rio_ho.ONDERWIJSBESTUURID=107B454; duo_rio_ho.OPLEIDINGSEENHEIDCODE=1001O5090,FIXED_MAPPING
Stg. Gerrit. Rietveld Academ. Hogesch. Kunst en Vormg.,Datastore Search,duo-nl-stage1-007,1b39fb3f-57bd-530e-b3a8-e5eb492dffd9,NL,DUO RIO,INVALID_PROVIDER_MAPPING,Master of Arts in Fine Art and Design,"{""duo_rio_ho.ONDERWIJSBESTUURID"": ""107B454"", ""duo_rio_ho.OPLEIDINGSEENHEIDCODE"": ""1001O5500""}",frozen RIO source-native title restored after query-order binding defect,duo_rio_ho.ONDERWIJSBESTUURID=107B454; duo_rio_ho.OPLEIDINGSEENHEIDCODE=1001O5500,FIXED_MAPPING
Stg. Kaht. Opleiding Leraren in het Basisonderwijs,Datastore Search,duo-nl-stage1-008,462f1e03-d780-59e6-beb8-c14fa8fe5279,NL,DUO RIO,INVALID_PROVIDER_MAPPING,Master Leiderschap en Innovatie Kind en Educatie,"{""duo_rio_ho.ONDERWIJSBESTUURID"": ""107B460"", ""duo_rio_ho.OPLEIDINGSEENHEIDCODE"": ""1001O8088""}",frozen RIO source-native title restored after query-order binding defect,duo_rio_ho.ONDERWIJSBESTUURID=107B460; duo_rio_ho.OPLEIDINGSEENHEIDCODE=1001O8088,FIXED_MAPPING
Stg. Kaht. Opleiding Leraren in het Basisonderwijs,Datastore Search,duo-nl-stage1-008,8e50c3cc-f732-5c1a-a6d9-5a011949e138,NL,DUO RIO,INVALID_PROVIDER_MAPPING,Education in Primary Schools (age 4 - 12),"{""duo_rio_ho.ONDERWIJSBESTUURID"": ""107B460"", ""duo_rio_ho.OPLEIDINGSEENHEIDCODE"": ""1001O4361""}",frozen RIO source-native title restored after query-order binding defect,duo_rio_ho.ONDERWIJSBESTUURID=107B460; duo_rio_ho.OPLEIDINGSEENHEIDCODE=1001O4361,FIXED_MAPPING
Stiching Breda University of Applied Sciences,Datastore Search,duo-nl-stage1-009,cde07505-e47d-5d92-b7f6-d47a954a32f4,NL,DUO RIO,INVALID_PROVIDER_MAPPING,Creative Media and Game Technologies,"{""duo_rio_ho.ONDERWIJSBESTUURID"": ""107B542"", ""duo_rio_ho.OPLEIDINGSEENHEIDCODE"": ""1001O2714""}",frozen RIO source-native title restored after query-order binding defect,duo_rio_ho.ONDERWIJSBESTUURID=107B542; duo_rio_ho.OPLEIDINGSEENHEIDCODE=1001O2714,FIXED_MAPPING
Stiching Breda University of Applied Sciences,Datastore Search,duo-nl-stage1-009,0519d8a7-2197-557d-a0b0-44f3a4fbab06,NL,DUO RIO,INVALID_PROVIDER_MAPPING,Logistics Engineering,"{""duo_rio_ho.ONDERWIJSBESTUURID"": ""107B542"", ""duo_rio_ho.OPLEIDINGSEENHEIDCODE"": ""1001O3313""}",frozen RIO source-native title restored after query-order binding defect,duo_rio_ho.ONDERWIJSBESTUURID=107B542; duo_rio_ho.OPLEIDINGSEENHEIDCODE=1001O3313,FIXED_MAPPING
Sticht. A'damse Hogeschool voor de Kunsten,Datastore Search,duo-nl-stage1-010,5ea7c52c-13d6-5946-aee3-0eeaa2cc3104,NL,DUO RIO,INVALID_PROVIDER_MAPPING,Film and Television,"{""duo_rio_ho.ONDERWIJSBESTUURID"": ""107B483"", ""duo_rio_ho.OPLEIDINGSEENHEIDCODE"": ""1001O4324""}",frozen RIO source-native title restored after query-order binding defect,duo_rio_ho.ONDERWIJSBESTUURID=107B483; duo_rio_ho.OPLEIDINGSEENHEIDCODE=1001O4324,FIXED_MAPPING
Sticht. A'damse Hogeschool voor de Kunsten,Datastore Search,duo-nl-stage1-010,9ef869f3-5229-5b4e-af66-466d31855d30,NL,DUO RIO,INVALID_PROVIDER_MAPPING,Music,"{""duo_rio_ho.ONDERWIJSBESTUURID"": ""107B483"", ""duo_rio_ho.OPLEIDINGSEENHEIDCODE"": ""1001O4329""}",frozen RIO source-native title restored after query-order binding defect,duo_rio_ho.ONDERWIJSBESTUURID=107B483; duo_rio_ho.OPLEIDINGSEENHEIDCODE=1001O4329,FIXED_MAPPING
Stichting Aeres Groep,Datastore Search,duo-nl-stage1-011,cf4a134b-b914-5181-aa12-a43cc0596f74,NL,DUO RIO,INVALID_PROVIDER_MAPPING,Bachelor Agricultural Entrepreneurship Animal Husbandry,"{""duo_rio_ho.ONDERWIJSBESTUURID"": ""100B561"", ""duo_rio_ho.OPLEIDINGSEENHEIDCODE"": ""1016O6899""}",frozen RIO source-native title restored after query-order binding defect,duo_rio_ho.ONDERWIJSBESTUURID=100B561; duo_rio_ho.OPLEIDINGSEENHEIDCODE=1016O6899,FIXED_MAPPING
Stichting Aeres Groep,Datastore Search,duo-nl-stage1-011,d3500ac3-9288-5594-91cf-cc8f2dc1c9d3,NL,DUO RIO,INVALID_PROVIDER_MAPPING,Applied Biology,"{""duo_rio_ho.ONDERWIJSBESTUURID"": ""100B561"", ""duo_rio_ho.OPLEIDINGSEENHEIDCODE"": ""1001O2646""}",frozen RIO source-native title restored after query-order binding defect,duo_rio_ho.ONDERWIJSBESTUURID=100B561; duo_rio_ho.OPLEIDINGSEENHEIDCODE=1001O2646,FIXED_MAPPING
Stichting ArtEZ,Datastore Search,duo-nl-stage1-012,238d15b9-57e1-528e-be9e-cc49a0b2f186,NL,DUO RIO,INVALID_PROVIDER_MAPPING,B Music Jazz & Pop,"{""duo_rio_ho.ONDERWIJSBESTUURID"": ""107B580"", ""duo_rio_ho.OPLEIDINGSEENHEIDCODE"": ""1007O7895""}",frozen RIO source-native title restored after query-order binding defect,duo_rio_ho.ONDERWIJSBESTUURID=107B580; duo_rio_ho.OPLEIDINGSEENHEIDCODE=1007O7895,FIXED_MAPPING
Stichting ArtEZ,Datastore Search,duo-nl-stage1-012,0f512584-17ba-595f-8723-74993b8cfbe0,NL,DUO RIO,INVALID_PROVIDER_MAPPING,Fine Art and Design in Education,"{""duo_rio_ho.ONDERWIJSBESTUURID"": ""107B580"", ""duo_rio_ho.OPLEIDINGSEENHEIDCODE"": ""1001O5087""}",frozen RIO source-native title restored after query-order binding defect,duo_rio_ho.ONDERWIJSBESTUURID=107B580; duo_rio_ho.OPLEIDINGSEENHEIDCODE=1001O5087,FIXED_MAPPING
Stichting Avans,Datastore Search,duo-nl-stage1-013,415292e8-d52b-5e24-be5c-5c56f6284005,NL,DUO RIO,INVALID_PROVIDER_MAPPING,Master Materials & Energy Transition,"{""duo_rio_ho.ONDERWIJSBESTUURID"": ""107B477"", ""duo_rio_ho.OPLEIDINGSEENHEIDCODE"": ""1015O7435""}",frozen RIO source-native title restored after query-order binding defect,duo_rio_ho.ONDERWIJSBESTUURID=107B477; duo_rio_ho.OPLEIDINGSEENHEIDCODE=1015O7435,FIXED_MAPPING
Stichting Avans,Datastore Search,duo-nl-stage1-013,6ed310cc-38b0-5e8f-992a-1d7ebe481f14,NL,DUO RIO,INVALID_PROVIDER_MAPPING,Sustainability Transitions (joint degree),"{""duo_rio_ho.ONDERWIJSBESTUURID"": ""107B477"", ""duo_rio_ho.OPLEIDINGSEENHEIDCODE"": ""1016O4303""}",frozen RIO source-native title restored after query-order binding defect,duo_rio_ho.ONDERWIJSBESTUURID=107B477; duo_rio_ho.OPLEIDINGSEENHEIDCODE=1016O4303,FIXED_MAPPING
Stichting Christel. Hogesch. Windesheim,Datastore Search,duo-nl-stage1-014,bacf26e0-b8c6-5e30-9651-453006e84560,NL,DUO RIO,INVALID_PROVIDER_MAPPING,Information & Communication Technology,"{""duo_rio_ho.ONDERWIJSBESTUURID"": ""107B585"", ""duo_rio_ho.OPLEIDINGSEENHEIDCODE"": ""1001O2665""}",frozen RIO source-native title restored after query-order binding defect,duo_rio_ho.ONDERWIJSBESTUURID=107B585; duo_rio_ho.OPLEIDINGSEENHEIDCODE=1001O2665,FIXED_MAPPING
Stichting Christel. Hogesch. Windesheim,Datastore Search,duo-nl-stage1-014,4f08a8ee-9519-5882-b92e-3c373e740e6f,NL,DUO RIO,INVALID_PROVIDER_MAPPING,Teacher Education in Social Skills,"{""duo_rio_ho.ONDERWIJSBESTUURID"": ""107B585"", ""duo_rio_ho.OPLEIDINGSEENHEIDCODE"": ""1016O1804""}",frozen RIO source-native title restored after query-order binding defect,duo_rio_ho.ONDERWIJSBESTUURID=107B585; duo_rio_ho.OPLEIDINGSEENHEIDCODE=1016O1804,FIXED_MAPPING
"Stichting Codarts, Hogeschool voor de Kunsten",Datastore Search,duo-nl-stage1-015,0bb5ca11-6ce1-540d-9263-824cd8341723,NL,DUO RIO,INVALID_PROVIDER_MAPPING,Circus Arts,"{""duo_rio_ho.ONDERWIJSBESTUURID"": ""107B446"", ""duo_rio_ho.OPLEIDINGSEENHEIDCODE"": ""1001O2947""}",frozen RIO source-native title restored after query-order binding defect,duo_rio_ho.ONDERWIJSBESTUURID=107B446; duo_rio_ho.OPLEIDINGSEENHEIDCODE=1001O2947,FIXED_MAPPING
"Stichting Codarts, Hogeschool voor de Kunsten",Datastore Search,duo-nl-stage1-015,e13e5765-76c1-5401-bb01-d4156f2afa0e,NL,DUO RIO,INVALID_PROVIDER_MAPPING,Music,"{""duo_rio_ho.ONDERWIJSBESTUURID"": ""107B446"", ""duo_rio_ho.OPLEIDINGSEENHEIDCODE"": ""1001O4328""}",frozen RIO source-native title restored after query-order binding defect,duo_rio_ho.ONDERWIJSBESTUURID=107B446; duo_rio_ho.OPLEIDINGSEENHEIDCODE=1001O4328,FIXED_MAPPING
Stichting 'De Kempel',Datastore Search,duo-nl-stage1-016,3fc9f03e-164a-5b94-a37c-d9730e54d91d,NL,DUO RIO,INVALID_PROVIDER_MAPPING,Education in Primary Schools (age 4 - 12),"{""duo_rio_ho.ONDERWIJSBESTUURID"": ""107B555"", ""duo_rio_ho.OPLEIDINGSEENHEIDCODE"": ""1001O4366""}",frozen RIO source-native title restored after query-order binding defect,duo_rio_ho.ONDERWIJSBESTUURID=107B555; duo_rio_ho.OPLEIDINGSEENHEIDCODE=1001O4366,FIXED_MAPPING
Stichting 'De Kempel',Datastore Search,duo-nl-stage1-016,f0aaed85-63dd-5540-9212-228b3b131e10,NL,DUO RIO,INVALID_PROVIDER_MAPPING,"B Education in Primary Schools (age 4-12), full-time","{""duo_rio_ho.ONDERWIJSBESTUURID"": ""107B555"", ""duo_rio_ho.OPLEIDINGSEENHEIDCODE"": ""1015O6755""}",frozen RIO source-native title restored after query-order binding defect,duo_rio_ho.ONDERWIJSBESTUURID=107B555; duo_rio_ho.OPLEIDINGSEENHEIDCODE=1015O6755,FIXED_MAPPING
Stichting Design Academy Eindhoven,Datastore Search,duo-nl-stage1-017,19a197b7-663f-5c92-b071-d5ea6888f842,NL,DUO RIO,INVALID_PROVIDER_MAPPING,Master of Arts in Fine Art and Design,"{""duo_rio_ho.ONDERWIJSBESTUURID"": ""107B525"", ""duo_rio_ho.OPLEIDINGSEENHEIDCODE"": ""1001O5501""}",frozen RIO source-native title restored after query-order binding defect,duo_rio_ho.ONDERWIJSBESTUURID=107B525; duo_rio_ho.OPLEIDINGSEENHEIDCODE=1001O5501,FIXED_MAPPING
Stichting Design Academy Eindhoven,Datastore Search,duo-nl-stage1-017,271f2b25-6d27-59ee-9488-5a932948ecc1,NL,DUO RIO,INVALID_PROVIDER_MAPPING,Design,"{""duo_rio_ho.ONDERWIJSBESTUURID"": ""107B525"", ""duo_rio_ho.OPLEIDINGSEENHEIDCODE"": ""1001O5102""}",frozen RIO source-native title restored after query-order binding defect,duo_rio_ho.ONDERWIJSBESTUURID=107B525; duo_rio_ho.OPLEIDINGSEENHEIDCODE=1001O5102,FIXED_MAPPING
Stichting Driestar educatief,Datastore Search,duo-nl-stage1-018,cf355755-f0f7-5b74-9f74-8a6c58e4b12c,NL,DUO RIO,INVALID_PROVIDER_MAPPING,Education in Primary Schools (age 4 - 12),"{""duo_rio_ho.ONDERWIJSBESTUURID"": ""105B769"", ""duo_rio_ho.OPLEIDINGSEENHEIDCODE"": ""1001O4372""}",frozen RIO source-native title restored after query-order binding defect,duo_rio_ho.ONDERWIJSBESTUURID=105B769; duo_rio_ho.OPLEIDINGSEENHEIDCODE=1001O4372,FIXED_MAPPING
Stichting Driestar educatief,Datastore Search,duo-nl-stage1-018,2c644259-28c5-5925-847b-588891b7f7bf,NL,DUO RIO,INVALID_PROVIDER_MAPPING,Educational Theory,"{""duo_rio_ho.ONDERWIJSBESTUURID"": ""105B769"", ""duo_rio_ho.OPLEIDINGSEENHEIDCODE"": ""1001O4574""}",frozen RIO source-native title restored after query-order binding defect,duo_rio_ho.ONDERWIJSBESTUURID=105B769; duo_rio_ho.OPLEIDINGSEENHEIDCODE=1001O4574,FIXED_MAPPING
Stichting Fontys,Datastore Search,duo-nl-stage1-019,a55ac756-74f2-5665-8ade-50663567365e,NL,DUO RIO,INVALID_PROVIDER_MAPPING,Applied Science,"{""duo_rio_ho.ONDERWIJSBESTUURID"": ""106B216"", ""duo_rio_ho.OPLEIDINGSEENHEIDCODE"": ""1001O2643""}",frozen RIO source-native title restored after query-order binding defect,duo_rio_ho.ONDERWIJSBESTUURID=106B216; duo_rio_ho.OPLEIDINGSEENHEIDCODE=1001O2643,FIXED_MAPPING
Stichting Fontys,Datastore Search,duo-nl-stage1-019,c870ed45-74ae-5a4a-bfae-45186ef33ff1,NL,DUO RIO,INVALID_PROVIDER_MAPPING,Educational Management Childcare,"{""duo_rio_ho.ONDERWIJSBESTUURID"": ""106B216"", ""duo_rio_ho.OPLEIDINGSEENHEIDCODE"": ""1001O2651""}",frozen RIO source-native title restored after query-order binding defect,duo_rio_ho.ONDERWIJSBESTUURID=106B216; duo_rio_ho.OPLEIDINGSEENHEIDCODE=1001O2651,FIXED_MAPPING
Stichting Hanzehogeschool Groningen,Datastore Search,duo-nl-stage1-020,dad83581-5867-589c-8f07-e4c03f446443,NL,DUO RIO,INVALID_PROVIDER_MAPPING,Information & Communication Technology,"{""duo_rio_ho.ONDERWIJSBESTUURID"": ""100B490"", ""duo_rio_ho.OPLEIDINGSEENHEIDCODE"": ""1001O2671""}",frozen RIO source-native title restored after query-order binding defect,duo_rio_ho.ONDERWIJSBESTUURID=100B490; duo_rio_ho.OPLEIDINGSEENHEIDCODE=1001O2671,FIXED_MAPPING
Stichting Hanzehogeschool Groningen,Datastore Search,duo-nl-stage1-020,26d3736c-53d6-5adb-827f-b3995a88d3a9,NL,DUO RIO,INVALID_PROVIDER_MAPPING,International Business,"{""duo_rio_ho.ONDERWIJSBESTUURID"": ""100B490"", ""duo_rio_ho.OPLEIDINGSEENHEIDCODE"": ""1001O2697""}",frozen RIO source-native title restored after query-order binding defect,duo_rio_ho.ONDERWIJSBESTUURID=100B490; duo_rio_ho.OPLEIDINGSEENHEIDCODE=1001O2697,FIXED_MAPPING
Abingdon and Witney College,Business and Management Practice,discover-uk-stage1-001,87ff2832-35fa-524a-9ae3-c8b7aeabad3b,UK,Discover Uni,VERIFIED_PROGRAMME,Business and Management Practice,"{""discover_uni_hesa.KISCourse"": ""FDA-BMP"", ""discover_uni_hesa.KISMODE"": ""Full-time"", ""discover_uni_hesa.PUBUKPRN"": ""10000055"", ""discover_uni_hesa.course_name"": ""Business and Management Practice""}",source-native programme identifier and deterministic identity binding,discover_uni_hesa.PUBUKPRN=10000055; discover_uni_hesa.KISCourse=FDA-BMP; discover_uni_hesa.KISMODE=Full-time; discover_uni_hesa.course_name=Business and Management Practice,KEEP_PRODUCTION
Abingdon and Witney College,Business and Management Practice,discover-uk-stage1-001,1370d5b6-1a85-52bd-ab33-535fe62aeee9,UK,Discover Uni,VERIFIED_PROGRAMME,Business and Management Practice,"{""discover_uni_hesa.KISCourse"": ""FDA-BMP"", ""discover_uni_hesa.KISMODE"": ""Part-time"", ""discover_uni_hesa.PUBUKPRN"": ""10000055"", ""discover_uni_hesa.course_name"": ""Business and Management Practice""}",source-native programme identifier and deterministic identity binding,discover_uni_hesa.PUBUKPRN=10000055; discover_uni_hesa.KISCourse=FDA-BMP; discover_uni_hesa.KISMODE=Part-time; discover_uni_hesa.course_name=Business and Management Practice,KEEP_PRODUCTION
Health Sciences University,Radiography (Diagnostic Imaging),discover-uk-stage1-002,aab072ce-4ac6-5c86-a311-170c1ed24c00,UK,Discover Uni,VERIFIED_PROGRAMME,Radiography (Diagnostic Imaging),"{""discover_uni_hesa.KISCourse"": ""BSRDIF-B821"", ""discover_uni_hesa.KISMODE"": ""Full-time"", ""discover_uni_hesa.PUBUKPRN"": ""10000163"", ""discover_uni_hesa.course_name"": ""Radiography (Diagnostic Imaging)""}",source-native programme identifier and deterministic identity binding,discover_uni_hesa.PUBUKPRN=10000163; discover_uni_hesa.KISCourse=BSRDIF-B821; discover_uni_hesa.KISMODE=Full-time; discover_uni_hesa.course_name=Radiography (Diagnostic Imaging),KEEP_PRODUCTION
Health Sciences University,Radiography (Radiotherapy and Oncology),discover-uk-stage1-002,133eac2d-937c-54fc-9f7f-1fcdb2937732,UK,Discover Uni,VERIFIED_PROGRAMME,Radiography (Radiotherapy and Oncology),"{""discover_uni_hesa.KISCourse"": ""BSRROF-B822"", ""discover_uni_hesa.KISMODE"": ""Full-time"", ""discover_uni_hesa.PUBUKPRN"": ""10000163"", ""discover_uni_hesa.course_name"": ""Radiography (Radiotherapy and Oncology)""}",source-native programme identifier and deterministic identity binding,discover_uni_hesa.PUBUKPRN=10000163; discover_uni_hesa.KISCourse=BSRROF-B822; discover_uni_hesa.KISMODE=Full-time; discover_uni_hesa.course_name=Radiography (Radiotherapy and Oncology),KEEP_PRODUCTION
All Nations Christian College,Biblical and Intercultural Studies,discover-uk-stage1-003,60e2e546-beec-559f-8803-ff7d234c1959,UK,Discover Uni,VERIFIED_PROGRAMME,Biblical and Intercultural Studies,"{""discover_uni_hesa.KISCourse"": ""177650"", ""discover_uni_hesa.KISMODE"": ""Full-time"", ""discover_uni_hesa.PUBUKPRN"": ""10000216"", ""discover_uni_hesa.course_name"": ""Biblical and Intercultural Studies""}",source-native programme identifier and deterministic identity binding,discover_uni_hesa.PUBUKPRN=10000216; discover_uni_hesa.KISCourse=177650; discover_uni_hesa.KISMODE=Full-time; discover_uni_hesa.course_name=Biblical and Intercultural Studies,KEEP_PRODUCTION
All Nations Christian College,Biblical and Intercultural Studies,discover-uk-stage1-003,d16a8da1-2e7e-5f82-ad51-2ad5d35a46b2,UK,Discover Uni,VERIFIED_PROGRAMME,Biblical and Intercultural Studies,"{""discover_uni_hesa.KISCourse"": ""532986"", ""discover_uni_hesa.KISMODE"": ""Full-time"", ""discover_uni_hesa.PUBUKPRN"": ""10000216"", ""discover_uni_hesa.course_name"": ""Biblical and Intercultural Studies""}",source-native programme identifier and deterministic identity binding,discover_uni_hesa.PUBUKPRN=10000216; discover_uni_hesa.KISCourse=532986; discover_uni_hesa.KISMODE=Full-time; discover_uni_hesa.course_name=Biblical and Intercultural Studies,KEEP_PRODUCTION
Anglia Ruskin University,Law,discover-uk-stage1-004,8eb42e1e-62a2-5044-987d-01719cd7d204,UK,Discover Uni,VERIFIED_PROGRAMME,Law,"{""discover_uni_hesa.KISCourse"": ""K00001"", ""discover_uni_hesa.KISMODE"": ""Full-time"", ""discover_uni_hesa.PUBUKPRN"": ""10000291"", ""discover_uni_hesa.course_name"": ""Law""}",source-native programme identifier and deterministic identity binding,discover_uni_hesa.PUBUKPRN=10000291; discover_uni_hesa.KISCourse=K00001; discover_uni_hesa.KISMODE=Full-time; discover_uni_hesa.course_name=Law,KEEP_PRODUCTION
Anglia Ruskin University,Fine Art,discover-uk-stage1-004,9436b038-a11f-554e-bf0b-894432db7716,UK,Discover Uni,VERIFIED_PROGRAMME,Fine Art,"{""discover_uni_hesa.KISCourse"": ""K00004"", ""discover_uni_hesa.KISMODE"": ""Full-time"", ""discover_uni_hesa.PUBUKPRN"": ""10000291"", ""discover_uni_hesa.course_name"": ""Fine Art""}",source-native programme identifier and deterministic identity binding,discover_uni_hesa.PUBUKPRN=10000291; discover_uni_hesa.KISCourse=K00004; discover_uni_hesa.KISMODE=Full-time; discover_uni_hesa.course_name=Fine Art,KEEP_PRODUCTION
Arts Educational Schools,Acting,discover-uk-stage1-005,064e4c8c-3273-5475-acc2-a785d2dc169d,UK,Discover Uni,VERIFIED_PROGRAMME,Acting,"{""discover_uni_hesa.KISCourse"": ""BAAct"", ""discover_uni_hesa.KISMODE"": ""Full-time"", ""discover_uni_hesa.PUBUKPRN"": ""10000381"", ""discover_uni_hesa.course_name"": ""Acting""}",source-native programme identifier and deterministic identity binding,discover_uni_hesa.PUBUKPRN=10000381; discover_uni_hesa.KISCourse=BAAct; discover_uni_hesa.KISMODE=Full-time; discover_uni_hesa.course_name=Acting,KEEP_PRODUCTION
Arts Educational Schools,Musical Theatre,discover-uk-stage1-005,f274a2a7-1552-584b-979f-0a0a65b34fc1,UK,Discover Uni,VERIFIED_PROGRAMME,Musical Theatre,"{""discover_uni_hesa.KISCourse"": ""BAMT"", ""discover_uni_hesa.KISMODE"": ""Full-time"", ""discover_uni_hesa.PUBUKPRN"": ""10000381"", ""discover_uni_hesa.course_name"": ""Musical Theatre""}",source-native programme identifier and deterministic identity binding,discover_uni_hesa.PUBUKPRN=10000381; discover_uni_hesa.KISCourse=BAMT; discover_uni_hesa.KISMODE=Full-time; discover_uni_hesa.course_name=Musical Theatre,KEEP_PRODUCTION
The Arts University Bournemouth,Acting,discover-uk-stage1-006,16aed716-240d-5ae8-854a-52d1ecc51b49,UK,Discover Uni,VERIFIED_PROGRAMME,Acting,"{""discover_uni_hesa.KISCourse"": ""BAACT"", ""discover_uni_hesa.KISMODE"": ""Full-time"", ""discover_uni_hesa.PUBUKPRN"": ""10000385"", ""discover_uni_hesa.course_name"": ""Acting""}",source-native programme identifier and deterministic identity binding,discover_uni_hesa.PUBUKPRN=10000385; discover_uni_hesa.KISCourse=BAACT; discover_uni_hesa.KISMODE=Full-time; discover_uni_hesa.course_name=Acting,KEEP_PRODUCTION
The Arts University Bournemouth,Acting for Screen,discover-uk-stage1-006,1494bc65-9315-5198-a797-81202c1520c0,UK,Discover Uni,VERIFIED_PROGRAMME,Acting for Screen,"{""discover_uni_hesa.KISCourse"": ""BAACTF"", ""discover_uni_hesa.KISMODE"": ""Full-time"", ""discover_uni_hesa.PUBUKPRN"": ""10000385"", ""discover_uni_hesa.course_name"": ""Acting for Screen""}",source-native programme identifier and deterministic identity binding,discover_uni_hesa.PUBUKPRN=10000385; discover_uni_hesa.KISCourse=BAACTF; discover_uni_hesa.KISMODE=Full-time; discover_uni_hesa.course_name=Acting for Screen,KEEP_PRODUCTION
Askham Bryan College,Equine Science and Management,discover-uk-stage1-007,7415a39b-2f5f-5571-bfc7-43976f8d48d7,UK,Discover Uni,VERIFIED_PROGRAMME,Equine Science and Management,"{""discover_uni_hesa.KISCourse"": ""L58T22"", ""discover_uni_hesa.KISMODE"": ""Full-time"", ""discover_uni_hesa.PUBUKPRN"": ""10000415"", ""discover_uni_hesa.course_name"": ""Equine Science and Management""}",source-native programme identifier and deterministic identity binding,discover_uni_hesa.PUBUKPRN=10000415; discover_uni_hesa.KISCourse=L58T22; discover_uni_hesa.KISMODE=Full-time; discover_uni_hesa.course_name=Equine Science and Management,KEEP_PRODUCTION
Askham Bryan College,Equine Science and Management (including Foundation year),discover-uk-stage1-007,465d4536-96e4-5b55-8c3e-80a1e8013b76,UK,Discover Uni,VERIFIED_PROGRAMME,Equine Science and Management (including Foundation year),"{""discover_uni_hesa.KISCourse"": ""L58T23"", ""discover_uni_hesa.KISMODE"": ""Full-time"", ""discover_uni_hesa.PUBUKPRN"": ""10000415"", ""discover_uni_hesa.course_name"": ""Equine Science and Management (including Foundation year)""}",source-native programme identifier and deterministic identity binding,discover_uni_hesa.PUBUKPRN=10000415; discover_uni_hesa.KISCourse=L58T23; discover_uni_hesa.KISMODE=Full-time; discover_uni_hesa.course_name=Equine Science and Management (including Foundation year),KEEP_PRODUCTION
Barking and Dagenham College,Computing For England (General) (Barking and Dagenham),discover-uk-stage1-008,95d3bbf1-7e5d-5412-96b3-c6022bd8b35a,UK,Discover Uni,VERIFIED_PROGRAMME,Computing For England (General) (Barking and Dagenham),"{""discover_uni_hesa.KISCourse"": ""K0677"", ""discover_uni_hesa.KISMODE"": ""Full-time"", ""discover_uni_hesa.PUBUKPRN"": ""10000528"", ""discover_uni_hesa.course_name"": ""Computing For England (General) (Barking and Dagenham)""}",source-native programme identifier and deterministic identity binding,discover_uni_hesa.PUBUKPRN=10000528; discover_uni_hesa.KISCourse=K0677; discover_uni_hesa.KISMODE=Full-time; discover_uni_hesa.course_name=Computing For England (General) (Barking and Dagenham),KEEP_PRODUCTION
Barking and Dagenham College,Computing for England (Cyber Security) (Barking and Dagenham),discover-uk-stage1-008,63412a30-b38b-5b03-b7ff-4ddfa92300cf,UK,Discover Uni,VERIFIED_PROGRAMME,Computing for England (Cyber Security) (Barking and Dagenham),"{""discover_uni_hesa.KISCourse"": ""K0678"", ""discover_uni_hesa.KISMODE"": ""Full-time"", ""discover_uni_hesa.PUBUKPRN"": ""10000528"", ""discover_uni_hesa.course_name"": ""Computing for England (Cyber Security) (Barking and Dagenham)""}",source-native programme identifier and deterministic identity binding,discover_uni_hesa.PUBUKPRN=10000528; discover_uni_hesa.KISCourse=K0678; discover_uni_hesa.KISMODE=Full-time; discover_uni_hesa.course_name=Computing for England (Cyber Security) (Barking and Dagenham),KEEP_PRODUCTION
Barnsley College,Animal Management,discover-uk-stage1-009,1157b236-a40b-5e2d-ad9a-197ad246a2e8,UK,Discover Uni,VERIFIED_PROGRAMME,Animal Management,"{""discover_uni_hesa.KISCourse"": ""AT49AMFDFT"", ""discover_uni_hesa.KISMODE"": ""Full-time"", ""discover_uni_hesa.PUBUKPRN"": ""10000536"", ""discover_uni_hesa.course_name"": ""Animal Management""}",source-native programme identifier and deterministic identity binding,discover_uni_hesa.PUBUKPRN=10000536; discover_uni_hesa.KISCourse=AT49AMFDFT; discover_uni_hesa.KISMODE=Full-time; discover_uni_hesa.course_name=Animal Management,KEEP_PRODUCTION
Barnsley College,Early Years Leadership,discover-uk-stage1-009,fcce1aa5-1813-5776-991e-107da1916798,UK,Discover Uni,VERIFIED_PROGRAMME,Early Years Leadership,"{""discover_uni_hesa.KISCourse"": ""PS29EYLEFT"", ""discover_uni_hesa.KISMODE"": ""Full-time"", ""discover_uni_hesa.PUBUKPRN"": ""10000536"", ""discover_uni_hesa.course_name"": ""Early Years Leadership""}",source-native programme identifier and deterministic identity binding,discover_uni_hesa.PUBUKPRN=10000536; discover_uni_hesa.KISCourse=PS29EYLEFT; discover_uni_hesa.KISMODE=Full-time; discover_uni_hesa.course_name=Early Years Leadership,KEEP_PRODUCTION
Bath Spa University,Acting,discover-uk-stage1-010,e67cc4ee-c764-5b6c-b1fb-565dd2ffea47,UK,Discover Uni,VERIFIED_PROGRAMME,Acting,"{""discover_uni_hesa.KISCourse"": ""BAACTACTSPS"", ""discover_uni_hesa.KISMODE"": ""Full-time"", ""discover_uni_hesa.PUBUKPRN"": ""10000571"", ""discover_uni_hesa.course_name"": ""Acting""}",source-native programme identifier and deterministic identity binding,discover_uni_hesa.PUBUKPRN=10000571; discover_uni_hesa.KISCourse=BAACTACTSPS; discover_uni_hesa.KISMODE=Full-time; discover_uni_hesa.course_name=Acting,KEEP_PRODUCTION
Bath Spa University,Acting with Foundation Year at Boomsatsuma,discover-uk-stage1-010,7dca1beb-82e4-515a-a5f8-8dae2a29f84d,UK,Discover Uni,VERIFIED_PROGRAMME,Acting with Foundation Year at Boomsatsuma,"{""discover_uni_hesa.KISCourse"": ""BAACTFYBMACTFYBM"", ""discover_uni_hesa.KISMODE"": ""Full-time"", ""discover_uni_hesa.PUBUKPRN"": ""10000571"", ""discover_uni_hesa.course_name"": ""Acting with Foundation Year at Boomsatsuma""}",source-native programme identifier and deterministic identity binding,discover_uni_hesa.PUBUKPRN=10000571; discover_uni_hesa.KISCourse=BAACTFYBMACTFYBM; discover_uni_hesa.KISMODE=Full-time; discover_uni_hesa.course_name=Acting with Foundation Year at Boomsatsuma,KEEP_PRODUCTION
University College Birmingham,Airport And Aviation Management,discover-uk-stage1-011,43850490-0520-5cca-b9a2-0b1b84156049,UK,Discover Uni,VERIFIED_PROGRAMME,Airport And Aviation Management,"{""discover_uni_hesa.KISCourse"": ""BA_AAM"", ""discover_uni_hesa.KISMODE"": ""Full-time"", ""discover_uni_hesa.PUBUKPRN"": ""10000712"", ""discover_uni_hesa.course_name"": ""Airport And Aviation Management""}",source-native programme identifier and deterministic identity binding,discover_uni_hesa.PUBUKPRN=10000712; discover_uni_hesa.KISCourse=BA_AAM; discover_uni_hesa.KISMODE=Full-time; discover_uni_hesa.course_name=Airport And Aviation Management,KEEP_PRODUCTION
University College Birmingham,Aesthetics,discover-uk-stage1-011,5dcb3d22-21b0-523b-b1aa-27093fb8036a,UK,Discover Uni,VERIFIED_PROGRAMME,Aesthetics,"{""discover_uni_hesa.KISCourse"": ""BA_ABP"", ""discover_uni_hesa.KISMODE"": ""Full-time"", ""discover_uni_hesa.PUBUKPRN"": ""10000712"", ""discover_uni_hesa.course_name"": ""Aesthetics""}",source-native programme identifier and deterministic identity binding,discover_uni_hesa.PUBUKPRN=10000712; discover_uni_hesa.KISCourse=BA_ABP; discover_uni_hesa.KISMODE=Full-time; discover_uni_hesa.course_name=Aesthetics,KEEP_PRODUCTION
Bishop Auckland College,Art and Design,discover-uk-stage1-012,d0fa5375-aec0-55a2-ad4b-23ae41795088,UK,Discover Uni,VERIFIED_PROGRAMME,Art and Design,"{""discover_uni_hesa.KISCourse"": ""BAC10"", ""discover_uni_hesa.KISMODE"": ""Full-time"", ""discover_uni_hesa.PUBUKPRN"": ""10000720"", ""discover_uni_hesa.course_name"": ""Art and Design""}",source-native programme identifier and deterministic identity binding,discover_uni_hesa.PUBUKPRN=10000720; discover_uni_hesa.KISCourse=BAC10; discover_uni_hesa.KISMODE=Full-time; discover_uni_hesa.course_name=Art and Design,KEEP_PRODUCTION
Bishop Auckland College,Photography,discover-uk-stage1-012,d649d1a4-f5d6-55c4-bac1-8db8a9953756,UK,Discover Uni,VERIFIED_PROGRAMME,Photography,"{""discover_uni_hesa.KISCourse"": ""BAC12"", ""discover_uni_hesa.KISMODE"": ""Full-time"", ""discover_uni_hesa.PUBUKPRN"": ""10000720"", ""discover_uni_hesa.course_name"": ""Photography""}",source-native programme identifier and deterministic identity binding,discover_uni_hesa.PUBUKPRN=10000720; discover_uni_hesa.KISCourse=BAC12; discover_uni_hesa.KISMODE=Full-time; discover_uni_hesa.course_name=Photography,KEEP_PRODUCTION
Bishop Burton College,Applied Animal Behaviour and Training,discover-uk-stage1-013,f93efbac-69e9-53de-a54d-c1768805685c,UK,Discover Uni,VERIFIED_PROGRAMME,Applied Animal Behaviour and Training,"{""discover_uni_hesa.KISCourse"": ""BScAABT"", ""discover_uni_hesa.KISMODE"": ""Full-time"", ""discover_uni_hesa.PUBUKPRN"": ""10000721"", ""discover_uni_hesa.course_name"": ""Applied Animal Behaviour and Training""}",source-native programme identifier and deterministic identity binding,discover_uni_hesa.PUBUKPRN=10000721; discover_uni_hesa.KISCourse=BScAABT; discover_uni_hesa.KISMODE=Full-time; discover_uni_hesa.course_name=Applied Animal Behaviour and Training,KEEP_PRODUCTION
Bishop Burton College,Animal Behaviour & Wildlife Conservation,discover-uk-stage1-013,68e2924c-c07f-5ac2-8ea9-6bb6e0d21351,UK,Discover Uni,VERIFIED_PROGRAMME,Animal Behaviour & Wildlife Conservation,"{""discover_uni_hesa.KISCourse"": ""BScABWC"", ""discover_uni_hesa.KISMODE"": ""Full-time"", ""discover_uni_hesa.PUBUKPRN"": ""10000721"", ""discover_uni_hesa.course_name"": ""Animal Behaviour & Wildlife Conservation""}",source-native programme identifier and deterministic identity binding,discover_uni_hesa.PUBUKPRN=10000721; discover_uni_hesa.KISCourse=BScABWC; discover_uni_hesa.KISMODE=Full-time; discover_uni_hesa.course_name=Animal Behaviour & Wildlife Conservation,KEEP_PRODUCTION
Blackburn College,Accounting and Finance,discover-uk-stage1-014,e01daefe-355a-5f31-a3db-f63d8275d471,UK,Discover Uni,VERIFIED_PROGRAMME,Accounting and Finance,"{""discover_uni_hesa.KISCourse"": ""BS2530A25"", ""discover_uni_hesa.KISMODE"": ""Full-time"", ""discover_uni_hesa.PUBUKPRN"": ""10000747"", ""discover_uni_hesa.course_name"": ""Accounting and Finance""}",source-native programme identifier and deterministic identity binding,discover_uni_hesa.PUBUKPRN=10000747; discover_uni_hesa.KISCourse=BS2530A25; discover_uni_hesa.KISMODE=Full-time; discover_uni_hesa.course_name=Accounting and Finance,KEEP_PRODUCTION
Blackburn College,Business with Management,discover-uk-stage1-014,c2637d16-4f58-55b5-b925-6cdc8a8590d2,UK,Discover Uni,VERIFIED_PROGRAMME,Business with Management,"{""discover_uni_hesa.KISCourse"": ""BS3026A26"", ""discover_uni_hesa.KISMODE"": ""Full-time"", ""discover_uni_hesa.PUBUKPRN"": ""10000747"", ""discover_uni_hesa.course_name"": ""Business with Management""}",source-native programme identifier and deterministic identity binding,discover_uni_hesa.PUBUKPRN=10000747; discover_uni_hesa.KISCourse=BS3026A26; discover_uni_hesa.KISMODE=Full-time; discover_uni_hesa.course_name=Business with Management,KEEP_PRODUCTION
BLACKPOOL AND THE FYLDE COLLEGE,Engineering (Automotive Engineering),discover-uk-stage1-015,2a4fb7c5-f257-555a-84c5-2a23d72e611b,UK,Discover Uni,VERIFIED_PROGRAMME,Engineering (Automotive Engineering),"{""discover_uni_hesa.KISCourse"": ""ET1HE0001"", ""discover_uni_hesa.KISMODE"": ""Full-time"", ""discover_uni_hesa.PUBUKPRN"": ""10000754"", ""discover_uni_hesa.course_name"": ""Engineering (Automotive Engineering)""}",source-native programme identifier and deterministic identity binding,discover_uni_hesa.PUBUKPRN=10000754; discover_uni_hesa.KISCourse=ET1HE0001; discover_uni_hesa.KISMODE=Full-time; discover_uni_hesa.course_name=Engineering (Automotive Engineering),KEEP_PRODUCTION
BLACKPOOL AND THE FYLDE COLLEGE,Engineering (Robotics and Automation Engineering),discover-uk-stage1-015,339349f1-ea76-5178-8eb9-8401fbcf9143,UK,Discover Uni,VERIFIED_PROGRAMME,Engineering (Robotics and Automation Engineering),"{""discover_uni_hesa.KISCourse"": ""ET1HE601"", ""discover_uni_hesa.KISMODE"": ""Full-time"", ""discover_uni_hesa.PUBUKPRN"": ""10000754"", ""discover_uni_hesa.course_name"": ""Engineering (Robotics and Automation Engineering)""}",source-native programme identifier and deterministic identity binding,discover_uni_hesa.PUBUKPRN=10000754; discover_uni_hesa.KISCourse=ET1HE601; discover_uni_hesa.KISMODE=Full-time; discover_uni_hesa.course_name=Engineering (Robotics and Automation Engineering),KEEP_PRODUCTION
Boston College,Film & Television,discover-uk-stage1-016,0c35c3a5-02ff-5de8-820a-f2ee8108e32e,UK,Discover Uni,VERIFIED_PROGRAMME,Film & Television,"{""discover_uni_hesa.KISCourse"": ""1007595"", ""discover_uni_hesa.KISMODE"": ""Full-time"", ""discover_uni_hesa.PUBUKPRN"": ""10000812"", ""discover_uni_hesa.course_name"": ""Film & Television""}",source-native programme identifier and deterministic identity binding,discover_uni_hesa.PUBUKPRN=10000812; discover_uni_hesa.KISCourse=1007595; discover_uni_hesa.KISMODE=Full-time; discover_uni_hesa.course_name=Film & Television,KEEP_PRODUCTION
Boston College,Leadership & Management,discover-uk-stage1-016,3de52a35-3c2d-58bb-9e06-01d688b47671,UK,Discover Uni,VERIFIED_PROGRAMME,Leadership & Management,"{""discover_uni_hesa.KISCourse"": ""113985"", ""discover_uni_hesa.KISMODE"": ""Full-time"", ""discover_uni_hesa.PUBUKPRN"": ""10000812"", ""discover_uni_hesa.course_name"": ""Leadership & Management""}",source-native programme identifier and deterministic identity binding,discover_uni_hesa.PUBUKPRN=10000812; discover_uni_hesa.KISCourse=113985; discover_uni_hesa.KISMODE=Full-time; discover_uni_hesa.course_name=Leadership & Management,KEEP_PRODUCTION
The Bournemouth and Poole College,Digital Animation Design & Production,discover-uk-stage1-017,770f992a-7c1a-5b5c-82ad-f900668b7f1e,UK,Discover Uni,VERIFIED_PROGRAMME,Digital Animation Design & Production,"{""discover_uni_hesa.KISCourse"": ""FDDAP"", ""discover_uni_hesa.KISMODE"": ""Full-time"", ""discover_uni_hesa.PUBUKPRN"": ""10000820"", ""discover_uni_hesa.course_name"": ""Digital Animation Design & Production""}",source-native programme identifier and deterministic identity binding,discover_uni_hesa.PUBUKPRN=10000820; discover_uni_hesa.KISCourse=FDDAP; discover_uni_hesa.KISMODE=Full-time; discover_uni_hesa.course_name=Digital Animation Design & Production,KEEP_PRODUCTION
The Bournemouth and Poole College,"Esports Production, Broadcasting and Events",discover-uk-stage1-017,baa1b317-ba51-5fac-af2c-4aa258d131a2,UK,Discover Uni,VERIFIED_PROGRAMME,"Esports Production, Broadcasting and Events","{""discover_uni_hesa.KISCourse"": ""FDEPB"", ""discover_uni_hesa.KISMODE"": ""Full-time"", ""discover_uni_hesa.PUBUKPRN"": ""10000820"", ""discover_uni_hesa.course_name"": ""Esports Production, Broadcasting and Events""}",source-native programme identifier and deterministic identity binding,"discover_uni_hesa.PUBUKPRN=10000820; discover_uni_hesa.KISCourse=FDEPB; discover_uni_hesa.KISMODE=Full-time; discover_uni_hesa.course_name=Esports Production, Broadcasting and Events",KEEP_PRODUCTION
Bournemouth University,Accounting,discover-uk-stage1-018,2b10d957-eb9b-5583-b2bb-fc1c741a300b,UK,Discover Uni,VERIFIED_PROGRAMME,Accounting,"{""discover_uni_hesa.KISCourse"": ""BAACS_N423"", ""discover_uni_hesa.KISMODE"": ""Full-time"", ""discover_uni_hesa.PUBUKPRN"": ""10000824"", ""discover_uni_hesa.course_name"": ""Accounting""}",source-native programme identifier and deterministic identity binding,discover_uni_hesa.PUBUKPRN=10000824; discover_uni_hesa.KISCourse=BAACS_N423; discover_uni_hesa.KISMODE=Full-time; discover_uni_hesa.course_name=Accounting,KEEP_PRODUCTION
Bournemouth University,Accounting and Finance,discover-uk-stage1-018,a4e6b163-10f4-513a-9230-fe193026b557,UK,Discover Uni,VERIFIED_PROGRAMME,Accounting and Finance,"{""discover_uni_hesa.KISCourse"": ""BAAFS_N420"", ""discover_uni_hesa.KISMODE"": ""Full-time"", ""discover_uni_hesa.PUBUKPRN"": ""10000824"", ""discover_uni_hesa.course_name"": ""Accounting and Finance""}",source-native programme identifier and deterministic identity binding,discover_uni_hesa.PUBUKPRN=10000824; discover_uni_hesa.KISCourse=BAAFS_N420; discover_uni_hesa.KISMODE=Full-time; discover_uni_hesa.course_name=Accounting and Finance,KEEP_PRODUCTION
Bradford College,Primary Education Early Years 3-7 (QTS),discover-uk-stage1-019,eeb069c9-ba8c-5b25-bcd4-bf86a72f59cd,UK,Discover Uni,VERIFIED_PROGRAMME,Primary Education Early Years 3-7 (QTS),"{""discover_uni_hesa.KISCourse"": ""BABRCPEEYQ_A"", ""discover_uni_hesa.KISMODE"": ""Full-time"", ""discover_uni_hesa.PUBUKPRN"": ""10000840"", ""discover_uni_hesa.course_name"": ""Primary Education Early Years 3-7 (QTS)""}",source-native programme identifier and deterministic identity binding,discover_uni_hesa.PUBUKPRN=10000840; discover_uni_hesa.KISCourse=BABRCPEEYQ_A; discover_uni_hesa.KISMODE=Full-time; discover_uni_hesa.course_name=Primary Education Early Years 3-7 (QTS),KEEP_PRODUCTION
Bradford College,Primary Education Early Years 5-11 (QTS),discover-uk-stage1-019,4312df08-cb0e-538a-b9ed-4e0d7e864ff9,UK,Discover Uni,VERIFIED_PROGRAMME,Primary Education Early Years 5-11 (QTS),"{""discover_uni_hesa.KISCourse"": ""BABRCPELYQ_A"", ""discover_uni_hesa.KISMODE"": ""Full-time"", ""discover_uni_hesa.PUBUKPRN"": ""10000840"", ""discover_uni_hesa.course_name"": ""Primary Education Early Years 5-11 (QTS)""}",source-native programme identifier and deterministic identity binding,discover_uni_hesa.PUBUKPRN=10000840; discover_uni_hesa.KISCourse=BABRCPELYQ_A; discover_uni_hesa.KISMODE=Full-time; discover_uni_hesa.course_name=Primary Education Early Years 5-11 (QTS),KEEP_PRODUCTION
University Centre Somerset College Group,"Makeup Artistry, Prosthetic FX and Wig Making",discover-uk-stage1-020,5f95f3f8-7afc-52a6-ba5b-e4f49c98267b,UK,Discover Uni,VERIFIED_PROGRAMME,"Makeup Artistry, Prosthetic FX and Wig Making","{""discover_uni_hesa.KISCourse"": ""00245990-fdeg-media-make-FT"", ""discover_uni_hesa.KISMODE"": ""Full-time"", ""discover_uni_hesa.PUBUKPRN"": ""10000878"", ""discover_uni_hesa.course_name"": ""Makeup Artistry, Prosthetic FX and Wig Making""}",source-native programme identifier and deterministic identity binding,"discover_uni_hesa.PUBUKPRN=10000878; discover_uni_hesa.KISCourse=00245990-fdeg-media-make-FT; discover_uni_hesa.KISMODE=Full-time; discover_uni_hesa.course_name=Makeup Artistry, Prosthetic FX and Wig Making",KEEP_PRODUCTION
University Centre Somerset College Group,"Makeup Artistry, Prosthetic FX and Wig Making",discover-uk-stage1-020,d0d192c5-ff75-5fdf-8c6c-80e0cc2608c6,UK,Discover Uni,VERIFIED_PROGRAMME,"Makeup Artistry, Prosthetic FX and Wig Making","{""discover_uni_hesa.KISCourse"": ""00245991-ba-media-make-FT"", ""discover_uni_hesa.KISMODE"": ""Full-time"", ""discover_uni_hesa.PUBUKPRN"": ""10000878"", ""discover_uni_hesa.course_name"": ""Makeup Artistry, Prosthetic FX and Wig Making""}",source-native programme identifier and deterministic identity binding,"discover_uni_hesa.PUBUKPRN=10000878; discover_uni_hesa.KISCourse=00245991-ba-media-make-FT; discover_uni_hesa.KISMODE=Full-time; discover_uni_hesa.course_name=Makeup Artistry, Prosthetic FX and Wig Making",KEEP_PRODUCTION
University of Brighton,Pharmacy,discover-uk-stage1-021,770878eb-c3e4-583c-aeb7-0113b97486cf,UK,Discover Uni,VERIFIED_PROGRAMME,Pharmacy,"{""discover_uni_hesa.KISCourse"": ""APCB001MUU"", ""discover_uni_hesa.KISMODE"": ""Full-time"", ""discover_uni_hesa.PUBUKPRN"": ""10000886"", ""discover_uni_hesa.course_name"": ""Pharmacy""}",source-native programme identifier and deterministic identity binding,discover_uni_hesa.PUBUKPRN=10000886; discover_uni_hesa.KISCourse=APCB001MUU; discover_uni_hesa.KISMODE=Full-time; discover_uni_hesa.course_name=Pharmacy,KEEP_PRODUCTION
University of Brighton,Business Management with Entrepreneurship,discover-uk-stage1-021,28ee7709-d09b-5231-8e41-461663619e85,UK,Discover Uni,VERIFIED_PROGRAMME,Business Management with Entrepreneurship,"{""discover_uni_hesa.KISCourse"": ""BUEG001MUU"", ""discover_uni_hesa.KISMODE"": ""Full-time"", ""discover_uni_hesa.PUBUKPRN"": ""10000886"", ""discover_uni_hesa.course_name"": ""Business Management with Entrepreneurship""}",source-native programme identifier and deterministic identity binding,discover_uni_hesa.PUBUKPRN=10000886; discover_uni_hesa.KISCourse=BUEG001MUU; discover_uni_hesa.KISMODE=Full-time; discover_uni_hesa.course_name=Business Management with Entrepreneurship,KEEP_PRODUCTION
Bristol Baptist College,"Theology, Ministry and Mission",discover-uk-stage1-022,5899253a-cf94-5a60-ae1a-dd8d5638d45c,UK,Discover Uni,VERIFIED_PROGRAMME,"Theology, Ministry and Mission","{""discover_uni_hesa.KISCourse"": ""BATMM"", ""discover_uni_hesa.KISMODE"": ""Full-time"", ""discover_uni_hesa.PUBUKPRN"": ""10000894"", ""discover_uni_hesa.course_name"": ""Theology, Ministry and Mission""}",source-native programme identifier and deterministic identity binding,"discover_uni_hesa.PUBUKPRN=10000894; discover_uni_hesa.KISCourse=BATMM; discover_uni_hesa.KISMODE=Full-time; discover_uni_hesa.course_name=Theology, Ministry and Mission",KEEP_PRODUCTION
Bristol Baptist College,"Theology, Ministry and Mission",discover-uk-stage1-022,3a574afc-69e2-5f98-8d89-a358555d61bb,UK,Discover Uni,VERIFIED_PROGRAMME,"Theology, Ministry and Mission","{""discover_uni_hesa.KISCourse"": ""DIPTMM"", ""discover_uni_hesa.KISMODE"": ""Full-time"", ""discover_uni_hesa.PUBUKPRN"": ""10000894"", ""discover_uni_hesa.course_name"": ""Theology, Ministry and Mission""}",source-native programme identifier and deterministic identity binding,"discover_uni_hesa.PUBUKPRN=10000894; discover_uni_hesa.KISCourse=DIPTMM; discover_uni_hesa.KISMODE=Full-time; discover_uni_hesa.course_name=Theology, Ministry and Mission",KEEP_PRODUCTION
London South East Colleges,Computing: Cyber Security,discover-uk-stage1-023,daa9521e-4e07-53a8-b85a-bcd0c566e374,UK,Discover Uni,VERIFIED_PROGRAMME,Computing: Cyber Security,"{""discover_uni_hesa.KISCourse"": ""HNDCMCS"", ""discover_uni_hesa.KISMODE"": ""Full-time"", ""discover_uni_hesa.PUBUKPRN"": ""10000948"", ""discover_uni_hesa.course_name"": ""Computing: Cyber Security""}",source-native programme identifier and deterministic identity binding,discover_uni_hesa.PUBUKPRN=10000948; discover_uni_hesa.KISCourse=HNDCMCS; discover_uni_hesa.KISMODE=Full-time; discover_uni_hesa.course_name=Computing: Cyber Security,KEEP_PRODUCTION
London South East Colleges,Early Years Professional Leadership,discover-uk-stage1-023,6a7210f2-06be-539a-8480-cf8386a4f915,UK,Discover Uni,VERIFIED_PROGRAMME,Early Years Professional Leadership,"{""discover_uni_hesa.KISCourse"": ""HNDEYPL"", ""discover_uni_hesa.KISMODE"": ""Full-time"", ""discover_uni_hesa.PUBUKPRN"": ""10000948"", ""discover_uni_hesa.course_name"": ""Early Years Professional Leadership""}",source-native programme identifier and deterministic identity binding,discover_uni_hesa.PUBUKPRN=10000948; discover_uni_hesa.KISCourse=HNDEYPL; discover_uni_hesa.KISMODE=Full-time; discover_uni_hesa.course_name=Early Years Professional Leadership,KEEP_PRODUCTION
Brunel University of London,Theatre,discover-uk-stage1-024,c88a3280-125f-585b-8a20-aebb08a5836f,UK,Discover Uni,VERIFIED_PROGRAMME,Theatre,"{""discover_uni_hesa.KISCourse"": ""1FDJUTHEATRE-FT-BA"", ""discover_uni_hesa.KISMODE"": ""Full-time"", ""discover_uni_hesa.PUBUKPRN"": ""10000961"", ""discover_uni_hesa.course_name"": ""Theatre""}",source-native programme identifier and deterministic identity binding,discover_uni_hesa.PUBUKPRN=10000961; discover_uni_hesa.KISCourse=1FDJUTHEATRE-FT-BA; discover_uni_hesa.KISMODE=Full-time; discover_uni_hesa.course_name=Theatre,KEEP_PRODUCTION
Brunel University of London,Theatre with Placement Year,discover-uk-stage1-024,d33870ff-b395-5b21-bda9-ce18c8c74b27,UK,Discover Uni,VERIFIED_PROGRAMME,Theatre with Placement Year,"{""discover_uni_hesa.KISCourse"": ""1FDJUTHEATRE-KW-BA"", ""discover_uni_hesa.KISMODE"": ""Full-time"", ""discover_uni_hesa.PUBUKPRN"": ""10000961"", ""discover_uni_hesa.course_name"": ""Theatre with Placement Year""}",source-native programme identifier and deterministic identity binding,discover_uni_hesa.PUBUKPRN=10000961; discover_uni_hesa.KISCourse=1FDJUTHEATRE-KW-BA; discover_uni_hesa.KISMODE=Full-time; discover_uni_hesa.course_name=Theatre with Placement Year,KEEP_PRODUCTION
Buckinghamshire New University,Acting for Stage and Screen,discover-uk-stage1-025,5f7e4503-b034-5260-913a-5110ed0982b6,UK,Discover Uni,VERIFIED_PROGRAMME,Acting for Stage and Screen,"{""discover_uni_hesa.KISCourse"": ""KBAACSSFTACT1"", ""discover_uni_hesa.KISMODE"": ""Full-time"", ""discover_uni_hesa.PUBUKPRN"": ""10000975"", ""discover_uni_hesa.course_name"": ""Acting for Stage and Screen""}",source-native programme identifier and deterministic identity binding,discover_uni_hesa.PUBUKPRN=10000975; discover_uni_hesa.KISCourse=KBAACSSFTACT1; discover_uni_hesa.KISMODE=Full-time; discover_uni_hesa.course_name=Acting for Stage and Screen,KEEP_PRODUCTION
Buckinghamshire New University,Animation (Online),discover-uk-stage1-025,d115e175-3bb5-5c4f-8d2d-169038e9cdc2,UK,Discover Uni,VERIFIED_PROGRAMME,Animation (Online),"{""discover_uni_hesa.KISCourse"": ""KBAANIMDFCMSD"", ""discover_uni_hesa.KISMODE"": ""Full-time"", ""discover_uni_hesa.PUBUKPRN"": ""10000975"", ""discover_uni_hesa.course_name"": ""Animation (Online)""}",source-native programme identifier and deterministic identity binding,discover_uni_hesa.PUBUKPRN=10000975; discover_uni_hesa.KISCourse=KBAANIMDFCMSD; discover_uni_hesa.KISMODE=Full-time; discover_uni_hesa.course_name=Animation (Online),KEEP_PRODUCTION
University of Fribourg,University of Fribourg Data Science,fribourg-ch-stage1,7b9ef9c6-d147-5ec7-8195-6bd252202c20,CH,swissuniversities,SYNTHETIC_SEED,,,institution-scoped provider has no programme-native identifier,institution identity only; no programme-native identifier,KEEP_CANARY_ONLY
University of Fribourg,University of Fribourg Engineering,fribourg-ch-stage1,7dda8cbf-bfcf-52c5-afa7-c02beb748294,CH,swissuniversities,SYNTHETIC_SEED,,,institution-scoped provider has no programme-native identifier,institution identity only; no programme-native identifier,KEEP_CANARY_ONLY
University of Lucerne,University of Lucerne Data Science,lucerne-ch-stage1,476bdac3-3e96-5a15-a3c1-290de30aeb81,CH,swissuniversities,SYNTHETIC_SEED,,,institution-scoped provider has no programme-native identifier,institution identity only; no programme-native identifier,KEEP_CANARY_ONLY
University of Lucerne,University of Lucerne Engineering,lucerne-ch-stage1,feae47a6-8f29-55ce-b7a0-863fc55df2fb,CH,swissuniversities,SYNTHETIC_SEED,,,institution-scoped provider has no programme-native identifier,institution identity only; no programme-native identifier,KEEP_CANARY_ONLY
University of Neuchâtel,University of Neuchâtel Data Science,neuchatel-ch-stage1,3ad24b46-0354-50fa-9765-4dc486dad33f,CH,swissuniversities,SYNTHETIC_SEED,,,institution-scoped provider has no programme-native identifier,institution identity only; no programme-native identifier,KEEP_CANARY_ONLY
University of Neuchâtel,University of Neuchâtel Engineering,neuchatel-ch-stage1,92cebe0e-1af5-569d-aaeb-20ff04ca716d,CH,swissuniversities,SYNTHETIC_SEED,,,institution-scoped provider has no programme-native identifier,institution identity only; no programme-native identifier,KEEP_CANARY_ONLY
Università della Svizzera Italiana,Università della Svizzera Italiana Data Science,usi-ch-stage1,d1371441-3b4e-545e-b207-e43e3b6b9bac,CH,swissuniversities,SYNTHETIC_SEED,,,institution-scoped provider has no programme-native identifier,institution identity only; no programme-native identifier,KEEP_CANARY_ONLY
Università della Svizzera Italiana,Università della Svizzera Italiana Engineering,usi-ch-stage1,0ccfc7ae-2f5b-5a2b-8355-86759d5758e6,CH,swissuniversities,SYNTHETIC_SEED,,,institution-scoped provider has no programme-native identifier,institution identity only; no programme-native identifier,KEEP_CANARY_ONLY
