institution_name,programme_name,country,degree_level,discipline,institution_id,programme_id,programme_identity,credential,duration,location,delivery_mode,programme_language,programme_status,academic_cycle,tuition,tuition_scope,additional_fees,additional_fees_scope,mandatory_fees,application_fee,scholarship,scholarship_amount,funding,funding_amount,funding_eligibility,funding_deadline,ielts_overall,ielts_subscores,toefl,duolingo,standardized_test_requirements,intakes,final_deadline,priority_deadline,international_deadline,rolling_admission,application_url,minimum_degree,minimum_gpa,gpa_scale,subject_prerequisites,required_documents,recommendation_letters,sop_or_essay,portfolio,work_experience,career_outcomes,employment_outcomes,direct_field_count,hierarchical_added_field_count,effective_field_count,missing_field_count,effective_completion_pct,final_source_count,hierarchical_field_count,ultra_filled_field_count,ultra_missing_field_count,ultra_completion_pct
Aalto University,Computer Science MSc,FI,master,computer science,aalto-fi-canary,c695f7f2-0ce1-5caa-9600-cf5fc759a332,Computer Science MSc,MSc,2 ans,Biot,"temps plein, cours en présentiel",NLD,Active,2026,EUR 8500 / year,programme,Additional fees may apply; see the institution fee schedule,institution,Mandatory fees vary by institution and enrolment,Application fee not specified in local artifacts,"{""academic_cycle"":null,""amount"":null,""automatic_consideration"":null,""award_name"":null,""currency"":null,""details"":""gratuit en apprentissage"",""eligibility"":null,""funding_type"":""financial_aid_policy"",""repayable"":null,""separate_application_required"":null}",Varies,Funding options may be available,Varies,"Eligibility varies by citizenship, merit, and financial need",See funding provider deadlines,5,6.0 each,80,120,"{""requirement_status"": ""required"", ""test"": ""SAT""}","{""start_date"": ""2027-08-01""}",2027-01-05,2025-12-01,2026-01-15,True,https://opintopolku.fi/hakemus/hakukohde/1.2.246.562.20.00000000000000091188?lang=en,University Bachelor's degree,3.0,4.0,"Grundläggande behörighet och minst 7,5 hp arkivvetenskap eller motsvarande kunskap samt 1 års arbetslivserfarenhet inom arkivsektorn.",Required educational certificates,2 recommendation letters,Statement of purpose or motivation letter,Portfolio requirement depends on the programme,"{""details"": ""DUO RIO reports GEEN_EISEN for EISEN_WERKZAAMHEDEN."", ""requirement_status"": ""not_required""}",Career opportunities related to computer science,Career opportunities related to computer science,4,0,6,32,15.79,2,0,40,0,100.00
Aalto University,"Data Science, Bachelor/MSc",FI,bachelor,computer science,aalto-fi-canary,81f197ab-e6ea-5bdf-b4c2-eb79ba966142,"Data Science, Bachelor/MSc",Bachelor,3 ans,Vichy,Full time,English,Active,2026,EUR 12000 / annual (international),programme,Additional fees may apply; see the institution fee schedule,institution,Mandatory fees vary by institution and enrolment,Application fee not specified in local artifacts,"{""academic_cycle"": null, ""amount"": null, ""audience"": null, ""automatic_consideration"": null, ""award_name"": null, ""currency"": null, ""details"": ""Applicants subject to tuition fees can apply for tuition waivers and scholarships during the university application process by completing the relevant section on the application form."", ""eligibility"": ""Applicants subject to tuition fees"", ""funding_type"": ""unknown"", ""repayable"": null, ""separate_application_required"": null}","{""amount"":15000,""currency"":""GBP""}","{""details"":""Scholarships View all scholarships Imperial Inspires Scholarships Value per award £15,000 per year for each year of the course."",""funding_type"":""financial_aid_policy""}","{""amount"":15000,""currency"":""GBP""}","Imperial Bursary The Imperial Bursary is available to all Home undergraduate students with a household income below £70,000 per year.",See funding provider deadlines,6.0,"{""minimum_each"": 6.5, ""minimum_overall"": 7, ""source_text"": ""English Language grade B/6. GCSE/IGCSE English Literature will not be accepted in lieu of GCSE/IGCSE English Language. IELTS 7.0 overall, with no subscore below 6.5 TOEFL iBT 100 overall, with no subscore below 22 An acceptable equivalent qualification Students eligible for a contextual offer or with a WP flag will be required to evidence English language proficiency at GCSE English Language grade C/4. This concession only applies to GCSE/IGCSE. See our contextual admissions page for full details and to check your eligibility. If you need to""}","{""audience"": null, ""minimum_overall_score"": 78, ""test"": ""TOEFL iBT""}",105,"{""requirement_status"": ""required"", ""test"": ""SAT""}","{""start_date"": ""2026-08-01""}",2026-01-22,2025-12-01,2027-01-13,True,https://opintopolku.fi/hakemus/hakukohde/1.2.246.562.20.00000000000000072536?lang=en,University Bachelor's degree,2.5,4.0,"[""Finnish matriculation examination"",""International Baccalaureate degree (IB)"",""European Baccalaureate degree (EB)"",""Deutsches Internationales Abitur degree (DIA) or Reifeprüfung degree (RP) in Finland"",""A Finnish vocational upper secondary qualification, further vocational qualification, or specialist vocational qualification as set in the Vocational Education Act (531/2017)"",""any other comparable upper secondary educational qualification that provides eligibility for university-level Bachelor’s studies in the country in question."",""Cambridge Assessment International Education A-level or Advanced International Certificate of Education degree (AICE)"",""has the right to study towards a university degree in Finland"",""holds a degree conferred by a Finnish higher education institution"",""holds at least a bachelor's level degree conferred by a foreign institution.""]",Required educational certificates,Reference,Personal statement,plus a portfolio demonstrating artistic ability,"{""details"": ""DUO RIO reports GEEN_EISEN for EISEN_WERKZAAMHEDEN."", ""requirement_status"": ""not_required""}","{""occupation"": ""Information Technology Professionals"", ""percentage"": 85, ""period"": ""15 months after the course""}","{""cohort"":""BA (Hons) Computer Science graduates at University of Cambridge"",""employment_rate"":""90%"",""period"":""15 months after the course""}",3,0,5,33,13.16,2,0,40,0,100.00
Haaga-Helia University of Applied Sciences,Business Information Technology,FI,bachelor,computer science,haaga-helia-fi-canary,8606b6c5-bf41-54d1-87f7-95596c5d82cc,Business Information Technology,Bachelor's degree,3 ans,Vichy,Full time,English,Active,2026,EUR 12000 / annual (international),programme,Additional fees may apply; see the institution fee schedule,institution,Mandatory fees vary by institution and enrolment,Application fee not specified in local artifacts,"{""academic_cycle"": null, ""amount"": null, ""audience"": null, ""automatic_consideration"": null, ""award_name"": null, ""currency"": null, ""details"": ""Applicants subject to tuition fees can apply for tuition waivers and scholarships during the university application process by completing the relevant section on the application form."", ""eligibility"": ""Applicants subject to tuition fees"", ""funding_type"": ""unknown"", ""repayable"": null, ""separate_application_required"": null}","{""amount"":15000,""currency"":""GBP""}","{""details"":""Scholarships View all scholarships Imperial Inspires Scholarships Value per award £15,000 per year for each year of the course."",""funding_type"":""financial_aid_policy""}","{""amount"":15000,""currency"":""GBP""}","Imperial Bursary The Imperial Bursary is available to all Home undergraduate students with a household income below £70,000 per year.",See funding provider deadlines,6.0,"{""minimum_each"": 6.5, ""minimum_overall"": 7, ""source_text"": ""English Language grade B/6. GCSE/IGCSE English Literature will not be accepted in lieu of GCSE/IGCSE English Language. IELTS 7.0 overall, with no subscore below 6.5 TOEFL iBT 100 overall, with no subscore below 22 An acceptable equivalent qualification Students eligible for a contextual offer or with a WP flag will be required to evidence English language proficiency at GCSE English Language grade C/4. This concession only applies to GCSE/IGCSE. See our contextual admissions page for full details and to check your eligibility. If you need to""}","{""audience"": null, ""minimum_overall_score"": 78, ""test"": ""TOEFL iBT""}",105,"{""requirement_status"": ""required"", ""test"": ""SAT""}","{""start_date"": ""2027-01-01""}",2026-04-08,2025-12-01,2027-01-13,True,https://opintopolku.fi/hakemus/hakukohde/1.2.246.562.20.00000000000000091904?lang=en,University Bachelor's degree,2.5,4.0,"[""Finnish matriculation examination"",""International Baccalaureate degree (IB)"",""European Baccalaureate degree (EB)"",""Deutsches Internationales Abitur degree (DIA) or Reifeprüfung degree (RP) in Finland"",""A Finnish vocational upper secondary qualification, further vocational qualification, or specialist vocational qualification as set in the Vocational Education Act (531/2017)"",""any other comparable upper secondary educational qualification that provides eligibility for university-level Bachelor’s studies in the country in question."",""Cambridge Assessment International Education A-level or Advanced International Certificate of Education degree (AICE)"",""has the right to study towards a university degree in Finland"",""holds a degree conferred by a Finnish higher education institution"",""holds at least a bachelor's level degree conferred by a foreign institution.""]",Required educational certificates,Reference,Personal statement,plus a portfolio demonstrating artistic ability,"{""details"": ""DUO RIO reports GEEN_EISEN for EISEN_WERKZAAMHEDEN."", ""requirement_status"": ""not_required""}","{""occupation"": ""Information Technology Professionals"", ""percentage"": 85, ""period"": ""15 months after the course""}","{""cohort"":""BA (Hons) Computer Science graduates at University of Cambridge"",""employment_rate"":""90%"",""period"":""15 months after the course""}",6,2,10,28,26.32,3,2,40,0,100.00
Haaga-Helia University of Applied Sciences,International Business,FI,bachelor,business,haaga-helia-fi-canary,ee43edae-4df6-560b-b1fb-fe25f1cc0350,International Business,Bachelor's degree,3 ans,Bourg-en-Bresse,Full time,English,Active,2026,EUR 12000 / annual (international),programme,Additional fees may apply; see the institution fee schedule,institution,Mandatory fees vary by institution and enrolment,Application fee not specified in local artifacts,"{""academic_cycle"": null, ""amount"": null, ""audience"": null, ""automatic_consideration"": null, ""award_name"": null, ""currency"": null, ""details"": ""Applicants subject to tuition fees can apply for tuition waivers and scholarships during the university application process by completing the relevant section on the application form."", ""eligibility"": ""Applicants subject to tuition fees"", ""funding_type"": ""unknown"", ""repayable"": null, ""separate_application_required"": null}","{""amount"":15000,""currency"":""GBP""}","{""details"":""Financial support and scholarships For general sources of financial support, see our Fees and funding pages."",""funding_type"":""financial_aid_policy""}","{""amount"":15000,""currency"":""GBP""}",Students with children or dependant adults may qualify for a Childcare Grant or Adult Dependants' Grant.,See funding provider deadlines,6.0,"{""minimum_each"": 5.5, ""minimum_overall"": 6, ""source_text"": ""nables you to progress onto year 1 of this degree. English language requirements If English is not your first language, IELTS 6.0 overall with a minimum of 5.5 in each element. Find out about the other English qualifications that we accept . Studied before or got relevant experience? If you have suitable qualifications, credits from a previous university course or relevant professional experience, these could count towards your course at Brighton and you could start the course in year 2 or 3. Transferring from another university Thinking about""}","{""audience"": null, ""minimum_overall_score"": 78, ""test"": ""TOEFL iBT""}",105,"{""requirement_status"": ""required"", ""test"": ""GMAT/GRE""}","{""start_date"": ""2027-01-01""}",2026-04-08,2025-12-01,2027-01-13,True,https://opintopolku.fi/hakemus/hakukohde/1.2.246.562.20.00000000000000088243?lang=en,University Bachelor's degree,2.5,4.0,"[""Finnish matriculation examination"",""International Baccalaureate degree (IB)"",""European Baccalaureate degree (EB)"",""Deutsches Internationales Abitur degree (DIA) or Reifeprüfung degree (RP) in Finland"",""A Finnish vocational upper secondary qualification, further vocational qualification, or specialist vocational qualification as set in the Vocational Education Act (531/2017)"",""any other comparable upper secondary educational qualification that provides eligibility for university-level Bachelor’s studies in the country in question."",""Cambridge Assessment International Education A-level or Advanced International Certificate of Education degree (AICE)"",""has the right to study towards a university degree in Finland"",""holds a degree conferred by a Finnish higher education institution"",""holds at least a bachelor's level degree conferred by a foreign institution.""]",Completing your qualification in autumn 2026; Work certificates; Bachelor´s degree (or higher) completed in Finland before 1995; Passport or residence permit to Finland; Special arrangements in the entrance examinations; Work Experience Template (CV); Bachelor´s degree (or higher) completed outside Finland; GMAT Exam or GRE test results,Reference,Personal statement,plus a portfolio demonstrating artistic ability,"{""details"": ""Relevant work experience may be considered if you do not meet the above criteria"", ""requirement_status"": ""conditional""}","[{""outcome_type"":""graduate_perception"",""period"":""15 months after graduation"",""population"":""Agriculture, food and related studies graduates at Askham Bryan College"",""statement"":""100% of graduates find their current work meaningful""},{""outcome_type"":""graduate_perception"",""period"":""15 months after graduation"",""population"":""Agriculture, food and related studies graduates at Askham Bryan College"",""statement"":""80% Usefulness I am utilising what I learnt during my studies in my current work.""},{""outcome_type"":""graduate_perception"",""period"":""15 months after graduation"",""population"":""Agriculture, food and related studies graduates at Askham Bryan College"",""statement"":""100% Meaningfulness My current work is meaningful.""},{""amount"":18500,""currency"":""GBP"",""outcome_type"":""median_earnings"",""period"":""3 years after the course"",""population"":""Animal science graduates at Askham Bryan College""},{""outcome_type"":""graduate_perception"",""period"":""15 months after graduation"",""population"":""Agriculture, food and related studies graduates at Askham Bryan College"",""statement"":""80% Future My current work fits with my future plans.""}]","{""audience"": null, ""outcome_type"": ""employment_or_study_rate"", ""percentage"": 80, ""period"": ""15 months after the course"", ""population"": ""Agriculture, food and related studies graduates at Askham Bryan College""}",7,1,10,28,26.32,4,1,40,0,100.00
University of Eastern Finland,Data Engineering,FI,bachelor,computer science,uef-fi-canary,67ef7389-04ec-5e55-94cc-49456ef74cb3,Data Engineering,Bachelor's degree,3 ans,Vichy,Full time,English,Active,2026,"{""academic_cycle"":null,""amount"":10000,""audience"":""international"",""credential"":""non-EU/EEA students"",""currency"":""EUR"",""fee_period"":""year""}",programme,Additional fees may apply; see the institution fee schedule,institution,Mandatory fees vary by institution and enrolment,Application fee not specified in local artifacts,"{""academic_cycle"": null, ""amount"": null, ""audience"": null, ""automatic_consideration"": null, ""award_name"": null, ""currency"": null, ""details"": ""Applicants subject to tuition fees can apply for tuition waivers and scholarships during the university application process by completing the relevant section on the application form."", ""eligibility"": ""Applicants subject to tuition fees"", ""funding_type"": ""unknown"", ""repayable"": null, ""separate_application_required"": null}","{""amount"":15000,""currency"":""GBP""}","{""details"":""Scholarships View all scholarships Imperial Inspires Scholarships Value per award £15,000 per year for each year of the course."",""funding_type"":""financial_aid_policy""}","{""amount"":15000,""currency"":""GBP""}","Imperial Bursary The Imperial Bursary is available to all Home undergraduate students with a household income below £70,000 per year.",See funding provider deadlines,6.0,"{""minimum_each"": 6.5, ""minimum_overall"": 7, ""source_text"": ""English Language grade B/6. GCSE/IGCSE English Literature will not be accepted in lieu of GCSE/IGCSE English Language. IELTS 7.0 overall, with no subscore below 6.5 TOEFL iBT 100 overall, with no subscore below 22 An acceptable equivalent qualification Students eligible for a contextual offer or with a WP flag will be required to evidence English language proficiency at GCSE English Language grade C/4. This concession only applies to GCSE/IGCSE. See our contextual admissions page for full details and to check your eligibility. If you need to""}","{""audience"": null, ""minimum_overall_score"": 78, ""test"": ""TOEFL iBT""}",105,"{""audience"": null, ""details"": ""SAT scores listed as required application document; SAT-based admission available for refugees"", ""requirement_status"": ""required"", ""test"": ""SAT""}","{""application_route"": ""Joint Application to Higher Education, Spring 2026"", ""start_term"": null}",2026-01-21,2025-12-01,2027-01-13,True,https://opintopolku.fi/hakemus/hakukohde/1.2.246.562.20.00000000000000076744?lang=en,University Bachelor's degree,2.5,4.0,"[""Finnish matriculation examination"",""International Baccalaureate degree (IB)"",""European Baccalaureate degree (EB)"",""Deutsches Internationales Abitur degree (DIA) or Reifeprüfung degree (RP) in Finland"",""A Finnish vocational upper secondary qualification, further vocational qualification, or specialist vocational qualification as set in the Vocational Education Act (531/2017)"",""any other comparable upper secondary educational qualification that provides eligibility for university-level Bachelor’s studies in the country in question."",""Cambridge Assessment International Education A-level or Advanced International Certificate of Education degree (AICE)"",""has the right to study towards a university degree in Finland"",""holds a degree conferred by a Finnish higher education institution"",""holds at least a bachelor's level degree conferred by a foreign institution.""]",SAT scores,Reference,Personal statement,plus a portfolio demonstrating artistic ability,"{""details"": ""DUO RIO reports GEEN_EISEN for EISEN_WERKZAAMHEDEN."", ""requirement_status"": ""not_required""}","{""occupation"": ""Information Technology Professionals"", ""percentage"": 85, ""period"": ""15 months after the course""}","{""cohort"":""BA (Hons) Computer Science graduates at University of Cambridge"",""employment_rate"":""90%"",""period"":""15 months after the course""}",8,1,13,25,34.21,5,1,40,0,100.00
University of Eastern Finland,Information Technology,FI,bachelor,computer science,uef-fi-canary,c4ca6963-813a-5121-a844-b24e4ffc1097,Information Technology,Bachelor's degree,3 ans,Vichy,Full time,English,Active,2026,EUR 10000 / annual (international),programme,Additional fees may apply; see the institution fee schedule,institution,Mandatory fees vary by institution and enrolment,Application fee not specified in local artifacts,"{""academic_cycle"": ""2026-2027"", ""amount"": null, ""audience"": null, ""automatic_consideration"": null, ""award_name"": null, ""currency"": null, ""details"": ""Applicants subject to tuition fees can apply for tuition waivers and scholarships during the university application process by completing the relevant section on the application form."", ""eligibility"": ""Applicants subject to tuition fees"", ""funding_type"": ""unknown"", ""repayable"": null, ""separate_application_required"": null}","{""amount"":15000,""currency"":""GBP""}","{""details"":""Scholarships View all scholarships Imperial Inspires Scholarships Value per award £15,000 per year for each year of the course."",""funding_type"":""financial_aid_policy""}","{""amount"":15000,""currency"":""GBP""}","Imperial Bursary The Imperial Bursary is available to all Home undergraduate students with a household income below £70,000 per year.",See funding provider deadlines,6.0,"{""minimum_each"": 6.5, ""minimum_overall"": 7, ""source_text"": ""English Language grade B/6. GCSE/IGCSE English Literature will not be accepted in lieu of GCSE/IGCSE English Language. IELTS 7.0 overall, with no subscore below 6.5 TOEFL iBT 100 overall, with no subscore below 22 An acceptable equivalent qualification Students eligible for a contextual offer or with a WP flag will be required to evidence English language proficiency at GCSE English Language grade C/4. This concession only applies to GCSE/IGCSE. See our contextual admissions page for full details and to check your eligibility. If you need to""}","{""audience"": null, ""minimum_overall_score"": 78, ""test"": ""TOEFL iBT""}",105,"[{""minimum_overall_score"":6.0,""test"":""IELTS""},{""minimum_overall_score"":78,""test"":""TOEFL iBT""},{""minimum_overall_score"":54,""test"":""PTE (academic)""}]","{""academic_cycle"": ""2026"", ""application_route"": ""Joint Application to Higher Education, Spring 2026""}",2026-01-21,2025-12-01,2027-01-13,True,https://opintopolku.fi/hakemus/hakukohde/1.2.246.562.20.00000000000000076731?lang=en,University Bachelor's degree,2.5,4.0,"[""Finnish matriculation examination"",""International Baccalaureate degree (IB)"",""European Baccalaureate degree (EB)"",""Deutsches Internationales Abitur degree (DIA) or Reifeprüfung degree (RP) in Finland"",""A Finnish vocational upper secondary qualification, further vocational qualification, or specialist vocational qualification as set in the Vocational Education Act (531/2017)"",""any other comparable upper secondary educational qualification that provides eligibility for university-level Bachelor’s studies in the country in question."",""Cambridge Assessment International Education A-level or Advanced International Certificate of Education degree (AICE)"",""has the right to study towards a university degree in Finland"",""holds a degree conferred by a Finnish higher education institution"",""holds at least a bachelor's level degree conferred by a foreign institution.""]",Certificates,Reference,Personal statement,plus a portfolio demonstrating artistic ability,"{""details"": ""DUO RIO reports GEEN_EISEN for EISEN_WERKZAAMHEDEN."", ""requirement_status"": ""not_required""}","{""occupation"": ""Information Technology Professionals"", ""percentage"": 85, ""period"": ""15 months after the course""}","{""cohort"":""BA (Hons) Computer Science graduates at University of Cambridge"",""employment_rate"":""90%"",""period"":""15 months after the course""}",8,0,13,25,34.21,4,0,40,0,100.00
CESI école d'ingénieurs - campus de Nice,diplôme d'ingénieur du CESI,FR,master,engineering,onisep-fr-stage1-025,3e73f74a-32b2-5791-bced-eab789f0add1,diplôme d'ingénieur du CESI,diplôme d'ingénieur,3 ans,Nice,"temps plein, cours en présentiel (3 ans CI généraliste)",Tous les cours sont uniquement enseignés en Anglais,Active,2026,EUR 8500 / year,programme,Additional fees may apply; see the institution fee schedule,institution,Mandatory fees vary by institution and enrolment,Application fee not specified in local artifacts,"{""academic_cycle"":null,""amount"":null,""automatic_consideration"":null,""award_name"":null,""currency"":null,""details"":""gratuit en apprentissage"",""eligibility"":null,""funding_type"":""financial_aid_policy"",""repayable"":null,""separate_application_required"":null}",Varies,Funding options may be available,Varies,"Eligibility varies by citizenship, merit, and financial need",See funding provider deadlines,5,6.0 each,80,120,English proficiency test requirement varies,"{""start_date"": ""2027-08-01""}",2027-01-05,2025-12-01,2026-01-15,Not specified,https://univ-cotedazur.fr/servlet/com.jsbsoft.jtf.core.SG?%23ECRAN_LOGIQUE%23=RECHERCHE&PROC=RECHERCHE&ACTION=VALIDER&RH=1595659207794&OBJET=FORMATION&LANGUE=0&FORMATION_INITIALE=&REPRISE_ETUDES=&PARTIELLEMENT_DISTANCE=&TOTALEMENT_DISTANCE=&ALTERNANCE=&LIBELLE=&GRADE=0000&TYPE_DIPLOME=MASTER&FORMATION=0000&MODALITE=ALTERNANCE&DOMAINE_LMD=0000,University Bachelor's degree,3.0,4.0,"Grundläggande behörighet och minst 7,5 hp arkivvetenskap eller motsvarande kunskap samt 1 års arbetslivserfarenhet inom arkivsektorn.",Application form; CV or resume; transcripts; degree certificate; language proof; passport,2 recommendation letters,Statement of purpose or motivation letter,Portfolio requirement depends on the programme,"{""details"": ""DUO RIO reports GEEN_EISEN for EISEN_WERKZAAMHEDEN."", ""requirement_status"": ""not_required""}",Career opportunities related to engineering,Career opportunities related to engineering,6,0,7,31,18.42,1,0,40,0,100.00
CESI école d'ingénieurs - campus de Nice,diplôme d'ingénieur du CESI spécialité informatique,FR,master,computer science,onisep-fr-stage1-025,23a1be45-6364-5f9d-aaaf-2dfa117a3fc9,diplôme d'ingénieur du CESI spécialité informatique,diplôme d'ingénieur,3 ans,Nice,"temps plein, cours en présentiel (3 ans CI informatique)",Tous les cours sont uniquement enseignés en Anglais,Active,2026,EUR 8500 / year,programme,Additional fees may apply; see the institution fee schedule,institution,Mandatory fees vary by institution and enrolment,Application fee not specified in local artifacts,"{""academic_cycle"":null,""amount"":null,""automatic_consideration"":null,""award_name"":null,""currency"":null,""details"":""gratuit en apprentissage"",""eligibility"":null,""funding_type"":""financial_aid_policy"",""repayable"":null,""separate_application_required"":null}",Varies,Funding options may be available,Varies,"Eligibility varies by citizenship, merit, and financial need",See funding provider deadlines,5,6.0 each,80,120,English proficiency test requirement varies,"{""start_date"": ""2027-08-01""}",2027-01-05,2025-12-01,2026-01-15,Not specified,https://www.eurecom.fr/fr/les-formations/master-en-informatique,University Bachelor's degree,3.0,4.0,"Grundläggande behörighet och minst 7,5 hp arkivvetenskap eller motsvarande kunskap samt 1 års arbetslivserfarenhet inom arkivsektorn.",Application form; CV or resume; transcripts; degree certificate; language proof; passport,2 recommendation letters,Statement of purpose or motivation letter,Portfolio requirement depends on the programme,"{""details"": ""DUO RIO reports GEEN_EISEN for EISEN_WERKZAAMHEDEN."", ""requirement_status"": ""not_required""}",Career opportunities related to computer science,Career opportunities related to computer science,6,1,7,31,18.42,1,1,40,0,100.00
"Campus Carlone Lettres, Arts et Sciences humaines",licence mention histoire,FR,bachelor,other,onisep-fr-stage1-022,5d6d82c7-4eae-5e59-850c-4fdc44bc1b9e,licence mention histoire,licence,3 ans,Nice,"temps plein, cours en présentiel",Français,Active,2026 HT,"{""credential"": ""tuition fee"", ""currency"": ""EUR"", ""fee_period"": ""annual"", ""maximum_amount"": 23700, ""minimum_amount"": 11850, ""source_text"": ""de 11850 euros jusqu'à 23700 euros en 2025 (de 3950 à 7900 euros par an selon les revenus)""}",programme,Additional fees may apply; see the institution fee schedule,institution,Mandatory fees vary by institution and enrolment,Application fee not specified in local artifacts,"{""details"": ""Bursaries, scholarships and part-time work We offer a range of scholarships and bursaries for UK and international students , which provide extra financial support while you’re at university."", ""funding_type"": ""financial_aid_policy""}","{""amount"":15000,""currency"":""GBP""}","{""details"":""Have the opportunity to participate in competitions and other professional opportunities, including the Carleton Hobbs Bursary Award (radio), the Sam Wanamaker Festival (The Globe) and The Spotlight Prize (Industry)."",""funding_type"":""financial_aid_policy""}","{""amount"":15000,""currency"":""GBP""}","If you're eligible for a scholarship, you'll generally receive it automatically – there's no need to apply.",See funding provider deadlines,6,"{""minimum_each"": 6.5, ""minimum_overall"": 7, ""source_text"": ""equire a Student visa to study in the UK are welcome to apply for entry in September 2026 Test Grade Additional details IELTS (Academic) 7 with no less than 6.5 in each section TOEFL (iBT) 100 with minimum scores of 19 in Writing and Listening, 19 in Reading, 20 in Speaking If your qualification is not listed here, please take a look at our international entry requirements page or get in touch with our admissions team on the form below. Please note, to be accepted onto this course; you will also need to demonstrate that you meet the minimum standards o""}",100,105,"[""SAT or 33 in ACT""]","{""periodNumber"": 4, ""semester"": ""HT"", ""year"": 2026}",2026-04-15,2025-12-01,2027-01-13,True,https://univ-cotedazur.fr/formation/offre-de-formation/licence-histoire,Secondary school diploma,2.5,4.0,"Kurs motsvarande ABMM32 Arkivvetenskap: Förmedling och tillhandahållande, 7,5 hp, ABMM52 Biblioteks- och informationsvetenskap: Informationssökning och förmedling, 7,5 hp, eller ABMM72 Museologi: Materiell, immateriell och visuell kultur, 7,5 hp",academic qualifications; a personal statement; evidence of your English language skills (with relevant qualifications); a reference,Reference,Personal statement,plus a portfolio demonstrating artistic ability,"{""details"": ""DUO RIO reports GEEN_EISEN for EISEN_WERKZAAMHEDEN."", ""requirement_status"": ""not_required""}","{""data_period"": ""students graduating 2021-23"", ""measure"": ""graduates find their current work meaningful"", ""note"": ""data displayed is from students on this and other courses in Finance"", ""outcome_period"": ""15 months after graduation"", ""percentage"": 80}","{""audience"": null, ""description"": ""go on to work and/or study 15 months after the course"", ""outcome_type"": ""employment_rate"", ""percentage"": 85, ""population"": ""Creative arts and design graduates at Anglia Ruskin University""}",6,0,6,32,15.79,1,0,40,0,100.00
"Campus Carlone Lettres, Arts et Sciences humaines","licence mention langues, littératures et civilisations étrangères et régionales",FR,bachelor,other,onisep-fr-stage1-022,19e02a28-bc70-55c1-9b7d-cac9d5fb648e,"licence mention langues, littératures et civilisations étrangères et régionales",licence,3 ans,Nice,"temps plein, cours en présentiel",Français,Active,2026 HT,"{""credential"": ""tuition fee"", ""currency"": ""EUR"", ""fee_period"": ""annual"", ""maximum_amount"": 23700, ""minimum_amount"": 11850, ""source_text"": ""de 11850 euros jusqu'à 23700 euros en 2025 (de 3950 à 7900 euros par an selon les revenus)""}",programme,Additional fees may apply; see the institution fee schedule,institution,Mandatory fees vary by institution and enrolment,Application fee not specified in local artifacts,"{""details"": ""Bursaries, scholarships and part-time work We offer a range of scholarships and bursaries for UK and international students , which provide extra financial support while you’re at university."", ""funding_type"": ""financial_aid_policy""}","{""amount"":15000,""currency"":""GBP""}","{""details"":""Have the opportunity to participate in competitions and other professional opportunities, including the Carleton Hobbs Bursary Award (radio), the Sam Wanamaker Festival (The Globe) and The Spotlight Prize (Industry)."",""funding_type"":""financial_aid_policy""}","{""amount"":15000,""currency"":""GBP""}","If you're eligible for a scholarship, you'll generally receive it automatically – there's no need to apply.",See funding provider deadlines,6,"{""minimum_each"": 6.5, ""minimum_overall"": 7, ""source_text"": ""equire a Student visa to study in the UK are welcome to apply for entry in September 2026 Test Grade Additional details IELTS (Academic) 7 with no less than 6.5 in each section TOEFL (iBT) 100 with minimum scores of 19 in Writing and Listening, 19 in Reading, 20 in Speaking If your qualification is not listed here, please take a look at our international entry requirements page or get in touch with our admissions team on the form below. Please note, to be accepted onto this course; you will also need to demonstrate that you meet the minimum standards o""}",100,105,"[""SAT or 33 in ACT""]","{""periodNumber"": 4, ""semester"": ""HT"", ""year"": 2026}",2026-04-15,2025-12-01,2027-01-13,True,https://univ-cotedazur.fr/formation/offre-de-formation/licence-langues-litteratures-et-civilisations-etrangeres-et-regionales,Secondary school diploma,2.5,4.0,"Kurs motsvarande ABMM32 Arkivvetenskap: Förmedling och tillhandahållande, 7,5 hp, ABMM52 Biblioteks- och informationsvetenskap: Informationssökning och förmedling, 7,5 hp, eller ABMM72 Museologi: Materiell, immateriell och visuell kultur, 7,5 hp",academic qualifications; a personal statement; evidence of your English language skills (with relevant qualifications); a reference,Reference,Personal statement,plus a portfolio demonstrating artistic ability,"{""details"": ""DUO RIO reports GEEN_EISEN for EISEN_WERKZAAMHEDEN."", ""requirement_status"": ""not_required""}","{""data_period"": ""students graduating 2021-23"", ""measure"": ""graduates find their current work meaningful"", ""note"": ""data displayed is from students on this and other courses in Finance"", ""outcome_period"": ""15 months after graduation"", ""percentage"": 80}","{""audience"": null, ""description"": ""go on to work and/or study 15 months after the course"", ""outcome_type"": ""employment_rate"", ""percentage"": 85, ""population"": ""Creative arts and design graduates at Anglia Ruskin University""}",6,0,6,32,15.79,1,0,40,0,100.00
Campus de Lyon 3 à Bourg-en-Bresse,licence mention gestion,FR,bachelor,business,onisep-fr-stage1-002,222ba9b3-65ca-53ac-bc73-7957fd61353f,licence mention gestion,licence,3 ans,Bourg-en-Bresse,"temps plein, cours en présentiel",Français Secteurs disciplinaires concernés : Agro-alimentaire - Agronomie Scienc,Active,2026 HT,"{""credential"": ""tuition fee"", ""currency"": ""EUR"", ""fee_period"": ""annual"", ""maximum_amount"": 23700, ""minimum_amount"": 11850, ""source_text"": ""de 11850 euros jusqu'à 23700 euros en 2025 (de 3950 à 7900 euros par an selon les revenus)""}",programme,Additional fees may apply; see the institution fee schedule,institution,Mandatory fees vary by institution and enrolment,Application fee not specified in local artifacts,"{""details"": ""Financial support and scholarships For general sources of financial support, see our Fees and funding pages."", ""funding_type"": ""financial_aid_policy""}","{""amount"":15000,""currency"":""GBP""}","{""details"":""Financial support and scholarships For general sources of financial support, see our Fees and funding pages."",""funding_type"":""financial_aid_policy""}","{""amount"":15000,""currency"":""GBP""}",Students with children or dependant adults may qualify for a Childcare Grant or Adult Dependants' Grant.,See funding provider deadlines,6,"{""minimum_each"": 5.5, ""minimum_overall"": 6, ""source_text"": ""nables you to progress onto year 1 of this degree. English language requirements If English is not your first language, IELTS 6.0 overall with a minimum of 5.5 in each element. Find out about the other English qualifications that we accept . Studied before or got relevant experience? If you have suitable qualifications, credits from a previous university course or relevant professional experience, these could count towards your course at Brighton and you could start the course in year 2 or 3. Transferring from another university Thinking about""}",100,105,"{""requirement_status"": ""required"", ""test"": ""GMAT/GRE""}","{""source_label"": ""Start date"", ""start_dates"": [""2026-09-01""]}",2026-04-08,2025-12-01,2027-01-13,True,https://bourgenbresse.univ-lyon3.fr/licence-de-gestion-management-bourg-en-bresse-3,Secondary school diploma,2.5,4.0,including Mathematics and English Language or equivalents,Completing your qualification in autumn 2026; Work certificates; Bachelor´s degree (or higher) completed in Finland before 1995; Passport or residence permit to Finland; Special arrangements in the entrance examinations; Work Experience Template (CV); Bachelor´s degree (or higher) completed outside Finland; GMAT Exam or GRE test results,Reference,Personal statement,plus a portfolio demonstrating artistic ability,"{""details"": ""Relevant work experience may be considered if you do not meet the above criteria"", ""requirement_status"": ""conditional""}","[{""outcome_type"":""graduate_perception"",""period"":""15 months after graduation"",""population"":""Agriculture, food and related studies graduates at Askham Bryan College"",""statement"":""100% of graduates find their current work meaningful""},{""outcome_type"":""graduate_perception"",""period"":""15 months after graduation"",""population"":""Agriculture, food and related studies graduates at Askham Bryan College"",""statement"":""80% Usefulness I am utilising what I learnt during my studies in my current work.""},{""outcome_type"":""graduate_perception"",""period"":""15 months after graduation"",""population"":""Agriculture, food and related studies graduates at Askham Bryan College"",""statement"":""100% Meaningfulness My current work is meaningful.""},{""amount"":18500,""currency"":""GBP"",""outcome_type"":""median_earnings"",""period"":""3 years after the course"",""population"":""Animal science graduates at Askham Bryan College""},{""outcome_type"":""graduate_perception"",""period"":""15 months after graduation"",""population"":""Agriculture, food and related studies graduates at Askham Bryan College"",""statement"":""80% Future My current work fits with my future plans.""}]","{""audience"": null, ""outcome_type"": ""employment_or_study_rate"", ""percentage"": 80, ""period"": ""15 months after the course"", ""population"": ""Agriculture, food and related studies graduates at Askham Bryan College""}",6,0,6,32,15.79,1,0,40,0,100.00
Campus de Lyon 3 à Bourg-en-Bresse,licence mention histoire,FR,bachelor,other,onisep-fr-stage1-002,4a6dc990-011c-5b1c-8192-72159ff410fc,licence mention histoire,licence,3 ans,Bourg-en-Bresse,"temps plein, cours en présentiel",Français,Active,2026 HT,"{""credential"": ""tuition fee"", ""currency"": ""EUR"", ""fee_period"": ""annual"", ""maximum_amount"": 23700, ""minimum_amount"": 11850, ""source_text"": ""de 11850 euros jusqu'à 23700 euros en 2025 (de 3950 à 7900 euros par an selon les revenus)""}",programme,Additional fees may apply; see the institution fee schedule,institution,Mandatory fees vary by institution and enrolment,Application fee not specified in local artifacts,"{""details"": ""Bursaries, scholarships and part-time work We offer a range of scholarships and bursaries for UK and international students , which provide extra financial support while you’re at university."", ""funding_type"": ""financial_aid_policy""}","{""amount"":15000,""currency"":""GBP""}","{""details"":""Have the opportunity to participate in competitions and other professional opportunities, including the Carleton Hobbs Bursary Award (radio), the Sam Wanamaker Festival (The Globe) and The Spotlight Prize (Industry)."",""funding_type"":""financial_aid_policy""}","{""amount"":15000,""currency"":""GBP""}","If you're eligible for a scholarship, you'll generally receive it automatically – there's no need to apply.",See funding provider deadlines,6,"{""minimum_each"": 6.5, ""minimum_overall"": 7, ""source_text"": ""equire a Student visa to study in the UK are welcome to apply for entry in September 2026 Test Grade Additional details IELTS (Academic) 7 with no less than 6.5 in each section TOEFL (iBT) 100 with minimum scores of 19 in Writing and Listening, 19 in Reading, 20 in Speaking If your qualification is not listed here, please take a look at our international entry requirements page or get in touch with our admissions team on the form below. Please note, to be accepted onto this course; you will also need to demonstrate that you meet the minimum standards o""}",100,105,"[""SAT or 33 in ACT""]","{""periodNumber"": 4, ""semester"": ""HT"", ""year"": 2026}",2026-04-15,2025-12-01,2027-01-13,True,https://bourgenbresse.univ-lyon3.fr/licence-histoire-bourg-en-bresse-1,Secondary school diploma,2.5,4.0,"Kurs motsvarande ABMM32 Arkivvetenskap: Förmedling och tillhandahållande, 7,5 hp, ABMM52 Biblioteks- och informationsvetenskap: Informationssökning och förmedling, 7,5 hp, eller ABMM72 Museologi: Materiell, immateriell och visuell kultur, 7,5 hp",academic qualifications; a personal statement; evidence of your English language skills (with relevant qualifications); a reference,Reference,Personal statement,plus a portfolio demonstrating artistic ability,"{""details"": ""DUO RIO reports GEEN_EISEN for EISEN_WERKZAAMHEDEN."", ""requirement_status"": ""not_required""}","{""data_period"": ""students graduating 2021-23"", ""measure"": ""graduates find their current work meaningful"", ""note"": ""data displayed is from students on this and other courses in Finance"", ""outcome_period"": ""15 months after graduation"", ""percentage"": 80}","{""audience"": null, ""description"": ""go on to work and/or study 15 months after the course"", ""outcome_type"": ""employment_rate"", ""percentage"": 85, ""population"": ""Creative arts and design graduates at Anglia Ruskin University""}",6,0,6,32,15.79,1,0,40,0,100.00
Centrale Lille Institut,Master mecanique,FR,master,other,centrale-lille-fr-canary,51008e77-c0f0-545f-aa70-38f531ed5337,master mention mécanique,master,2 ans,Villeneuve-d'Ascq,"temps plein, cours en présentiel",Tous les cours sont uniquement enseignés en Anglais,Active,2026,"{""academic_cycle"":""2026"",""amount"":18000,""audience"":""international"",""credential"":""master"",""currency"":""EUR"",""fee_period"":""year""}",programme,Additional fees may apply; see the institution fee schedule,institution,Mandatory fees vary by institution and enrolment,Application fee not specified in local artifacts,"{""academic_cycle"":null,""amount"":null,""automatic_consideration"":null,""award_name"":null,""currency"":null,""details"":""gratuit en apprentissage"",""eligibility"":null,""funding_type"":""financial_aid_policy"",""repayable"":null,""separate_application_required"":null}",Varies,Funding options may be available,Varies,"Eligibility varies by citizenship, merit, and financial need",See funding provider deadlines,5,6.0 each,80,120,English proficiency test requirement varies,"{""periodNumber"": 1, ""semester"": ""VT"", ""year"": 2027}",2026-10-15,2025-12-01,2026-01-15,Not specified,https://centralelille.fr/formation/masters/fiche-master-data-science/,University Bachelor's degree,3.0,4.0,"Grundläggande behörighet och minst 7,5 hp arkivvetenskap eller motsvarande kunskap samt 1 års arbetslivserfarenhet inom arkivsektorn.",Application form; CV or resume; transcripts; degree certificate; language proof; passport,2 recommendation letters,Statement of purpose or motivation letter,Portfolio requirement depends on the programme,"{""details"": ""DUO RIO reports GEEN_EISEN for EISEN_WERKZAAMHEDEN."", ""requirement_status"": ""not_required""}",Career opportunities related to other,Career opportunities related to other,5,1,6,32,15.79,1,1,40,0,100.00
Centrale Lille Institut,Master sciences des donnees,FR,master,other,centrale-lille-fr-canary,8e8f2126-460d-5840-b1e8-d4144fbd4007,master mention sciences des données,master,2 ans,Villeneuve-d'Ascq,"temps plein, cours en présentiel",Tous les cours sont uniquement enseignés en Anglais,Active,2026,"{""academic_cycle"":""2026"",""amount"":18000,""audience"":""international"",""credential"":""master"",""currency"":""EUR"",""fee_period"":""year""}",programme,Additional fees may apply; see the institution fee schedule,institution,Mandatory fees vary by institution and enrolment,Application fee not specified in local artifacts,"{""academic_cycle"":null,""amount"":null,""automatic_consideration"":null,""award_name"":null,""currency"":null,""details"":""gratuit en apprentissage"",""eligibility"":null,""funding_type"":""financial_aid_policy"",""repayable"":null,""separate_application_required"":null}",Varies,Funding options may be available,Varies,"Eligibility varies by citizenship, merit, and financial need",See funding provider deadlines,5,6.0 each,80,120,English proficiency test requirement varies,"{""periodNumber"": 1, ""semester"": ""VT"", ""year"": 2027}",2026-10-15,2025-12-01,2026-01-15,Not specified,https://centralelille.fr/formation/masters/fiche-master-data-science/,University Bachelor's degree,3.0,4.0,"Grundläggande behörighet och minst 7,5 hp arkivvetenskap eller motsvarande kunskap samt 1 års arbetslivserfarenhet inom arkivsektorn.",Application form; CV or resume; transcripts; degree certificate; language proof; passport,2 recommendation letters,Statement of purpose or motivation letter,Portfolio requirement depends on the programme,"{""details"": ""DUO RIO reports GEEN_EISEN for EISEN_WERKZAAMHEDEN."", ""requirement_status"": ""not_required""}",Career opportunities related to other,Career opportunities related to other,6,0,6,32,15.79,1,0,40,0,100.00
EURECOM,master mention informatique,FR,master,computer science,onisep-fr-stage1-024,ceec9355-9c45-56cb-a776-d302dd78bb57,master mention informatique,master,2 ans,Biot,"temps plein, cours en présentiel",Tous les cours sont uniquement enseignés en Anglais,Active,2026,"{""academic_cycle"":""2026"",""amount"":18000,""audience"":""international"",""credential"":""master"",""currency"":""EUR"",""fee_period"":""year""}",programme,Additional fees may apply; see the institution fee schedule,institution,Mandatory fees vary by institution and enrolment,Application fee not specified in local artifacts,"{""academic_cycle"":null,""amount"":null,""automatic_consideration"":null,""award_name"":null,""currency"":null,""details"":""gratuit en apprentissage"",""eligibility"":null,""funding_type"":""financial_aid_policy"",""repayable"":null,""separate_application_required"":null}",Varies,Funding options may be available,Varies,"Eligibility varies by citizenship, merit, and financial need",See funding provider deadlines,5,6.0 each,80,120,English proficiency test requirement varies,"{""start_date"": ""2027-08-01""}",2027-01-05,2025-12-01,2026-01-15,Not specified,https://www.eurecom.fr/fr/les-formations/master-en-informatique,University Bachelor's degree,3.0,4.0,"Grundläggande behörighet och minst 7,5 hp arkivvetenskap eller motsvarande kunskap samt 1 års arbetslivserfarenhet inom arkivsektorn.",Application form; CV or resume; transcripts; degree certificate; language proof; passport,2 recommendation letters,Statement of purpose or motivation letter,Portfolio requirement depends on the programme,"{""details"": ""DUO RIO reports GEEN_EISEN for EISEN_WERKZAAMHEDEN."", ""requirement_status"": ""not_required""}",Career opportunities related to computer science,Career opportunities related to computer science,6,0,11,27,28.95,3,0,40,0,100.00
EURECOM,master mention réseaux et télécommunication,FR,master,other,onisep-fr-stage1-024,08ea5a7f-063b-5254-9e20-af26223b6208,master mention réseaux et télécommunication,master,2 ans,Biot,"temps plein, cours en présentiel",Tous les cours sont uniquement enseignés en Anglais,Active,2026,"{""academic_cycle"":""2026"",""amount"":18000,""audience"":""international"",""credential"":""master"",""currency"":""EUR"",""fee_period"":""year""}",programme,Additional fees may apply; see the institution fee schedule,institution,Mandatory fees vary by institution and enrolment,Application fee not specified in local artifacts,"{""academic_cycle"":null,""amount"":null,""automatic_consideration"":null,""award_name"":null,""currency"":null,""details"":""gratuit en apprentissage"",""eligibility"":null,""funding_type"":""financial_aid_policy"",""repayable"":null,""separate_application_required"":null}",Varies,Funding options may be available,Varies,"Eligibility varies by citizenship, merit, and financial need",See funding provider deadlines,5,6.0 each,80,120,English proficiency test requirement varies,"{""periodNumber"": 1, ""semester"": ""VT"", ""year"": 2027}",2026-10-15,2025-12-01,2026-01-15,Not specified,https://www.eurecom.fr/fr/les-formations/master-en-reseaux-et-telecommunication,University Bachelor's degree,3.0,4.0,"Grundläggande behörighet och minst 7,5 hp arkivvetenskap eller motsvarande kunskap samt 1 års arbetslivserfarenhet inom arkivsektorn.",Application form; CV or resume; transcripts; degree certificate; language proof; passport,2 recommendation letters,Statement of purpose or motivation letter,Portfolio requirement depends on the programme,"{""details"": ""DUO RIO reports GEEN_EISEN for EISEN_WERKZAAMHEDEN."", ""requirement_status"": ""not_required""}",Career opportunities related to other,Career opportunities related to other,6,0,11,27,28.95,3,0,40,0,100.00
Ecole centrale de Lyon,Master mention chimie et sciences des materiaux,FR,master,other,centrale-lyon-fr-canary,19238524-9803-53d5-ba61-dcbe17c6c55a,master mention chimie et sciences des matériaux,master,1 an,Ecully,"temps plein, cours en présentiel",Tous les cours sont uniquement enseignés en Anglais,Active,2025,"{""academic_cycle"":""2025"",""amount"":3941,""audience"":""international"",""credential"":""master"",""currency"":""EUR"",""fee_period"":""year""}",programme,Additional fees may apply; see the institution fee schedule,institution,Mandatory fees vary by institution and enrolment,Application fee not specified in local artifacts,"{""academic_cycle"":null,""amount"":null,""automatic_consideration"":null,""award_name"":null,""currency"":null,""details"":""gratuit en apprentissage"",""eligibility"":null,""funding_type"":""financial_aid_policy"",""repayable"":null,""separate_application_required"":null}",Varies,Funding options may be available,Varies,"Eligibility varies by citizenship, merit, and financial need",See funding provider deadlines,5,6.0 each,80,120,English proficiency test requirement varies,"{""periodNumber"": 1, ""semester"": ""VT"", ""year"": 2027}",2026-10-15,2024-12-01,2025-01-15,Not specified,https://www.ec-lyon.fr/formation/master-2-chimie-et-sciences-des-materiaux,University Bachelor's degree,3.0,4.0,"Grundläggande behörighet och minst 7,5 hp arkivvetenskap eller motsvarande kunskap samt 1 års arbetslivserfarenhet inom arkivsektorn.",Application form; CV or resume; transcripts; degree certificate; language proof; passport,2 recommendation letters,Statement of purpose or motivation letter,Portfolio requirement depends on the programme,"{""details"": ""DUO RIO reports GEEN_EISEN for EISEN_WERKZAAMHEDEN."", ""requirement_status"": ""not_required""}",Career opportunities related to other,Career opportunities related to other,6,0,8,30,21.05,2,0,40,0,100.00
Ecole centrale de Lyon,Master mention informatique,FR,master,computer science,centrale-lyon-fr-canary,11ff1bd2-c5f3-5999-b0c4-5f010956c67b,master mention informatique,master,1 an,Ecully,"temps plein, cours en présentiel",Tous les cours sont uniquement enseignés en Anglais,Active,2025,"{""academic_cycle"":""2025"",""amount"":3879,""audience"":""international"",""credential"":""master"",""currency"":""EUR"",""fee_period"":""year""}",programme,Additional fees may apply; see the institution fee schedule,institution,Mandatory fees vary by institution and enrolment,Application fee not specified in local artifacts,"{""academic_cycle"":null,""amount"":null,""automatic_consideration"":null,""award_name"":null,""currency"":null,""details"":""gratuit en apprentissage"",""eligibility"":null,""funding_type"":""financial_aid_policy"",""repayable"":null,""separate_application_required"":null}",Varies,Funding options may be available,Varies,"Eligibility varies by citizenship, merit, and financial need",See funding provider deadlines,5,6.0 each,80,120,English proficiency test requirement varies,"{""start_date"": ""2027-08-01""}",2027-01-05,2024-12-01,2025-01-15,Not specified,https://www.ec-lyon.fr/formation/master-2-informatique,University Bachelor's degree,3.0,4.0,"Grundläggande behörighet och minst 7,5 hp arkivvetenskap eller motsvarande kunskap samt 1 års arbetslivserfarenhet inom arkivsektorn.",Application form; CV or resume; transcripts; degree certificate; language proof; passport,2 recommendation letters,Statement of purpose or motivation letter,Portfolio requirement depends on the programme,"{""details"": ""DUO RIO reports GEEN_EISEN for EISEN_WERKZAAMHEDEN."", ""requirement_status"": ""not_required""}",Career opportunities related to computer science,Career opportunities related to computer science,6,0,8,30,21.05,2,0,40,0,100.00
Ecole normale superieure Paris-Saclay,Master mention biologie-sante,FR,master,other,ens-paris-saclay-fr-canary,49412a9b-8bd2-5754-979e-aacdc24e93ad,master mention biologie-santé,master,2 ans,Gif-sur-Yvette,"temps plein, cours en présentiel",Tous les cours sont uniquement enseignés en Anglais,Active,2026,"{""academic_cycle"":""2026"",""amount"":18000,""audience"":""international"",""credential"":""master"",""currency"":""EUR"",""fee_period"":""year""}",programme,Additional fees may apply; see the institution fee schedule,institution,Mandatory fees vary by institution and enrolment,Application fee not specified in local artifacts,"{""academic_cycle"":null,""amount"":null,""automatic_consideration"":null,""award_name"":null,""currency"":null,""details"":""gratuit en apprentissage"",""eligibility"":null,""funding_type"":""financial_aid_policy"",""repayable"":null,""separate_application_required"":null}",Varies,Funding options may be available,Varies,"Eligibility varies by citizenship, merit, and financial need",See funding provider deadlines,5,6.0 each,80,120,English proficiency test requirement varies,"{""periodNumber"": 1, ""semester"": ""VT"", ""year"": 2027}",2026-10-15,2025-12-01,2026-01-15,Not specified,https://univ-cotedazur.fr/servlet/com.jsbsoft.jtf.core.SG?%23ECRAN_LOGIQUE%23=RECHERCHE&PROC=RECHERCHE&ACTION=VALIDER&RH=1595659207794&OBJET=FORMATION&LANGUE=0&FORMATION_INITIALE=&REPRISE_ETUDES=&PARTIELLEMENT_DISTANCE=&TOTALEMENT_DISTANCE=&ALTERNANCE=&LIBELLE=&GRADE=0000&TYPE_DIPLOME=MASTER&FORMATION=0000&MODALITE=ALTERNANCE&DOMAINE_LMD=0000,University Bachelor's degree,3.0,4.0,"Grundläggande behörighet och minst 7,5 hp arkivvetenskap eller motsvarande kunskap samt 1 års arbetslivserfarenhet inom arkivsektorn.",Application form; CV or resume; transcripts; degree certificate; language proof; passport,2 recommendation letters,Statement of purpose or motivation letter,Portfolio requirement depends on the programme,"{""details"": ""DUO RIO reports GEEN_EISEN for EISEN_WERKZAAMHEDEN."", ""requirement_status"": ""not_required""}",Career opportunities related to other,Career opportunities related to other,5,0,5,33,13.16,1,0,40,0,100.00
Ecole normale superieure Paris-Saclay,Master mention physique fondamentale et applications,FR,master,other,ens-paris-saclay-fr-canary,62a663d6-de90-5325-922d-27656a7c3d3c,master mention physique fondamentale et applications,master,2 ans,Gif-sur-Yvette,"temps plein, cours en présentiel",Tous les cours sont uniquement enseignés en Anglais,Active,2026,"{""academic_cycle"":""2026"",""amount"":18000,""audience"":""international"",""credential"":""master"",""currency"":""EUR"",""fee_period"":""year""}",programme,Additional fees may apply; see the institution fee schedule,institution,Mandatory fees vary by institution and enrolment,Application fee not specified in local artifacts,"{""academic_cycle"":null,""amount"":null,""automatic_consideration"":null,""award_name"":null,""currency"":null,""details"":""gratuit en apprentissage"",""eligibility"":null,""funding_type"":""financial_aid_policy"",""repayable"":null,""separate_application_required"":null}",Varies,Funding options may be available,Varies,"Eligibility varies by citizenship, merit, and financial need",See funding provider deadlines,5,6.0 each,80,120,English proficiency test requirement varies,"{""periodNumber"": 1, ""semester"": ""VT"", ""year"": 2027}",2026-10-15,2025-12-01,2026-01-15,Not specified,https://univ-cotedazur.fr/servlet/com.jsbsoft.jtf.core.SG?%23ECRAN_LOGIQUE%23=RECHERCHE&PROC=RECHERCHE&ACTION=VALIDER&RH=1595659207794&OBJET=FORMATION&LANGUE=0&FORMATION_INITIALE=&REPRISE_ETUDES=&PARTIELLEMENT_DISTANCE=&TOTALEMENT_DISTANCE=&ALTERNANCE=&LIBELLE=&GRADE=0000&TYPE_DIPLOME=MASTER&FORMATION=0000&MODALITE=ALTERNANCE&DOMAINE_LMD=0000,University Bachelor's degree,3.0,4.0,"Grundläggande behörighet och minst 7,5 hp arkivvetenskap eller motsvarande kunskap samt 1 års arbetslivserfarenhet inom arkivsektorn.",Application form; CV or resume; transcripts; degree certificate; language proof; passport,2 recommendation letters,Statement of purpose or motivation letter,Portfolio requirement depends on the programme,"{""details"": ""DUO RIO reports GEEN_EISEN for EISEN_WERKZAAMHEDEN."", ""requirement_status"": ""not_required""}",Career opportunities related to other,Career opportunities related to other,5,0,5,33,13.16,1,0,40,0,100.00
Facultes libres de l'Ouest - UCO Nantes,Licence mention information-communication,FR,bachelor,computer science,uco-nantes-fr-canary,150cc360-0583-5ca4-b727-85c3655122d8,licence mention information-communication,licence,3 ans,Rezé,"temps plein, cours en présentiel",Français Secteurs disciplinaires concernés : Agro-alimentaire - Agronomie Scienc,Active,2026,"{""credential"": ""tuition fee"", ""currency"": ""EUR"", ""fee_period"": ""annual"", ""maximum_amount"": 23700, ""minimum_amount"": 11850, ""source_text"": ""de 11850 euros jusqu'à 23700 euros en 2025 (de 3950 à 7900 euros par an selon les revenus)""}",programme,Additional fees may apply; see the institution fee schedule,institution,Mandatory fees vary by institution and enrolment,Application fee not specified in local artifacts,"{""details"": ""More information Find out more about the TMUA , including information on how to book, test fees, bursaries for UK candidates in financial need, access arrangements and how to prepare."", ""funding_type"": ""financial_aid_policy""}","{""amount"":15000,""currency"":""GBP""}","{""details"":""Scholarships View all scholarships Imperial Inspires Scholarships Value per award £15,000 per year for each year of the course."",""funding_type"":""financial_aid_policy""}","{""amount"":15000,""currency"":""GBP""}","Imperial Bursary The Imperial Bursary is available to all Home undergraduate students with a household income below £70,000 per year.",See funding provider deadlines,6.5,"{""minimum_each"": 6.5, ""minimum_overall"": 7, ""source_text"": ""English Language grade B/6. GCSE/IGCSE English Literature will not be accepted in lieu of GCSE/IGCSE English Language. IELTS 7.0 overall, with no subscore below 6.5 TOEFL iBT 100 overall, with no subscore below 22 An acceptable equivalent qualification Students eligible for a contextual offer or with a WP flag will be required to evidence English language proficiency at GCSE English Language grade C/4. This concession only applies to GCSE/IGCSE. See our contextual admissions page for full details and to check your eligibility. If you need to""}","{""audience"": null, ""minimum_overall_score"": 78, ""test"": ""TOEFL iBT""}",105,"[""SAT or 33 in ACT""]","{""source_label"": ""Start date"", ""start_dates"": [""2027-09-01""]}",2027-01-13,2025-12-01,2027-01-13,True,http://nantes.uco.fr/fr/formations/humanites/licence-information-communication-nantes,Secondary school diploma,2.5,4.0,"[""Finnish matriculation examination"",""International Baccalaureate degree (IB)"",""European Baccalaureate degree (EB)"",""Deutsches Internationales Abitur degree (DIA) or Reifeprüfung degree (RP) in Finland"",""A Finnish vocational upper secondary qualification, further vocational qualification, or specialist vocational qualification as set in the Vocational Education Act (531/2017)"",""any other comparable upper secondary educational qualification that provides eligibility for university-level Bachelor’s studies in the country in question."",""Cambridge Assessment International Education A-level or Advanced International Certificate of Education degree (AICE)"",""has the right to study towards a university degree in Finland"",""holds a degree conferred by a Finnish higher education institution"",""holds at least a bachelor's level degree conferred by a foreign institution.""]",academic qualifications; a personal statement; evidence of your English language skills (with relevant qualifications); a reference,Reference,Personal statement,plus a portfolio demonstrating artistic ability,"{""details"": ""DUO RIO reports GEEN_EISEN for EISEN_WERKZAAMHEDEN."", ""requirement_status"": ""not_required""}","{""occupation"": ""Information Technology Professionals"", ""percentage"": 85, ""period"": ""15 months after the course""}","{""cohort"":""BA (Hons) Computer Science graduates at University of Cambridge"",""employment_rate"":""90%"",""period"":""15 months after the course""}",7,0,7,31,18.42,1,0,40,0,100.00
Facultes libres de l'Ouest - UCO Nantes,Licence mention science politique,FR,bachelor,other,uco-nantes-fr-canary,bfc45f5d-0a97-5713-983e-d41f43e9de06,licence mention science politique,licence,3 ans,Rezé,"temps plein, cours en présentiel",Français,Active,2026 HT,"{""credential"": ""tuition fee"", ""currency"": ""EUR"", ""fee_period"": ""annual"", ""maximum_amount"": 23700, ""minimum_amount"": 11850, ""source_text"": ""de 11850 euros jusqu'à 23700 euros en 2025 (de 3950 à 7900 euros par an selon les revenus)""}",programme,Additional fees may apply; see the institution fee schedule,institution,Mandatory fees vary by institution and enrolment,Application fee not specified in local artifacts,"{""details"": ""Bursaries, scholarships and part-time work We offer a range of scholarships and bursaries for UK and international students , which provide extra financial support while you’re at university."", ""funding_type"": ""financial_aid_policy""}","{""amount"":15000,""currency"":""GBP""}","{""details"":""Have the opportunity to participate in competitions and other professional opportunities, including the Carleton Hobbs Bursary Award (radio), the Sam Wanamaker Festival (The Globe) and The Spotlight Prize (Industry)."",""funding_type"":""financial_aid_policy""}","{""amount"":15000,""currency"":""GBP""}","If you're eligible for a scholarship, you'll generally receive it automatically – there's no need to apply.",See funding provider deadlines,6,"{""minimum_each"": 6.5, ""minimum_overall"": 7, ""source_text"": ""equire a Student visa to study in the UK are welcome to apply for entry in September 2026 Test Grade Additional details IELTS (Academic) 7 with no less than 6.5 in each section TOEFL (iBT) 100 with minimum scores of 19 in Writing and Listening, 19 in Reading, 20 in Speaking If your qualification is not listed here, please take a look at our international entry requirements page or get in touch with our admissions team on the form below. Please note, to be accepted onto this course; you will also need to demonstrate that you meet the minimum standards o""}",100,105,"[""SAT or 33 in ACT""]","{""periodNumber"": 4, ""semester"": ""HT"", ""year"": 2026}",2026-04-15,2025-12-01,2027-01-13,True,https://nantes.uco.fr/fr/formations/droit-economie-gestion/licence-science-politique-nantes,Secondary school diploma,2.5,4.0,"Kurs motsvarande ABMM32 Arkivvetenskap: Förmedling och tillhandahållande, 7,5 hp, ABMM52 Biblioteks- och informationsvetenskap: Informationssökning och förmedling, 7,5 hp, eller ABMM72 Museologi: Materiell, immateriell och visuell kultur, 7,5 hp",academic qualifications; a personal statement; evidence of your English language skills (with relevant qualifications); a reference,Reference,Personal statement,plus a portfolio demonstrating artistic ability,"{""details"": ""DUO RIO reports GEEN_EISEN for EISEN_WERKZAAMHEDEN."", ""requirement_status"": ""not_required""}","{""data_period"": ""students graduating 2021-23"", ""measure"": ""graduates find their current work meaningful"", ""note"": ""data displayed is from students on this and other courses in Finance"", ""outcome_period"": ""15 months after graduation"", ""percentage"": 80}","{""audience"": null, ""description"": ""go on to work and/or study 15 months after the course"", ""outcome_type"": ""employment_rate"", ""percentage"": 85, ""population"": ""Creative arts and design graduates at Anglia Ruskin University""}",7,0,7,31,18.42,1,0,40,0,100.00
Grenoble INP - UGA,Master informatique,FR,master,computer science,grenoble-inp-fr-canary,bf308eef-94f1-5ee2-93f5-29797353ff96,master mention informatique,master,2 ans,Saint-Martin-d'Hères,"temps plein, cours en présentiel",Tous les cours sont uniquement enseignés en Anglais,Active,2026,EUR 8500 / year,programme,Additional fees may apply; see the institution fee schedule,institution,Mandatory fees vary by institution and enrolment,Application fee not specified in local artifacts,"{""academic_cycle"":null,""amount"":null,""automatic_consideration"":null,""award_name"":null,""currency"":null,""details"":""gratuit en apprentissage"",""eligibility"":null,""funding_type"":""financial_aid_policy"",""repayable"":null,""separate_application_required"":null}",Varies,Funding options may be available,Varies,"Eligibility varies by citizenship, merit, and financial need",See funding provider deadlines,5,6.0 each,80,120,English proficiency test requirement varies,"{""start_date"": ""2027-08-01""}",2027-01-05,2025-12-01,2026-01-15,Not specified,https://ensimag.grenoble-inp.fr/fr/formation/masters,University Bachelor's degree,3.0,4.0,"Grundläggande behörighet och minst 7,5 hp arkivvetenskap eller motsvarande kunskap samt 1 års arbetslivserfarenhet inom arkivsektorn.",Application form; CV or resume; transcripts; degree certificate; language proof; passport,2 recommendation letters,Statement of purpose or motivation letter,Portfolio requirement depends on the programme,"{""details"": ""DUO RIO reports GEEN_EISEN for EISEN_WERKZAAMHEDEN."", ""requirement_status"": ""not_required""}",Career opportunities related to computer science,Career opportunities related to computer science,6,0,6,32,15.79,1,0,40,0,100.00
Grenoble INP - UGA,Master mathematiques et applications,FR,master,other,grenoble-inp-fr-canary,c6eca011-652e-5337-acaf-ddaeb1183845,master mention mathématiques et applications,master,2 ans,Saint-Martin-d'Hères,"temps plein, cours en présentiel",Tous les cours sont uniquement enseignés en Anglais,Active,2026,"{""academic_cycle"":""2026"",""amount"":18000,""audience"":""international"",""credential"":""master"",""currency"":""EUR"",""fee_period"":""year""}",programme,Additional fees may apply; see the institution fee schedule,institution,Mandatory fees vary by institution and enrolment,Application fee not specified in local artifacts,"{""academic_cycle"":null,""amount"":null,""automatic_consideration"":null,""award_name"":null,""currency"":null,""details"":""gratuit en apprentissage"",""eligibility"":null,""funding_type"":""financial_aid_policy"",""repayable"":null,""separate_application_required"":null}",Varies,Funding options may be available,Varies,"Eligibility varies by citizenship, merit, and financial need",See funding provider deadlines,5,6.0 each,80,120,English proficiency test requirement varies,"{""periodNumber"": 1, ""semester"": ""VT"", ""year"": 2027}",2026-10-15,2025-12-01,2026-01-15,Not specified,https://ensimag.grenoble-inp.fr/fr/formation/masters,University Bachelor's degree,3.0,4.0,"Grundläggande behörighet och minst 7,5 hp arkivvetenskap eller motsvarande kunskap samt 1 års arbetslivserfarenhet inom arkivsektorn.",Application form; CV or resume; transcripts; degree certificate; language proof; passport,2 recommendation letters,Statement of purpose or motivation letter,Portfolio requirement depends on the programme,"{""details"": ""DUO RIO reports GEEN_EISEN for EISEN_WERKZAAMHEDEN."", ""requirement_status"": ""not_required""}",Career opportunities related to other,Career opportunities related to other,6,0,6,32,15.79,1,0,40,0,100.00
IUT Clermont Auvergne - site de Montluçon,BUT génie électrique et informatique industrielle parcours électricité et maîtrise de l'énergie,FR,bachelor,computer science,onisep-fr-stage1-013,4c35dae7-87c2-5354-824b-be18661a1765,BUT génie électrique et informatique industrielle parcours électricité et maîtrise de l'énergie,bachelor universitaire de technologie,3 ans,Montluçon,"temps plein, cours en présentiel",Français Secteurs disciplinaires concernés : Agro-alimentaire - Agronomie Scienc,Active,2026,"{""credential"": ""tuition fee"", ""currency"": ""EUR"", ""fee_period"": ""annual"", ""maximum_amount"": 23700, ""minimum_amount"": 11850, ""source_text"": ""de 11850 euros jusqu'à 23700 euros en 2025 (de 3950 à 7900 euros par an selon les revenus)""}",programme,Additional fees may apply; see the institution fee schedule,institution,Mandatory fees vary by institution and enrolment,Application fee not specified in local artifacts,"{""details"": ""More information Find out more about the TMUA , including information on how to book, test fees, bursaries for UK candidates in financial need, access arrangements and how to prepare."", ""funding_type"": ""financial_aid_policy""}","{""amount"":15000,""currency"":""GBP""}","{""details"":""Scholarships View all scholarships Imperial Inspires Scholarships Value per award £15,000 per year for each year of the course."",""funding_type"":""financial_aid_policy""}","{""amount"":15000,""currency"":""GBP""}","Imperial Bursary The Imperial Bursary is available to all Home undergraduate students with a household income below £70,000 per year.",See funding provider deadlines,6.5,"{""minimum_each"": 6.5, ""minimum_overall"": 7, ""source_text"": ""English Language grade B/6. GCSE/IGCSE English Literature will not be accepted in lieu of GCSE/IGCSE English Language. IELTS 7.0 overall, with no subscore below 6.5 TOEFL iBT 100 overall, with no subscore below 22 An acceptable equivalent qualification Students eligible for a contextual offer or with a WP flag will be required to evidence English language proficiency at GCSE English Language grade C/4. This concession only applies to GCSE/IGCSE. See our contextual admissions page for full details and to check your eligibility. If you need to""}","{""audience"": null, ""minimum_overall_score"": 78, ""test"": ""TOEFL iBT""}",105,"[""SAT or 33 in ACT""]","{""source_label"": ""Start date"", ""start_dates"": [""2027-09-01""]}",2027-01-13,2025-12-01,2027-01-13,True,https://www.uca.fr/formation/nos-formations/par-ufr-ecoles-et-iut/iut-clermont-auvergne/but/but-genie-electrique-et-informatique-industrielle#presentation,Secondary school diploma,2.5,4.0,"[""Finnish matriculation examination"",""International Baccalaureate degree (IB)"",""European Baccalaureate degree (EB)"",""Deutsches Internationales Abitur degree (DIA) or Reifeprüfung degree (RP) in Finland"",""A Finnish vocational upper secondary qualification, further vocational qualification, or specialist vocational qualification as set in the Vocational Education Act (531/2017)"",""any other comparable upper secondary educational qualification that provides eligibility for university-level Bachelor’s studies in the country in question."",""Cambridge Assessment International Education A-level or Advanced International Certificate of Education degree (AICE)"",""has the right to study towards a university degree in Finland"",""holds a degree conferred by a Finnish higher education institution"",""holds at least a bachelor's level degree conferred by a foreign institution.""]",academic qualifications; a personal statement; evidence of your English language skills (with relevant qualifications); a reference,Reference,Personal statement,plus a portfolio demonstrating artistic ability,"{""details"": ""DUO RIO reports GEEN_EISEN for EISEN_WERKZAAMHEDEN."", ""requirement_status"": ""not_required""}","{""occupation"": ""Information Technology Professionals"", ""percentage"": 85, ""period"": ""15 months after the course""}","{""cohort"":""BA (Hons) Computer Science graduates at University of Cambridge"",""employment_rate"":""90%"",""period"":""15 months after the course""}",6,0,6,32,15.79,1,0,40,0,100.00
IUT Clermont Auvergne - site de Montluçon,BUT métiers de la transition et de l'efficacité énergétiques parcours réalisation des installations énergétiques pour le bâtiment et l'industrie,FR,bachelor,other,onisep-fr-stage1-013,c71397c3-c640-5a07-9cb8-8f9d7f00b9a8,BUT métiers de la transition et de l'efficacité énergétiques parcours réalisation des installations énergétiques pour le bâtiment et l'industrie,bachelor universitaire de technologie,3 ans,Montluçon,"temps plein, cours en présentiel",Français,Active,2026 HT,"{""credential"": ""tuition fee"", ""currency"": ""EUR"", ""fee_period"": ""annual"", ""maximum_amount"": 23700, ""minimum_amount"": 11850, ""source_text"": ""de 11850 euros jusqu'à 23700 euros en 2025 (de 3950 à 7900 euros par an selon les revenus)""}",programme,Additional fees may apply; see the institution fee schedule,institution,Mandatory fees vary by institution and enrolment,Application fee not specified in local artifacts,"{""details"": ""Bursaries, scholarships and part-time work We offer a range of scholarships and bursaries for UK and international students , which provide extra financial support while you’re at university."", ""funding_type"": ""financial_aid_policy""}","{""amount"":15000,""currency"":""GBP""}","{""details"":""Have the opportunity to participate in competitions and other professional opportunities, including the Carleton Hobbs Bursary Award (radio), the Sam Wanamaker Festival (The Globe) and The Spotlight Prize (Industry)."",""funding_type"":""financial_aid_policy""}","{""amount"":15000,""currency"":""GBP""}","If you're eligible for a scholarship, you'll generally receive it automatically – there's no need to apply.",See funding provider deadlines,6,"{""minimum_each"": 6.5, ""minimum_overall"": 7, ""source_text"": ""equire a Student visa to study in the UK are welcome to apply for entry in September 2026 Test Grade Additional details IELTS (Academic) 7 with no less than 6.5 in each section TOEFL (iBT) 100 with minimum scores of 19 in Writing and Listening, 19 in Reading, 20 in Speaking If your qualification is not listed here, please take a look at our international entry requirements page or get in touch with our admissions team on the form below. Please note, to be accepted onto this course; you will also need to demonstrate that you meet the minimum standards o""}",100,105,"[""SAT or 33 in ACT""]","{""periodNumber"": 4, ""semester"": ""HT"", ""year"": 2026}",2026-04-15,2025-12-01,2027-01-13,True,https://www.uca.fr/formation/nos-formations/par-ufr-ecoles-et-iut/iut-clermont-auvergne/but/but-genie-thermique,Secondary school diploma,2.5,4.0,"Kurs motsvarande ABMM32 Arkivvetenskap: Förmedling och tillhandahållande, 7,5 hp, ABMM52 Biblioteks- och informationsvetenskap: Informationssökning och förmedling, 7,5 hp, eller ABMM72 Museologi: Materiell, immateriell och visuell kultur, 7,5 hp",academic qualifications; a personal statement; evidence of your English language skills (with relevant qualifications); a reference,Reference,Personal statement,plus a portfolio demonstrating artistic ability,"{""details"": ""DUO RIO reports GEEN_EISEN for EISEN_WERKZAAMHEDEN."", ""requirement_status"": ""not_required""}","{""data_period"": ""students graduating 2021-23"", ""measure"": ""graduates find their current work meaningful"", ""note"": ""data displayed is from students on this and other courses in Finance"", ""outcome_period"": ""15 months after graduation"", ""percentage"": 80}","{""audience"": null, ""description"": ""go on to work and/or study 15 months after the course"", ""outcome_type"": ""employment_rate"", ""percentage"": 85, ""population"": ""Creative arts and design graduates at Anglia Ruskin University""}",6,0,6,32,15.79,1,0,40,0,100.00
IUT Clermont Auvergne - site de Moulins,BUT techniques de commercialisation parcours business international : achat et vente,FR,bachelor,other,onisep-fr-stage1-010,8fdc5c4f-eace-5dd7-a0a2-85c3d9aeb144,BUT techniques de commercialisation parcours business international : achat et vente,bachelor universitaire de technologie,3 ans,Moulins,"temps plein, cours en présentiel",Français,Active,2026 HT,"{""credential"": ""tuition fee"", ""currency"": ""EUR"", ""fee_period"": ""annual"", ""maximum_amount"": 23700, ""minimum_amount"": 11850, ""source_text"": ""de 11850 euros jusqu'à 23700 euros en 2025 (de 3950 à 7900 euros par an selon les revenus)""}",programme,Additional fees may apply; see the institution fee schedule,institution,Mandatory fees vary by institution and enrolment,Application fee not specified in local artifacts,"{""details"": ""Bursaries, scholarships and part-time work We offer a range of scholarships and bursaries for UK and international students , which provide extra financial support while you’re at university."", ""funding_type"": ""financial_aid_policy""}","{""amount"":15000,""currency"":""GBP""}","{""details"":""Have the opportunity to participate in competitions and other professional opportunities, including the Carleton Hobbs Bursary Award (radio), the Sam Wanamaker Festival (The Globe) and The Spotlight Prize (Industry)."",""funding_type"":""financial_aid_policy""}","{""amount"":15000,""currency"":""GBP""}","If you're eligible for a scholarship, you'll generally receive it automatically – there's no need to apply.",See funding provider deadlines,6,"{""minimum_each"": 6.5, ""minimum_overall"": 7, ""source_text"": ""equire a Student visa to study in the UK are welcome to apply for entry in September 2026 Test Grade Additional details IELTS (Academic) 7 with no less than 6.5 in each section TOEFL (iBT) 100 with minimum scores of 19 in Writing and Listening, 19 in Reading, 20 in Speaking If your qualification is not listed here, please take a look at our international entry requirements page or get in touch with our admissions team on the form below. Please note, to be accepted onto this course; you will also need to demonstrate that you meet the minimum standards o""}",100,105,"[""SAT or 33 in ACT""]","{""periodNumber"": 4, ""semester"": ""HT"", ""year"": 2026}",2026-04-15,2025-12-01,2027-01-13,True,https://www.uca.fr/formation/nos-formations/par-ufr-ecoles-et-iut/iut-clermont-auvergne/but/but-techniques-de-commercialisation-moulins-1#inscriptions,Secondary school diploma,2.5,4.0,"Kurs motsvarande ABMM32 Arkivvetenskap: Förmedling och tillhandahållande, 7,5 hp, ABMM52 Biblioteks- och informationsvetenskap: Informationssökning och förmedling, 7,5 hp, eller ABMM72 Museologi: Materiell, immateriell och visuell kultur, 7,5 hp",academic qualifications; a personal statement; evidence of your English language skills (with relevant qualifications); a reference,Reference,Personal statement,plus a portfolio demonstrating artistic ability,"{""details"": ""DUO RIO reports GEEN_EISEN for EISEN_WERKZAAMHEDEN."", ""requirement_status"": ""not_required""}","{""data_period"": ""students graduating 2021-23"", ""measure"": ""graduates find their current work meaningful"", ""note"": ""data displayed is from students on this and other courses in Finance"", ""outcome_period"": ""15 months after graduation"", ""percentage"": 80}","{""audience"": null, ""description"": ""go on to work and/or study 15 months after the course"", ""outcome_type"": ""employment_rate"", ""percentage"": 85, ""population"": ""Creative arts and design graduates at Anglia Ruskin University""}",6,0,6,32,15.79,1,0,40,0,100.00
IUT Clermont Auvergne - site de Moulins,"BUT techniques de commercialisation parcours marketing digital, e-business et entrepreneuriat",FR,bachelor,other,onisep-fr-stage1-010,4bc4287b-b630-55b7-bebb-1505a023ea61,"BUT techniques de commercialisation parcours marketing digital, e-business et entrepreneuriat",bachelor universitaire de technologie,3 ans,Moulins,"temps plein, cours en présentiel",Français,Active,2026 HT,"{""credential"": ""tuition fee"", ""currency"": ""EUR"", ""fee_period"": ""annual"", ""maximum_amount"": 23700, ""minimum_amount"": 11850, ""source_text"": ""de 11850 euros jusqu'à 23700 euros en 2025 (de 3950 à 7900 euros par an selon les revenus)""}",programme,Additional fees may apply; see the institution fee schedule,institution,Mandatory fees vary by institution and enrolment,Application fee not specified in local artifacts,"{""details"": ""Bursaries, scholarships and part-time work We offer a range of scholarships and bursaries for UK and international students , which provide extra financial support while you’re at university."", ""funding_type"": ""financial_aid_policy""}","{""amount"":15000,""currency"":""GBP""}","{""details"":""Have the opportunity to participate in competitions and other professional opportunities, including the Carleton Hobbs Bursary Award (radio), the Sam Wanamaker Festival (The Globe) and The Spotlight Prize (Industry)."",""funding_type"":""financial_aid_policy""}","{""amount"":15000,""currency"":""GBP""}","If you're eligible for a scholarship, you'll generally receive it automatically – there's no need to apply.",See funding provider deadlines,6,"{""minimum_each"": 6.5, ""minimum_overall"": 7, ""source_text"": ""equire a Student visa to study in the UK are welcome to apply for entry in September 2026 Test Grade Additional details IELTS (Academic) 7 with no less than 6.5 in each section TOEFL (iBT) 100 with minimum scores of 19 in Writing and Listening, 19 in Reading, 20 in Speaking If your qualification is not listed here, please take a look at our international entry requirements page or get in touch with our admissions team on the form below. Please note, to be accepted onto this course; you will also need to demonstrate that you meet the minimum standards o""}",100,105,"[""SAT or 33 in ACT""]","{""periodNumber"": 4, ""semester"": ""HT"", ""year"": 2026}",2026-04-15,2025-12-01,2027-01-13,True,https://www.uca.fr/formation/nos-formations/par-ufr-ecoles-et-iut/iut-clermont-auvergne/but/but-techniques-de-commercialisation-moulins-1#inscriptions,Secondary school diploma,2.5,4.0,"Kurs motsvarande ABMM32 Arkivvetenskap: Förmedling och tillhandahållande, 7,5 hp, ABMM52 Biblioteks- och informationsvetenskap: Informationssökning och förmedling, 7,5 hp, eller ABMM72 Museologi: Materiell, immateriell och visuell kultur, 7,5 hp",academic qualifications; a personal statement; evidence of your English language skills (with relevant qualifications); a reference,Reference,Personal statement,plus a portfolio demonstrating artistic ability,"{""details"": ""DUO RIO reports GEEN_EISEN for EISEN_WERKZAAMHEDEN."", ""requirement_status"": ""not_required""}","{""data_period"": ""students graduating 2021-23"", ""measure"": ""graduates find their current work meaningful"", ""note"": ""data displayed is from students on this and other courses in Finance"", ""outcome_period"": ""15 months after graduation"", ""percentage"": 80}","{""audience"": null, ""description"": ""go on to work and/or study 15 months after the course"", ""outcome_type"": ""employment_rate"", ""percentage"": 85, ""population"": ""Creative arts and design graduates at Anglia Ruskin University""}",6,0,6,32,15.79,1,0,40,0,100.00
IUT Clermont Auvergne - site de Vichy,BUT métiers du multimédia et de l'internet parcours création numérique,FR,bachelor,computer science,onisep-fr-stage1-011,6bd2a8b8-9767-5c0b-9580-2c8fbda3c98b,BUT métiers du multimédia et de l'internet parcours création numérique,bachelor universitaire de technologie,3 ans,Vichy,"temps plein, cours en présentiel",Français Secteurs disciplinaires concernés : Agro-alimentaire - Agronomie Scienc,Active,2026,"{""credential"": ""tuition fee"", ""currency"": ""EUR"", ""fee_period"": ""annual"", ""maximum_amount"": 23700, ""minimum_amount"": 11850, ""source_text"": ""de 11850 euros jusqu'à 23700 euros en 2025 (de 3950 à 7900 euros par an selon les revenus)""}",programme,Additional fees may apply; see the institution fee schedule,institution,Mandatory fees vary by institution and enrolment,Application fee not specified in local artifacts,"{""details"": ""More information Find out more about the TMUA , including information on how to book, test fees, bursaries for UK candidates in financial need, access arrangements and how to prepare."", ""funding_type"": ""financial_aid_policy""}","{""amount"":15000,""currency"":""GBP""}","{""details"":""Scholarships View all scholarships Imperial Inspires Scholarships Value per award £15,000 per year for each year of the course."",""funding_type"":""financial_aid_policy""}","{""amount"":15000,""currency"":""GBP""}","Imperial Bursary The Imperial Bursary is available to all Home undergraduate students with a household income below £70,000 per year.",See funding provider deadlines,6.5,"{""minimum_each"": 6.5, ""minimum_overall"": 7, ""source_text"": ""English Language grade B/6. GCSE/IGCSE English Literature will not be accepted in lieu of GCSE/IGCSE English Language. IELTS 7.0 overall, with no subscore below 6.5 TOEFL iBT 100 overall, with no subscore below 22 An acceptable equivalent qualification Students eligible for a contextual offer or with a WP flag will be required to evidence English language proficiency at GCSE English Language grade C/4. This concession only applies to GCSE/IGCSE. See our contextual admissions page for full details and to check your eligibility. If you need to""}","{""audience"": null, ""minimum_overall_score"": 78, ""test"": ""TOEFL iBT""}",105,"[""SAT or 33 in ACT""]","{""source_label"": ""Start date"", ""start_dates"": [""2027-09-01""]}",2027-01-13,2025-12-01,2027-01-13,True,https://www.uca.fr/formation/nos-formations/par-ufr-ecoles-et-iut/iut-clermont-auvergne/but/but-metiers-du-multimedia-et-de-linternet-vichy#presentation,Secondary school diploma,2.5,4.0,"[""Finnish matriculation examination"",""International Baccalaureate degree (IB)"",""European Baccalaureate degree (EB)"",""Deutsches Internationales Abitur degree (DIA) or Reifeprüfung degree (RP) in Finland"",""A Finnish vocational upper secondary qualification, further vocational qualification, or specialist vocational qualification as set in the Vocational Education Act (531/2017)"",""any other comparable upper secondary educational qualification that provides eligibility for university-level Bachelor’s studies in the country in question."",""Cambridge Assessment International Education A-level or Advanced International Certificate of Education degree (AICE)"",""has the right to study towards a university degree in Finland"",""holds a degree conferred by a Finnish higher education institution"",""holds at least a bachelor's level degree conferred by a foreign institution.""]",academic qualifications; a personal statement; evidence of your English language skills (with relevant qualifications); a reference,Reference,Personal statement,plus a portfolio demonstrating artistic ability,"{""details"": ""DUO RIO reports GEEN_EISEN for EISEN_WERKZAAMHEDEN."", ""requirement_status"": ""not_required""}","{""occupation"": ""Information Technology Professionals"", ""percentage"": 85, ""period"": ""15 months after the course""}","{""cohort"":""BA (Hons) Computer Science graduates at University of Cambridge"",""employment_rate"":""90%"",""period"":""15 months after the course""}",6,0,6,32,15.79,1,0,40,0,100.00
IUT Clermont Auvergne - site de Vichy,BUT métiers du multimédia et de l'internet parcours stratégie de communication numérique et design d'expérience,FR,bachelor,computer science,onisep-fr-stage1-011,c8b582cd-d346-5415-8893-e40e62413526,BUT métiers du multimédia et de l'internet parcours stratégie de communication numérique et design d'expérience,bachelor universitaire de technologie,3 ans,Vichy,"temps plein, cours en présentiel",Français Secteurs disciplinaires concernés : Agro-alimentaire - Agronomie Scienc,Active,2026,"{""credential"": ""tuition fee"", ""currency"": ""EUR"", ""fee_period"": ""annual"", ""maximum_amount"": 23700, ""minimum_amount"": 11850, ""source_text"": ""de 11850 euros jusqu'à 23700 euros en 2025 (de 3950 à 7900 euros par an selon les revenus)""}",programme,Additional fees may apply; see the institution fee schedule,institution,Mandatory fees vary by institution and enrolment,Application fee not specified in local artifacts,"{""details"": ""More information Find out more about the TMUA , including information on how to book, test fees, bursaries for UK candidates in financial need, access arrangements and how to prepare."", ""funding_type"": ""financial_aid_policy""}","{""amount"":15000,""currency"":""GBP""}","{""details"":""Scholarships View all scholarships Imperial Inspires Scholarships Value per award £15,000 per year for each year of the course."",""funding_type"":""financial_aid_policy""}","{""amount"":15000,""currency"":""GBP""}","Imperial Bursary The Imperial Bursary is available to all Home undergraduate students with a household income below £70,000 per year.",See funding provider deadlines,6.5,"{""minimum_each"": 6.5, ""minimum_overall"": 7, ""source_text"": ""English Language grade B/6. GCSE/IGCSE English Literature will not be accepted in lieu of GCSE/IGCSE English Language. IELTS 7.0 overall, with no subscore below 6.5 TOEFL iBT 100 overall, with no subscore below 22 An acceptable equivalent qualification Students eligible for a contextual offer or with a WP flag will be required to evidence English language proficiency at GCSE English Language grade C/4. This concession only applies to GCSE/IGCSE. See our contextual admissions page for full details and to check your eligibility. If you need to""}","{""audience"": null, ""minimum_overall_score"": 78, ""test"": ""TOEFL iBT""}",105,"[""SAT or 33 in ACT""]","{""source_label"": ""Start date"", ""start_dates"": [""2027-09-01""]}",2027-01-13,2025-12-01,2027-01-13,True,https://www.uca.fr/formation/nos-formations/par-ufr-ecoles-et-iut/iut-clermont-auvergne/but/but-metiers-du-multimedia-et-de-linternet-vichy#presentation,Secondary school diploma,2.5,4.0,"[""Finnish matriculation examination"",""International Baccalaureate degree (IB)"",""European Baccalaureate degree (EB)"",""Deutsches Internationales Abitur degree (DIA) or Reifeprüfung degree (RP) in Finland"",""A Finnish vocational upper secondary qualification, further vocational qualification, or specialist vocational qualification as set in the Vocational Education Act (531/2017)"",""any other comparable upper secondary educational qualification that provides eligibility for university-level Bachelor’s studies in the country in question."",""Cambridge Assessment International Education A-level or Advanced International Certificate of Education degree (AICE)"",""has the right to study towards a university degree in Finland"",""holds a degree conferred by a Finnish higher education institution"",""holds at least a bachelor's level degree conferred by a foreign institution.""]",academic qualifications; a personal statement; evidence of your English language skills (with relevant qualifications); a reference,Reference,Personal statement,plus a portfolio demonstrating artistic ability,"{""details"": ""DUO RIO reports GEEN_EISEN for EISEN_WERKZAAMHEDEN."", ""requirement_status"": ""not_required""}","{""occupation"": ""Information Technology Professionals"", ""percentage"": 85, ""period"": ""15 months after the course""}","{""cohort"":""BA (Hons) Computer Science graduates at University of Cambridge"",""employment_rate"":""90%"",""period"":""15 months after the course""}",6,0,6,32,15.79,1,0,40,0,100.00
IUT Lyon 1,BUT gestion des entreprises et des administrations parcours gestion entrepreneuriat et management d'activités,FR,bachelor,business,onisep-fr-stage1-003,fb4aa516-1b71-50e8-b122-746bb65175cf,BUT gestion des entreprises et des administrations parcours gestion entrepreneuriat et management d'activités,bachelor universitaire de technologie,3 ans,Bourg-en-Bresse,"temps plein, cours en présentiel",Français Secteurs disciplinaires concernés : Agro-alimentaire - Agronomie Scienc,Active,2026 HT,"{""credential"": ""tuition fee"", ""currency"": ""EUR"", ""fee_period"": ""annual"", ""maximum_amount"": 23700, ""minimum_amount"": 11850, ""source_text"": ""de 11850 euros jusqu'à 23700 euros en 2025 (de 3950 à 7900 euros par an selon les revenus)""}",programme,Additional fees may apply; see the institution fee schedule,institution,Mandatory fees vary by institution and enrolment,Application fee not specified in local artifacts,"{""details"": ""Financial support and scholarships For general sources of financial support, see our Fees and funding pages."", ""funding_type"": ""financial_aid_policy""}","{""amount"":15000,""currency"":""GBP""}","{""details"":""Financial support and scholarships For general sources of financial support, see our Fees and funding pages."",""funding_type"":""financial_aid_policy""}","{""amount"":15000,""currency"":""GBP""}",Students with children or dependant adults may qualify for a Childcare Grant or Adult Dependants' Grant.,See funding provider deadlines,6,"{""minimum_each"": 5.5, ""minimum_overall"": 6, ""source_text"": ""nables you to progress onto year 1 of this degree. English language requirements If English is not your first language, IELTS 6.0 overall with a minimum of 5.5 in each element. Find out about the other English qualifications that we accept . Studied before or got relevant experience? If you have suitable qualifications, credits from a previous university course or relevant professional experience, these could count towards your course at Brighton and you could start the course in year 2 or 3. Transferring from another university Thinking about""}",100,105,"{""requirement_status"": ""required"", ""test"": ""GMAT/GRE""}","{""source_label"": ""Start date"", ""start_dates"": [""2026-09-01""]}",2026-04-08,2025-12-01,2027-01-13,True,https://iut.univ-lyon1.fr/formation/but/gea/but-gestion-des-entreprises-et-des-administrations,Secondary school diploma,2.5,4.0,including Mathematics and English Language or equivalents,Completing your qualification in autumn 2026; Work certificates; Bachelor´s degree (or higher) completed in Finland before 1995; Passport or residence permit to Finland; Special arrangements in the entrance examinations; Work Experience Template (CV); Bachelor´s degree (or higher) completed outside Finland; GMAT Exam or GRE test results,Reference,Personal statement,plus a portfolio demonstrating artistic ability,"{""details"": ""Relevant work experience may be considered if you do not meet the above criteria"", ""requirement_status"": ""conditional""}","[{""outcome_type"":""graduate_perception"",""period"":""15 months after graduation"",""population"":""Agriculture, food and related studies graduates at Askham Bryan College"",""statement"":""100% of graduates find their current work meaningful""},{""outcome_type"":""graduate_perception"",""period"":""15 months after graduation"",""population"":""Agriculture, food and related studies graduates at Askham Bryan College"",""statement"":""80% Usefulness I am utilising what I learnt during my studies in my current work.""},{""outcome_type"":""graduate_perception"",""period"":""15 months after graduation"",""population"":""Agriculture, food and related studies graduates at Askham Bryan College"",""statement"":""100% Meaningfulness My current work is meaningful.""},{""amount"":18500,""currency"":""GBP"",""outcome_type"":""median_earnings"",""period"":""3 years after the course"",""population"":""Animal science graduates at Askham Bryan College""},{""outcome_type"":""graduate_perception"",""period"":""15 months after graduation"",""population"":""Agriculture, food and related studies graduates at Askham Bryan College"",""statement"":""80% Future My current work fits with my future plans.""}]","{""audience"": null, ""outcome_type"": ""employment_or_study_rate"", ""percentage"": 80, ""period"": ""15 months after the course"", ""population"": ""Agriculture, food and related studies graduates at Askham Bryan College""}",6,1,7,31,18.42,2,1,40,0,100.00
IUT Lyon 1,master mention génie des procédés et des bio-procédés,FR,master,other,onisep-fr-stage1-003,f9bd9d5d-8227-5b66-b4a7-9869b90d9d7c,master mention génie des procédés et des bio-procédés,master,2 ans,Bourg-en-Bresse,"temps plein, cours en présentiel (les cours se déroulent sur le site de la Doua à Villeurbanne pour le semestre 1 du M1, les cours du semestre 2 du M1 et de l'année en M2 se déroulent sur le site de l'IUT de Bourg)",Français Secteurs disciplinaires concernés : Agro-alimentaire - Agronomie Scienc,Active,2026,"{""academic_cycle"":""2026"",""amount"":18000,""audience"":""international"",""credential"":""master"",""currency"":""EUR"",""fee_period"":""year""}",programme,Additional fees may apply; see the institution fee schedule,institution,Mandatory fees vary by institution and enrolment,Application fee not specified in local artifacts,"{""academic_cycle"":null,""amount"":null,""automatic_consideration"":null,""award_name"":null,""currency"":null,""details"":""gratuit en apprentissage"",""eligibility"":null,""funding_type"":""financial_aid_policy"",""repayable"":null,""separate_application_required"":null}",Varies,Funding options may be available,Varies,"Eligibility varies by citizenship, merit, and financial need",See funding provider deadlines,5,6.0 each,80,120,English proficiency test requirement varies,"{""periodNumber"": 1, ""semester"": ""VT"", ""year"": 2027}",2026-10-15,2025-12-01,2026-01-15,Not specified,https://offre-de-formations.univ-lyon1.fr/parcours-348/genie-des-procedes-alimentaires.html,University Bachelor's degree,3.0,4.0,"Grundläggande behörighet och minst 7,5 hp arkivvetenskap eller motsvarande kunskap samt 1 års arbetslivserfarenhet inom arkivsektorn.",Application form; CV or resume; transcripts; degree certificate; language proof; passport,2 recommendation letters,Statement of purpose or motivation letter,Portfolio requirement depends on the programme,"{""details"": ""DUO RIO reports GEEN_EISEN for EISEN_WERKZAAMHEDEN."", ""requirement_status"": ""not_required""}",Career opportunities related to other,Career opportunities related to other,6,0,7,31,18.42,2,0,40,0,100.00
IUT Nice Côte d'Azur - Site de Cannes,BUT information-communication parcours communication des organisations,FR,bachelor,computer science,onisep-fr-stage1-027,64e762bd-c437-5b9a-bfbf-40671329cc90,BUT information-communication parcours communication des organisations,bachelor universitaire de technologie,3 ans,Cannes,"temps plein, cours en présentiel",Français Secteurs disciplinaires concernés : Agro-alimentaire - Agronomie Scienc,Active,2026,"{""credential"": ""tuition fee"", ""currency"": ""EUR"", ""fee_period"": ""annual"", ""maximum_amount"": 23700, ""minimum_amount"": 11850, ""source_text"": ""de 11850 euros jusqu'à 23700 euros en 2025 (de 3950 à 7900 euros par an selon les revenus)""}",programme,Additional fees may apply; see the institution fee schedule,institution,Mandatory fees vary by institution and enrolment,Application fee not specified in local artifacts,"{""details"": ""More information Find out more about the TMUA , including information on how to book, test fees, bursaries for UK candidates in financial need, access arrangements and how to prepare."", ""funding_type"": ""financial_aid_policy""}","{""amount"":15000,""currency"":""GBP""}","{""details"":""Scholarships View all scholarships Imperial Inspires Scholarships Value per award £15,000 per year for each year of the course."",""funding_type"":""financial_aid_policy""}","{""amount"":15000,""currency"":""GBP""}","Imperial Bursary The Imperial Bursary is available to all Home undergraduate students with a household income below £70,000 per year.",See funding provider deadlines,6.5,"{""minimum_each"": 6.5, ""minimum_overall"": 7, ""source_text"": ""English Language grade B/6. GCSE/IGCSE English Literature will not be accepted in lieu of GCSE/IGCSE English Language. IELTS 7.0 overall, with no subscore below 6.5 TOEFL iBT 100 overall, with no subscore below 22 An acceptable equivalent qualification Students eligible for a contextual offer or with a WP flag will be required to evidence English language proficiency at GCSE English Language grade C/4. This concession only applies to GCSE/IGCSE. See our contextual admissions page for full details and to check your eligibility. If you need to""}","{""audience"": null, ""minimum_overall_score"": 78, ""test"": ""TOEFL iBT""}",105,"[""SAT or 33 in ACT""]","{""source_label"": ""Start date"", ""start_dates"": [""2027-09-01""]}",2027-01-13,2025-12-01,2027-01-13,True,https://www.uca.fr/formation/nos-formations/par-ufr-ecoles-et-iut/iut-clermont-auvergne/but/but-metiers-du-multimedia-et-de-linternet-vichy#presentation,Secondary school diploma,2.5,4.0,"[""Finnish matriculation examination"",""International Baccalaureate degree (IB)"",""European Baccalaureate degree (EB)"",""Deutsches Internationales Abitur degree (DIA) or Reifeprüfung degree (RP) in Finland"",""A Finnish vocational upper secondary qualification, further vocational qualification, or specialist vocational qualification as set in the Vocational Education Act (531/2017)"",""any other comparable upper secondary educational qualification that provides eligibility for university-level Bachelor’s studies in the country in question."",""Cambridge Assessment International Education A-level or Advanced International Certificate of Education degree (AICE)"",""has the right to study towards a university degree in Finland"",""holds a degree conferred by a Finnish higher education institution"",""holds at least a bachelor's level degree conferred by a foreign institution.""]",academic qualifications; a personal statement; evidence of your English language skills (with relevant qualifications); a reference,Reference,Personal statement,plus a portfolio demonstrating artistic ability,"{""details"": ""DUO RIO reports GEEN_EISEN for EISEN_WERKZAAMHEDEN."", ""requirement_status"": ""not_required""}","{""occupation"": ""Information Technology Professionals"", ""percentage"": 85, ""period"": ""15 months after the course""}","{""cohort"":""BA (Hons) Computer Science graduates at University of Cambridge"",""employment_rate"":""90%"",""period"":""15 months after the course""}",5,0,5,33,13.16,1,0,40,0,100.00
IUT Nice Côte d'Azur - Site de Cannes,BUT information-communication parcours journalisme,FR,bachelor,computer science,onisep-fr-stage1-027,4cedbd6a-eda3-5e11-ad37-9bdcf3746650,BUT information-communication parcours journalisme,bachelor universitaire de technologie,3 ans,Cannes,"temps plein, cours en présentiel",Français Secteurs disciplinaires concernés : Agro-alimentaire - Agronomie Scienc,Active,2026,"{""credential"": ""tuition fee"", ""currency"": ""EUR"", ""fee_period"": ""annual"", ""maximum_amount"": 23700, ""minimum_amount"": 11850, ""source_text"": ""de 11850 euros jusqu'à 23700 euros en 2025 (de 3950 à 7900 euros par an selon les revenus)""}",programme,Additional fees may apply; see the institution fee schedule,institution,Mandatory fees vary by institution and enrolment,Application fee not specified in local artifacts,"{""details"": ""More information Find out more about the TMUA , including information on how to book, test fees, bursaries for UK candidates in financial need, access arrangements and how to prepare."", ""funding_type"": ""financial_aid_policy""}","{""amount"":15000,""currency"":""GBP""}","{""details"":""Scholarships View all scholarships Imperial Inspires Scholarships Value per award £15,000 per year for each year of the course."",""funding_type"":""financial_aid_policy""}","{""amount"":15000,""currency"":""GBP""}","Imperial Bursary The Imperial Bursary is available to all Home undergraduate students with a household income below £70,000 per year.",See funding provider deadlines,6.5,"{""minimum_each"": 6.5, ""minimum_overall"": 7, ""source_text"": ""English Language grade B/6. GCSE/IGCSE English Literature will not be accepted in lieu of GCSE/IGCSE English Language. IELTS 7.0 overall, with no subscore below 6.5 TOEFL iBT 100 overall, with no subscore below 22 An acceptable equivalent qualification Students eligible for a contextual offer or with a WP flag will be required to evidence English language proficiency at GCSE English Language grade C/4. This concession only applies to GCSE/IGCSE. See our contextual admissions page for full details and to check your eligibility. If you need to""}","{""audience"": null, ""minimum_overall_score"": 78, ""test"": ""TOEFL iBT""}",105,"[""SAT or 33 in ACT""]","{""source_label"": ""Start date"", ""start_dates"": [""2027-09-01""]}",2027-01-13,2025-12-01,2027-01-13,True,https://www.uca.fr/formation/nos-formations/par-ufr-ecoles-et-iut/iut-clermont-auvergne/but/but-metiers-du-multimedia-et-de-linternet-vichy#presentation,Secondary school diploma,2.5,4.0,"[""Finnish matriculation examination"",""International Baccalaureate degree (IB)"",""European Baccalaureate degree (EB)"",""Deutsches Internationales Abitur degree (DIA) or Reifeprüfung degree (RP) in Finland"",""A Finnish vocational upper secondary qualification, further vocational qualification, or specialist vocational qualification as set in the Vocational Education Act (531/2017)"",""any other comparable upper secondary educational qualification that provides eligibility for university-level Bachelor’s studies in the country in question."",""Cambridge Assessment International Education A-level or Advanced International Certificate of Education degree (AICE)"",""has the right to study towards a university degree in Finland"",""holds a degree conferred by a Finnish higher education institution"",""holds at least a bachelor's level degree conferred by a foreign institution.""]",academic qualifications; a personal statement; evidence of your English language skills (with relevant qualifications); a reference,Reference,Personal statement,plus a portfolio demonstrating artistic ability,"{""details"": ""DUO RIO reports GEEN_EISEN for EISEN_WERKZAAMHEDEN."", ""requirement_status"": ""not_required""}","{""occupation"": ""Information Technology Professionals"", ""percentage"": 85, ""period"": ""15 months after the course""}","{""cohort"":""BA (Hons) Computer Science graduates at University of Cambridge"",""employment_rate"":""90%"",""period"":""15 months after the course""}",5,0,5,33,13.16,1,0,40,0,100.00
IUT Nice Côte d'Azur - Site de Menton,BUT carrières sociales parcours animation sociale et socio-culturelle,FR,bachelor,other,onisep-fr-stage1-021,e0732994-091e-5f76-92ac-3b0830ad9969,BUT carrières sociales parcours animation sociale et socio-culturelle,bachelor universitaire de technologie,3 ans,Menton,"temps plein, cours en présentiel",Français,Active,2026 HT,"{""credential"": ""tuition fee"", ""currency"": ""EUR"", ""fee_period"": ""annual"", ""maximum_amount"": 23700, ""minimum_amount"": 11850, ""source_text"": ""de 11850 euros jusqu'à 23700 euros en 2025 (de 3950 à 7900 euros par an selon les revenus)""}",programme,Additional fees may apply; see the institution fee schedule,institution,Mandatory fees vary by institution and enrolment,Application fee not specified in local artifacts,"{""details"": ""Bursaries, scholarships and part-time work We offer a range of scholarships and bursaries for UK and international students , which provide extra financial support while you’re at university."", ""funding_type"": ""financial_aid_policy""}","{""amount"":15000,""currency"":""GBP""}","{""details"":""Have the opportunity to participate in competitions and other professional opportunities, including the Carleton Hobbs Bursary Award (radio), the Sam Wanamaker Festival (The Globe) and The Spotlight Prize (Industry)."",""funding_type"":""financial_aid_policy""}","{""amount"":15000,""currency"":""GBP""}","If you're eligible for a scholarship, you'll generally receive it automatically – there's no need to apply.",See funding provider deadlines,6,"{""minimum_each"": 6.5, ""minimum_overall"": 7, ""source_text"": ""equire a Student visa to study in the UK are welcome to apply for entry in September 2026 Test Grade Additional details IELTS (Academic) 7 with no less than 6.5 in each section TOEFL (iBT) 100 with minimum scores of 19 in Writing and Listening, 19 in Reading, 20 in Speaking If your qualification is not listed here, please take a look at our international entry requirements page or get in touch with our admissions team on the form below. Please note, to be accepted onto this course; you will also need to demonstrate that you meet the minimum standards o""}",100,105,"[""SAT or 33 in ACT""]","{""periodNumber"": 4, ""semester"": ""HT"", ""year"": 2026}",2026-04-15,2025-12-01,2027-01-13,True,https://www.uca.fr/formation/nos-formations/par-ufr-ecoles-et-iut/iut-clermont-auvergne/but/but-techniques-de-commercialisation-moulins-1#inscriptions,Secondary school diploma,2.5,4.0,"Kurs motsvarande ABMM32 Arkivvetenskap: Förmedling och tillhandahållande, 7,5 hp, ABMM52 Biblioteks- och informationsvetenskap: Informationssökning och förmedling, 7,5 hp, eller ABMM72 Museologi: Materiell, immateriell och visuell kultur, 7,5 hp",academic qualifications; a personal statement; evidence of your English language skills (with relevant qualifications); a reference,Reference,Personal statement,plus a portfolio demonstrating artistic ability,"{""details"": ""DUO RIO reports GEEN_EISEN for EISEN_WERKZAAMHEDEN."", ""requirement_status"": ""not_required""}","{""data_period"": ""students graduating 2021-23"", ""measure"": ""graduates find their current work meaningful"", ""note"": ""data displayed is from students on this and other courses in Finance"", ""outcome_period"": ""15 months after graduation"", ""percentage"": 80}","{""audience"": null, ""description"": ""go on to work and/or study 15 months after the course"", ""outcome_type"": ""employment_rate"", ""percentage"": 85, ""population"": ""Creative arts and design graduates at Anglia Ruskin University""}",5,0,5,33,13.16,1,0,40,0,100.00
IUT Nice Côte d'Azur - Site de Menton,BUT carrières sociales parcours éducation spécialisée,FR,bachelor,other,onisep-fr-stage1-021,d3eed547-9c02-5f1a-aa92-86592188de66,BUT carrières sociales parcours éducation spécialisée,bachelor universitaire de technologie,3 ans,Menton,"temps plein, cours en présentiel",Français,Active,2026 HT,"{""credential"": ""tuition fee"", ""currency"": ""EUR"", ""fee_period"": ""annual"", ""maximum_amount"": 23700, ""minimum_amount"": 11850, ""source_text"": ""de 11850 euros jusqu'à 23700 euros en 2025 (de 3950 à 7900 euros par an selon les revenus)""}",programme,Additional fees may apply; see the institution fee schedule,institution,Mandatory fees vary by institution and enrolment,Application fee not specified in local artifacts,"{""details"": ""Bursaries, scholarships and part-time work We offer a range of scholarships and bursaries for UK and international students , which provide extra financial support while you’re at university."", ""funding_type"": ""financial_aid_policy""}","{""amount"":15000,""currency"":""GBP""}","{""details"":""Have the opportunity to participate in competitions and other professional opportunities, including the Carleton Hobbs Bursary Award (radio), the Sam Wanamaker Festival (The Globe) and The Spotlight Prize (Industry)."",""funding_type"":""financial_aid_policy""}","{""amount"":15000,""currency"":""GBP""}","If you're eligible for a scholarship, you'll generally receive it automatically – there's no need to apply.",See funding provider deadlines,6,"{""minimum_each"": 6.5, ""minimum_overall"": 7, ""source_text"": ""equire a Student visa to study in the UK are welcome to apply for entry in September 2026 Test Grade Additional details IELTS (Academic) 7 with no less than 6.5 in each section TOEFL (iBT) 100 with minimum scores of 19 in Writing and Listening, 19 in Reading, 20 in Speaking If your qualification is not listed here, please take a look at our international entry requirements page or get in touch with our admissions team on the form below. Please note, to be accepted onto this course; you will also need to demonstrate that you meet the minimum standards o""}",100,105,"[""SAT or 33 in ACT""]","{""periodNumber"": 4, ""semester"": ""HT"", ""year"": 2026}",2026-04-15,2025-12-01,2027-01-13,True,https://www.uca.fr/formation/nos-formations/par-ufr-ecoles-et-iut/iut-clermont-auvergne/but/but-techniques-de-commercialisation-moulins-1#inscriptions,Secondary school diploma,2.5,4.0,"Kurs motsvarande ABMM32 Arkivvetenskap: Förmedling och tillhandahållande, 7,5 hp, ABMM52 Biblioteks- och informationsvetenskap: Informationssökning och förmedling, 7,5 hp, eller ABMM72 Museologi: Materiell, immateriell och visuell kultur, 7,5 hp",academic qualifications; a personal statement; evidence of your English language skills (with relevant qualifications); a reference,Reference,Personal statement,plus a portfolio demonstrating artistic ability,"{""details"": ""DUO RIO reports GEEN_EISEN for EISEN_WERKZAAMHEDEN."", ""requirement_status"": ""not_required""}","{""data_period"": ""students graduating 2021-23"", ""measure"": ""graduates find their current work meaningful"", ""note"": ""data displayed is from students on this and other courses in Finance"", ""outcome_period"": ""15 months after graduation"", ""percentage"": 80}","{""audience"": null, ""description"": ""go on to work and/or study 15 months after the course"", ""outcome_type"": ""employment_rate"", ""percentage"": 85, ""population"": ""Creative arts and design graduates at Anglia Ruskin University""}",5,0,5,33,13.16,1,0,40,0,100.00
IUT Nice Côte d'Azur - site de Nice,BUT gestion des entreprises et des administrations parcours gestion et pilotage des ressources humaines,FR,bachelor,business,onisep-fr-stage1-018,2bd8d0f8-2222-53ab-96c6-cdf12dfdca2d,BUT gestion des entreprises et des administrations parcours gestion et pilotage des ressources humaines,bachelor universitaire de technologie,3 ans,Nice,"temps plein, cours en présentiel",Français Secteurs disciplinaires concernés : Agro-alimentaire - Agronomie Scienc,Active,2026 HT,"{""credential"": ""tuition fee"", ""currency"": ""EUR"", ""fee_period"": ""annual"", ""maximum_amount"": 23700, ""minimum_amount"": 11850, ""source_text"": ""de 11850 euros jusqu'à 23700 euros en 2025 (de 3950 à 7900 euros par an selon les revenus)""}",programme,Additional fees may apply; see the institution fee schedule,institution,Mandatory fees vary by institution and enrolment,Application fee not specified in local artifacts,"{""details"": ""Financial support and scholarships For general sources of financial support, see our Fees and funding pages."", ""funding_type"": ""financial_aid_policy""}","{""amount"":15000,""currency"":""GBP""}","{""details"":""Financial support and scholarships For general sources of financial support, see our Fees and funding pages."",""funding_type"":""financial_aid_policy""}","{""amount"":15000,""currency"":""GBP""}",Students with children or dependant adults may qualify for a Childcare Grant or Adult Dependants' Grant.,See funding provider deadlines,6,"{""minimum_each"": 5.5, ""minimum_overall"": 6, ""source_text"": ""nables you to progress onto year 1 of this degree. English language requirements If English is not your first language, IELTS 6.0 overall with a minimum of 5.5 in each element. Find out about the other English qualifications that we accept . Studied before or got relevant experience? If you have suitable qualifications, credits from a previous university course or relevant professional experience, these could count towards your course at Brighton and you could start the course in year 2 or 3. Transferring from another university Thinking about""}",100,105,"{""requirement_status"": ""required"", ""test"": ""GMAT/GRE""}","{""source_label"": ""Start date"", ""start_dates"": [""2026-09-01""]}",2026-04-08,2025-12-01,2027-01-13,True,https://iut.univ-amu.fr/fr/formations/bachelor-universitaire-de-technologie/but-gestion-entreprises-administrations/but-gea-gap,Secondary school diploma,2.5,4.0,including Mathematics and English Language or equivalents,Completing your qualification in autumn 2026; Work certificates; Bachelor´s degree (or higher) completed in Finland before 1995; Passport or residence permit to Finland; Special arrangements in the entrance examinations; Work Experience Template (CV); Bachelor´s degree (or higher) completed outside Finland; GMAT Exam or GRE test results,Reference,Personal statement,plus a portfolio demonstrating artistic ability,"{""details"": ""Relevant work experience may be considered if you do not meet the above criteria"", ""requirement_status"": ""conditional""}","[{""outcome_type"":""graduate_perception"",""period"":""15 months after graduation"",""population"":""Agriculture, food and related studies graduates at Askham Bryan College"",""statement"":""100% of graduates find their current work meaningful""},{""outcome_type"":""graduate_perception"",""period"":""15 months after graduation"",""population"":""Agriculture, food and related studies graduates at Askham Bryan College"",""statement"":""80% Usefulness I am utilising what I learnt during my studies in my current work.""},{""outcome_type"":""graduate_perception"",""period"":""15 months after graduation"",""population"":""Agriculture, food and related studies graduates at Askham Bryan College"",""statement"":""100% Meaningfulness My current work is meaningful.""},{""amount"":18500,""currency"":""GBP"",""outcome_type"":""median_earnings"",""period"":""3 years after the course"",""population"":""Animal science graduates at Askham Bryan College""},{""outcome_type"":""graduate_perception"",""period"":""15 months after graduation"",""population"":""Agriculture, food and related studies graduates at Askham Bryan College"",""statement"":""80% Future My current work fits with my future plans.""}]","{""audience"": null, ""outcome_type"": ""employment_or_study_rate"", ""percentage"": 80, ""period"": ""15 months after the course"", ""population"": ""Agriculture, food and related studies graduates at Askham Bryan College""}",5,0,5,33,13.16,1,0,40,0,100.00
IUT Nice Côte d'Azur - site de Nice,"BUT informatique parcours réalisation d'applications : conception, développement, validation",FR,bachelor,computer science,onisep-fr-stage1-018,c544e49f-37e4-5f5e-9ffb-f89d91caafda,"BUT informatique parcours réalisation d'applications : conception, développement, validation",bachelor universitaire de technologie,3 ans,Nice,"temps plein, cours en présentiel",Français Secteurs disciplinaires concernés : Agro-alimentaire - Agronomie Scienc,Active,2026,"{""credential"": ""tuition fee"", ""currency"": ""EUR"", ""fee_period"": ""annual"", ""maximum_amount"": 23700, ""minimum_amount"": 11850, ""source_text"": ""de 11850 euros jusqu'à 23700 euros en 2025 (de 3950 à 7900 euros par an selon les revenus)""}",programme,Additional fees may apply; see the institution fee schedule,institution,Mandatory fees vary by institution and enrolment,Application fee not specified in local artifacts,"{""details"": ""More information Find out more about the TMUA , including information on how to book, test fees, bursaries for UK candidates in financial need, access arrangements and how to prepare."", ""funding_type"": ""financial_aid_policy""}","{""amount"":15000,""currency"":""GBP""}","{""details"":""Scholarships View all scholarships Imperial Inspires Scholarships Value per award £15,000 per year for each year of the course."",""funding_type"":""financial_aid_policy""}","{""amount"":15000,""currency"":""GBP""}","Imperial Bursary The Imperial Bursary is available to all Home undergraduate students with a household income below £70,000 per year.",See funding provider deadlines,6.5,"{""minimum_each"": 6.5, ""minimum_overall"": 7, ""source_text"": ""English Language grade B/6. GCSE/IGCSE English Literature will not be accepted in lieu of GCSE/IGCSE English Language. IELTS 7.0 overall, with no subscore below 6.5 TOEFL iBT 100 overall, with no subscore below 22 An acceptable equivalent qualification Students eligible for a contextual offer or with a WP flag will be required to evidence English language proficiency at GCSE English Language grade C/4. This concession only applies to GCSE/IGCSE. See our contextual admissions page for full details and to check your eligibility. If you need to""}","{""audience"": null, ""minimum_overall_score"": 78, ""test"": ""TOEFL iBT""}",105,"[""SAT or 33 in ACT""]","{""source_label"": ""Start date"", ""start_dates"": [""2027-09-01""]}",2027-01-13,2025-12-01,2027-01-13,True,https://www.uca.fr/formation/nos-formations/par-ufr-ecoles-et-iut/iut-clermont-auvergne/but/but-metiers-du-multimedia-et-de-linternet-vichy#presentation,Secondary school diploma,2.5,4.0,"[""Finnish matriculation examination"",""International Baccalaureate degree (IB)"",""European Baccalaureate degree (EB)"",""Deutsches Internationales Abitur degree (DIA) or Reifeprüfung degree (RP) in Finland"",""A Finnish vocational upper secondary qualification, further vocational qualification, or specialist vocational qualification as set in the Vocational Education Act (531/2017)"",""any other comparable upper secondary educational qualification that provides eligibility for university-level Bachelor’s studies in the country in question."",""Cambridge Assessment International Education A-level or Advanced International Certificate of Education degree (AICE)"",""has the right to study towards a university degree in Finland"",""holds a degree conferred by a Finnish higher education institution"",""holds at least a bachelor's level degree conferred by a foreign institution.""]",academic qualifications; a personal statement; evidence of your English language skills (with relevant qualifications); a reference,Reference,Personal statement,plus a portfolio demonstrating artistic ability,"{""details"": ""DUO RIO reports GEEN_EISEN for EISEN_WERKZAAMHEDEN."", ""requirement_status"": ""not_required""}","{""occupation"": ""Information Technology Professionals"", ""percentage"": 85, ""period"": ""15 months after the course""}","{""cohort"":""BA (Hons) Computer Science graduates at University of Cambridge"",""employment_rate"":""90%"",""period"":""15 months after the course""}",5,0,5,33,13.16,1,0,40,0,100.00
IUT Nice Côte d'Azur- Site de Sophia-Antipolis,BUT réseaux et télécommunications parcours cybersécurité,FR,bachelor,other,onisep-fr-stage1-020,eab1fd00-32ca-5cd9-81cb-b1cd97519540,BUT réseaux et télécommunications parcours cybersécurité,bachelor universitaire de technologie,3 ans,Valbonne,"temps plein, cours en présentiel",Français,Active,2026 HT,"{""credential"": ""tuition fee"", ""currency"": ""EUR"", ""fee_period"": ""annual"", ""maximum_amount"": 23700, ""minimum_amount"": 11850, ""source_text"": ""de 11850 euros jusqu'à 23700 euros en 2025 (de 3950 à 7900 euros par an selon les revenus)""}",programme,Additional fees may apply; see the institution fee schedule,institution,Mandatory fees vary by institution and enrolment,Application fee not specified in local artifacts,"{""details"": ""Bursaries, scholarships and part-time work We offer a range of scholarships and bursaries for UK and international students , which provide extra financial support while you’re at university."", ""funding_type"": ""financial_aid_policy""}","{""amount"":15000,""currency"":""GBP""}","{""details"":""Have the opportunity to participate in competitions and other professional opportunities, including the Carleton Hobbs Bursary Award (radio), the Sam Wanamaker Festival (The Globe) and The Spotlight Prize (Industry)."",""funding_type"":""financial_aid_policy""}","{""amount"":15000,""currency"":""GBP""}","If you're eligible for a scholarship, you'll generally receive it automatically – there's no need to apply.",See funding provider deadlines,6,"{""minimum_each"": 6.5, ""minimum_overall"": 7, ""source_text"": ""equire a Student visa to study in the UK are welcome to apply for entry in September 2026 Test Grade Additional details IELTS (Academic) 7 with no less than 6.5 in each section TOEFL (iBT) 100 with minimum scores of 19 in Writing and Listening, 19 in Reading, 20 in Speaking If your qualification is not listed here, please take a look at our international entry requirements page or get in touch with our admissions team on the form below. Please note, to be accepted onto this course; you will also need to demonstrate that you meet the minimum standards o""}",100,105,"[""SAT or 33 in ACT""]","{""periodNumber"": 4, ""semester"": ""HT"", ""year"": 2026}",2026-04-15,2025-12-01,2027-01-13,True,https://iut.univ-cotedazur.fr/departements-et-formations/reseaux-et-telecommunications/bachelor-universitaire-de-technologie,Secondary school diploma,2.5,4.0,"Kurs motsvarande ABMM32 Arkivvetenskap: Förmedling och tillhandahållande, 7,5 hp, ABMM52 Biblioteks- och informationsvetenskap: Informationssökning och förmedling, 7,5 hp, eller ABMM72 Museologi: Materiell, immateriell och visuell kultur, 7,5 hp",academic qualifications; a personal statement; evidence of your English language skills (with relevant qualifications); a reference,Reference,Personal statement,plus a portfolio demonstrating artistic ability,"{""details"": ""DUO RIO reports GEEN_EISEN for EISEN_WERKZAAMHEDEN."", ""requirement_status"": ""not_required""}","{""data_period"": ""students graduating 2021-23"", ""measure"": ""graduates find their current work meaningful"", ""note"": ""data displayed is from students on this and other courses in Finance"", ""outcome_period"": ""15 months after graduation"", ""percentage"": 80}","{""audience"": null, ""description"": ""go on to work and/or study 15 months after the course"", ""outcome_type"": ""employment_rate"", ""percentage"": 85, ""population"": ""Creative arts and design graduates at Anglia Ruskin University""}",6,0,6,32,15.79,1,0,40,0,100.00
IUT Nice Côte d'Azur- Site de Sophia-Antipolis,BUT réseaux et télécommunications parcours internet des objets et mobilité,FR,bachelor,other,onisep-fr-stage1-020,b2e631c1-b970-54ea-be38-4a8e3378752a,BUT réseaux et télécommunications parcours internet des objets et mobilité,bachelor universitaire de technologie,3 ans,Valbonne,"temps plein, cours en présentiel",Français,Active,2026 HT,"{""credential"": ""tuition fee"", ""currency"": ""EUR"", ""fee_period"": ""annual"", ""maximum_amount"": 23700, ""minimum_amount"": 11850, ""source_text"": ""de 11850 euros jusqu'à 23700 euros en 2025 (de 3950 à 7900 euros par an selon les revenus)""}",programme,Additional fees may apply; see the institution fee schedule,institution,Mandatory fees vary by institution and enrolment,Application fee not specified in local artifacts,"{""details"": ""Bursaries, scholarships and part-time work We offer a range of scholarships and bursaries for UK and international students , which provide extra financial support while you’re at university."", ""funding_type"": ""financial_aid_policy""}","{""amount"":15000,""currency"":""GBP""}","{""details"":""Have the opportunity to participate in competitions and other professional opportunities, including the Carleton Hobbs Bursary Award (radio), the Sam Wanamaker Festival (The Globe) and The Spotlight Prize (Industry)."",""funding_type"":""financial_aid_policy""}","{""amount"":15000,""currency"":""GBP""}","If you're eligible for a scholarship, you'll generally receive it automatically – there's no need to apply.",See funding provider deadlines,6,"{""minimum_each"": 6.5, ""minimum_overall"": 7, ""source_text"": ""equire a Student visa to study in the UK are welcome to apply for entry in September 2026 Test Grade Additional details IELTS (Academic) 7 with no less than 6.5 in each section TOEFL (iBT) 100 with minimum scores of 19 in Writing and Listening, 19 in Reading, 20 in Speaking If your qualification is not listed here, please take a look at our international entry requirements page or get in touch with our admissions team on the form below. Please note, to be accepted onto this course; you will also need to demonstrate that you meet the minimum standards o""}",100,105,"[""SAT or 33 in ACT""]","{""periodNumber"": 4, ""semester"": ""HT"", ""year"": 2026}",2026-04-15,2025-12-01,2027-01-13,True,https://iut.univ-cotedazur.fr/departements-et-formations/reseaux-et-telecommunications/bachelor-universitaire-de-technologie,Secondary school diploma,2.5,4.0,"Kurs motsvarande ABMM32 Arkivvetenskap: Förmedling och tillhandahållande, 7,5 hp, ABMM52 Biblioteks- och informationsvetenskap: Informationssökning och förmedling, 7,5 hp, eller ABMM72 Museologi: Materiell, immateriell och visuell kultur, 7,5 hp",academic qualifications; a personal statement; evidence of your English language skills (with relevant qualifications); a reference,Reference,Personal statement,plus a portfolio demonstrating artistic ability,"{""details"": ""DUO RIO reports GEEN_EISEN for EISEN_WERKZAAMHEDEN."", ""requirement_status"": ""not_required""}","{""data_period"": ""students graduating 2021-23"", ""measure"": ""graduates find their current work meaningful"", ""note"": ""data displayed is from students on this and other courses in Finance"", ""outcome_period"": ""15 months after graduation"", ""percentage"": 80}","{""audience"": null, ""description"": ""go on to work and/or study 15 months after the course"", ""outcome_type"": ""employment_rate"", ""percentage"": 85, ""population"": ""Creative arts and design graduates at Anglia Ruskin University""}",6,0,6,32,15.79,1,0,40,0,100.00
IUT d'Aix-Marseille - site de Digne-les-Bains,BUT gestion administrative et commerciale des organisations parcours management responsable de projet et entrepreneuriat,FR,bachelor,business,onisep-fr-stage1-015,b71975da-c74a-5d2d-8e60-1ffed647fcee,BUT gestion administrative et commerciale des organisations parcours management responsable de projet et entrepreneuriat,bachelor universitaire de technologie,3 ans,Digne-les-Bains,"temps plein, cours en présentiel",Français Secteurs disciplinaires concernés : Agro-alimentaire - Agronomie Scienc,Active,2026 HT,"{""credential"": ""tuition fee"", ""currency"": ""EUR"", ""fee_period"": ""annual"", ""maximum_amount"": 23700, ""minimum_amount"": 11850, ""source_text"": ""de 11850 euros jusqu'à 23700 euros en 2025 (de 3950 à 7900 euros par an selon les revenus)""}",programme,Additional fees may apply; see the institution fee schedule,institution,Mandatory fees vary by institution and enrolment,Application fee not specified in local artifacts,"{""details"": ""Financial support and scholarships For general sources of financial support, see our Fees and funding pages."", ""funding_type"": ""financial_aid_policy""}","{""amount"":15000,""currency"":""GBP""}","{""details"":""Financial support and scholarships For general sources of financial support, see our Fees and funding pages."",""funding_type"":""financial_aid_policy""}","{""amount"":15000,""currency"":""GBP""}",Students with children or dependant adults may qualify for a Childcare Grant or Adult Dependants' Grant.,See funding provider deadlines,6,"{""minimum_each"": 5.5, ""minimum_overall"": 6, ""source_text"": ""nables you to progress onto year 1 of this degree. English language requirements If English is not your first language, IELTS 6.0 overall with a minimum of 5.5 in each element. Find out about the other English qualifications that we accept . Studied before or got relevant experience? If you have suitable qualifications, credits from a previous university course or relevant professional experience, these could count towards your course at Brighton and you could start the course in year 2 or 3. Transferring from another university Thinking about""}",100,105,"{""requirement_status"": ""required"", ""test"": ""GMAT/GRE""}","{""source_label"": ""Start date"", ""start_dates"": [""2026-09-01""]}",2026-04-08,2025-12-01,2027-01-13,True,https://iut.univ-amu.fr/fr/formations/bachelor-universitaire-de-technologie/but-gestion-administrative-commerciale-organisations,Secondary school diploma,2.5,4.0,including Mathematics and English Language or equivalents,Completing your qualification in autumn 2026; Work certificates; Bachelor´s degree (or higher) completed in Finland before 1995; Passport or residence permit to Finland; Special arrangements in the entrance examinations; Work Experience Template (CV); Bachelor´s degree (or higher) completed outside Finland; GMAT Exam or GRE test results,Reference,Personal statement,plus a portfolio demonstrating artistic ability,"{""details"": ""Relevant work experience may be considered if you do not meet the above criteria"", ""requirement_status"": ""conditional""}","[{""outcome_type"":""graduate_perception"",""period"":""15 months after graduation"",""population"":""Agriculture, food and related studies graduates at Askham Bryan College"",""statement"":""100% of graduates find their current work meaningful""},{""outcome_type"":""graduate_perception"",""period"":""15 months after graduation"",""population"":""Agriculture, food and related studies graduates at Askham Bryan College"",""statement"":""80% Usefulness I am utilising what I learnt during my studies in my current work.""},{""outcome_type"":""graduate_perception"",""period"":""15 months after graduation"",""population"":""Agriculture, food and related studies graduates at Askham Bryan College"",""statement"":""100% Meaningfulness My current work is meaningful.""},{""amount"":18500,""currency"":""GBP"",""outcome_type"":""median_earnings"",""period"":""3 years after the course"",""population"":""Animal science graduates at Askham Bryan College""},{""outcome_type"":""graduate_perception"",""period"":""15 months after graduation"",""population"":""Agriculture, food and related studies graduates at Askham Bryan College"",""statement"":""80% Future My current work fits with my future plans.""}]","{""audience"": null, ""outcome_type"": ""employment_or_study_rate"", ""percentage"": 80, ""period"": ""15 months after the course"", ""population"": ""Agriculture, food and related studies graduates at Askham Bryan College""}",6,0,6,32,15.79,1,0,40,0,100.00
IUT d'Aix-Marseille - site de Digne-les-Bains,BUT génie biologique parcours sciences de l'environnement et écotechnologies,FR,bachelor,other,onisep-fr-stage1-015,c79f728c-33cc-5030-b778-40a823b3c17d,BUT génie biologique parcours sciences de l'environnement et écotechnologies,bachelor universitaire de technologie,3 ans,Digne-les-Bains,"temps plein, cours en présentiel",Français,Active,2026 HT,"{""credential"": ""tuition fee"", ""currency"": ""EUR"", ""fee_period"": ""annual"", ""maximum_amount"": 23700, ""minimum_amount"": 11850, ""source_text"": ""de 11850 euros jusqu'à 23700 euros en 2025 (de 3950 à 7900 euros par an selon les revenus)""}",programme,Additional fees may apply; see the institution fee schedule,institution,Mandatory fees vary by institution and enrolment,Application fee not specified in local artifacts,"{""details"": ""Bursaries, scholarships and part-time work We offer a range of scholarships and bursaries for UK and international students , which provide extra financial support while you’re at university."", ""funding_type"": ""financial_aid_policy""}","{""amount"":15000,""currency"":""GBP""}","{""details"":""Have the opportunity to participate in competitions and other professional opportunities, including the Carleton Hobbs Bursary Award (radio), the Sam Wanamaker Festival (The Globe) and The Spotlight Prize (Industry)."",""funding_type"":""financial_aid_policy""}","{""amount"":15000,""currency"":""GBP""}","If you're eligible for a scholarship, you'll generally receive it automatically – there's no need to apply.",See funding provider deadlines,6,"{""minimum_each"": 6.5, ""minimum_overall"": 7, ""source_text"": ""equire a Student visa to study in the UK are welcome to apply for entry in September 2026 Test Grade Additional details IELTS (Academic) 7 with no less than 6.5 in each section TOEFL (iBT) 100 with minimum scores of 19 in Writing and Listening, 19 in Reading, 20 in Speaking If your qualification is not listed here, please take a look at our international entry requirements page or get in touch with our admissions team on the form below. Please note, to be accepted onto this course; you will also need to demonstrate that you meet the minimum standards o""}",100,105,"[""SAT or 33 in ACT""]","{""periodNumber"": 4, ""semester"": ""HT"", ""year"": 2026}",2026-04-15,2025-12-01,2027-01-13,True,https://iut.univ-amu.fr/fr/formations/bachelor-universitaire-de-technologie/but-genie-biologique,Secondary school diploma,2.5,4.0,"Kurs motsvarande ABMM32 Arkivvetenskap: Förmedling och tillhandahållande, 7,5 hp, ABMM52 Biblioteks- och informationsvetenskap: Informationssökning och förmedling, 7,5 hp, eller ABMM72 Museologi: Materiell, immateriell och visuell kultur, 7,5 hp",academic qualifications; a personal statement; evidence of your English language skills (with relevant qualifications); a reference,Reference,Personal statement,plus a portfolio demonstrating artistic ability,"{""details"": ""DUO RIO reports GEEN_EISEN for EISEN_WERKZAAMHEDEN."", ""requirement_status"": ""not_required""}","{""data_period"": ""students graduating 2021-23"", ""measure"": ""graduates find their current work meaningful"", ""note"": ""data displayed is from students on this and other courses in Finance"", ""outcome_period"": ""15 months after graduation"", ""percentage"": 80}","{""audience"": null, ""description"": ""go on to work and/or study 15 months after the course"", ""outcome_type"": ""employment_rate"", ""percentage"": 85, ""population"": ""Creative arts and design graduates at Anglia Ruskin University""}",6,0,6,32,15.79,1,0,40,0,100.00
IUT d'Aix-Marseille - site de Gap,"BUT gestion des entreprises et des administrations parcours gestion comptable, fiscale et financière",FR,bachelor,business,onisep-fr-stage1-016,5fb6c708-c086-5214-9871-88a376d13fda,"BUT gestion des entreprises et des administrations parcours gestion comptable, fiscale et financière",bachelor universitaire de technologie,3 ans,Gap,"temps plein, cours en présentiel",Français Secteurs disciplinaires concernés : Agro-alimentaire - Agronomie Scienc,Active,2026 HT,"{""credential"": ""tuition fee"", ""currency"": ""EUR"", ""fee_period"": ""annual"", ""maximum_amount"": 23700, ""minimum_amount"": 11850, ""source_text"": ""de 11850 euros jusqu'à 23700 euros en 2025 (de 3950 à 7900 euros par an selon les revenus)""}",programme,Additional fees may apply; see the institution fee schedule,institution,Mandatory fees vary by institution and enrolment,Application fee not specified in local artifacts,"{""details"": ""Financial support and scholarships For general sources of financial support, see our Fees and funding pages."", ""funding_type"": ""financial_aid_policy""}","{""amount"":15000,""currency"":""GBP""}","{""details"":""Financial support and scholarships For general sources of financial support, see our Fees and funding pages."",""funding_type"":""financial_aid_policy""}","{""amount"":15000,""currency"":""GBP""}",Students with children or dependant adults may qualify for a Childcare Grant or Adult Dependants' Grant.,See funding provider deadlines,6,"{""minimum_each"": 5.5, ""minimum_overall"": 6, ""source_text"": ""nables you to progress onto year 1 of this degree. English language requirements If English is not your first language, IELTS 6.0 overall with a minimum of 5.5 in each element. Find out about the other English qualifications that we accept . Studied before or got relevant experience? If you have suitable qualifications, credits from a previous university course or relevant professional experience, these could count towards your course at Brighton and you could start the course in year 2 or 3. Transferring from another university Thinking about""}",100,105,"{""requirement_status"": ""required"", ""test"": ""GMAT/GRE""}","{""source_label"": ""Start date"", ""start_dates"": [""2026-09-01""]}",2026-04-08,2025-12-01,2027-01-13,True,https://iut.univ-amu.fr/fr/formations/bachelor-universitaire-de-technologie/but-gestion-entreprises-administrations/but-gea-gap,Secondary school diploma,2.5,4.0,including Mathematics and English Language or equivalents,Completing your qualification in autumn 2026; Work certificates; Bachelor´s degree (or higher) completed in Finland before 1995; Passport or residence permit to Finland; Special arrangements in the entrance examinations; Work Experience Template (CV); Bachelor´s degree (or higher) completed outside Finland; GMAT Exam or GRE test results,Reference,Personal statement,plus a portfolio demonstrating artistic ability,"{""details"": ""Relevant work experience may be considered if you do not meet the above criteria"", ""requirement_status"": ""conditional""}","[{""outcome_type"":""graduate_perception"",""period"":""15 months after graduation"",""population"":""Agriculture, food and related studies graduates at Askham Bryan College"",""statement"":""100% of graduates find their current work meaningful""},{""outcome_type"":""graduate_perception"",""period"":""15 months after graduation"",""population"":""Agriculture, food and related studies graduates at Askham Bryan College"",""statement"":""80% Usefulness I am utilising what I learnt during my studies in my current work.""},{""outcome_type"":""graduate_perception"",""period"":""15 months after graduation"",""population"":""Agriculture, food and related studies graduates at Askham Bryan College"",""statement"":""100% Meaningfulness My current work is meaningful.""},{""amount"":18500,""currency"":""GBP"",""outcome_type"":""median_earnings"",""period"":""3 years after the course"",""population"":""Animal science graduates at Askham Bryan College""},{""outcome_type"":""graduate_perception"",""period"":""15 months after graduation"",""population"":""Agriculture, food and related studies graduates at Askham Bryan College"",""statement"":""80% Future My current work fits with my future plans.""}]","{""audience"": null, ""outcome_type"": ""employment_or_study_rate"", ""percentage"": 80, ""period"": ""15 months after the course"", ""population"": ""Agriculture, food and related studies graduates at Askham Bryan College""}",6,0,6,32,15.79,1,0,40,0,100.00
IUT d'Aix-Marseille - site de Gap,BUT gestion des entreprises et des administrations parcours gestion entrepreneuriat et management d'activités,FR,bachelor,business,onisep-fr-stage1-016,0bdcd270-f39d-573a-9d65-19d757eefc98,BUT gestion des entreprises et des administrations parcours gestion entrepreneuriat et management d'activités,bachelor universitaire de technologie,3 ans,Gap,"temps plein, cours en présentiel",Français Secteurs disciplinaires concernés : Agro-alimentaire - Agronomie Scienc,Active,2026 HT,"{""credential"": ""tuition fee"", ""currency"": ""EUR"", ""fee_period"": ""annual"", ""maximum_amount"": 23700, ""minimum_amount"": 11850, ""source_text"": ""de 11850 euros jusqu'à 23700 euros en 2025 (de 3950 à 7900 euros par an selon les revenus)""}",programme,Additional fees may apply; see the institution fee schedule,institution,Mandatory fees vary by institution and enrolment,Application fee not specified in local artifacts,"{""details"": ""Financial support and scholarships For general sources of financial support, see our Fees and funding pages."", ""funding_type"": ""financial_aid_policy""}","{""amount"":15000,""currency"":""GBP""}","{""details"":""Financial support and scholarships For general sources of financial support, see our Fees and funding pages."",""funding_type"":""financial_aid_policy""}","{""amount"":15000,""currency"":""GBP""}",Students with children or dependant adults may qualify for a Childcare Grant or Adult Dependants' Grant.,See funding provider deadlines,6,"{""minimum_each"": 5.5, ""minimum_overall"": 6, ""source_text"": ""nables you to progress onto year 1 of this degree. English language requirements If English is not your first language, IELTS 6.0 overall with a minimum of 5.5 in each element. Find out about the other English qualifications that we accept . Studied before or got relevant experience? If you have suitable qualifications, credits from a previous university course or relevant professional experience, these could count towards your course at Brighton and you could start the course in year 2 or 3. Transferring from another university Thinking about""}",100,105,"{""requirement_status"": ""required"", ""test"": ""GMAT/GRE""}","{""source_label"": ""Start date"", ""start_dates"": [""2026-09-01""]}",2026-04-08,2025-12-01,2027-01-13,True,https://iut.univ-amu.fr/fr/formations/bachelor-universitaire-de-technologie/but-gestion-entreprises-administrations/but-gea-gap,Secondary school diploma,2.5,4.0,including Mathematics and English Language or equivalents,Completing your qualification in autumn 2026; Work certificates; Bachelor´s degree (or higher) completed in Finland before 1995; Passport or residence permit to Finland; Special arrangements in the entrance examinations; Work Experience Template (CV); Bachelor´s degree (or higher) completed outside Finland; GMAT Exam or GRE test results,Reference,Personal statement,plus a portfolio demonstrating artistic ability,"{""details"": ""Relevant work experience may be considered if you do not meet the above criteria"", ""requirement_status"": ""conditional""}","[{""outcome_type"":""graduate_perception"",""period"":""15 months after graduation"",""population"":""Agriculture, food and related studies graduates at Askham Bryan College"",""statement"":""100% of graduates find their current work meaningful""},{""outcome_type"":""graduate_perception"",""period"":""15 months after graduation"",""population"":""Agriculture, food and related studies graduates at Askham Bryan College"",""statement"":""80% Usefulness I am utilising what I learnt during my studies in my current work.""},{""outcome_type"":""graduate_perception"",""period"":""15 months after graduation"",""population"":""Agriculture, food and related studies graduates at Askham Bryan College"",""statement"":""100% Meaningfulness My current work is meaningful.""},{""amount"":18500,""currency"":""GBP"",""outcome_type"":""median_earnings"",""period"":""3 years after the course"",""population"":""Animal science graduates at Askham Bryan College""},{""outcome_type"":""graduate_perception"",""period"":""15 months after graduation"",""population"":""Agriculture, food and related studies graduates at Askham Bryan College"",""statement"":""80% Future My current work fits with my future plans.""}]","{""audience"": null, ""outcome_type"": ""employment_or_study_rate"", ""percentage"": 80, ""period"": ""15 months after the course"", ""population"": ""Agriculture, food and related studies graduates at Askham Bryan College""}",6,0,6,32,15.79,1,0,40,0,100.00
IUT de Charleville,BUT gestion administrative et commerciale des organisations parcours management responsable de projet et entrepreneuriat,FR,bachelor,business,onisep-fr-stage1-039,58644168-c523-558b-b4e2-52647103bbd0,BUT gestion administrative et commerciale des organisations parcours management responsable de projet et entrepreneuriat,bachelor universitaire de technologie,3 ans,Charleville-Mézières,"temps plein, cours en présentiel",Français Secteurs disciplinaires concernés : Agro-alimentaire - Agronomie Scienc,Active,2026 HT,"{""credential"": ""tuition fee"", ""currency"": ""EUR"", ""fee_period"": ""annual"", ""maximum_amount"": 23700, ""minimum_amount"": 11850, ""source_text"": ""de 11850 euros jusqu'à 23700 euros en 2025 (de 3950 à 7900 euros par an selon les revenus)""}",programme,Additional fees may apply; see the institution fee schedule,institution,Mandatory fees vary by institution and enrolment,Application fee not specified in local artifacts,"{""details"": ""Financial support and scholarships For general sources of financial support, see our Fees and funding pages."", ""funding_type"": ""financial_aid_policy""}","{""amount"":15000,""currency"":""GBP""}","{""details"":""Financial support and scholarships For general sources of financial support, see our Fees and funding pages."",""funding_type"":""financial_aid_policy""}","{""amount"":15000,""currency"":""GBP""}",Students with children or dependant adults may qualify for a Childcare Grant or Adult Dependants' Grant.,See funding provider deadlines,6,"{""minimum_each"": 5.5, ""minimum_overall"": 6, ""source_text"": ""nables you to progress onto year 1 of this degree. English language requirements If English is not your first language, IELTS 6.0 overall with a minimum of 5.5 in each element. Find out about the other English qualifications that we accept . Studied before or got relevant experience? If you have suitable qualifications, credits from a previous university course or relevant professional experience, these could count towards your course at Brighton and you could start the course in year 2 or 3. Transferring from another university Thinking about""}",100,105,"{""requirement_status"": ""required"", ""test"": ""GMAT/GRE""}","{""source_label"": ""Start date"", ""start_dates"": [""2026-09-01""]}",2026-04-08,2025-12-01,2027-01-13,True,https://www.iut-rcc.fr/media-files/30672/but-gaco.pdf,Secondary school diploma,2.5,4.0,including Mathematics and English Language or equivalents,Completing your qualification in autumn 2026; Work certificates; Bachelor´s degree (or higher) completed in Finland before 1995; Passport or residence permit to Finland; Special arrangements in the entrance examinations; Work Experience Template (CV); Bachelor´s degree (or higher) completed outside Finland; GMAT Exam or GRE test results,Reference,Personal statement,plus a portfolio demonstrating artistic ability,"{""details"": ""Relevant work experience may be considered if you do not meet the above criteria"", ""requirement_status"": ""conditional""}","[{""outcome_type"":""graduate_perception"",""period"":""15 months after graduation"",""population"":""Agriculture, food and related studies graduates at Askham Bryan College"",""statement"":""100% of graduates find their current work meaningful""},{""outcome_type"":""graduate_perception"",""period"":""15 months after graduation"",""population"":""Agriculture, food and related studies graduates at Askham Bryan College"",""statement"":""80% Usefulness I am utilising what I learnt during my studies in my current work.""},{""outcome_type"":""graduate_perception"",""period"":""15 months after graduation"",""population"":""Agriculture, food and related studies graduates at Askham Bryan College"",""statement"":""100% Meaningfulness My current work is meaningful.""},{""amount"":18500,""currency"":""GBP"",""outcome_type"":""median_earnings"",""period"":""3 years after the course"",""population"":""Animal science graduates at Askham Bryan College""},{""outcome_type"":""graduate_perception"",""period"":""15 months after graduation"",""population"":""Agriculture, food and related studies graduates at Askham Bryan College"",""statement"":""80% Future My current work fits with my future plans.""}]","{""audience"": null, ""outcome_type"": ""employment_or_study_rate"", ""percentage"": 80, ""period"": ""15 months after the course"", ""population"": ""Agriculture, food and related studies graduates at Askham Bryan College""}",6,0,6,32,15.79,1,0,40,0,100.00
IUT de Charleville,BUT techniques de commercialisation parcours business développement et management de la relation client,FR,bachelor,other,onisep-fr-stage1-039,ee721859-3e1a-5f30-bbbc-8738b875a484,BUT techniques de commercialisation parcours business développement et management de la relation client,bachelor universitaire de technologie,3 ans,Charleville-Mézières,"temps plein, cours en présentiel",Français,Active,2026 HT,"{""credential"": ""tuition fee"", ""currency"": ""EUR"", ""fee_period"": ""annual"", ""maximum_amount"": 23700, ""minimum_amount"": 11850, ""source_text"": ""de 11850 euros jusqu'à 23700 euros en 2025 (de 3950 à 7900 euros par an selon les revenus)""}",programme,Additional fees may apply; see the institution fee schedule,institution,Mandatory fees vary by institution and enrolment,Application fee not specified in local artifacts,"{""details"": ""Bursaries, scholarships and part-time work We offer a range of scholarships and bursaries for UK and international students , which provide extra financial support while you’re at university."", ""funding_type"": ""financial_aid_policy""}","{""amount"":15000,""currency"":""GBP""}","{""details"":""Have the opportunity to participate in competitions and other professional opportunities, including the Carleton Hobbs Bursary Award (radio), the Sam Wanamaker Festival (The Globe) and The Spotlight Prize (Industry)."",""funding_type"":""financial_aid_policy""}","{""amount"":15000,""currency"":""GBP""}","If you're eligible for a scholarship, you'll generally receive it automatically – there's no need to apply.",See funding provider deadlines,6,"{""minimum_each"": 6.5, ""minimum_overall"": 7, ""source_text"": ""equire a Student visa to study in the UK are welcome to apply for entry in September 2026 Test Grade Additional details IELTS (Academic) 7 with no less than 6.5 in each section TOEFL (iBT) 100 with minimum scores of 19 in Writing and Listening, 19 in Reading, 20 in Speaking If your qualification is not listed here, please take a look at our international entry requirements page or get in touch with our admissions team on the form below. Please note, to be accepted onto this course; you will also need to demonstrate that you meet the minimum standards o""}",100,105,"[""SAT or 33 in ACT""]","{""periodNumber"": 4, ""semester"": ""HT"", ""year"": 2026}",2026-04-15,2025-12-01,2027-01-13,True,https://www.iut-rcc.fr/media-files/30682/but-tc08.pdf,Secondary school diploma,2.5,4.0,"Kurs motsvarande ABMM32 Arkivvetenskap: Förmedling och tillhandahållande, 7,5 hp, ABMM52 Biblioteks- och informationsvetenskap: Informationssökning och förmedling, 7,5 hp, eller ABMM72 Museologi: Materiell, immateriell och visuell kultur, 7,5 hp",academic qualifications; a personal statement; evidence of your English language skills (with relevant qualifications); a reference,Reference,Personal statement,plus a portfolio demonstrating artistic ability,"{""details"": ""DUO RIO reports GEEN_EISEN for EISEN_WERKZAAMHEDEN."", ""requirement_status"": ""not_required""}","{""data_period"": ""students graduating 2021-23"", ""measure"": ""graduates find their current work meaningful"", ""note"": ""data displayed is from students on this and other courses in Finance"", ""outcome_period"": ""15 months after graduation"", ""percentage"": 80}","{""audience"": null, ""description"": ""go on to work and/or study 15 months after the course"", ""outcome_type"": ""employment_rate"", ""percentage"": 85, ""population"": ""Creative arts and design graduates at Anglia Ruskin University""}",6,0,6,32,15.79,1,0,40,0,100.00
Institut d'administration des entreprises - Campus Saint-Jean d'Angely,master mention management,FR,master,other,onisep-fr-stage1-017,067b77ac-c8fa-5719-9f3e-3cd6d2318b38,master mention management,master,2 ans,Nice,"temps plein, cours en présentiel (cours du soir possible pour le parcours recherche et conseil en management)",Tous les cours sont uniquement enseignés en Anglais,Active,2026,"{""academic_cycle"":""2026"",""amount"":18000,""audience"":""international"",""credential"":""master"",""currency"":""EUR"",""fee_period"":""year""}",programme,Additional fees may apply; see the institution fee schedule,institution,Mandatory fees vary by institution and enrolment,Application fee not specified in local artifacts,"{""academic_cycle"":null,""amount"":null,""automatic_consideration"":null,""award_name"":null,""currency"":null,""details"":""gratuit en apprentissage"",""eligibility"":null,""funding_type"":""financial_aid_policy"",""repayable"":null,""separate_application_required"":null}",Varies,Funding options may be available,Varies,"Eligibility varies by citizenship, merit, and financial need",See funding provider deadlines,5,6.0 each,80,120,English proficiency test requirement varies,"{""periodNumber"": 1, ""semester"": ""VT"", ""year"": 2027}",2026-10-15,2025-12-01,2026-01-15,Not specified,https://univ-cotedazur.fr/servlet/com.jsbsoft.jtf.core.SG?%23ECRAN_LOGIQUE%23=RECHERCHE&PROC=RECHERCHE&ACTION=VALIDER&RH=1595659207794&OBJET=FORMATION&LANGUE=0&FORMATION_INITIALE=&REPRISE_ETUDES=&PARTIELLEMENT_DISTANCE=&TOTALEMENT_DISTANCE=&ALTERNANCE=&LIBELLE=&GRADE=0000&TYPE_DIPLOME=MASTER&FORMATION=0000&MODALITE=ALTERNANCE&DOMAINE_LMD=0000,University Bachelor's degree,3.0,4.0,"Grundläggande behörighet och minst 7,5 hp arkivvetenskap eller motsvarande kunskap samt 1 års arbetslivserfarenhet inom arkivsektorn.",Application form; CV or resume; transcripts; degree certificate; language proof; passport,2 recommendation letters,Statement of purpose or motivation letter,Portfolio requirement depends on the programme,"{""details"": ""DUO RIO reports GEEN_EISEN for EISEN_WERKZAAMHEDEN."", ""requirement_status"": ""not_required""}",Career opportunities related to other,Career opportunities related to other,6,0,6,32,15.79,1,0,40,0,100.00
Institut d'administration des entreprises - Campus Saint-Jean d'Angely,master mention management et commerce international,FR,master,business,onisep-fr-stage1-017,2936099d-411e-5963-8c62-27be8bb17202,master mention management et commerce international,master,2 ans,Nice,"temps plein, cours en présentiel",Tous les cours sont uniquement enseignés en Anglais,Active,2026,EUR 8500 / year,programme,Additional fees may apply; see the institution fee schedule,institution,Mandatory fees vary by institution and enrolment,Application fee not specified in local artifacts,"{""academic_cycle"":null,""amount"":null,""automatic_consideration"":null,""award_name"":null,""currency"":null,""details"":""gratuit en apprentissage"",""eligibility"":null,""funding_type"":""financial_aid_policy"",""repayable"":null,""separate_application_required"":null}",Varies,Funding options may be available,Varies,"Eligibility varies by citizenship, merit, and financial need",See funding provider deadlines,5,6.0 each,80,120,English proficiency test requirement varies,"{""start_date"": ""2027-08-01""}",2027-01-05,2025-12-01,2026-01-15,Not specified,https://univ-cotedazur.fr/servlet/com.jsbsoft.jtf.core.SG?%23ECRAN_LOGIQUE%23=RECHERCHE&PROC=RECHERCHE&ACTION=VALIDER&RH=1595659207794&OBJET=FORMATION&LANGUE=0&FORMATION_INITIALE=&REPRISE_ETUDES=&PARTIELLEMENT_DISTANCE=&TOTALEMENT_DISTANCE=&ALTERNANCE=&LIBELLE=&GRADE=0000&TYPE_DIPLOME=MASTER&FORMATION=0000&MODALITE=ALTERNANCE&DOMAINE_LMD=0000,University Bachelor's degree,3.0,4.0,"Grundläggande behörighet och minst 7,5 hp arkivvetenskap eller motsvarande kunskap samt 1 års arbetslivserfarenhet inom arkivsektorn.",Application form; CV or resume; transcripts; degree certificate; language proof; passport,2 recommendation letters,Statement of purpose or motivation letter,Portfolio requirement depends on the programme,"{""details"": ""DUO RIO reports GEEN_EISEN for EISEN_WERKZAAMHEDEN."", ""requirement_status"": ""not_required""}",Career opportunities related to business,Career opportunities related to business,6,0,6,32,15.79,1,0,40,0,100.00
Institut national des sciences appliquees de Lyon,Bachelor en sciences et ingenierie - genie energetique et environnement,FR,bachelor,other,insa-lyon-fr-canary,9abbec1d-5f50-59ea-9532-f3ed9e3aff10,Bachelor en sciences et ingenierie - genie energetique et environnement,Bachelor,3 ans,Villeurbanne,"temps plein, cours en présentiel (1re année)",Français,Active,2026 HT,"{""credential"": ""tuition fee"", ""currency"": ""EUR"", ""fee_period"": ""programme"", ""maximum_amount"": 6000, ""minimum_amount"": 0, ""source_text"": ""de 0 euros jusqu'à 6000 euros en 2026 (de 0 à 6000 euros la 1re année en temps plein, tarif variable selon les revenus. Gratuit en apprentissage)""}",programme,Additional fees may apply; see the institution fee schedule,institution,Mandatory fees vary by institution and enrolment,Application fee not specified in local artifacts,"{""details"": ""Bursaries, scholarships and part-time work We offer a range of scholarships and bursaries for UK and international students , which provide extra financial support while you’re at university."", ""funding_type"": ""financial_aid_policy""}","{""amount"":15000,""currency"":""GBP""}","{""details"":""Have the opportunity to participate in competitions and other professional opportunities, including the Carleton Hobbs Bursary Award (radio), the Sam Wanamaker Festival (The Globe) and The Spotlight Prize (Industry)."",""funding_type"":""financial_aid_policy""}","{""amount"":15000,""currency"":""GBP""}","If you're eligible for a scholarship, you'll generally receive it automatically – there's no need to apply.",See funding provider deadlines,6,"{""minimum_each"": 6.5, ""minimum_overall"": 7, ""source_text"": ""equire a Student visa to study in the UK are welcome to apply for entry in September 2026 Test Grade Additional details IELTS (Academic) 7 with no less than 6.5 in each section TOEFL (iBT) 100 with minimum scores of 19 in Writing and Listening, 19 in Reading, 20 in Speaking If your qualification is not listed here, please take a look at our international entry requirements page or get in touch with our admissions team on the form below. Please note, to be accepted onto this course; you will also need to demonstrate that you meet the minimum standards o""}",100,105,"[""SAT or 33 in ACT""]","{""periodNumber"": 4, ""semester"": ""HT"", ""year"": 2026}",2026-04-15,2025-12-01,2027-01-13,True,https://www.insa-lyon.fr/fr/formation/bachelor-specialite-infrastructures-reseaux-electriques,Secondary school diploma,2.5,4.0,"Kurs motsvarande ABMM32 Arkivvetenskap: Förmedling och tillhandahållande, 7,5 hp, ABMM52 Biblioteks- och informationsvetenskap: Informationssökning och förmedling, 7,5 hp, eller ABMM72 Museologi: Materiell, immateriell och visuell kultur, 7,5 hp",academic qualifications; a personal statement; evidence of your English language skills (with relevant qualifications); a reference,Reference,Personal statement,plus a portfolio demonstrating artistic ability,"{""details"": ""DUO RIO reports GEEN_EISEN for EISEN_WERKZAAMHEDEN."", ""requirement_status"": ""not_required""}","{""data_period"": ""students graduating 2021-23"", ""measure"": ""graduates find their current work meaningful"", ""note"": ""data displayed is from students on this and other courses in Finance"", ""outcome_period"": ""15 months after graduation"", ""percentage"": 80}","{""audience"": null, ""description"": ""go on to work and/or study 15 months after the course"", ""outcome_type"": ""employment_rate"", ""percentage"": 85, ""population"": ""Creative arts and design graduates at Anglia Ruskin University""}",5,0,7,31,18.42,2,0,40,0,100.00
Institut national des sciences appliquees de Lyon,Master mention IA - intelligence artificielle,FR,master,computer science,insa-lyon-fr-canary,e9ed732d-69bc-5121-918a-1da325af79ef,master mention IA - intelligence artificielle,master,2 ans,Villeurbanne,"temps plein, cours en présentiel",Tous les cours sont uniquement enseignés en Anglais,Active,2026,EUR 10000 / year,programme,Additional fees may apply; see the institution fee schedule,institution,Mandatory fees vary by institution and enrolment,Application fee not specified in local artifacts,"{""academic_cycle"":null,""amount"":null,""automatic_consideration"":null,""award_name"":null,""currency"":null,""details"":""gratuit en apprentissage"",""eligibility"":null,""funding_type"":""financial_aid_policy"",""repayable"":null,""separate_application_required"":null}",Varies,Funding options may be available,Varies,"Eligibility varies by citizenship, merit, and financial need",See funding provider deadlines,5,6.0 each,80,120,English proficiency test requirement varies,"{""start_date"": ""2027-08-01""}",2027-01-05,2025-12-01,2026-01-15,Not specified,https://www.insa-lyon.fr/fr/formation/bachelor-specialite-infrastructures-reseaux-electriques,University Bachelor's degree,3.0,4.0,"Grundläggande behörighet och minst 7,5 hp arkivvetenskap eller motsvarande kunskap samt 1 års arbetslivserfarenhet inom arkivsektorn.",Application form; CV or resume; transcripts; degree certificate; language proof; passport,2 recommendation letters,Statement of purpose or motivation letter,Portfolio requirement depends on the programme,"{""details"": ""DUO RIO reports GEEN_EISEN for EISEN_WERKZAAMHEDEN."", ""requirement_status"": ""not_required""}",Career opportunities related to computer science,Career opportunities related to computer science,6,0,6,32,15.79,1,0,40,0,100.00
Institut national supérieur du professorat et de l'éducation - antenne de Laon,licence mention professorat des écoles,FR,bachelor,other,onisep-fr-stage1-005,81849649-f1a0-5dba-9010-16cfb9609bf3,licence mention professorat des écoles,licence,3 ans,Laon,"temps plein, cours en présentiel",Français,Active,2026 HT,"{""credential"": ""tuition fee"", ""currency"": ""EUR"", ""fee_period"": ""annual"", ""maximum_amount"": 23700, ""minimum_amount"": 11850, ""source_text"": ""de 11850 euros jusqu'à 23700 euros en 2025 (de 3950 à 7900 euros par an selon les revenus)""}",programme,Additional fees may apply; see the institution fee schedule,institution,Mandatory fees vary by institution and enrolment,Application fee not specified in local artifacts,"{""details"": ""Bursaries, scholarships and part-time work We offer a range of scholarships and bursaries for UK and international students , which provide extra financial support while you’re at university."", ""funding_type"": ""financial_aid_policy""}","{""amount"":15000,""currency"":""GBP""}","{""details"":""Have the opportunity to participate in competitions and other professional opportunities, including the Carleton Hobbs Bursary Award (radio), the Sam Wanamaker Festival (The Globe) and The Spotlight Prize (Industry)."",""funding_type"":""financial_aid_policy""}","{""amount"":15000,""currency"":""GBP""}","If you're eligible for a scholarship, you'll generally receive it automatically – there's no need to apply.",See funding provider deadlines,6,"{""minimum_each"": 6.5, ""minimum_overall"": 7, ""source_text"": ""equire a Student visa to study in the UK are welcome to apply for entry in September 2026 Test Grade Additional details IELTS (Academic) 7 with no less than 6.5 in each section TOEFL (iBT) 100 with minimum scores of 19 in Writing and Listening, 19 in Reading, 20 in Speaking If your qualification is not listed here, please take a look at our international entry requirements page or get in touch with our admissions team on the form below. Please note, to be accepted onto this course; you will also need to demonstrate that you meet the minimum standards o""}",100,105,"[""SAT or 33 in ACT""]","{""periodNumber"": 4, ""semester"": ""HT"", ""year"": 2026}",2026-04-15,2025-12-01,2027-01-13,True,https://inspe.u-picardie.fr/formations-linspe,Secondary school diploma,2.5,4.0,"Kurs motsvarande ABMM32 Arkivvetenskap: Förmedling och tillhandahållande, 7,5 hp, ABMM52 Biblioteks- och informationsvetenskap: Informationssökning och förmedling, 7,5 hp, eller ABMM72 Museologi: Materiell, immateriell och visuell kultur, 7,5 hp",academic qualifications; a personal statement; evidence of your English language skills (with relevant qualifications); a reference,Reference,Personal statement,plus a portfolio demonstrating artistic ability,"{""details"": ""DUO RIO reports GEEN_EISEN for EISEN_WERKZAAMHEDEN."", ""requirement_status"": ""not_required""}","{""data_period"": ""students graduating 2021-23"", ""measure"": ""graduates find their current work meaningful"", ""note"": ""data displayed is from students on this and other courses in Finance"", ""outcome_period"": ""15 months after graduation"", ""percentage"": 80}","{""audience"": null, ""description"": ""go on to work and/or study 15 months after the course"", ""outcome_type"": ""employment_rate"", ""percentage"": 85, ""population"": ""Creative arts and design graduates at Anglia Ruskin University""}",5,0,5,33,13.16,1,0,40,0,100.00
Institut national supérieur du professorat et de l'éducation - antenne de Laon,master mention enseignement et éducation - professorat des écoles,FR,master,other,onisep-fr-stage1-005,6fb2e41e-4389-5d23-936f-113aef58afc1,master mention enseignement et éducation - professorat des écoles,master,2 ans,Laon,"temps plein, cours en présentiel (dispositif contractuel alternant -DCA-)",Tous les cours sont uniquement enseignés en Anglais,Active,2026,"{""academic_cycle"":""2026"",""amount"":18000,""audience"":""international"",""credential"":""master"",""currency"":""EUR"",""fee_period"":""year""}",programme,Additional fees may apply; see the institution fee schedule,institution,Mandatory fees vary by institution and enrolment,Application fee not specified in local artifacts,"{""academic_cycle"":null,""amount"":null,""automatic_consideration"":null,""award_name"":null,""currency"":null,""details"":""gratuit en apprentissage"",""eligibility"":null,""funding_type"":""financial_aid_policy"",""repayable"":null,""separate_application_required"":null}",Varies,Funding options may be available,Varies,"Eligibility varies by citizenship, merit, and financial need",See funding provider deadlines,5,6.0 each,80,120,English proficiency test requirement varies,"{""periodNumber"": 1, ""semester"": ""VT"", ""year"": 2027}",2026-10-15,2025-12-01,2026-01-15,Not specified,https://inspe.u-picardie.fr/formations-linspe,University Bachelor's degree,3.0,4.0,"Grundläggande behörighet och minst 7,5 hp arkivvetenskap eller motsvarande kunskap samt 1 års arbetslivserfarenhet inom arkivsektorn.",Application form; CV or resume; transcripts; degree certificate; language proof; passport,2 recommendation letters,Statement of purpose or motivation letter,Portfolio requirement depends on the programme,"{""details"": ""DUO RIO reports GEEN_EISEN for EISEN_WERKZAAMHEDEN."", ""requirement_status"": ""not_required""}",Career opportunities related to other,Career opportunities related to other,6,0,6,32,15.79,1,0,40,0,100.00
Institut national supérieur du professorat et de l'éducation - site de Charleville-Mézières,licence mention professorat des écoles,FR,bachelor,other,onisep-fr-stage1-038,36d5084e-2c73-5fb5-b94e-abfed22c61eb,licence mention professorat des écoles,licence,3 ans,Charleville-Mézières,"temps plein, cours en présentiel",Français,Active,2026 HT,"{""credential"": ""tuition fee"", ""currency"": ""EUR"", ""fee_period"": ""annual"", ""maximum_amount"": 23700, ""minimum_amount"": 11850, ""source_text"": ""de 11850 euros jusqu'à 23700 euros en 2025 (de 3950 à 7900 euros par an selon les revenus)""}",programme,Additional fees may apply; see the institution fee schedule,institution,Mandatory fees vary by institution and enrolment,Application fee not specified in local artifacts,"{""details"": ""Bursaries, scholarships and part-time work We offer a range of scholarships and bursaries for UK and international students , which provide extra financial support while you’re at university."", ""funding_type"": ""financial_aid_policy""}","{""amount"":15000,""currency"":""GBP""}","{""details"":""Have the opportunity to participate in competitions and other professional opportunities, including the Carleton Hobbs Bursary Award (radio), the Sam Wanamaker Festival (The Globe) and The Spotlight Prize (Industry)."",""funding_type"":""financial_aid_policy""}","{""amount"":15000,""currency"":""GBP""}","If you're eligible for a scholarship, you'll generally receive it automatically – there's no need to apply.",See funding provider deadlines,6,"{""minimum_each"": 6.5, ""minimum_overall"": 7, ""source_text"": ""equire a Student visa to study in the UK are welcome to apply for entry in September 2026 Test Grade Additional details IELTS (Academic) 7 with no less than 6.5 in each section TOEFL (iBT) 100 with minimum scores of 19 in Writing and Listening, 19 in Reading, 20 in Speaking If your qualification is not listed here, please take a look at our international entry requirements page or get in touch with our admissions team on the form below. Please note, to be accepted onto this course; you will also need to demonstrate that you meet the minimum standards o""}",100,105,"[""SAT or 33 in ACT""]","{""periodNumber"": 4, ""semester"": ""HT"", ""year"": 2026}",2026-04-15,2025-12-01,2027-01-13,True,https://www.univ-reims.fr/li-lpe-charleville,Secondary school diploma,2.5,4.0,"Kurs motsvarande ABMM32 Arkivvetenskap: Förmedling och tillhandahållande, 7,5 hp, ABMM52 Biblioteks- och informationsvetenskap: Informationssökning och förmedling, 7,5 hp, eller ABMM72 Museologi: Materiell, immateriell och visuell kultur, 7,5 hp",academic qualifications; a personal statement; evidence of your English language skills (with relevant qualifications); a reference,Reference,Personal statement,plus a portfolio demonstrating artistic ability,"{""details"": ""DUO RIO reports GEEN_EISEN for EISEN_WERKZAAMHEDEN."", ""requirement_status"": ""not_required""}","{""data_period"": ""students graduating 2021-23"", ""measure"": ""graduates find their current work meaningful"", ""note"": ""data displayed is from students on this and other courses in Finance"", ""outcome_period"": ""15 months after graduation"", ""percentage"": 80}","{""audience"": null, ""description"": ""go on to work and/or study 15 months after the course"", ""outcome_type"": ""employment_rate"", ""percentage"": 85, ""population"": ""Creative arts and design graduates at Anglia Ruskin University""}",6,0,6,32,15.79,1,0,40,0,100.00
Institut national supérieur du professorat et de l'éducation - site de Charleville-Mézières,master mention enseignement et éducation - professorat des écoles,FR,master,other,onisep-fr-stage1-038,b40d6dfd-98cd-50c3-94e3-cdc6c928c532,master mention enseignement et éducation - professorat des écoles,master,2 ans,Charleville-Mézières,"temps plein, cours en présentiel",Tous les cours sont uniquement enseignés en Anglais,Active,2026,"{""academic_cycle"":""2026"",""amount"":18000,""audience"":""international"",""credential"":""master"",""currency"":""EUR"",""fee_period"":""year""}",programme,Additional fees may apply; see the institution fee schedule,institution,Mandatory fees vary by institution and enrolment,Application fee not specified in local artifacts,"{""academic_cycle"":null,""amount"":null,""automatic_consideration"":null,""award_name"":null,""currency"":null,""details"":""gratuit en apprentissage"",""eligibility"":null,""funding_type"":""financial_aid_policy"",""repayable"":null,""separate_application_required"":null}",Varies,Funding options may be available,Varies,"Eligibility varies by citizenship, merit, and financial need",See funding provider deadlines,5,6.0 each,80,120,English proficiency test requirement varies,"{""periodNumber"": 1, ""semester"": ""VT"", ""year"": 2027}",2026-10-15,2025-12-01,2026-01-15,Not specified,https://www.univ-reims.fr/li-lpe-charleville,University Bachelor's degree,3.0,4.0,"Grundläggande behörighet och minst 7,5 hp arkivvetenskap eller motsvarande kunskap samt 1 års arbetslivserfarenhet inom arkivsektorn.",Application form; CV or resume; transcripts; degree certificate; language proof; passport,2 recommendation letters,Statement of purpose or motivation letter,Portfolio requirement depends on the programme,"{""details"": ""DUO RIO reports GEEN_EISEN for EISEN_WERKZAAMHEDEN."", ""requirement_status"": ""not_required""}",Career opportunities related to other,Career opportunities related to other,5,0,5,33,13.16,1,0,40,0,100.00
Institut national supérieur du professorat et de l'éducation - site de Digne-les-Bains,licence mention professorat des écoles,FR,bachelor,other,onisep-fr-stage1-014,d6cc8d77-c34f-5b12-a8d0-ab09479fe460,licence mention professorat des écoles,licence,3 ans,Digne-les-Bains,"temps plein, cours en présentiel",Français,Active,2026 HT,"{""credential"": ""tuition fee"", ""currency"": ""EUR"", ""fee_period"": ""annual"", ""maximum_amount"": 23700, ""minimum_amount"": 11850, ""source_text"": ""de 11850 euros jusqu'à 23700 euros en 2025 (de 3950 à 7900 euros par an selon les revenus)""}",programme,Additional fees may apply; see the institution fee schedule,institution,Mandatory fees vary by institution and enrolment,Application fee not specified in local artifacts,"{""details"": ""Bursaries, scholarships and part-time work We offer a range of scholarships and bursaries for UK and international students , which provide extra financial support while you’re at university."", ""funding_type"": ""financial_aid_policy""}","{""amount"":15000,""currency"":""GBP""}","{""details"":""Have the opportunity to participate in competitions and other professional opportunities, including the Carleton Hobbs Bursary Award (radio), the Sam Wanamaker Festival (The Globe) and The Spotlight Prize (Industry)."",""funding_type"":""financial_aid_policy""}","{""amount"":15000,""currency"":""GBP""}","If you're eligible for a scholarship, you'll generally receive it automatically – there's no need to apply.",See funding provider deadlines,6,"{""minimum_each"": 6.5, ""minimum_overall"": 7, ""source_text"": ""equire a Student visa to study in the UK are welcome to apply for entry in September 2026 Test Grade Additional details IELTS (Academic) 7 with no less than 6.5 in each section TOEFL (iBT) 100 with minimum scores of 19 in Writing and Listening, 19 in Reading, 20 in Speaking If your qualification is not listed here, please take a look at our international entry requirements page or get in touch with our admissions team on the form below. Please note, to be accepted onto this course; you will also need to demonstrate that you meet the minimum standards o""}",100,105,"[""SAT or 33 in ACT""]","{""periodNumber"": 4, ""semester"": ""HT"", ""year"": 2026}",2026-04-15,2025-12-01,2027-01-13,True,https://www.uca.fr/formation/nos-formations/par-ufr-ecoles-et-iut/iut-clermont-auvergne/but/but-techniques-de-commercialisation-moulins-1#inscriptions,Secondary school diploma,2.5,4.0,"Kurs motsvarande ABMM32 Arkivvetenskap: Förmedling och tillhandahållande, 7,5 hp, ABMM52 Biblioteks- och informationsvetenskap: Informationssökning och förmedling, 7,5 hp, eller ABMM72 Museologi: Materiell, immateriell och visuell kultur, 7,5 hp",academic qualifications; a personal statement; evidence of your English language skills (with relevant qualifications); a reference,Reference,Personal statement,plus a portfolio demonstrating artistic ability,"{""details"": ""DUO RIO reports GEEN_EISEN for EISEN_WERKZAAMHEDEN."", ""requirement_status"": ""not_required""}","{""data_period"": ""students graduating 2021-23"", ""measure"": ""graduates find their current work meaningful"", ""note"": ""data displayed is from students on this and other courses in Finance"", ""outcome_period"": ""15 months after graduation"", ""percentage"": 80}","{""audience"": null, ""description"": ""go on to work and/or study 15 months after the course"", ""outcome_type"": ""employment_rate"", ""percentage"": 85, ""population"": ""Creative arts and design graduates at Anglia Ruskin University""}",5,0,5,33,13.16,1,0,40,0,100.00
Institut national supérieur du professorat et de l'éducation - site de Digne-les-Bains,master mention enseignement et éducation - professorat des écoles,FR,master,other,onisep-fr-stage1-014,b24a96cd-0e71-58de-91fe-fd509593425f,master mention enseignement et éducation - professorat des écoles,master,2 ans,Digne-les-Bains,"temps plein, cours en présentiel",Tous les cours sont uniquement enseignés en Anglais,Active,2026,"{""academic_cycle"":""2026"",""amount"":18000,""audience"":""international"",""credential"":""master"",""currency"":""EUR"",""fee_period"":""year""}",programme,Additional fees may apply; see the institution fee schedule,institution,Mandatory fees vary by institution and enrolment,Application fee not specified in local artifacts,"{""academic_cycle"":null,""amount"":null,""automatic_consideration"":null,""award_name"":null,""currency"":null,""details"":""gratuit en apprentissage"",""eligibility"":null,""funding_type"":""financial_aid_policy"",""repayable"":null,""separate_application_required"":null}",Varies,Funding options may be available,Varies,"Eligibility varies by citizenship, merit, and financial need",See funding provider deadlines,5,6.0 each,80,120,English proficiency test requirement varies,"{""periodNumber"": 1, ""semester"": ""VT"", ""year"": 2027}",2026-10-15,2025-12-01,2026-01-15,Not specified,https://univ-cotedazur.fr/servlet/com.jsbsoft.jtf.core.SG?%23ECRAN_LOGIQUE%23=RECHERCHE&PROC=RECHERCHE&ACTION=VALIDER&RH=1595659207794&OBJET=FORMATION&LANGUE=0&FORMATION_INITIALE=&REPRISE_ETUDES=&PARTIELLEMENT_DISTANCE=&TOTALEMENT_DISTANCE=&ALTERNANCE=&LIBELLE=&GRADE=0000&TYPE_DIPLOME=MASTER&FORMATION=0000&MODALITE=ALTERNANCE&DOMAINE_LMD=0000,University Bachelor's degree,3.0,4.0,"Grundläggande behörighet och minst 7,5 hp arkivvetenskap eller motsvarande kunskap samt 1 års arbetslivserfarenhet inom arkivsektorn.",Application form; CV or resume; transcripts; degree certificate; language proof; passport,2 recommendation letters,Statement of purpose or motivation letter,Portfolio requirement depends on the programme,"{""details"": ""DUO RIO reports GEEN_EISEN for EISEN_WERKZAAMHEDEN."", ""requirement_status"": ""not_required""}",Career opportunities related to other,Career opportunities related to other,5,0,5,33,13.16,1,0,40,0,100.00
Institut national supérieur du professorat et de l'éducation - site de l'Ain,licence mention professorat des écoles,FR,bachelor,other,onisep-fr-stage1-001,26771848-8ad9-59b3-9f88-86811be85572,licence mention professorat des écoles,licence,3 ans,Bourg-en-Bresse,"temps plein, cours en présentiel",Français,Active,2026 HT,"{""credential"": ""tuition fee"", ""currency"": ""EUR"", ""fee_period"": ""annual"", ""maximum_amount"": 23700, ""minimum_amount"": 11850, ""source_text"": ""de 11850 euros jusqu'à 23700 euros en 2025 (de 3950 à 7900 euros par an selon les revenus)""}",programme,Additional fees may apply; see the institution fee schedule,institution,Mandatory fees vary by institution and enrolment,Application fee not specified in local artifacts,"{""details"": ""Bursaries, scholarships and part-time work We offer a range of scholarships and bursaries for UK and international students , which provide extra financial support while you’re at university."", ""funding_type"": ""financial_aid_policy""}","{""amount"":15000,""currency"":""GBP""}","{""details"":""Have the opportunity to participate in competitions and other professional opportunities, including the Carleton Hobbs Bursary Award (radio), the Sam Wanamaker Festival (The Globe) and The Spotlight Prize (Industry)."",""funding_type"":""financial_aid_policy""}","{""amount"":15000,""currency"":""GBP""}","If you're eligible for a scholarship, you'll generally receive it automatically – there's no need to apply.",See funding provider deadlines,6,"{""minimum_each"": 6.5, ""minimum_overall"": 7, ""source_text"": ""equire a Student visa to study in the UK are welcome to apply for entry in September 2026 Test Grade Additional details IELTS (Academic) 7 with no less than 6.5 in each section TOEFL (iBT) 100 with minimum scores of 19 in Writing and Listening, 19 in Reading, 20 in Speaking If your qualification is not listed here, please take a look at our international entry requirements page or get in touch with our admissions team on the form below. Please note, to be accepted onto this course; you will also need to demonstrate that you meet the minimum standards o""}",100,105,"[""SAT or 33 in ACT""]","{""periodNumber"": 4, ""semester"": ""HT"", ""year"": 2026}",2026-04-15,2025-12-01,2027-01-13,True,https://inspe.univ-lyon1.fr/formation/offre-de-formation/master-enseignement-et-education,Secondary school diploma,2.5,4.0,"Kurs motsvarande ABMM32 Arkivvetenskap: Förmedling och tillhandahållande, 7,5 hp, ABMM52 Biblioteks- och informationsvetenskap: Informationssökning och förmedling, 7,5 hp, eller ABMM72 Museologi: Materiell, immateriell och visuell kultur, 7,5 hp",academic qualifications; a personal statement; evidence of your English language skills (with relevant qualifications); a reference,Reference,Personal statement,plus a portfolio demonstrating artistic ability,"{""details"": ""DUO RIO reports GEEN_EISEN for EISEN_WERKZAAMHEDEN."", ""requirement_status"": ""not_required""}","{""data_period"": ""students graduating 2021-23"", ""measure"": ""graduates find their current work meaningful"", ""note"": ""data displayed is from students on this and other courses in Finance"", ""outcome_period"": ""15 months after graduation"", ""percentage"": 80}","{""audience"": null, ""description"": ""go on to work and/or study 15 months after the course"", ""outcome_type"": ""employment_rate"", ""percentage"": 85, ""population"": ""Creative arts and design graduates at Anglia Ruskin University""}",5,0,5,33,13.16,1,0,40,0,100.00
Institut national supérieur du professorat et de l'éducation - site de l'Ain,master mention enseignement et éducation - professorat des écoles,FR,master,other,onisep-fr-stage1-001,f851cbdf-cdd3-513d-9f6f-3a5ed1dda854,master mention enseignement et éducation - professorat des écoles,master,2 ans,Bourg-en-Bresse,"temps plein, cours en présentiel",Tous les cours sont uniquement enseignés en Anglais,Active,2026,"{""academic_cycle"":""2026"",""amount"":18000,""audience"":""international"",""credential"":""master"",""currency"":""EUR"",""fee_period"":""year""}",programme,Additional fees may apply; see the institution fee schedule,institution,Mandatory fees vary by institution and enrolment,Application fee not specified in local artifacts,"{""academic_cycle"":null,""amount"":null,""automatic_consideration"":null,""award_name"":null,""currency"":null,""details"":""gratuit en apprentissage"",""eligibility"":null,""funding_type"":""financial_aid_policy"",""repayable"":null,""separate_application_required"":null}",Varies,Funding options may be available,Varies,"Eligibility varies by citizenship, merit, and financial need",See funding provider deadlines,5,6.0 each,80,120,English proficiency test requirement varies,"{""periodNumber"": 1, ""semester"": ""VT"", ""year"": 2027}",2026-10-15,2025-12-01,2026-01-15,Not specified,https://inspe.univ-lyon1.fr/formation/offre-de-formation/master-enseignement-et-education,University Bachelor's degree,3.0,4.0,"Grundläggande behörighet och minst 7,5 hp arkivvetenskap eller motsvarande kunskap samt 1 års arbetslivserfarenhet inom arkivsektorn.",Application form; CV or resume; transcripts; degree certificate; language proof; passport,2 recommendation letters,Statement of purpose or motivation letter,Portfolio requirement depends on the programme,"{""details"": ""DUO RIO reports GEEN_EISEN for EISEN_WERKZAAMHEDEN."", ""requirement_status"": ""not_required""}",Career opportunities related to other,Career opportunities related to other,6,0,6,32,15.79,1,0,40,0,100.00
Institut national supérieur du professorat et de l'éducation Clermont-Auvergne - site de Moulins,licence mention professorat des écoles,FR,bachelor,other,onisep-fr-stage1-009,394c7037-53ca-5124-b1cb-c347f2f3c5a9,licence mention professorat des écoles,licence,3 ans,Moulins,"temps plein, cours en présentiel ou cours partiellement en distanciel",Français,Active,2026 HT,"{""credential"": ""tuition fee"", ""currency"": ""EUR"", ""fee_period"": ""annual"", ""maximum_amount"": 23700, ""minimum_amount"": 11850, ""source_text"": ""de 11850 euros jusqu'à 23700 euros en 2025 (de 3950 à 7900 euros par an selon les revenus)""}",programme,Additional fees may apply; see the institution fee schedule,institution,Mandatory fees vary by institution and enrolment,Application fee not specified in local artifacts,"{""details"": ""Bursaries, scholarships and part-time work We offer a range of scholarships and bursaries for UK and international students , which provide extra financial support while you’re at university."", ""funding_type"": ""financial_aid_policy""}","{""amount"":15000,""currency"":""GBP""}","{""details"":""Have the opportunity to participate in competitions and other professional opportunities, including the Carleton Hobbs Bursary Award (radio), the Sam Wanamaker Festival (The Globe) and The Spotlight Prize (Industry)."",""funding_type"":""financial_aid_policy""}","{""amount"":15000,""currency"":""GBP""}","If you're eligible for a scholarship, you'll generally receive it automatically – there's no need to apply.",See funding provider deadlines,6,"{""minimum_each"": 6.5, ""minimum_overall"": 7, ""source_text"": ""equire a Student visa to study in the UK are welcome to apply for entry in September 2026 Test Grade Additional details IELTS (Academic) 7 with no less than 6.5 in each section TOEFL (iBT) 100 with minimum scores of 19 in Writing and Listening, 19 in Reading, 20 in Speaking If your qualification is not listed here, please take a look at our international entry requirements page or get in touch with our admissions team on the form below. Please note, to be accepted onto this course; you will also need to demonstrate that you meet the minimum standards o""}",100,105,"[""SAT or 33 in ACT""]","{""periodNumber"": 4, ""semester"": ""HT"", ""year"": 2026}",2026-04-15,2025-12-01,2027-01-13,True,https://inspe.uca.fr/formation/licences/licence-professorat-des-ecoles,Secondary school diploma,2.5,4.0,"Kurs motsvarande ABMM32 Arkivvetenskap: Förmedling och tillhandahållande, 7,5 hp, ABMM52 Biblioteks- och informationsvetenskap: Informationssökning och förmedling, 7,5 hp, eller ABMM72 Museologi: Materiell, immateriell och visuell kultur, 7,5 hp",academic qualifications; a personal statement; evidence of your English language skills (with relevant qualifications); a reference,Reference,Personal statement,plus a portfolio demonstrating artistic ability,"{""details"": ""DUO RIO reports GEEN_EISEN for EISEN_WERKZAAMHEDEN."", ""requirement_status"": ""not_required""}","{""data_period"": ""students graduating 2021-23"", ""measure"": ""graduates find their current work meaningful"", ""note"": ""data displayed is from students on this and other courses in Finance"", ""outcome_period"": ""15 months after graduation"", ""percentage"": 80}","{""audience"": null, ""description"": ""go on to work and/or study 15 months after the course"", ""outcome_type"": ""employment_rate"", ""percentage"": 85, ""population"": ""Creative arts and design graduates at Anglia Ruskin University""}",6,0,7,31,18.42,2,0,40,0,100.00
Institut national supérieur du professorat et de l'éducation Clermont-Auvergne - site de Moulins,master mention enseignement et éducation - professorat des écoles,FR,master,other,onisep-fr-stage1-009,20fb556f-e752-5d5d-b1fb-b7aa65c58ea4,master mention enseignement et éducation - professorat des écoles,master,2 ans,Moulins,"temps plein, cours en présentiel",Français,Active,2026,"{""academic_cycle"":""2026"",""amount"":18000,""audience"":""international"",""credential"":""master"",""currency"":""EUR"",""fee_period"":""year""}",programme,Additional fees may apply; see the institution fee schedule,institution,Mandatory fees vary by institution and enrolment,Application fee not specified in local artifacts,"{""academic_cycle"":null,""amount"":null,""automatic_consideration"":null,""award_name"":null,""currency"":null,""details"":""gratuit en apprentissage"",""eligibility"":null,""funding_type"":""financial_aid_policy"",""repayable"":null,""separate_application_required"":null}",Varies,Funding options may be available,Varies,"Eligibility varies by citizenship, merit, and financial need",See funding provider deadlines,5,6.0 each,80,120,English proficiency test requirement varies,"{""periodNumber"": 1, ""semester"": ""VT"", ""year"": 2027}",2026-10-15,2025-12-01,2026-01-15,Not specified,https://inspe.uca.fr/formation/master/master-ens-et-education-prof-des-ecoles-1ere-annee,University Bachelor's degree,3.0,4.0,"Grundläggande behörighet och minst 7,5 hp arkivvetenskap eller motsvarande kunskap samt 1 års arbetslivserfarenhet inom arkivsektorn.",Application form; CV or resume; transcripts; degree certificate; language proof; passport,2 recommendation letters,Statement of purpose or motivation letter,Portfolio requirement depends on the programme,"{""details"": ""DUO RIO reports GEEN_EISEN for EISEN_WERKZAAMHEDEN."", ""requirement_status"": ""not_required""}",Career opportunities related to other,Career opportunities related to other,6,0,7,31,18.42,2,0,40,0,100.00
"Institut national supérieur du professorat et de l'éducation Célestin Freinet - site de Nice, George V",master mention enseignement et éducation - professorat du second degré,FR,master,other,onisep-fr-stage1-026,4da6f840-9e62-5e39-a2b7-ebc0aea392ef,master mention enseignement et éducation - professorat du second degré,master,2 ans,Nice,"temps plein, cours en présentiel",Tous les cours sont uniquement enseignés en Anglais,Active,2026,"{""academic_cycle"":""2026"",""amount"":18000,""audience"":""international"",""credential"":""master"",""currency"":""EUR"",""fee_period"":""year""}",programme,Additional fees may apply; see the institution fee schedule,institution,Mandatory fees vary by institution and enrolment,Application fee not specified in local artifacts,"{""academic_cycle"":null,""amount"":null,""automatic_consideration"":null,""award_name"":null,""currency"":null,""details"":""gratuit en apprentissage"",""eligibility"":null,""funding_type"":""financial_aid_policy"",""repayable"":null,""separate_application_required"":null}",Varies,Funding options may be available,Varies,"Eligibility varies by citizenship, merit, and financial need",See funding provider deadlines,5,6.0 each,80,120,English proficiency test requirement varies,"{""periodNumber"": 1, ""semester"": ""VT"", ""year"": 2027}",2026-10-15,2025-12-01,2026-01-15,Not specified,https://inspe.univ-cotedazur.fr/a-propos-de-linspe/presentation,University Bachelor's degree,3.0,4.0,"Grundläggande behörighet och minst 7,5 hp arkivvetenskap eller motsvarande kunskap samt 1 års arbetslivserfarenhet inom arkivsektorn.",Application form; CV or resume; transcripts; degree certificate; language proof; passport,2 recommendation letters,Statement of purpose or motivation letter,Portfolio requirement depends on the programme,"{""details"": ""DUO RIO reports GEEN_EISEN for EISEN_WERKZAAMHEDEN."", ""requirement_status"": ""not_required""}",Career opportunities related to other,Career opportunities related to other,5,1,6,32,15.79,1,1,40,0,100.00
"Institut national supérieur du professorat et de l'éducation Célestin Freinet - site de Nice, George V","master mention métiers de l'enseignement, de l'éducation et de la formation - pratiques et ingénierie de la formation",FR,master,other,onisep-fr-stage1-026,49ca4019-1bf2-5b5c-983d-1c96b71efea6,"master mention métiers de l'enseignement, de l'éducation et de la formation - pratiques et ingénierie de la formation",master,2 ans,Nice,"temps plein, cours en présentiel",Tous les cours sont uniquement enseignés en Anglais,Active,2026,"{""academic_cycle"":""2026"",""amount"":18000,""audience"":""international"",""credential"":""master"",""currency"":""EUR"",""fee_period"":""year""}",programme,Additional fees may apply; see the institution fee schedule,institution,Mandatory fees vary by institution and enrolment,Application fee not specified in local artifacts,"{""academic_cycle"":null,""amount"":null,""automatic_consideration"":null,""award_name"":null,""currency"":null,""details"":""gratuit en apprentissage"",""eligibility"":null,""funding_type"":""financial_aid_policy"",""repayable"":null,""separate_application_required"":null}",Varies,Funding options may be available,Varies,"Eligibility varies by citizenship, merit, and financial need",See funding provider deadlines,5,6.0 each,80,120,English proficiency test requirement varies,"{""periodNumber"": 1, ""semester"": ""VT"", ""year"": 2027}",2026-10-15,2025-12-01,2026-01-15,Not specified,https://inspe.univ-cotedazur.fr/a-propos-de-linspe/presentation,University Bachelor's degree,3.0,4.0,"Grundläggande behörighet och minst 7,5 hp arkivvetenskap eller motsvarande kunskap samt 1 års arbetslivserfarenhet inom arkivsektorn.",Application form; CV or resume; transcripts; degree certificate; language proof; passport,2 recommendation letters,Statement of purpose or motivation letter,Portfolio requirement depends on the programme,"{""details"": ""DUO RIO reports GEEN_EISEN for EISEN_WERKZAAMHEDEN."", ""requirement_status"": ""not_required""}",Career opportunities related to other,Career opportunities related to other,6,0,6,32,15.79,1,0,40,0,100.00
"Institut national supérieur du professorat et de l'éducation Célestin Freinet - site de Nice, Stephen Liégeard",licence mention professorat des écoles,FR,bachelor,other,onisep-fr-stage1-019,97423fc0-45e9-51e2-a731-0ca88961b85f,licence mention professorat des écoles,licence,3 ans,Nice,"temps plein, cours en présentiel",Français,Active,2026 HT,"{""credential"": ""tuition fee"", ""currency"": ""EUR"", ""fee_period"": ""annual"", ""maximum_amount"": 23700, ""minimum_amount"": 11850, ""source_text"": ""de 11850 euros jusqu'à 23700 euros en 2025 (de 3950 à 7900 euros par an selon les revenus)""}",programme,Additional fees may apply; see the institution fee schedule,institution,Mandatory fees vary by institution and enrolment,Application fee not specified in local artifacts,"{""details"": ""Bursaries, scholarships and part-time work We offer a range of scholarships and bursaries for UK and international students , which provide extra financial support while you’re at university."", ""funding_type"": ""financial_aid_policy""}","{""amount"":15000,""currency"":""GBP""}","{""details"":""Have the opportunity to participate in competitions and other professional opportunities, including the Carleton Hobbs Bursary Award (radio), the Sam Wanamaker Festival (The Globe) and The Spotlight Prize (Industry)."",""funding_type"":""financial_aid_policy""}","{""amount"":15000,""currency"":""GBP""}","If you're eligible for a scholarship, you'll generally receive it automatically – there's no need to apply.",See funding provider deadlines,6,"{""minimum_each"": 6.5, ""minimum_overall"": 7, ""source_text"": ""equire a Student visa to study in the UK are welcome to apply for entry in September 2026 Test Grade Additional details IELTS (Academic) 7 with no less than 6.5 in each section TOEFL (iBT) 100 with minimum scores of 19 in Writing and Listening, 19 in Reading, 20 in Speaking If your qualification is not listed here, please take a look at our international entry requirements page or get in touch with our admissions team on the form below. Please note, to be accepted onto this course; you will also need to demonstrate that you meet the minimum standards o""}",100,105,"[""SAT or 33 in ACT""]","{""periodNumber"": 4, ""semester"": ""HT"", ""year"": 2026}",2026-04-15,2025-12-01,2027-01-13,True,https://www.uca.fr/formation/nos-formations/par-ufr-ecoles-et-iut/iut-clermont-auvergne/but/but-techniques-de-commercialisation-moulins-1#inscriptions,Secondary school diploma,2.5,4.0,"Kurs motsvarande ABMM32 Arkivvetenskap: Förmedling och tillhandahållande, 7,5 hp, ABMM52 Biblioteks- och informationsvetenskap: Informationssökning och förmedling, 7,5 hp, eller ABMM72 Museologi: Materiell, immateriell och visuell kultur, 7,5 hp",academic qualifications; a personal statement; evidence of your English language skills (with relevant qualifications); a reference,Reference,Personal statement,plus a portfolio demonstrating artistic ability,"{""details"": ""DUO RIO reports GEEN_EISEN for EISEN_WERKZAAMHEDEN."", ""requirement_status"": ""not_required""}","{""data_period"": ""students graduating 2021-23"", ""measure"": ""graduates find their current work meaningful"", ""note"": ""data displayed is from students on this and other courses in Finance"", ""outcome_period"": ""15 months after graduation"", ""percentage"": 80}","{""audience"": null, ""description"": ""go on to work and/or study 15 months after the course"", ""outcome_type"": ""employment_rate"", ""percentage"": 85, ""population"": ""Creative arts and design graduates at Anglia Ruskin University""}",5,0,5,33,13.16,1,0,40,0,100.00
"Institut national supérieur du professorat et de l'éducation Célestin Freinet - site de Nice, Stephen Liégeard",master mention enseignement et éducation - professorat des écoles,FR,master,other,onisep-fr-stage1-019,f4f878c2-17b2-5cd3-bf41-335ff38646af,master mention enseignement et éducation - professorat des écoles,master,2 ans,Nice,"temps plein, cours en présentiel ou cours en distanciel (enseignement à distance possible)",Tous les cours sont uniquement enseignés en Anglais,Active,2026,"{""academic_cycle"":""2026"",""amount"":18000,""audience"":""international"",""credential"":""master"",""currency"":""EUR"",""fee_period"":""year""}",programme,Additional fees may apply; see the institution fee schedule,institution,Mandatory fees vary by institution and enrolment,Application fee not specified in local artifacts,"{""academic_cycle"":null,""amount"":null,""automatic_consideration"":null,""award_name"":null,""currency"":null,""details"":""gratuit en apprentissage"",""eligibility"":null,""funding_type"":""financial_aid_policy"",""repayable"":null,""separate_application_required"":null}",Varies,Funding options may be available,Varies,"Eligibility varies by citizenship, merit, and financial need",See funding provider deadlines,5,6.0 each,80,120,English proficiency test requirement varies,"{""periodNumber"": 1, ""semester"": ""VT"", ""year"": 2027}",2026-10-15,2025-12-01,2026-01-15,Not specified,https://univ-cotedazur.fr/servlet/com.jsbsoft.jtf.core.SG?%23ECRAN_LOGIQUE%23=RECHERCHE&PROC=RECHERCHE&ACTION=VALIDER&RH=1595659207794&OBJET=FORMATION&LANGUE=0&FORMATION_INITIALE=&REPRISE_ETUDES=&PARTIELLEMENT_DISTANCE=&TOTALEMENT_DISTANCE=&ALTERNANCE=&LIBELLE=&GRADE=0000&TYPE_DIPLOME=MASTER&FORMATION=0000&MODALITE=ALTERNANCE&DOMAINE_LMD=0000,University Bachelor's degree,3.0,4.0,"Grundläggande behörighet och minst 7,5 hp arkivvetenskap eller motsvarande kunskap samt 1 års arbetslivserfarenhet inom arkivsektorn.",Application form; CV or resume; transcripts; degree certificate; language proof; passport,2 recommendation letters,Statement of purpose or motivation letter,Portfolio requirement depends on the programme,"{""details"": ""DUO RIO reports GEEN_EISEN for EISEN_WERKZAAMHEDEN."", ""requirement_status"": ""not_required""}",Career opportunities related to other,Career opportunities related to other,5,0,5,33,13.16,1,0,40,0,100.00
Institut polytechnique de Paris,Master innovation entreprise societe,FR,master,other,ip-paris-fr-canary,c730c2f4-b8a5-5ef0-9947-7eea1b10b7d9,"master mention innovation, entreprise et société",master,2 ans,Palaiseau,"temps plein, cours en présentiel",Tous les cours sont uniquement enseignés en Anglais,Active,2026,"{""academic_cycle"":""2026"",""amount"":18000,""audience"":""international"",""credential"":""master"",""currency"":""EUR"",""fee_period"":""year""}",programme,Additional fees may apply; see the institution fee schedule,institution,Mandatory fees vary by institution and enrolment,Application fee not specified in local artifacts,"{""academic_cycle"":null,""amount"":null,""automatic_consideration"":null,""award_name"":null,""currency"":null,""details"":""gratuit en apprentissage"",""eligibility"":null,""funding_type"":""financial_aid_policy"",""repayable"":null,""separate_application_required"":null}",Varies,Funding options may be available,Varies,"Eligibility varies by citizenship, merit, and financial need",See funding provider deadlines,5,6.0 each,80,120,English proficiency test requirement varies,"{""periodNumber"": 1, ""semester"": ""VT"", ""year"": 2027}",2026-10-15,2025-12-01,2026-01-15,Not specified,https://univ-cotedazur.fr/servlet/com.jsbsoft.jtf.core.SG?%23ECRAN_LOGIQUE%23=RECHERCHE&PROC=RECHERCHE&ACTION=VALIDER&RH=1595659207794&OBJET=FORMATION&LANGUE=0&FORMATION_INITIALE=&REPRISE_ETUDES=&PARTIELLEMENT_DISTANCE=&TOTALEMENT_DISTANCE=&ALTERNANCE=&LIBELLE=&GRADE=0000&TYPE_DIPLOME=MASTER&FORMATION=0000&MODALITE=ALTERNANCE&DOMAINE_LMD=0000,University Bachelor's degree,3.0,4.0,"Grundläggande behörighet och minst 7,5 hp arkivvetenskap eller motsvarande kunskap samt 1 års arbetslivserfarenhet inom arkivsektorn.",Application form; CV or resume; transcripts; degree certificate; language proof; passport,2 recommendation letters,Statement of purpose or motivation letter,Portfolio requirement depends on the programme,"{""details"": ""DUO RIO reports GEEN_EISEN for EISEN_WERKZAAMHEDEN."", ""requirement_status"": ""not_required""}",Career opportunities related to other,Career opportunities related to other,5,0,5,33,13.16,1,0,40,0,100.00
Institut polytechnique de Paris,Master mention biologie-sante,FR,master,other,ip-paris-fr-canary,10ca8bac-cfc7-5cb3-87ae-5f1041983e86,master mention biologie-santé,master,2 ans,Palaiseau,"temps plein, cours en présentiel",Tous les cours sont uniquement enseignés en Anglais,Active,2026,"{""academic_cycle"":""2026"",""amount"":18000,""audience"":""international"",""credential"":""master"",""currency"":""EUR"",""fee_period"":""year""}",programme,Additional fees may apply; see the institution fee schedule,institution,Mandatory fees vary by institution and enrolment,Application fee not specified in local artifacts,"{""academic_cycle"":null,""amount"":null,""automatic_consideration"":null,""award_name"":null,""currency"":null,""details"":""gratuit en apprentissage"",""eligibility"":null,""funding_type"":""financial_aid_policy"",""repayable"":null,""separate_application_required"":null}",Varies,Funding options may be available,Varies,"Eligibility varies by citizenship, merit, and financial need",See funding provider deadlines,5,6.0 each,80,120,English proficiency test requirement varies,"{""periodNumber"": 1, ""semester"": ""VT"", ""year"": 2027}",2026-10-15,2025-12-01,2026-01-15,Not specified,https://univ-cotedazur.fr/servlet/com.jsbsoft.jtf.core.SG?%23ECRAN_LOGIQUE%23=RECHERCHE&PROC=RECHERCHE&ACTION=VALIDER&RH=1595659207794&OBJET=FORMATION&LANGUE=0&FORMATION_INITIALE=&REPRISE_ETUDES=&PARTIELLEMENT_DISTANCE=&TOTALEMENT_DISTANCE=&ALTERNANCE=&LIBELLE=&GRADE=0000&TYPE_DIPLOME=MASTER&FORMATION=0000&MODALITE=ALTERNANCE&DOMAINE_LMD=0000,University Bachelor's degree,3.0,4.0,"Grundläggande behörighet och minst 7,5 hp arkivvetenskap eller motsvarande kunskap samt 1 års arbetslivserfarenhet inom arkivsektorn.",Application form; CV or resume; transcripts; degree certificate; language proof; passport,2 recommendation letters,Statement of purpose or motivation letter,Portfolio requirement depends on the programme,"{""details"": ""DUO RIO reports GEEN_EISEN for EISEN_WERKZAAMHEDEN."", ""requirement_status"": ""not_required""}",Career opportunities related to other,Career opportunities related to other,5,0,5,33,13.16,1,0,40,0,100.00
Institut supérieur des sciences et techniques,master mention génie industriel,FR,master,other,onisep-fr-stage1-004,5dea6883-31fe-5808-9ee8-0775b57792ae,master mention génie industriel,master,2 ans,Saint-Quentin,"temps plein, cours en présentiel",Tous les cours sont uniquement enseignés en Anglais,Active,2026,"{""academic_cycle"":""2026"",""amount"":18000,""audience"":""international"",""credential"":""master"",""currency"":""EUR"",""fee_period"":""year""}",programme,Additional fees may apply; see the institution fee schedule,institution,Mandatory fees vary by institution and enrolment,Application fee not specified in local artifacts,"{""academic_cycle"":null,""amount"":null,""automatic_consideration"":null,""award_name"":null,""currency"":null,""details"":""gratuit en apprentissage"",""eligibility"":null,""funding_type"":""financial_aid_policy"",""repayable"":null,""separate_application_required"":null}",Varies,Funding options may be available,Varies,"Eligibility varies by citizenship, merit, and financial need",See funding provider deadlines,5,6.0 each,80,120,English proficiency test requirement varies,"{""periodNumber"": 1, ""semester"": ""VT"", ""year"": 2027}",2026-10-15,2025-12-01,2026-01-15,Not specified,https://www.u-picardie.fr/formation/catalogue/master-genie-industriel,University Bachelor's degree,3.0,4.0,"Grundläggande behörighet och minst 7,5 hp arkivvetenskap eller motsvarande kunskap samt 1 års arbetslivserfarenhet inom arkivsektorn.",Application form; CV or resume; transcripts; degree certificate; language proof; passport,2 recommendation letters,Statement of purpose or motivation letter,Portfolio requirement depends on the programme,"{""details"": ""DUO RIO reports GEEN_EISEN for EISEN_WERKZAAMHEDEN."", ""requirement_status"": ""not_required""}",Career opportunities related to other,Career opportunities related to other,6,0,6,32,15.79,1,0,40,0,100.00
Institut supérieur des sciences et techniques,master mention informatique,FR,master,computer science,onisep-fr-stage1-004,2f22ab26-e9a8-53fb-a260-26252a231af8,master mention informatique,master,2 ans,Saint-Quentin,"temps plein, cours en présentiel",Tous les cours sont uniquement enseignés en Anglais,Active,2026,EUR 8500 / year,programme,Additional fees may apply; see the institution fee schedule,institution,Mandatory fees vary by institution and enrolment,Application fee not specified in local artifacts,"{""academic_cycle"":null,""amount"":null,""automatic_consideration"":null,""award_name"":null,""currency"":null,""details"":""gratuit en apprentissage"",""eligibility"":null,""funding_type"":""financial_aid_policy"",""repayable"":null,""separate_application_required"":null}",Varies,Funding options may be available,Varies,"Eligibility varies by citizenship, merit, and financial need",See funding provider deadlines,5,6.0 each,80,120,English proficiency test requirement varies,"{""start_date"": ""2027-08-01""}",2027-01-05,2025-12-01,2026-01-15,Not specified,https://www.u-picardie.fr/formation/catalogue/master-informatique,University Bachelor's degree,3.0,4.0,"Grundläggande behörighet och minst 7,5 hp arkivvetenskap eller motsvarande kunskap samt 1 års arbetslivserfarenhet inom arkivsektorn.",Application form; CV or resume; transcripts; degree certificate; language proof; passport,2 recommendation letters,Statement of purpose or motivation letter,Portfolio requirement depends on the programme,"{""details"": ""DUO RIO reports GEEN_EISEN for EISEN_WERKZAAMHEDEN."", ""requirement_status"": ""not_required""}",Career opportunities related to computer science,Career opportunities related to computer science,6,0,6,32,15.79,1,0,40,0,100.00
Institut universitaire de technologie de l'Aisne - Campus de Laon,BUT techniques de commercialisation parcours business développement et management de la relation client,FR,bachelor,other,onisep-fr-stage1-007,04bc0f72-add9-5031-9f73-893f3015f64e,BUT techniques de commercialisation parcours business développement et management de la relation client,bachelor universitaire de technologie,3 ans,Laon,"temps plein, cours en présentiel",Français,Active,2026 HT,"{""credential"": ""tuition fee"", ""currency"": ""EUR"", ""fee_period"": ""annual"", ""maximum_amount"": 23700, ""minimum_amount"": 11850, ""source_text"": ""de 11850 euros jusqu'à 23700 euros en 2025 (de 3950 à 7900 euros par an selon les revenus)""}",programme,Additional fees may apply; see the institution fee schedule,institution,Mandatory fees vary by institution and enrolment,Application fee not specified in local artifacts,"{""details"": ""Bursaries, scholarships and part-time work We offer a range of scholarships and bursaries for UK and international students , which provide extra financial support while you’re at university."", ""funding_type"": ""financial_aid_policy""}","{""amount"":15000,""currency"":""GBP""}","{""details"":""Have the opportunity to participate in competitions and other professional opportunities, including the Carleton Hobbs Bursary Award (radio), the Sam Wanamaker Festival (The Globe) and The Spotlight Prize (Industry)."",""funding_type"":""financial_aid_policy""}","{""amount"":15000,""currency"":""GBP""}","If you're eligible for a scholarship, you'll generally receive it automatically – there's no need to apply.",See funding provider deadlines,6,"{""minimum_each"": 6.5, ""minimum_overall"": 7, ""source_text"": ""equire a Student visa to study in the UK are welcome to apply for entry in September 2026 Test Grade Additional details IELTS (Academic) 7 with no less than 6.5 in each section TOEFL (iBT) 100 with minimum scores of 19 in Writing and Listening, 19 in Reading, 20 in Speaking If your qualification is not listed here, please take a look at our international entry requirements page or get in touch with our admissions team on the form below. Please note, to be accepted onto this course; you will also need to demonstrate that you meet the minimum standards o""}",100,105,"[""SAT or 33 in ACT""]","{""periodNumber"": 4, ""semester"": ""HT"", ""year"": 2026}",2026-04-15,2025-12-01,2027-01-13,True,https://www.u-picardie.fr/formation/catalogue/but-techniques-commercialisation-laon,Secondary school diploma,2.5,4.0,"Kurs motsvarande ABMM32 Arkivvetenskap: Förmedling och tillhandahållande, 7,5 hp, ABMM52 Biblioteks- och informationsvetenskap: Informationssökning och förmedling, 7,5 hp, eller ABMM72 Museologi: Materiell, immateriell och visuell kultur, 7,5 hp",academic qualifications; a personal statement; evidence of your English language skills (with relevant qualifications); a reference,Reference,Personal statement,plus a portfolio demonstrating artistic ability,"{""details"": ""DUO RIO reports GEEN_EISEN for EISEN_WERKZAAMHEDEN."", ""requirement_status"": ""not_required""}","{""data_period"": ""students graduating 2021-23"", ""measure"": ""graduates find their current work meaningful"", ""note"": ""data displayed is from students on this and other courses in Finance"", ""outcome_period"": ""15 months after graduation"", ""percentage"": 80}","{""audience"": null, ""description"": ""go on to work and/or study 15 months after the course"", ""outcome_type"": ""employment_rate"", ""percentage"": 85, ""population"": ""Creative arts and design graduates at Anglia Ruskin University""}",6,0,6,32,15.79,1,0,40,0,100.00
Institut universitaire de technologie de l'Aisne - Campus de Laon,BUT techniques de commercialisation parcours business international : achat et vente,FR,bachelor,other,onisep-fr-stage1-007,799e0634-fecf-5059-8a0b-3f628d588a9c,BUT techniques de commercialisation parcours business international : achat et vente,bachelor universitaire de technologie,3 ans,Laon,"temps plein, cours en présentiel",Français,Active,2026 HT,"{""credential"": ""tuition fee"", ""currency"": ""EUR"", ""fee_period"": ""annual"", ""maximum_amount"": 23700, ""minimum_amount"": 11850, ""source_text"": ""de 11850 euros jusqu'à 23700 euros en 2025 (de 3950 à 7900 euros par an selon les revenus)""}",programme,Additional fees may apply; see the institution fee schedule,institution,Mandatory fees vary by institution and enrolment,Application fee not specified in local artifacts,"{""details"": ""Bursaries, scholarships and part-time work We offer a range of scholarships and bursaries for UK and international students , which provide extra financial support while you’re at university."", ""funding_type"": ""financial_aid_policy""}","{""amount"":15000,""currency"":""GBP""}","{""details"":""Have the opportunity to participate in competitions and other professional opportunities, including the Carleton Hobbs Bursary Award (radio), the Sam Wanamaker Festival (The Globe) and The Spotlight Prize (Industry)."",""funding_type"":""financial_aid_policy""}","{""amount"":15000,""currency"":""GBP""}","If you're eligible for a scholarship, you'll generally receive it automatically – there's no need to apply.",See funding provider deadlines,6,"{""minimum_each"": 6.5, ""minimum_overall"": 7, ""source_text"": ""equire a Student visa to study in the UK are welcome to apply for entry in September 2026 Test Grade Additional details IELTS (Academic) 7 with no less than 6.5 in each section TOEFL (iBT) 100 with minimum scores of 19 in Writing and Listening, 19 in Reading, 20 in Speaking If your qualification is not listed here, please take a look at our international entry requirements page or get in touch with our admissions team on the form below. Please note, to be accepted onto this course; you will also need to demonstrate that you meet the minimum standards o""}",100,105,"[""SAT or 33 in ACT""]","{""periodNumber"": 4, ""semester"": ""HT"", ""year"": 2026}",2026-04-15,2025-12-01,2027-01-13,True,https://www.u-picardie.fr/formation/catalogue/but-techniques-commercialisation-laon,Secondary school diploma,2.5,4.0,"Kurs motsvarande ABMM32 Arkivvetenskap: Förmedling och tillhandahållande, 7,5 hp, ABMM52 Biblioteks- och informationsvetenskap: Informationssökning och förmedling, 7,5 hp, eller ABMM72 Museologi: Materiell, immateriell och visuell kultur, 7,5 hp",academic qualifications; a personal statement; evidence of your English language skills (with relevant qualifications); a reference,Reference,Personal statement,plus a portfolio demonstrating artistic ability,"{""details"": ""DUO RIO reports GEEN_EISEN for EISEN_WERKZAAMHEDEN."", ""requirement_status"": ""not_required""}","{""data_period"": ""students graduating 2021-23"", ""measure"": ""graduates find their current work meaningful"", ""note"": ""data displayed is from students on this and other courses in Finance"", ""outcome_period"": ""15 months after graduation"", ""percentage"": 80}","{""audience"": null, ""description"": ""go on to work and/or study 15 months after the course"", ""outcome_type"": ""employment_rate"", ""percentage"": 85, ""population"": ""Creative arts and design graduates at Anglia Ruskin University""}",6,0,6,32,15.79,1,0,40,0,100.00
Institut universitaire de technologie de l'Aisne - Campus de Saint-Quentin,"BUT génie chimique, génie des procédés parcours conception des procédés et innovation technologique",FR,bachelor,other,onisep-fr-stage1-008,b9aa04e3-0f33-518f-afbd-7a9e7479bafb,"BUT génie chimique, génie des procédés parcours conception des procédés et innovation technologique",bachelor universitaire de technologie,3 ans,Saint-Quentin,"temps plein, cours en présentiel",Français,Active,2026 HT,"{""credential"": ""tuition fee"", ""currency"": ""EUR"", ""fee_period"": ""annual"", ""maximum_amount"": 23700, ""minimum_amount"": 11850, ""source_text"": ""de 11850 euros jusqu'à 23700 euros en 2025 (de 3950 à 7900 euros par an selon les revenus)""}",programme,Additional fees may apply; see the institution fee schedule,institution,Mandatory fees vary by institution and enrolment,Application fee not specified in local artifacts,"{""details"": ""Bursaries, scholarships and part-time work We offer a range of scholarships and bursaries for UK and international students , which provide extra financial support while you’re at university."", ""funding_type"": ""financial_aid_policy""}","{""amount"":15000,""currency"":""GBP""}","{""details"":""Have the opportunity to participate in competitions and other professional opportunities, including the Carleton Hobbs Bursary Award (radio), the Sam Wanamaker Festival (The Globe) and The Spotlight Prize (Industry)."",""funding_type"":""financial_aid_policy""}","{""amount"":15000,""currency"":""GBP""}","If you're eligible for a scholarship, you'll generally receive it automatically – there's no need to apply.",See funding provider deadlines,6,"{""minimum_each"": 6.5, ""minimum_overall"": 7, ""source_text"": ""equire a Student visa to study in the UK are welcome to apply for entry in September 2026 Test Grade Additional details IELTS (Academic) 7 with no less than 6.5 in each section TOEFL (iBT) 100 with minimum scores of 19 in Writing and Listening, 19 in Reading, 20 in Speaking If your qualification is not listed here, please take a look at our international entry requirements page or get in touch with our admissions team on the form below. Please note, to be accepted onto this course; you will also need to demonstrate that you meet the minimum standards o""}",100,105,"[""SAT or 33 in ACT""]","{""periodNumber"": 4, ""semester"": ""HT"", ""year"": 2026}",2026-04-15,2025-12-01,2027-01-13,True,https://www.u-picardie.fr/formation/catalogue/but-genie-chimique-genie-procedes-saint-quentin,Secondary school diploma,2.5,4.0,"Kurs motsvarande ABMM32 Arkivvetenskap: Förmedling och tillhandahållande, 7,5 hp, ABMM52 Biblioteks- och informationsvetenskap: Informationssökning och förmedling, 7,5 hp, eller ABMM72 Museologi: Materiell, immateriell och visuell kultur, 7,5 hp",academic qualifications; a personal statement; evidence of your English language skills (with relevant qualifications); a reference,Reference,Personal statement,plus a portfolio demonstrating artistic ability,"{""details"": ""DUO RIO reports GEEN_EISEN for EISEN_WERKZAAMHEDEN."", ""requirement_status"": ""not_required""}","{""data_period"": ""students graduating 2021-23"", ""measure"": ""graduates find their current work meaningful"", ""note"": ""data displayed is from students on this and other courses in Finance"", ""outcome_period"": ""15 months after graduation"", ""percentage"": 80}","{""audience"": null, ""description"": ""go on to work and/or study 15 months after the course"", ""outcome_type"": ""employment_rate"", ""percentage"": 85, ""population"": ""Creative arts and design graduates at Anglia Ruskin University""}",6,0,6,32,15.79,1,0,40,0,100.00
Institut universitaire de technologie de l'Aisne - Campus de Saint-Quentin,BUT génie mécanique et productique parcours innovation pour l'industrie,FR,bachelor,engineering,onisep-fr-stage1-008,b42b75f5-3004-5009-8bcf-40a2f3438085,BUT génie mécanique et productique parcours innovation pour l'industrie,bachelor universitaire de technologie,3 ans,Saint-Quentin,"temps plein, cours en présentiel",Français Secteurs disciplinaires concernés : Agro-alimentaire - Agronomie Scienc,Active,2026 HT,"{""credential"": ""tuition fee"", ""currency"": ""EUR"", ""fee_period"": ""annual"", ""maximum_amount"": 23700, ""minimum_amount"": 11850, ""source_text"": ""de 11850 euros jusqu'à 23700 euros en 2025 (de 3950 à 7900 euros par an selon les revenus)""}",programme,Additional fees may apply; see the institution fee schedule,institution,Mandatory fees vary by institution and enrolment,Application fee not specified in local artifacts,"{""details"": ""Financial support and scholarships For general sources of financial support, see our Fees and funding pages."", ""funding_type"": ""financial_aid_policy""}","{""amount"":15000,""currency"":""GBP""}","{""details"":""Fees and funding Visit our Tuition Fees page and Financial Support for Degrees page for more information about fees and funding, including additional financial support for those on low incomes, with dependent children or adults, or with disabilities."",""funding_type"":""financial_aid_policy""}","{""amount"":15000,""currency"":""GBP""}","Fees and funding Visit our Tuition Fees page and Financial Support for Degrees page for more information about fees and funding, including additional financial support for those on low incomes, with dependent children or adults, or with disabilities.",See funding provider deadlines,6,"{""minimum_each"": 6.5, ""minimum_overall"": 7, ""source_text"": ""English Language grade B/6. GCSE/IGCSE English Literature will not be accepted in lieu of GCSE/IGCSE English Language. IELTS 7.0 overall, with no subscore below 6.5 TOEFL iBT 100 overall, with no subscore below 22 An acceptable equivalent qualification Students eligible for a contextual offer or with a WP flag will be required to evidence English language proficiency at GCSE English Language grade C/4. This concession only applies to GCSE/IGCSE. See our contextual admissions page for full details and to check your eligibility. If you need to""}",100,105,"[""SAT or 33 in ACT""]","{""source_label"": ""Start date"", ""start_dates"": [""2026-09-01"", ""2027-09-01""]}",2027-01-13,2025-12-01,2027-01-13,True,https://www.u-picardie.fr/formation/catalogue/but-genie-mecanique-productique-saint-quentin,Secondary school diploma,2.5,4.0,"including passes in mathematics GCSE Requirements - English Language and Mathematics GCSEs at grade C/4 or above (or equivalent qualifications, such as Functional Skills at Level 2)",academic qualifications; a personal statement; evidence of your English language skills (with relevant qualifications); a reference,Reference,Personal statement,plus a portfolio demonstrating artistic ability,"{""details"": ""DUO RIO reports GEEN_EISEN for EISEN_WERKZAAMHEDEN."", ""requirement_status"": ""not_required""}","[{""amount"":36000,""currency"":""GBP"",""data_source"":""Longitudinal Education Outcomes (LEO) dataset"",""graduating_years"":""2015-17"",""metric"":""median_earnings"",""period"":""5 years after the course"",""population"":""Engineering graduates at BLACKPOOL AND THE FYLDE COLLEGE"",""typical_range"":{""high"":42500,""low"":24500}},{""amount"":23500,""currency"":""GBP"",""data_source"":""Longitudinal Education Outcomes (LEO) dataset"",""graduating_years"":""2015-17"",""metric"":""median_earnings"",""period"":""3 years after the course"",""population"":""Engineering graduates at BLACKPOOL AND THE FYLDE COLLEGE"",""typical_range"":{""high"":34500,""low"":19500}}]","{""reason"":""course is new or has not been running long enough"",""status"":""no_data_available""}",6,0,6,32,15.79,1,0,40,0,100.00
Institut universitaire de technologie de l'Aisne - Campus de Soissons,BUT carrières juridiques parcours entreprise et association,FR,bachelor,other,onisep-fr-stage1-006,f0e956c7-5c0a-57a4-b147-b8bd217d2514,BUT carrières juridiques parcours entreprise et association,bachelor universitaire de technologie,3 ans,Cuffies,"temps plein, cours en présentiel",Français,Active,2026 HT,"{""credential"": ""tuition fee"", ""currency"": ""EUR"", ""fee_period"": ""annual"", ""maximum_amount"": 23700, ""minimum_amount"": 11850, ""source_text"": ""de 11850 euros jusqu'à 23700 euros en 2025 (de 3950 à 7900 euros par an selon les revenus)""}",programme,Additional fees may apply; see the institution fee schedule,institution,Mandatory fees vary by institution and enrolment,Application fee not specified in local artifacts,"{""details"": ""Bursaries, scholarships and part-time work We offer a range of scholarships and bursaries for UK and international students , which provide extra financial support while you’re at university."", ""funding_type"": ""financial_aid_policy""}","{""amount"":15000,""currency"":""GBP""}","{""details"":""Have the opportunity to participate in competitions and other professional opportunities, including the Carleton Hobbs Bursary Award (radio), the Sam Wanamaker Festival (The Globe) and The Spotlight Prize (Industry)."",""funding_type"":""financial_aid_policy""}","{""amount"":15000,""currency"":""GBP""}","If you're eligible for a scholarship, you'll generally receive it automatically – there's no need to apply.",See funding provider deadlines,6,"{""minimum_each"": 6.5, ""minimum_overall"": 7, ""source_text"": ""equire a Student visa to study in the UK are welcome to apply for entry in September 2026 Test Grade Additional details IELTS (Academic) 7 with no less than 6.5 in each section TOEFL (iBT) 100 with minimum scores of 19 in Writing and Listening, 19 in Reading, 20 in Speaking If your qualification is not listed here, please take a look at our international entry requirements page or get in touch with our admissions team on the form below. Please note, to be accepted onto this course; you will also need to demonstrate that you meet the minimum standards o""}",100,105,"[""SAT or 33 in ACT""]","{""periodNumber"": 4, ""semester"": ""HT"", ""year"": 2026}",2026-04-15,2025-12-01,2027-01-13,True,https://www.u-picardie.fr/formation/catalogue/but-carrieres-juridiques-laon-soissons,Secondary school diploma,2.5,4.0,"Kurs motsvarande ABMM32 Arkivvetenskap: Förmedling och tillhandahållande, 7,5 hp, ABMM52 Biblioteks- och informationsvetenskap: Informationssökning och förmedling, 7,5 hp, eller ABMM72 Museologi: Materiell, immateriell och visuell kultur, 7,5 hp",academic qualifications; a personal statement; evidence of your English language skills (with relevant qualifications); a reference,Reference,Personal statement,plus a portfolio demonstrating artistic ability,"{""details"": ""DUO RIO reports GEEN_EISEN for EISEN_WERKZAAMHEDEN."", ""requirement_status"": ""not_required""}","{""data_period"": ""students graduating 2021-23"", ""measure"": ""graduates find their current work meaningful"", ""note"": ""data displayed is from students on this and other courses in Finance"", ""outcome_period"": ""15 months after graduation"", ""percentage"": 80}","{""audience"": null, ""description"": ""go on to work and/or study 15 months after the course"", ""outcome_type"": ""employment_rate"", ""percentage"": 85, ""population"": ""Creative arts and design graduates at Anglia Ruskin University""}",6,0,6,32,15.79,1,0,40,0,100.00
Institut universitaire de technologie de l'Aisne - Campus de Soissons,BUT génie électrique et informatique industrielle parcours automatisme et informatique industrielle,FR,bachelor,computer science,onisep-fr-stage1-006,0f970faf-fdf2-58c6-814b-8cf1fb584379,BUT génie électrique et informatique industrielle parcours automatisme et informatique industrielle,bachelor universitaire de technologie,3 ans,Cuffies,"temps plein, cours en présentiel",Français Secteurs disciplinaires concernés : Agro-alimentaire - Agronomie Scienc,Active,2026,"{""credential"": ""tuition fee"", ""currency"": ""EUR"", ""fee_period"": ""annual"", ""maximum_amount"": 23700, ""minimum_amount"": 11850, ""source_text"": ""de 11850 euros jusqu'à 23700 euros en 2025 (de 3950 à 7900 euros par an selon les revenus)""}",programme,Additional fees may apply; see the institution fee schedule,institution,Mandatory fees vary by institution and enrolment,Application fee not specified in local artifacts,"{""details"": ""More information Find out more about the TMUA , including information on how to book, test fees, bursaries for UK candidates in financial need, access arrangements and how to prepare."", ""funding_type"": ""financial_aid_policy""}","{""amount"":15000,""currency"":""GBP""}","{""details"":""Scholarships View all scholarships Imperial Inspires Scholarships Value per award £15,000 per year for each year of the course."",""funding_type"":""financial_aid_policy""}","{""amount"":15000,""currency"":""GBP""}","Imperial Bursary The Imperial Bursary is available to all Home undergraduate students with a household income below £70,000 per year.",See funding provider deadlines,6.5,"{""minimum_each"": 6.5, ""minimum_overall"": 7, ""source_text"": ""English Language grade B/6. GCSE/IGCSE English Literature will not be accepted in lieu of GCSE/IGCSE English Language. IELTS 7.0 overall, with no subscore below 6.5 TOEFL iBT 100 overall, with no subscore below 22 An acceptable equivalent qualification Students eligible for a contextual offer or with a WP flag will be required to evidence English language proficiency at GCSE English Language grade C/4. This concession only applies to GCSE/IGCSE. See our contextual admissions page for full details and to check your eligibility. If you need to""}","{""audience"": null, ""minimum_overall_score"": 78, ""test"": ""TOEFL iBT""}",105,"[""SAT or 33 in ACT""]","{""source_label"": ""Start date"", ""start_dates"": [""2027-09-01""]}",2027-01-13,2025-12-01,2027-01-13,True,https://www.u-picardie.fr/formation/catalogue/but-genie-electrique-informatique-industrielle-soissons,Secondary school diploma,2.5,4.0,"[""Finnish matriculation examination"",""International Baccalaureate degree (IB)"",""European Baccalaureate degree (EB)"",""Deutsches Internationales Abitur degree (DIA) or Reifeprüfung degree (RP) in Finland"",""A Finnish vocational upper secondary qualification, further vocational qualification, or specialist vocational qualification as set in the Vocational Education Act (531/2017)"",""any other comparable upper secondary educational qualification that provides eligibility for university-level Bachelor’s studies in the country in question."",""Cambridge Assessment International Education A-level or Advanced International Certificate of Education degree (AICE)"",""has the right to study towards a university degree in Finland"",""holds a degree conferred by a Finnish higher education institution"",""holds at least a bachelor's level degree conferred by a foreign institution.""]",academic qualifications; a personal statement; evidence of your English language skills (with relevant qualifications); a reference,Reference,Personal statement,plus a portfolio demonstrating artistic ability,"{""details"": ""DUO RIO reports GEEN_EISEN for EISEN_WERKZAAMHEDEN."", ""requirement_status"": ""not_required""}","{""occupation"": ""Information Technology Professionals"", ""percentage"": 85, ""period"": ""15 months after the course""}","{""cohort"":""BA (Hons) Computer Science graduates at University of Cambridge"",""employment_rate"":""90%"",""period"":""15 months after the course""}",6,0,6,32,15.79,1,0,40,0,100.00
Sorbonne Universite,Licence mention informatique,FR,bachelor,computer science,sorbonne-fr-canary,f825d937-ce65-5abf-ba73-588cbbe7d1d4,licence mention informatique,licence,3 ans,Paris,"temps plein, cours en présentiel",Français Secteurs disciplinaires concernés : Agro-alimentaire - Agronomie Scienc,Active,2026,"{""credential"": ""tuition fee"", ""currency"": ""EUR"", ""fee_period"": ""annual"", ""maximum_amount"": 23700, ""minimum_amount"": 11850, ""source_text"": ""de 11850 euros jusqu'à 23700 euros en 2025 (de 3950 à 7900 euros par an selon les revenus)""}",programme,Additional fees may apply; see the institution fee schedule,institution,Mandatory fees vary by institution and enrolment,Application fee not specified in local artifacts,"{""details"": ""More information Find out more about the TMUA , including information on how to book, test fees, bursaries for UK candidates in financial need, access arrangements and how to prepare."", ""funding_type"": ""financial_aid_policy""}","{""amount"":15000,""currency"":""GBP""}","{""details"":""Scholarships View all scholarships Imperial Inspires Scholarships Value per award £15,000 per year for each year of the course."",""funding_type"":""financial_aid_policy""}","{""amount"":15000,""currency"":""GBP""}","Imperial Bursary The Imperial Bursary is available to all Home undergraduate students with a household income below £70,000 per year.",See funding provider deadlines,6.5,"{""minimum_each"": 6.5, ""minimum_overall"": 7, ""source_text"": ""English Language grade B/6. GCSE/IGCSE English Literature will not be accepted in lieu of GCSE/IGCSE English Language. IELTS 7.0 overall, with no subscore below 6.5 TOEFL iBT 100 overall, with no subscore below 22 An acceptable equivalent qualification Students eligible for a contextual offer or with a WP flag will be required to evidence English language proficiency at GCSE English Language grade C/4. This concession only applies to GCSE/IGCSE. See our contextual admissions page for full details and to check your eligibility. If you need to""}","{""audience"": null, ""minimum_overall_score"": 78, ""test"": ""TOEFL iBT""}",105,"[""SAT or 33 in ACT""]","{""source_label"": ""Start date"", ""start_dates"": [""2027-09-01""]}",2027-01-13,2025-12-01,2027-01-13,True,https://sciences.sorbonne-universite.fr/formation-sciences/licences/licences-generales-l2-l3/licence-dinformatique,Secondary school diploma,2.5,4.0,"[""Finnish matriculation examination"",""International Baccalaureate degree (IB)"",""European Baccalaureate degree (EB)"",""Deutsches Internationales Abitur degree (DIA) or Reifeprüfung degree (RP) in Finland"",""A Finnish vocational upper secondary qualification, further vocational qualification, or specialist vocational qualification as set in the Vocational Education Act (531/2017)"",""any other comparable upper secondary educational qualification that provides eligibility for university-level Bachelor’s studies in the country in question."",""Cambridge Assessment International Education A-level or Advanced International Certificate of Education degree (AICE)"",""has the right to study towards a university degree in Finland"",""holds a degree conferred by a Finnish higher education institution"",""holds at least a bachelor's level degree conferred by a foreign institution.""]",academic qualifications; a personal statement; evidence of your English language skills (with relevant qualifications); a reference,Reference,Personal statement,plus a portfolio demonstrating artistic ability,"{""details"": ""DUO RIO reports GEEN_EISEN for EISEN_WERKZAAMHEDEN."", ""requirement_status"": ""not_required""}","{""occupation"": ""Information Technology Professionals"", ""percentage"": 85, ""period"": ""15 months after the course""}","{""cohort"":""BA (Hons) Computer Science graduates at University of Cambridge"",""employment_rate"":""90%"",""period"":""15 months after the course""}",6,0,6,32,15.79,1,0,40,0,100.00
Sorbonne Universite,Master mention informatique,FR,master,computer science,sorbonne-fr-canary,1d747e1b-2087-5845-b0b1-9a73afb9fed1,master mention informatique,master,2 ans,Paris,"temps plein, cours en présentiel",Tous les cours sont uniquement enseignés en Anglais,Active,2026,EUR 8500 / year,programme,Additional fees may apply; see the institution fee schedule,institution,Mandatory fees vary by institution and enrolment,Application fee not specified in local artifacts,"{""academic_cycle"":null,""amount"":null,""automatic_consideration"":null,""award_name"":null,""currency"":null,""details"":""gratuit en apprentissage"",""eligibility"":null,""funding_type"":""financial_aid_policy"",""repayable"":null,""separate_application_required"":null}",Varies,Funding options may be available,Varies,"Eligibility varies by citizenship, merit, and financial need",See funding provider deadlines,5,6.0 each,80,120,English proficiency test requirement varies,"{""start_date"": ""2027-08-01""}",2027-01-05,2025-12-01,2026-01-15,Not specified,https://sciences.sorbonne-universite.fr/formation-sciences/masters/master-informatique,University Bachelor's degree,3.0,4.0,"Grundläggande behörighet och minst 7,5 hp arkivvetenskap eller motsvarande kunskap samt 1 års arbetslivserfarenhet inom arkivsektorn.",Application form; CV or resume; transcripts; degree certificate; language proof; passport,2 recommendation letters,Statement of purpose or motivation letter,Portfolio requirement depends on the programme,"{""details"": ""DUO RIO reports GEEN_EISEN for EISEN_WERKZAAMHEDEN."", ""requirement_status"": ""not_required""}",Career opportunities related to computer science,Career opportunities related to computer science,6,0,6,32,15.79,1,0,40,0,100.00
UFR Sciences et techniques des activités physiques et sportives - Antenne de Vichy,licence mention sciences et techniques des activités physiques et sportives activité physique adaptée et santé,FR,bachelor,other,onisep-fr-stage1-012,4e617a0f-c536-5347-956b-ba2cf24bc507,licence mention sciences et techniques des activités physiques et sportives activité physique adaptée et santé,licence,3 ans,Vichy,"temps plein, cours en présentiel (1re année à Vichy dans l'Allier, 2e et 3e années à Aubière dans le Puy de Dôme)",Français,Active,2026 HT,"{""credential"": ""tuition fee"", ""currency"": ""EUR"", ""fee_period"": ""annual"", ""maximum_amount"": 23700, ""minimum_amount"": 11850, ""source_text"": ""de 11850 euros jusqu'à 23700 euros en 2025 (de 3950 à 7900 euros par an selon les revenus)""}",programme,Additional fees may apply; see the institution fee schedule,institution,Mandatory fees vary by institution and enrolment,Application fee not specified in local artifacts,"{""details"": ""Bursaries, scholarships and part-time work We offer a range of scholarships and bursaries for UK and international students , which provide extra financial support while you’re at university."", ""funding_type"": ""financial_aid_policy""}","{""amount"":15000,""currency"":""GBP""}","{""details"":""Have the opportunity to participate in competitions and other professional opportunities, including the Carleton Hobbs Bursary Award (radio), the Sam Wanamaker Festival (The Globe) and The Spotlight Prize (Industry)."",""funding_type"":""financial_aid_policy""}","{""amount"":15000,""currency"":""GBP""}","If you're eligible for a scholarship, you'll generally receive it automatically – there's no need to apply.",See funding provider deadlines,6,"{""minimum_each"": 6.5, ""minimum_overall"": 7, ""source_text"": ""equire a Student visa to study in the UK are welcome to apply for entry in September 2026 Test Grade Additional details IELTS (Academic) 7 with no less than 6.5 in each section TOEFL (iBT) 100 with minimum scores of 19 in Writing and Listening, 19 in Reading, 20 in Speaking If your qualification is not listed here, please take a look at our international entry requirements page or get in touch with our admissions team on the form below. Please note, to be accepted onto this course; you will also need to demonstrate that you meet the minimum standards o""}",100,105,"[""SAT or 33 in ACT""]","{""periodNumber"": 4, ""semester"": ""HT"", ""year"": 2026}",2026-04-15,2025-12-01,2027-01-13,True,https://www.uca.fr/formation/nos-formations/par-ufr-ecoles-et-iut/institut-lettres-langues-sciences-humaines-et-sociales/ufr-sciences-et-techniques-des-activites-physiques-et-sportives/licence/portail-licence-staps,Secondary school diploma,2.5,4.0,"Kurs motsvarande ABMM32 Arkivvetenskap: Förmedling och tillhandahållande, 7,5 hp, ABMM52 Biblioteks- och informationsvetenskap: Informationssökning och förmedling, 7,5 hp, eller ABMM72 Museologi: Materiell, immateriell och visuell kultur, 7,5 hp",academic qualifications; a personal statement; evidence of your English language skills (with relevant qualifications); a reference,Reference,Personal statement,plus a portfolio demonstrating artistic ability,"{""details"": ""DUO RIO reports GEEN_EISEN for EISEN_WERKZAAMHEDEN."", ""requirement_status"": ""not_required""}","{""data_period"": ""students graduating 2021-23"", ""measure"": ""graduates find their current work meaningful"", ""note"": ""data displayed is from students on this and other courses in Finance"", ""outcome_period"": ""15 months after graduation"", ""percentage"": 80}","{""audience"": null, ""description"": ""go on to work and/or study 15 months after the course"", ""outcome_type"": ""employment_rate"", ""percentage"": 85, ""population"": ""Creative arts and design graduates at Anglia Ruskin University""}",6,0,6,32,15.79,1,0,40,0,100.00
UFR Sciences et techniques des activités physiques et sportives - Antenne de Vichy,licence mention sciences et techniques des activités physiques et sportives éducation et motricité,FR,bachelor,other,onisep-fr-stage1-012,b2d3ccbf-2726-540d-9f02-a41883121b37,licence mention sciences et techniques des activités physiques et sportives éducation et motricité,licence,1 an,Vichy,"temps plein, cours en présentiel (1re année à Vichy dans l'Allier, 2e et 3e années à Aubière dans le Puy de Dôme)",Français,Active,2026 HT,"{""credential"": ""tuition fee"", ""currency"": ""EUR"", ""fee_period"": ""annual"", ""maximum_amount"": 23700, ""minimum_amount"": 11850, ""source_text"": ""de 11850 euros jusqu'à 23700 euros en 2025 (de 3950 à 7900 euros par an selon les revenus)""}",programme,Additional fees may apply; see the institution fee schedule,institution,Mandatory fees vary by institution and enrolment,Application fee not specified in local artifacts,"{""details"": ""Bursaries, scholarships and part-time work We offer a range of scholarships and bursaries for UK and international students , which provide extra financial support while you’re at university."", ""funding_type"": ""financial_aid_policy""}","{""amount"":15000,""currency"":""GBP""}","{""details"":""Have the opportunity to participate in competitions and other professional opportunities, including the Carleton Hobbs Bursary Award (radio), the Sam Wanamaker Festival (The Globe) and The Spotlight Prize (Industry)."",""funding_type"":""financial_aid_policy""}","{""amount"":15000,""currency"":""GBP""}","If you're eligible for a scholarship, you'll generally receive it automatically – there's no need to apply.",See funding provider deadlines,6,"{""minimum_each"": 6.5, ""minimum_overall"": 7, ""source_text"": ""equire a Student visa to study in the UK are welcome to apply for entry in September 2026 Test Grade Additional details IELTS (Academic) 7 with no less than 6.5 in each section TOEFL (iBT) 100 with minimum scores of 19 in Writing and Listening, 19 in Reading, 20 in Speaking If your qualification is not listed here, please take a look at our international entry requirements page or get in touch with our admissions team on the form below. Please note, to be accepted onto this course; you will also need to demonstrate that you meet the minimum standards o""}",100,105,"[""SAT or 33 in ACT""]","{""periodNumber"": 4, ""semester"": ""HT"", ""year"": 2026}",2026-04-15,2025-12-01,2027-01-13,True,https://www.uca.fr/formation/nos-formations/par-ufr-ecoles-et-iut/institut-lettres-langues-sciences-humaines-et-sociales/ufr-sciences-et-techniques-des-activites-physiques-et-sportives/licence/portail-licence-staps,Secondary school diploma,2.5,4.0,"Kurs motsvarande ABMM32 Arkivvetenskap: Förmedling och tillhandahållande, 7,5 hp, ABMM52 Biblioteks- och informationsvetenskap: Informationssökning och förmedling, 7,5 hp, eller ABMM72 Museologi: Materiell, immateriell och visuell kultur, 7,5 hp",academic qualifications; a personal statement; evidence of your English language skills (with relevant qualifications); a reference,Reference,Personal statement,plus a portfolio demonstrating artistic ability,"{""details"": ""DUO RIO reports GEEN_EISEN for EISEN_WERKZAAMHEDEN."", ""requirement_status"": ""not_required""}","{""data_period"": ""students graduating 2021-23"", ""measure"": ""graduates find their current work meaningful"", ""note"": ""data displayed is from students on this and other courses in Finance"", ""outcome_period"": ""15 months after graduation"", ""percentage"": 80}","{""audience"": null, ""description"": ""go on to work and/or study 15 months after the course"", ""outcome_type"": ""employment_rate"", ""percentage"": 85, ""population"": ""Creative arts and design graduates at Anglia Ruskin University""}",6,0,6,32,15.79,1,0,40,0,100.00
École d'ingénieurs en sciences industrielles et numérique - site de Charleville-Mézières,licence mention sciences pour l'ingénieur,FR,bachelor,engineering,onisep-fr-stage1-040,b2f723c3-fea3-57c3-b092-2be7825c5a5e,licence mention sciences pour l'ingénieur,licence,3 ans,Charleville-Mézières,"temps plein, cours en présentiel",Français Secteurs disciplinaires concernés : Agro-alimentaire - Agronomie Scienc,Active,2026 HT,"{""credential"": ""tuition fee"", ""currency"": ""EUR"", ""fee_period"": ""annual"", ""maximum_amount"": 23700, ""minimum_amount"": 11850, ""source_text"": ""de 11850 euros jusqu'à 23700 euros en 2025 (de 3950 à 7900 euros par an selon les revenus)""}",programme,Additional fees may apply; see the institution fee schedule,institution,Mandatory fees vary by institution and enrolment,Application fee not specified in local artifacts,"{""details"": ""Financial support and scholarships For general sources of financial support, see our Fees and funding pages."", ""funding_type"": ""financial_aid_policy""}","{""amount"":15000,""currency"":""GBP""}","{""details"":""Fees and funding Visit our Tuition Fees page and Financial Support for Degrees page for more information about fees and funding, including additional financial support for those on low incomes, with dependent children or adults, or with disabilities."",""funding_type"":""financial_aid_policy""}","{""amount"":15000,""currency"":""GBP""}","Fees and funding Visit our Tuition Fees page and Financial Support for Degrees page for more information about fees and funding, including additional financial support for those on low incomes, with dependent children or adults, or with disabilities.",See funding provider deadlines,6,"{""minimum_each"": 6.5, ""minimum_overall"": 7, ""source_text"": ""English Language grade B/6. GCSE/IGCSE English Literature will not be accepted in lieu of GCSE/IGCSE English Language. IELTS 7.0 overall, with no subscore below 6.5 TOEFL iBT 100 overall, with no subscore below 22 An acceptable equivalent qualification Students eligible for a contextual offer or with a WP flag will be required to evidence English language proficiency at GCSE English Language grade C/4. This concession only applies to GCSE/IGCSE. See our contextual admissions page for full details and to check your eligibility. If you need to""}",100,105,"[""SAT or 33 in ACT""]","{""source_label"": ""Start date"", ""start_dates"": [""2026-09-01"", ""2027-09-01""]}",2027-01-13,2025-12-01,2027-01-13,True,"https://www.univ-reims.fr/eisine/formations/licences/licences,22847,39625.html",Secondary school diploma,2.5,4.0,"including passes in mathematics GCSE Requirements - English Language and Mathematics GCSEs at grade C/4 or above (or equivalent qualifications, such as Functional Skills at Level 2)",academic qualifications; a personal statement; evidence of your English language skills (with relevant qualifications); a reference,Reference,Personal statement,plus a portfolio demonstrating artistic ability,"{""details"": ""DUO RIO reports GEEN_EISEN for EISEN_WERKZAAMHEDEN."", ""requirement_status"": ""not_required""}","[{""amount"":36000,""currency"":""GBP"",""data_source"":""Longitudinal Education Outcomes (LEO) dataset"",""graduating_years"":""2015-17"",""metric"":""median_earnings"",""period"":""5 years after the course"",""population"":""Engineering graduates at BLACKPOOL AND THE FYLDE COLLEGE"",""typical_range"":{""high"":42500,""low"":24500}},{""amount"":23500,""currency"":""GBP"",""data_source"":""Longitudinal Education Outcomes (LEO) dataset"",""graduating_years"":""2015-17"",""metric"":""median_earnings"",""period"":""3 years after the course"",""population"":""Engineering graduates at BLACKPOOL AND THE FYLDE COLLEGE"",""typical_range"":{""high"":34500,""low"":19500}}]","{""reason"":""course is new or has not been running long enough"",""status"":""no_data_available""}",6,0,6,32,15.79,1,0,40,0,100.00
École d'ingénieurs en sciences industrielles et numérique - site de Charleville-Mézières,master mention ingénierie de conception,FR,master,other,onisep-fr-stage1-040,9c7a356e-e589-5c3b-a538-c3b048b27a66,master mention ingénierie de conception,master,2 ans,Charleville-Mézières,"temps plein, cours en présentiel",Tous les cours sont uniquement enseignés en Anglais,Active,2026,"{""academic_cycle"":""2026"",""amount"":18000,""audience"":""international"",""credential"":""master"",""currency"":""EUR"",""fee_period"":""year""}",programme,Additional fees may apply; see the institution fee schedule,institution,Mandatory fees vary by institution and enrolment,Application fee not specified in local artifacts,"{""academic_cycle"":null,""amount"":null,""automatic_consideration"":null,""award_name"":null,""currency"":null,""details"":""gratuit en apprentissage"",""eligibility"":null,""funding_type"":""financial_aid_policy"",""repayable"":null,""separate_application_required"":null}",Varies,Funding options may be available,Varies,"Eligibility varies by citizenship, merit, and financial need",See funding provider deadlines,5,6.0 each,80,120,English proficiency test requirement varies,"{""periodNumber"": 1, ""semester"": ""VT"", ""year"": 2027}",2026-10-15,2025-12-01,2026-01-15,Not specified,"https://www.univ-reims.fr/eisine/formations/masters/masters,22849,39624.html",University Bachelor's degree,3.0,4.0,"Grundläggande behörighet och minst 7,5 hp arkivvetenskap eller motsvarande kunskap samt 1 års arbetslivserfarenhet inom arkivsektorn.",Application form; CV or resume; transcripts; degree certificate; language proof; passport,2 recommendation letters,Statement of purpose or motivation letter,Portfolio requirement depends on the programme,"{""details"": ""DUO RIO reports GEEN_EISEN for EISEN_WERKZAAMHEDEN."", ""requirement_status"": ""not_required""}",Career opportunities related to other,Career opportunities related to other,6,0,6,32,15.79,1,0,40,0,100.00
École polytechnique universitaire de l'Université Côte d'Azur,diplôme d'ingénieur de l'École polytechnique universitaire de l'université Côte d'Azur spécialité informatique,FR,master,computer science,onisep-fr-stage1-023,9f97224e-b2bd-5a6f-9b0e-f6a539fd3230,diplôme d'ingénieur de l'École polytechnique universitaire de l'université Côte d'Azur spécialité informatique,diplôme d'ingénieur,3 ans,Biot,"temps plein, cours en présentiel",Tous les cours sont uniquement enseignés en Anglais,Active,2026,EUR 601 / year,programme,Additional fees may apply; see the institution fee schedule,institution,Mandatory fees vary by institution and enrolment,Application fee not specified in local artifacts,"{""academic_cycle"":null,""amount"":null,""automatic_consideration"":null,""award_name"":null,""currency"":null,""details"":""Gratuit pour les boursiers et les apprentis"",""eligibility"":""boursiers"",""funding_type"":""institutional_need_based_grant"",""repayable"":null,""separate_application_required"":null}",Varies,Funding options may be available,Varies,"Eligibility varies by citizenship, merit, and financial need",See funding provider deadlines,5,6.0 each,80,120,English proficiency test requirement varies,"{""start_date"": ""2027-08-01""}",2027-01-05,2025-12-01,2026-01-15,Not specified,https://polytech.univ-cotedazur.fr/formations/formations-ingenieurs/ingenieur-informatique,University Bachelor's degree,3.0,4.0,"Grundläggande behörighet och minst 7,5 hp arkivvetenskap eller motsvarande kunskap samt 1 års arbetslivserfarenhet inom arkivsektorn.",Application form; CV or resume; transcripts; degree certificate; language proof; passport,2 recommendation letters,Statement of purpose or motivation letter,Portfolio requirement depends on the programme,"{""details"": ""DUO RIO reports GEEN_EISEN for EISEN_WERKZAAMHEDEN."", ""requirement_status"": ""not_required""}",Career opportunities related to computer science,Career opportunities related to computer science,7,0,8,30,21.05,1,0,40,0,100.00
École polytechnique universitaire de l'Université Côte d'Azur,diplôme d'ingénieur de l'École polytechnique universitaire de l'université Côte d'Azur spécialité robotique,FR,master,engineering,onisep-fr-stage1-023,0cebda89-86b8-5e41-88f9-480c86db3248,diplôme d'ingénieur de l'École polytechnique universitaire de l'université Côte d'Azur spécialité robotique,diplôme d'ingénieur,3 ans,Biot,"temps plein, cours en présentiel (1re année à Nice puis dans une autre université partenaire en Suède, Espagne, Finlande, Hongrie, Italie, Pays-bas, programme international Erasmus Mundus possible en 2e année du cycle ingénieur)",Tous les cours sont uniquement enseignés en Anglais,Active,2026,EUR 3941 / year,programme,Additional fees may apply; see the institution fee schedule,institution,Mandatory fees vary by institution and enrolment,Application fee not specified in local artifacts,"{""academic_cycle"":null,""amount"":null,""automatic_consideration"":null,""award_name"":null,""currency"":null,""details"":""Gratuit pour les boursiers et les apprentis"",""eligibility"":""boursiers"",""funding_type"":""institutional_need_based_grant"",""repayable"":null,""separate_application_required"":null}",Varies,Funding options may be available,Varies,"Eligibility varies by citizenship, merit, and financial need",See funding provider deadlines,5,6.0 each,80,120,English proficiency test requirement varies,"{""start_date"": ""2027-08-01""}",2027-01-05,2025-12-01,2026-01-15,Not specified,https://polytech.univ-cotedazur.fr/formations/formations-ingenieurs/ingenieur-informatique,University Bachelor's degree,3.0,4.0,"Grundläggande behörighet och minst 7,5 hp arkivvetenskap eller motsvarande kunskap samt 1 års arbetslivserfarenhet inom arkivsektorn.",Application form; CV or resume; transcripts; degree certificate; language proof; passport,2 recommendation letters,Statement of purpose or motivation letter,Portfolio requirement depends on the programme,"{""details"": ""DUO RIO reports GEEN_EISEN for EISEN_WERKZAAMHEDEN."", ""requirement_status"": ""not_required""}",Career opportunities related to engineering,Career opportunities related to engineering,6,1,7,31,18.42,1,1,40,0,100.00
École universitaire de recherche arts et humanités - Campus Carlone,"master mention civilisations, cultures et sociétés",FR,master,other,onisep-fr-stage1-028,244409cd-c35a-5eb3-8a63-58b1faf6518c,"master mention civilisations, cultures et sociétés",master,2 ans,Nice,"temps plein, cours en présentiel",Tous les cours sont uniquement enseignés en Anglais,Active,2026,"{""academic_cycle"":""2026"",""amount"":18000,""audience"":""international"",""credential"":""master"",""currency"":""EUR"",""fee_period"":""year""}",programme,Additional fees may apply; see the institution fee schedule,institution,Mandatory fees vary by institution and enrolment,Application fee not specified in local artifacts,"{""academic_cycle"":null,""amount"":null,""automatic_consideration"":null,""award_name"":null,""currency"":null,""details"":""gratuit en apprentissage"",""eligibility"":null,""funding_type"":""financial_aid_policy"",""repayable"":null,""separate_application_required"":null}",Varies,Funding options may be available,Varies,"Eligibility varies by citizenship, merit, and financial need",See funding provider deadlines,5,6.0 each,80,120,English proficiency test requirement varies,"{""periodNumber"": 1, ""semester"": ""VT"", ""year"": 2027}",2026-10-15,2025-12-01,2026-01-15,Not specified,https://univ-cotedazur.fr/medias/fichier/ccs-sciences-historiques_1610304274580-pdf,University Bachelor's degree,3.0,4.0,"Grundläggande behörighet och minst 7,5 hp arkivvetenskap eller motsvarande kunskap samt 1 års arbetslivserfarenhet inom arkivsektorn.",Application form; CV or resume; transcripts; degree certificate; language proof; passport,2 recommendation letters,Statement of purpose or motivation letter,Portfolio requirement depends on the programme,"{""details"": ""DUO RIO reports GEEN_EISEN for EISEN_WERKZAAMHEDEN."", ""requirement_status"": ""not_required""}",Career opportunities related to other,Career opportunities related to other,6,0,6,32,15.79,1,0,40,0,100.00
École universitaire de recherche arts et humanités - Campus Carlone,master mention langues étrangères appliquées,FR,master,other,onisep-fr-stage1-028,6344d41a-fdd0-5644-86ac-209f83326370,master mention langues étrangères appliquées,master,2 ans,Nice,"temps plein, cours en présentiel",Tous les cours sont uniquement enseignés en Anglais,Active,2026,"{""academic_cycle"":""2026"",""amount"":18000,""audience"":""international"",""credential"":""master"",""currency"":""EUR"",""fee_period"":""year""}",programme,Additional fees may apply; see the institution fee schedule,institution,Mandatory fees vary by institution and enrolment,Application fee not specified in local artifacts,"{""academic_cycle"":null,""amount"":null,""automatic_consideration"":null,""award_name"":null,""currency"":null,""details"":""gratuit en apprentissage"",""eligibility"":null,""funding_type"":""financial_aid_policy"",""repayable"":null,""separate_application_required"":null}",Varies,Funding options may be available,Varies,"Eligibility varies by citizenship, merit, and financial need",See funding provider deadlines,5,6.0 each,80,120,English proficiency test requirement varies,"{""periodNumber"": 1, ""semester"": ""VT"", ""year"": 2027}",2026-10-15,2025-12-01,2026-01-15,Not specified,https://creates.univ-cotedazur.fr/formations/master-1,University Bachelor's degree,3.0,4.0,"Grundläggande behörighet och minst 7,5 hp arkivvetenskap eller motsvarande kunskap samt 1 års arbetslivserfarenhet inom arkivsektorn.",Application form; CV or resume; transcripts; degree certificate; language proof; passport,2 recommendation letters,Statement of purpose or motivation letter,Portfolio requirement depends on the programme,"{""details"": ""DUO RIO reports GEEN_EISEN for EISEN_WERKZAAMHEDEN."", ""requirement_status"": ""not_required""}",Career opportunities related to other,Career opportunities related to other,6,0,6,32,15.79,1,0,40,0,100.00
École universitaire de recherche arts et humanités - Campus Georges Méliès,licence mention humanités,FR,bachelor,other,onisep-fr-stage1-029,2eaaaaff-8813-58c6-870f-7eb32c37f6a6,licence mention humanités,licence,1 an,Cannes,"temps plein, cours en présentiel",Français,Active,2026 HT,"{""credential"": ""tuition fee"", ""currency"": ""EUR"", ""fee_period"": ""annual"", ""maximum_amount"": 23700, ""minimum_amount"": 11850, ""source_text"": ""de 11850 euros jusqu'à 23700 euros en 2025 (de 3950 à 7900 euros par an selon les revenus)""}",programme,Additional fees may apply; see the institution fee schedule,institution,Mandatory fees vary by institution and enrolment,Application fee not specified in local artifacts,"{""details"": ""Bursaries, scholarships and part-time work We offer a range of scholarships and bursaries for UK and international students , which provide extra financial support while you’re at university."", ""funding_type"": ""financial_aid_policy""}","{""amount"":15000,""currency"":""GBP""}","{""details"":""Have the opportunity to participate in competitions and other professional opportunities, including the Carleton Hobbs Bursary Award (radio), the Sam Wanamaker Festival (The Globe) and The Spotlight Prize (Industry)."",""funding_type"":""financial_aid_policy""}","{""amount"":15000,""currency"":""GBP""}","If you're eligible for a scholarship, you'll generally receive it automatically – there's no need to apply.",See funding provider deadlines,6,"{""minimum_each"": 6.5, ""minimum_overall"": 7, ""source_text"": ""equire a Student visa to study in the UK are welcome to apply for entry in September 2026 Test Grade Additional details IELTS (Academic) 7 with no less than 6.5 in each section TOEFL (iBT) 100 with minimum scores of 19 in Writing and Listening, 19 in Reading, 20 in Speaking If your qualification is not listed here, please take a look at our international entry requirements page or get in touch with our admissions team on the form below. Please note, to be accepted onto this course; you will also need to demonstrate that you meet the minimum standards o""}",100,105,"[""SAT or 33 in ACT""]","{""periodNumber"": 4, ""semester"": ""HT"", ""year"": 2026}",2026-04-15,2025-12-01,2027-01-13,True,https://univ-cotedazur.fr/formation/offre-de-formation/licence-humanites,Secondary school diploma,2.5,4.0,"Kurs motsvarande ABMM32 Arkivvetenskap: Förmedling och tillhandahållande, 7,5 hp, ABMM52 Biblioteks- och informationsvetenskap: Informationssökning och förmedling, 7,5 hp, eller ABMM72 Museologi: Materiell, immateriell och visuell kultur, 7,5 hp",academic qualifications; a personal statement; evidence of your English language skills (with relevant qualifications); a reference,Reference,Personal statement,plus a portfolio demonstrating artistic ability,"{""details"": ""DUO RIO reports GEEN_EISEN for EISEN_WERKZAAMHEDEN."", ""requirement_status"": ""not_required""}","{""data_period"": ""students graduating 2021-23"", ""measure"": ""graduates find their current work meaningful"", ""note"": ""data displayed is from students on this and other courses in Finance"", ""outcome_period"": ""15 months after graduation"", ""percentage"": 80}","{""audience"": null, ""description"": ""go on to work and/or study 15 months after the course"", ""outcome_type"": ""employment_rate"", ""percentage"": 85, ""population"": ""Creative arts and design graduates at Anglia Ruskin University""}",6,0,6,32,15.79,1,0,40,0,100.00
École universitaire de recherche arts et humanités - Campus Georges Méliès,licence mention sciences et humanités,FR,bachelor,other,onisep-fr-stage1-029,96c509ad-7afb-5c33-a47f-b49db274ca43,licence mention humanités,licence,1 an,Cannes,"temps plein, cours en présentiel",Français,Active,2026 HT,"{""credential"": ""tuition fee"", ""currency"": ""EUR"", ""fee_period"": ""annual"", ""maximum_amount"": 23700, ""minimum_amount"": 11850, ""source_text"": ""de 11850 euros jusqu'à 23700 euros en 2025 (de 3950 à 7900 euros par an selon les revenus)""}",programme,Additional fees may apply; see the institution fee schedule,institution,Mandatory fees vary by institution and enrolment,Application fee not specified in local artifacts,"{""details"": ""Bursaries, scholarships and part-time work We offer a range of scholarships and bursaries for UK and international students , which provide extra financial support while you’re at university."", ""funding_type"": ""financial_aid_policy""}","{""amount"":15000,""currency"":""GBP""}","{""details"":""Have the opportunity to participate in competitions and other professional opportunities, including the Carleton Hobbs Bursary Award (radio), the Sam Wanamaker Festival (The Globe) and The Spotlight Prize (Industry)."",""funding_type"":""financial_aid_policy""}","{""amount"":15000,""currency"":""GBP""}","If you're eligible for a scholarship, you'll generally receive it automatically – there's no need to apply.",See funding provider deadlines,6,"{""minimum_each"": 6.5, ""minimum_overall"": 7, ""source_text"": ""equire a Student visa to study in the UK are welcome to apply for entry in September 2026 Test Grade Additional details IELTS (Academic) 7 with no less than 6.5 in each section TOEFL (iBT) 100 with minimum scores of 19 in Writing and Listening, 19 in Reading, 20 in Speaking If your qualification is not listed here, please take a look at our international entry requirements page or get in touch with our admissions team on the form below. Please note, to be accepted onto this course; you will also need to demonstrate that you meet the minimum standards o""}",100,105,"[""SAT or 33 in ACT""]","{""periodNumber"": 4, ""semester"": ""HT"", ""year"": 2026}",2026-04-15,2025-12-01,2027-01-13,True,https://univ-cotedazur.fr/formation/offre-de-formation/licence-humanites,Secondary school diploma,2.5,4.0,"Kurs motsvarande ABMM32 Arkivvetenskap: Förmedling och tillhandahållande, 7,5 hp, ABMM52 Biblioteks- och informationsvetenskap: Informationssökning och förmedling, 7,5 hp, eller ABMM72 Museologi: Materiell, immateriell och visuell kultur, 7,5 hp",academic qualifications; a personal statement; evidence of your English language skills (with relevant qualifications); a reference,Reference,Personal statement,plus a portfolio demonstrating artistic ability,"{""details"": ""DUO RIO reports GEEN_EISEN for EISEN_WERKZAAMHEDEN."", ""requirement_status"": ""not_required""}","{""data_period"": ""students graduating 2021-23"", ""measure"": ""graduates find their current work meaningful"", ""note"": ""data displayed is from students on this and other courses in Finance"", ""outcome_period"": ""15 months after graduation"", ""percentage"": 80}","{""audience"": null, ""description"": ""go on to work and/or study 15 months after the course"", ""outcome_type"": ""employment_rate"", ""percentage"": 85, ""population"": ""Creative arts and design graduates at Anglia Ruskin University""}",1,5,6,32,15.79,1,5,40,0,100.00
École universitaire de recherche en droit et science politique - Faculté de droit et science politique - Campus Trotabas,master mention droit des affaires,FR,master,other,onisep-fr-stage1-033,546f63d0-1d09-592f-baec-3c564b05a6a3,master mention droit des affaires,master,2 ans,Nice,"temps plein, cours en présentiel",Tous les cours sont uniquement enseignés en Anglais,Active,2026,"{""academic_cycle"":""2026"",""amount"":18000,""audience"":""international"",""credential"":""master"",""currency"":""EUR"",""fee_period"":""year""}",programme,Additional fees may apply; see the institution fee schedule,institution,Mandatory fees vary by institution and enrolment,Application fee not specified in local artifacts,"{""academic_cycle"":null,""amount"":null,""automatic_consideration"":null,""award_name"":null,""currency"":null,""details"":""gratuit en apprentissage"",""eligibility"":null,""funding_type"":""financial_aid_policy"",""repayable"":null,""separate_application_required"":null}",Varies,Funding options may be available,Varies,"Eligibility varies by citizenship, merit, and financial need",See funding provider deadlines,5,6.0 each,80,120,English proficiency test requirement varies,"{""periodNumber"": 1, ""semester"": ""VT"", ""year"": 2027}",2026-10-15,2025-12-01,2026-01-15,Not specified,https://univ-cotedazur.fr/servlet/com.jsbsoft.jtf.core.SG?%23ECRAN_LOGIQUE%23=RECHERCHE&PROC=RECHERCHE&ACTION=VALIDER&RH=1595659207794&OBJET=FORMATION&LANGUE=0&FORMATION_INITIALE=&REPRISE_ETUDES=&PARTIELLEMENT_DISTANCE=&TOTALEMENT_DISTANCE=&ALTERNANCE=&LIBELLE=&GRADE=0000&TYPE_DIPLOME=MASTER&FORMATION=0000&MODALITE=ALTERNANCE&DOMAINE_LMD=0000,University Bachelor's degree,3.0,4.0,"Grundläggande behörighet och minst 7,5 hp arkivvetenskap eller motsvarande kunskap samt 1 års arbetslivserfarenhet inom arkivsektorn.",Application form; CV or resume; transcripts; degree certificate; language proof; passport,2 recommendation letters,Statement of purpose or motivation letter,Portfolio requirement depends on the programme,"{""details"": ""DUO RIO reports GEEN_EISEN for EISEN_WERKZAAMHEDEN."", ""requirement_status"": ""not_required""}",Career opportunities related to other,Career opportunities related to other,6,0,6,32,15.79,1,0,40,0,100.00
École universitaire de recherche en droit et science politique - Faculté de droit et science politique - Campus Trotabas,master mention droit public,FR,master,other,onisep-fr-stage1-033,62a162a9-a6a1-57f4-a3b1-eb0e91c275e4,master mention droit public,master,2 ans,Nice,"temps plein, cours en présentiel",Tous les cours sont uniquement enseignés en Anglais,Active,2026,"{""academic_cycle"":""2026"",""amount"":18000,""audience"":""international"",""credential"":""master"",""currency"":""EUR"",""fee_period"":""year""}",programme,Additional fees may apply; see the institution fee schedule,institution,Mandatory fees vary by institution and enrolment,Application fee not specified in local artifacts,"{""academic_cycle"":null,""amount"":null,""automatic_consideration"":null,""award_name"":null,""currency"":null,""details"":""gratuit en apprentissage"",""eligibility"":null,""funding_type"":""financial_aid_policy"",""repayable"":null,""separate_application_required"":null}",Varies,Funding options may be available,Varies,"Eligibility varies by citizenship, merit, and financial need",See funding provider deadlines,5,6.0 each,80,120,English proficiency test requirement varies,"{""periodNumber"": 1, ""semester"": ""VT"", ""year"": 2027}",2026-10-15,2025-12-01,2026-01-15,Not specified,https://univ-cotedazur.fr/servlet/com.jsbsoft.jtf.core.SG?%23ECRAN_LOGIQUE%23=RECHERCHE&PROC=RECHERCHE&ACTION=VALIDER&RH=1595659207794&OBJET=FORMATION&LANGUE=0&FORMATION_INITIALE=&REPRISE_ETUDES=&PARTIELLEMENT_DISTANCE=&TOTALEMENT_DISTANCE=&ALTERNANCE=&LIBELLE=&GRADE=0000&TYPE_DIPLOME=MASTER&FORMATION=0000&MODALITE=ALTERNANCE&DOMAINE_LMD=0000,University Bachelor's degree,3.0,4.0,"Grundläggande behörighet och minst 7,5 hp arkivvetenskap eller motsvarande kunskap samt 1 års arbetslivserfarenhet inom arkivsektorn.",Application form; CV or resume; transcripts; degree certificate; language proof; passport,2 recommendation letters,Statement of purpose or motivation letter,Portfolio requirement depends on the programme,"{""details"": ""DUO RIO reports GEEN_EISEN for EISEN_WERKZAAMHEDEN."", ""requirement_status"": ""not_required""}",Career opportunities related to other,Career opportunities related to other,6,0,6,32,15.79,1,0,40,0,100.00
École universitaire de recherche en sciences de la société et de l'environnement - Campus Carlone,master mention sciences sociales,FR,master,other,onisep-fr-stage1-034,99b99133-5159-5038-b8d9-e413a69b1b20,master mention sciences sociales,master,2 ans,Nice,"temps plein, cours en présentiel",Tous les cours sont uniquement enseignés en Anglais,Active,2026,"{""academic_cycle"":""2026"",""amount"":18000,""audience"":""international"",""credential"":""master"",""currency"":""EUR"",""fee_period"":""year""}",programme,Additional fees may apply; see the institution fee schedule,institution,Mandatory fees vary by institution and enrolment,Application fee not specified in local artifacts,"{""academic_cycle"":null,""amount"":null,""automatic_consideration"":null,""award_name"":null,""currency"":null,""details"":""gratuit en apprentissage"",""eligibility"":null,""funding_type"":""financial_aid_policy"",""repayable"":null,""separate_application_required"":null}",Varies,Funding options may be available,Varies,"Eligibility varies by citizenship, merit, and financial need",See funding provider deadlines,5,6.0 each,80,120,English proficiency test requirement varies,"{""periodNumber"": 1, ""semester"": ""VT"", ""year"": 2027}",2026-10-15,2025-12-01,2026-01-15,Not specified,https://univ-cotedazur.fr/servlet/com.jsbsoft.jtf.core.SG?%23ECRAN_LOGIQUE%23=RECHERCHE&PROC=RECHERCHE&ACTION=VALIDER&RH=1595659207794&OBJET=FORMATION&LANGUE=0&FORMATION_INITIALE=&REPRISE_ETUDES=&PARTIELLEMENT_DISTANCE=&TOTALEMENT_DISTANCE=&ALTERNANCE=&LIBELLE=&GRADE=0000&TYPE_DIPLOME=MASTER&FORMATION=0000&MODALITE=ALTERNANCE&DOMAINE_LMD=0000,University Bachelor's degree,3.0,4.0,"Grundläggande behörighet och minst 7,5 hp arkivvetenskap eller motsvarande kunskap samt 1 års arbetslivserfarenhet inom arkivsektorn.",Application form; CV or resume; transcripts; degree certificate; language proof; passport,2 recommendation letters,Statement of purpose or motivation letter,Portfolio requirement depends on the programme,"{""details"": ""DUO RIO reports GEEN_EISEN for EISEN_WERKZAAMHEDEN."", ""requirement_status"": ""not_required""}",Career opportunities related to other,Career opportunities related to other,6,0,6,32,15.79,1,0,40,0,100.00
École universitaire de recherche en sciences de la société et de l'environnement - Campus Carlone,master mention ville et environnements urbains,FR,master,other,onisep-fr-stage1-034,6fe23143-7fdb-57ea-a7e6-1656c7c6ffa5,master mention ville et environnements urbains,master,2 ans,Nice,"temps plein, cours en présentiel",Tous les cours sont uniquement enseignés en Anglais,Active,2026,"{""academic_cycle"":""2026"",""amount"":18000,""audience"":""international"",""credential"":""master"",""currency"":""EUR"",""fee_period"":""year""}",programme,Additional fees may apply; see the institution fee schedule,institution,Mandatory fees vary by institution and enrolment,Application fee not specified in local artifacts,"{""academic_cycle"":null,""amount"":null,""automatic_consideration"":null,""award_name"":null,""currency"":null,""details"":""gratuit en apprentissage"",""eligibility"":null,""funding_type"":""financial_aid_policy"",""repayable"":null,""separate_application_required"":null}",Varies,Funding options may be available,Varies,"Eligibility varies by citizenship, merit, and financial need",See funding provider deadlines,5,6.0 each,80,120,English proficiency test requirement varies,"{""periodNumber"": 1, ""semester"": ""VT"", ""year"": 2027}",2026-10-15,2025-12-01,2026-01-15,Not specified,https://univ-cotedazur.fr/formation/offre-de-formation/master-villes-et-environnements-urbains,University Bachelor's degree,3.0,4.0,"Grundläggande behörighet och minst 7,5 hp arkivvetenskap eller motsvarande kunskap samt 1 års arbetslivserfarenhet inom arkivsektorn.",Application form; CV or resume; transcripts; degree certificate; language proof; passport,2 recommendation letters,Statement of purpose or motivation letter,Portfolio requirement depends on the programme,"{""details"": ""DUO RIO reports GEEN_EISEN for EISEN_WERKZAAMHEDEN."", ""requirement_status"": ""not_required""}",Career opportunities related to other,Career opportunities related to other,6,0,6,32,15.79,1,0,40,0,100.00
École universitaire de recherche en sciences fondamentales et Ingénierie - Campus Plaine du Var - Écovallée,master mention gestion de l'environnement,FR,master,business,onisep-fr-stage1-037,7b6753ca-2400-51f3-b391-925e7ef33827,master mention gestion de l'environnement,master,2 ans,Nice,"temps plein, cours en présentiel",Tous les cours sont uniquement enseignés en Anglais,Active,2026,EUR 8500 / year,programme,Additional fees may apply; see the institution fee schedule,institution,Mandatory fees vary by institution and enrolment,Application fee not specified in local artifacts,"{""academic_cycle"":null,""amount"":null,""automatic_consideration"":null,""award_name"":null,""currency"":null,""details"":""gratuit en apprentissage"",""eligibility"":null,""funding_type"":""financial_aid_policy"",""repayable"":null,""separate_application_required"":null}",Varies,Funding options may be available,Varies,"Eligibility varies by citizenship, merit, and financial need",See funding provider deadlines,5,6.0 each,80,120,English proficiency test requirement varies,"{""start_date"": ""2027-08-01""}",2027-01-05,2025-12-01,2026-01-15,Not specified,https://univ-cotedazur.fr/formation/offre-de-formation/master-gestion-de-lenvironnement#parcours,University Bachelor's degree,3.0,4.0,"Grundläggande behörighet och minst 7,5 hp arkivvetenskap eller motsvarande kunskap samt 1 års arbetslivserfarenhet inom arkivsektorn.",Application form; CV or resume; transcripts; degree certificate; language proof; passport,2 recommendation letters,Statement of purpose or motivation letter,Portfolio requirement depends on the programme,"{""details"": ""DUO RIO reports GEEN_EISEN for EISEN_WERKZAAMHEDEN."", ""requirement_status"": ""not_required""}",Career opportunities related to business,Career opportunities related to business,6,0,6,32,15.79,1,0,40,0,100.00
École universitaire de recherche en sciences fondamentales et Ingénierie - Campus Plaine du Var - Écovallée,master mention physique fondamentale et applications,FR,master,other,onisep-fr-stage1-037,59c87f4f-e9fb-59a9-9c0c-ef57d23132d5,master mention physique fondamentale et applications,master,2 ans,Nice,"temps plein, cours en présentiel",Tous les cours sont uniquement enseignés en Anglais,Active,2026,"{""academic_cycle"":""2026"",""amount"":18000,""audience"":""international"",""credential"":""master"",""currency"":""EUR"",""fee_period"":""year""}",programme,Additional fees may apply; see the institution fee schedule,institution,Mandatory fees vary by institution and enrolment,Application fee not specified in local artifacts,"{""academic_cycle"":null,""amount"":null,""automatic_consideration"":null,""award_name"":null,""currency"":null,""details"":""gratuit en apprentissage"",""eligibility"":null,""funding_type"":""financial_aid_policy"",""repayable"":null,""separate_application_required"":null}",Varies,Funding options may be available,Varies,"Eligibility varies by citizenship, merit, and financial need",See funding provider deadlines,5,6.0 each,80,120,English proficiency test requirement varies,"{""periodNumber"": 1, ""semester"": ""VT"", ""year"": 2027}",2026-10-15,2025-12-01,2026-01-15,Not specified,https://univ-cotedazur.fr/formation/offre-de-formation/master-physique-fondamentale-et-applications,University Bachelor's degree,3.0,4.0,"Grundläggande behörighet och minst 7,5 hp arkivvetenskap eller motsvarande kunskap samt 1 års arbetslivserfarenhet inom arkivsektorn.",Application form; CV or resume; transcripts; degree certificate; language proof; passport,2 recommendation letters,Statement of purpose or motivation letter,Portfolio requirement depends on the programme,"{""details"": ""DUO RIO reports GEEN_EISEN for EISEN_WERKZAAMHEDEN."", ""requirement_status"": ""not_required""}",Career opportunities related to other,Career opportunities related to other,6,0,6,32,15.79,1,0,40,0,100.00
École universitaire de recherche en sciences fondamentales et Ingénierie - Campus Sophia Tech,master mention gestion de l'environnement,FR,master,business,onisep-fr-stage1-036,67d4335b-a04e-580e-9e0e-cdefa450480a,master mention gestion de l'environnement,master,2 ans,Biot,"temps plein, cours en présentiel",Tous les cours sont uniquement enseignés en Anglais,Active,2026,EUR 8500 / year,programme,Additional fees may apply; see the institution fee schedule,institution,Mandatory fees vary by institution and enrolment,Application fee not specified in local artifacts,"{""academic_cycle"":null,""amount"":null,""automatic_consideration"":null,""award_name"":null,""currency"":null,""details"":""gratuit en apprentissage"",""eligibility"":null,""funding_type"":""financial_aid_policy"",""repayable"":null,""separate_application_required"":null}",Varies,Funding options may be available,Varies,"Eligibility varies by citizenship, merit, and financial need",See funding provider deadlines,5,6.0 each,80,120,English proficiency test requirement varies,"{""start_date"": ""2027-08-01""}",2027-01-05,2025-12-01,2026-01-15,Not specified,https://univ-cotedazur.fr/formation/offre-de-formation/master-gestion-de-lenvironnement,University Bachelor's degree,3.0,4.0,"Grundläggande behörighet och minst 7,5 hp arkivvetenskap eller motsvarande kunskap samt 1 års arbetslivserfarenhet inom arkivsektorn.",Application form; CV or resume; transcripts; degree certificate; language proof; passport,2 recommendation letters,Statement of purpose or motivation letter,Portfolio requirement depends on the programme,"{""details"": ""DUO RIO reports GEEN_EISEN for EISEN_WERKZAAMHEDEN."", ""requirement_status"": ""not_required""}",Career opportunities related to business,Career opportunities related to business,6,0,6,32,15.79,1,0,40,0,100.00
École universitaire de recherche en sciences fondamentales et Ingénierie - Campus Sophia Tech,"master mention sciences de la Terre et des planètes, environnement",FR,master,other,onisep-fr-stage1-036,a7314bac-e141-553c-b6f2-6f6577f85f8f,"master mention sciences de la Terre et des planètes, environnement",master,2 ans,Biot,"temps plein, cours en présentiel",Tous les cours sont uniquement enseignés en Anglais,Active,2026,"{""academic_cycle"":""2026"",""amount"":18000,""audience"":""international"",""credential"":""master"",""currency"":""EUR"",""fee_period"":""year""}",programme,Additional fees may apply; see the institution fee schedule,institution,Mandatory fees vary by institution and enrolment,Application fee not specified in local artifacts,"{""academic_cycle"":null,""amount"":null,""automatic_consideration"":null,""award_name"":null,""currency"":null,""details"":""gratuit en apprentissage"",""eligibility"":null,""funding_type"":""financial_aid_policy"",""repayable"":null,""separate_application_required"":null}",Varies,Funding options may be available,Varies,"Eligibility varies by citizenship, merit, and financial need",See funding provider deadlines,5,6.0 each,80,120,English proficiency test requirement varies,"{""periodNumber"": 1, ""semester"": ""VT"", ""year"": 2027}",2026-10-15,2025-12-01,2026-01-15,Not specified,https://masterste.wixsite.com/accueil/parcours-3g,University Bachelor's degree,3.0,4.0,"Grundläggande behörighet och minst 7,5 hp arkivvetenskap eller motsvarande kunskap samt 1 års arbetslivserfarenhet inom arkivsektorn.",Application form; CV or resume; transcripts; degree certificate; language proof; passport,2 recommendation letters,Statement of purpose or motivation letter,Portfolio requirement depends on the programme,"{""details"": ""DUO RIO reports GEEN_EISEN for EISEN_WERKZAAMHEDEN."", ""requirement_status"": ""not_required""}",Career opportunities related to other,Career opportunities related to other,6,0,6,32,15.79,1,0,40,0,100.00
École universitaire de recherche en sciences fondamentales et Ingénierie - Campus Valrose,master mention chimie moléculaire,FR,master,other,onisep-fr-stage1-035,21d727d7-7df7-5f09-b896-e62da24e9238,master mention chimie moléculaire,master,2 ans,Nice,"temps plein, cours en présentiel (6 mois en laboratoire ou en entreprise)",Tous les cours sont uniquement enseignés en Anglais,Active,2026,"{""academic_cycle"":""2026"",""amount"":18000,""audience"":""international"",""credential"":""master"",""currency"":""EUR"",""fee_period"":""year""}",programme,Additional fees may apply; see the institution fee schedule,institution,Mandatory fees vary by institution and enrolment,Application fee not specified in local artifacts,"{""academic_cycle"":null,""amount"":null,""automatic_consideration"":null,""award_name"":null,""currency"":null,""details"":""gratuit en apprentissage"",""eligibility"":null,""funding_type"":""financial_aid_policy"",""repayable"":null,""separate_application_required"":null}",Varies,Funding options may be available,Varies,"Eligibility varies by citizenship, merit, and financial need",See funding provider deadlines,5,6.0 each,80,120,English proficiency test requirement varies,"{""periodNumber"": 1, ""semester"": ""VT"", ""year"": 2027}",2026-10-15,2025-12-01,2026-01-15,Not specified,https://univ-cotedazur.fr/formation/offre-de-formation/master-chimie-moleculaire,University Bachelor's degree,3.0,4.0,"Grundläggande behörighet och minst 7,5 hp arkivvetenskap eller motsvarande kunskap samt 1 års arbetslivserfarenhet inom arkivsektorn.",Application form; CV or resume; transcripts; degree certificate; language proof; passport,2 recommendation letters,Statement of purpose or motivation letter,Portfolio requirement depends on the programme,"{""details"": ""DUO RIO reports GEEN_EISEN for EISEN_WERKZAAMHEDEN."", ""requirement_status"": ""not_required""}",Career opportunities related to other,Career opportunities related to other,6,0,6,32,15.79,1,0,40,0,100.00
École universitaire de recherche en sciences fondamentales et Ingénierie - Campus Valrose,master mention physique fondamentale et applications,FR,master,other,onisep-fr-stage1-035,7af5cdae-1e38-5d6c-a16b-d92503e58923,master mention physique fondamentale et applications,master,2 ans,Nice,"temps plein, cours en présentiel",Tous les cours sont uniquement enseignés en Anglais,Active,2026,"{""academic_cycle"":""2026"",""amount"":18000,""audience"":""international"",""credential"":""master"",""currency"":""EUR"",""fee_period"":""year""}",programme,Additional fees may apply; see the institution fee schedule,institution,Mandatory fees vary by institution and enrolment,Application fee not specified in local artifacts,"{""academic_cycle"":null,""amount"":null,""automatic_consideration"":null,""award_name"":null,""currency"":null,""details"":""gratuit en apprentissage"",""eligibility"":null,""funding_type"":""financial_aid_policy"",""repayable"":null,""separate_application_required"":null}",Varies,Funding options may be available,Varies,"Eligibility varies by citizenship, merit, and financial need",See funding provider deadlines,5,6.0 each,80,120,English proficiency test requirement varies,"{""periodNumber"": 1, ""semester"": ""VT"", ""year"": 2027}",2026-10-15,2025-12-01,2026-01-15,Not specified,https://univ-cotedazur.fr/formation/offre-de-formation/master-physique-fondamentale-et-applications#parcours,University Bachelor's degree,3.0,4.0,"Grundläggande behörighet och minst 7,5 hp arkivvetenskap eller motsvarande kunskap samt 1 års arbetslivserfarenhet inom arkivsektorn.",Application form; CV or resume; transcripts; degree certificate; language proof; passport,2 recommendation letters,Statement of purpose or motivation letter,Portfolio requirement depends on the programme,"{""details"": ""DUO RIO reports GEEN_EISEN for EISEN_WERKZAAMHEDEN."", ""requirement_status"": ""not_required""}",Career opportunities related to other,Career opportunities related to other,6,0,6,32,15.79,1,0,40,0,100.00
École universitaire de recherche en systèmes numériques pour l'humain - Campus Sophia Tech,master mention informatique,FR,master,computer science,onisep-fr-stage1-030,bea9cf87-a594-599a-af97-f393a534a5f1,master mention informatique,master,2 ans,Biot,"temps plein, cours en présentiel",Tous les cours sont uniquement enseignés en Anglais,Active,2026,EUR 8500 / year,programme,Additional fees may apply; see the institution fee schedule,institution,Mandatory fees vary by institution and enrolment,Application fee not specified in local artifacts,"{""academic_cycle"":null,""amount"":null,""automatic_consideration"":null,""award_name"":null,""currency"":null,""details"":""gratuit en apprentissage"",""eligibility"":null,""funding_type"":""financial_aid_policy"",""repayable"":null,""separate_application_required"":null}",Varies,Funding options may be available,Varies,"Eligibility varies by citizenship, merit, and financial need",See funding provider deadlines,5,6.0 each,80,120,English proficiency test requirement varies,"{""start_date"": ""2027-08-01""}",2027-01-05,2025-12-01,2026-01-15,Not specified,https://univ-cotedazur.fr/formation/offre-de-formation/master-informatique-1,University Bachelor's degree,3.0,4.0,"Grundläggande behörighet och minst 7,5 hp arkivvetenskap eller motsvarande kunskap samt 1 års arbetslivserfarenhet inom arkivsektorn.",Application form; CV or resume; transcripts; degree certificate; language proof; passport,2 recommendation letters,Statement of purpose or motivation letter,Portfolio requirement depends on the programme,"{""details"": ""DUO RIO reports GEEN_EISEN for EISEN_WERKZAAMHEDEN."", ""requirement_status"": ""not_required""}",Career opportunities related to computer science,Career opportunities related to computer science,6,0,6,32,15.79,1,0,40,0,100.00
École universitaire de recherche en systèmes numériques pour l'humain - Campus Sophia Tech,master mention méthodes informatiques appliquées à la gestion des entreprises,FR,master,computer science,onisep-fr-stage1-030,1d0f054d-8868-5c6e-bc0c-5286c035f206,master mention méthodes informatiques appliquées à la gestion des entreprises,master,2 ans,Biot,"temps plein, cours en présentiel ou cours partiellement en distanciel (enseignement à distance possible pour le parcours mobiquité, big data et intégration de systèmes)",Tous les cours sont uniquement enseignés en Anglais,Active,2026,EUR 8500 / year,programme,Additional fees may apply; see the institution fee schedule,institution,Mandatory fees vary by institution and enrolment,Application fee not specified in local artifacts,"{""academic_cycle"":null,""amount"":null,""automatic_consideration"":null,""award_name"":null,""currency"":null,""details"":""gratuit en apprentissage"",""eligibility"":null,""funding_type"":""financial_aid_policy"",""repayable"":null,""separate_application_required"":null}",Varies,Funding options may be available,Varies,"Eligibility varies by citizenship, merit, and financial need",See funding provider deadlines,5,6.0 each,80,120,English proficiency test requirement varies,"{""start_date"": ""2027-08-01""}",2027-01-05,2025-12-01,2026-01-15,Not specified,https://univ-cotedazur.fr/formation/offre-de-formation/master-methodes-informatiques-appliquees-a-la-gestion-des-entreprises,University Bachelor's degree,3.0,4.0,"Grundläggande behörighet och minst 7,5 hp arkivvetenskap eller motsvarande kunskap samt 1 års arbetslivserfarenhet inom arkivsektorn.",Application form; CV or resume; transcripts; degree certificate; language proof; passport,2 recommendation letters,Statement of purpose or motivation letter,Portfolio requirement depends on the programme,"{""details"": ""DUO RIO reports GEEN_EISEN for EISEN_WERKZAAMHEDEN."", ""requirement_status"": ""not_required""}",Career opportunities related to computer science,Career opportunities related to computer science,6,0,6,32,15.79,1,0,40,0,100.00
École universitaire de recherche en économie et Management (ELMI) - Campus Saint-Jean d'Angely,master mention gestion des ressources humaines,FR,master,business,onisep-fr-stage1-031,da194efb-4270-5346-a7bb-56cb3d7b47a6,master mention gestion des ressources humaines,master,2 ans,Nice,"temps plein, cours en présentiel",Tous les cours sont uniquement enseignés en Anglais,Active,2026,EUR 8500 / year,programme,Additional fees may apply; see the institution fee schedule,institution,Mandatory fees vary by institution and enrolment,Application fee not specified in local artifacts,"{""academic_cycle"":null,""amount"":null,""automatic_consideration"":null,""award_name"":null,""currency"":null,""details"":""gratuit en apprentissage"",""eligibility"":null,""funding_type"":""financial_aid_policy"",""repayable"":null,""separate_application_required"":null}",Varies,Funding options may be available,Varies,"Eligibility varies by citizenship, merit, and financial need",See funding provider deadlines,5,6.0 each,80,120,English proficiency test requirement varies,"{""start_date"": ""2027-08-01""}",2027-01-05,2025-12-01,2026-01-15,Not specified,https://univ-cotedazur.fr/formation/offre-de-formation/master-gestion-des-ressources-humaines-2#parcours,University Bachelor's degree,3.0,4.0,"Grundläggande behörighet och minst 7,5 hp arkivvetenskap eller motsvarande kunskap samt 1 års arbetslivserfarenhet inom arkivsektorn.",Application form; CV or resume; transcripts; degree certificate; language proof; passport,2 recommendation letters,Statement of purpose or motivation letter,Portfolio requirement depends on the programme,"{""details"": ""DUO RIO reports GEEN_EISEN for EISEN_WERKZAAMHEDEN."", ""requirement_status"": ""not_required""}",Career opportunities related to business,Career opportunities related to business,6,0,6,32,15.79,1,0,40,0,100.00
École universitaire de recherche en économie et Management (ELMI) - Campus Saint-Jean d'Angely,"master mention monnaie, banque, finance, assurance",FR,master,other,onisep-fr-stage1-031,88803846-33d0-5f69-96cb-474eb2633037,"master mention monnaie, banque, finance, assurance",master,2 ans,Nice,"temps plein, cours en présentiel",Tous les cours sont uniquement enseignés en Anglais,Active,2026,"{""academic_cycle"":""2026"",""amount"":18000,""audience"":""international"",""credential"":""master"",""currency"":""EUR"",""fee_period"":""year""}",programme,Additional fees may apply; see the institution fee schedule,institution,Mandatory fees vary by institution and enrolment,Application fee not specified in local artifacts,"{""academic_cycle"":null,""amount"":null,""automatic_consideration"":null,""award_name"":null,""currency"":null,""details"":""gratuit en apprentissage"",""eligibility"":null,""funding_type"":""financial_aid_policy"",""repayable"":null,""separate_application_required"":null}",Varies,Funding options may be available,Varies,"Eligibility varies by citizenship, merit, and financial need",See funding provider deadlines,5,6.0 each,80,120,English proficiency test requirement varies,"{""periodNumber"": 1, ""semester"": ""VT"", ""year"": 2027}",2026-10-15,2025-12-01,2026-01-15,Not specified,https://univ-cotedazur.fr/formation/offre-de-formation/master-monnaie-banque-finance-assurance,University Bachelor's degree,3.0,4.0,"Grundläggande behörighet och minst 7,5 hp arkivvetenskap eller motsvarande kunskap samt 1 års arbetslivserfarenhet inom arkivsektorn.",Application form; CV or resume; transcripts; degree certificate; language proof; passport,2 recommendation letters,Statement of purpose or motivation letter,Portfolio requirement depends on the programme,"{""details"": ""DUO RIO reports GEEN_EISEN for EISEN_WERKZAAMHEDEN."", ""requirement_status"": ""not_required""}",Career opportunities related to other,Career opportunities related to other,6,0,6,32,15.79,1,0,40,0,100.00
École universitaire de recherche en écosystèmes des sciences de la santé - Campus STAPS,master mention sciences et techniques des activités physiques et sportives  : activité physique adaptée et santé,FR,master,other,onisep-fr-stage1-032,9aa11c3a-96bc-55a3-b8c1-f7ff409776c5,master mention sciences et techniques des activités physiques et sportives : activité physique adaptée et santé,master,2 ans,Nice,"temps plein, cours en présentiel",Tous les cours sont uniquement enseignés en Anglais,Active,2026,"{""academic_cycle"":""2026"",""amount"":18000,""audience"":""international"",""credential"":""master"",""currency"":""EUR"",""fee_period"":""year""}",programme,Additional fees may apply; see the institution fee schedule,institution,Mandatory fees vary by institution and enrolment,Application fee not specified in local artifacts,"{""academic_cycle"":null,""amount"":null,""automatic_consideration"":null,""award_name"":null,""currency"":null,""details"":""gratuit en apprentissage"",""eligibility"":null,""funding_type"":""financial_aid_policy"",""repayable"":null,""separate_application_required"":null}",Varies,Funding options may be available,Varies,"Eligibility varies by citizenship, merit, and financial need",See funding provider deadlines,5,6.0 each,80,120,English proficiency test requirement varies,"{""periodNumber"": 1, ""semester"": ""VT"", ""year"": 2027}",2026-10-15,2025-12-01,2026-01-15,Not specified,https://univ-cotedazur.fr/formation/offre-de-formation/master-activite-physique-adaptee-et-sante,University Bachelor's degree,3.0,4.0,"Grundläggande behörighet och minst 7,5 hp arkivvetenskap eller motsvarande kunskap samt 1 års arbetslivserfarenhet inom arkivsektorn.",Application form; CV or resume; transcripts; degree certificate; language proof; passport,2 recommendation letters,Statement of purpose or motivation letter,Portfolio requirement depends on the programme,"{""details"": ""DUO RIO reports GEEN_EISEN for EISEN_WERKZAAMHEDEN."", ""requirement_status"": ""not_required""}",Career opportunities related to other,Career opportunities related to other,6,0,6,32,15.79,1,0,40,0,100.00
École universitaire de recherche en écosystèmes des sciences de la santé - Campus STAPS,master mention sciences et techniques des activités physiques et sportives : management du sport,FR,master,other,onisep-fr-stage1-032,31096360-54d5-509d-82d0-8e262fdbe4eb,master mention sciences et techniques des activités physiques et sportives : management du sport,master,2 ans,Nice,"temps plein, cours en présentiel",Tous les cours sont uniquement enseignés en Anglais,Active,2026,"{""academic_cycle"":""2026"",""amount"":18000,""audience"":""international"",""credential"":""master"",""currency"":""EUR"",""fee_period"":""year""}",programme,Additional fees may apply; see the institution fee schedule,institution,Mandatory fees vary by institution and enrolment,Application fee not specified in local artifacts,"{""academic_cycle"":null,""amount"":null,""automatic_consideration"":null,""award_name"":null,""currency"":null,""details"":""gratuit en apprentissage"",""eligibility"":null,""funding_type"":""financial_aid_policy"",""repayable"":null,""separate_application_required"":null}",Varies,Funding options may be available,Varies,"Eligibility varies by citizenship, merit, and financial need",See funding provider deadlines,5,6.0 each,80,120,English proficiency test requirement varies,"{""periodNumber"": 1, ""semester"": ""VT"", ""year"": 2027}",2026-10-15,2025-12-01,2026-01-15,Not specified,https://univ-cotedazur.fr/formation/offre-de-formation/master-staps-management-du-sport-master-mention-staps-management-du-sport,University Bachelor's degree,3.0,4.0,"Grundläggande behörighet och minst 7,5 hp arkivvetenskap eller motsvarande kunskap samt 1 års arbetslivserfarenhet inom arkivsektorn.",Application form; CV or resume; transcripts; degree certificate; language proof; passport,2 recommendation letters,Statement of purpose or motivation letter,Portfolio requirement depends on the programme,"{""details"": ""DUO RIO reports GEEN_EISEN for EISEN_WERKZAAMHEDEN."", ""requirement_status"": ""not_required""}",Career opportunities related to other,Career opportunities related to other,6,0,6,32,15.79,1,0,40,0,100.00
Delft University of Technology,Computer Science,NL,master,computer science,tu-delft-nl-canary,d09b3b83-7fe8-5626-bb42-6dd7661c0972,Computer Science,MASTER,2 ans,Biot,VOLTIJD,NLD,Active,2026,EUR 8500 / year,programme,Additional fees may apply; see the institution fee schedule,institution,Mandatory fees vary by institution and enrolment,Application fee not specified in local artifacts,"{""academic_cycle"":null,""amount"":null,""automatic_consideration"":null,""award_name"":null,""currency"":null,""details"":""gratuit en apprentissage"",""eligibility"":null,""funding_type"":""financial_aid_policy"",""repayable"":null,""separate_application_required"":null}",Varies,Funding options may be available,Varies,"Eligibility varies by citizenship, merit, and financial need",See funding provider deadlines,5,6.0 each,80,120,English proficiency test requirement varies,"{""start_date"": ""2027-08-01""}",2027-01-05,2025-12-01,2026-01-15,Not specified,https://businessdatascience.nl,University Bachelor's degree,3.0,4.0,"Grundläggande behörighet och minst 7,5 hp arkivvetenskap eller motsvarande kunskap samt 1 års arbetslivserfarenhet inom arkivsektorn.",Application form; CV or resume; transcripts; degree certificate; language proof; passport,2 recommendation letters,Statement of purpose or motivation letter,Portfolio requirement depends on the programme,"{""details"": ""DUO RIO reports GEEN_EISEN for EISEN_WERKZAAMHEDEN."", ""requirement_status"": ""not_required""}",Career opportunities related to computer science,Career opportunities related to computer science,2,3,5,33,13.16,2,3,40,0,100.00
Delft University of Technology,Data Science and Artificial Intelligence Technology,NL,master,computer science,tu-delft-nl-canary,dcf7376b-e09f-5a39-a42b-463e84ec8ccc,Data Science and Artificial Intelligence Technology,MASTER,2 ans,Biot,VOLTIJD,NLD,Active,2026,EUR 8500 / year,programme,Additional fees may apply; see the institution fee schedule,institution,Mandatory fees vary by institution and enrolment,Application fee not specified in local artifacts,"{""academic_cycle"":null,""amount"":null,""automatic_consideration"":null,""award_name"":null,""currency"":null,""details"":""gratuit en apprentissage"",""eligibility"":null,""funding_type"":""financial_aid_policy"",""repayable"":null,""separate_application_required"":null}",Varies,Funding options may be available,Varies,"Eligibility varies by citizenship, merit, and financial need",See funding provider deadlines,5,6.0 each,80,120,English proficiency test requirement varies,"{""start_date"": ""2027-08-01""}",2027-01-05,2025-12-01,2026-01-15,Not specified,https://businessdatascience.nl,University Bachelor's degree,3.0,4.0,"Grundläggande behörighet och minst 7,5 hp arkivvetenskap eller motsvarande kunskap samt 1 års arbetslivserfarenhet inom arkivsektorn.",Application form; CV or resume; transcripts; degree certificate; language proof; passport,2 recommendation letters,Statement of purpose or motivation letter,Portfolio requirement depends on the programme,"{""details"": ""DUO RIO reports GEEN_EISEN for EISEN_WERKZAAMHEDEN."", ""requirement_status"": ""not_required""}",Career opportunities related to computer science,Career opportunities related to computer science,5,0,5,33,13.16,1,0,40,0,100.00
Erasmus Universiteit Rotterdam,Business Administration,NL,bachelor,other,erasmus-nl-canary,2a72840d-c750-5afa-8adf-d8b51e4abe33,Bedrijfskunde,BACHELOR,"180 EC, 36 maanden",Arnhem,VOLTIJD,ENG,Active,2026 HT,GBP 9790 / annual (domestic),programme,Additional fees may apply; see the institution fee schedule,institution,Mandatory fees vary by institution and enrolment,Application fee not specified in local artifacts,"{""details"": ""Bursaries, scholarships and part-time work We offer a range of scholarships and bursaries for UK and international students , which provide extra financial support while you’re at university."", ""funding_type"": ""financial_aid_policy""}","{""amount"":15000,""currency"":""GBP""}","{""details"":""Have the opportunity to participate in competitions and other professional opportunities, including the Carleton Hobbs Bursary Award (radio), the Sam Wanamaker Festival (The Globe) and The Spotlight Prize (Industry)."",""funding_type"":""financial_aid_policy""}","{""amount"":15000,""currency"":""GBP""}","If you're eligible for a scholarship, you'll generally receive it automatically – there's no need to apply.",See funding provider deadlines,6,"{""minimum_each"": 6.5, ""minimum_overall"": 7, ""source_text"": ""equire a Student visa to study in the UK are welcome to apply for entry in September 2026 Test Grade Additional details IELTS (Academic) 7 with no less than 6.5 in each section TOEFL (iBT) 100 with minimum scores of 19 in Writing and Listening, 19 in Reading, 20 in Speaking If your qualification is not listed here, please take a look at our international entry requirements page or get in touch with our admissions team on the form below. Please note, to be accepted onto this course; you will also need to demonstrate that you meet the minimum standards o""}",100,105,"[""SAT or 33 in ACT""]","{""periodNumber"": 4, ""semester"": ""HT"", ""year"": 2026}",2026-04-15,2025-12-01,2027-01-13,True,https://businessdatascience.nl,Secondary school diploma,2.5,4.0,"Kurs motsvarande ABMM32 Arkivvetenskap: Förmedling och tillhandahållande, 7,5 hp, ABMM52 Biblioteks- och informationsvetenskap: Informationssökning och förmedling, 7,5 hp, eller ABMM72 Museologi: Materiell, immateriell och visuell kultur, 7,5 hp",academic qualifications; a personal statement; evidence of your English language skills (with relevant qualifications); a reference,Reference,Personal statement,plus a portfolio demonstrating artistic ability,"{""details"": ""DUO RIO reports GEEN_EISEN for EISEN_WERKZAAMHEDEN."", ""requirement_status"": ""not_required""}","{""data_period"": ""students graduating 2021-23"", ""measure"": ""graduates find their current work meaningful"", ""note"": ""data displayed is from students on this and other courses in Finance"", ""outcome_period"": ""15 months after graduation"", ""percentage"": 80}","{""audience"": null, ""description"": ""go on to work and/or study 15 months after the course"", ""outcome_type"": ""employment_rate"", ""percentage"": 85, ""population"": ""Creative arts and design graduates at Anglia Ruskin University""}",2,0,2,36,5.26,1,0,40,0,100.00
Erasmus Universiteit Rotterdam,Research Master Business Data Science,NL,master,computer science,erasmus-nl-canary,7c7925d8-0ea6-5d8d-8b1c-10af69f024bb,Research Master Business Data Science (joint degree),MASTER,2 ans,Biot,VOLTIJD,ENG,Active,2026,EUR 8500 / year,programme,Additional fees may apply; see the institution fee schedule,institution,Mandatory fees vary by institution and enrolment,Application fee not specified in local artifacts,"{""academic_cycle"":null,""amount"":null,""automatic_consideration"":null,""award_name"":null,""currency"":null,""details"":""gratuit en apprentissage"",""eligibility"":null,""funding_type"":""financial_aid_policy"",""repayable"":null,""separate_application_required"":null}",Varies,Funding options may be available,Varies,"Eligibility varies by citizenship, merit, and financial need",See funding provider deadlines,5,6.0 each,80,120,English proficiency test requirement varies,"{""start_date"": ""2027-08-01""}",2027-01-05,2025-12-01,2026-01-15,Not specified,https://businessdatascience.nl,University Bachelor's degree,3.0,4.0,"Grundläggande behörighet och minst 7,5 hp arkivvetenskap eller motsvarande kunskap samt 1 års arbetslivserfarenhet inom arkivsektorn.",Application form; CV or resume; transcripts; degree certificate; language proof; passport,2 recommendation letters,Statement of purpose or motivation letter,Portfolio requirement depends on the programme,"{""details"": ""DUO RIO reports GEEN_EISEN for EISEN_WERKZAAMHEDEN."", ""requirement_status"": ""not_required""}",Career opportunities related to computer science,Career opportunities related to computer science,6,0,6,32,15.79,1,0,40,0,100.00
Het College van Bestuur van de Vrije Universiteit,Change Management,NL,master,business,duo-nl-stage1-001,7523ae19-3e89-5a97-843b-147b847e4c45,Change Management,Master's degree,2 ans,Nice,VOLTIJD,ENG,Active,2026,EUR 8500 / year,programme,Additional fees may apply; see the institution fee schedule,institution,Mandatory fees vary by institution and enrolment,Application fee not specified in local artifacts,"{""academic_cycle"":null,""amount"":null,""automatic_consideration"":null,""award_name"":null,""currency"":null,""details"":""gratuit en apprentissage"",""eligibility"":null,""funding_type"":""financial_aid_policy"",""repayable"":null,""separate_application_required"":null}",Varies,Funding options may be available,Varies,"Eligibility varies by citizenship, merit, and financial need",See funding provider deadlines,5,6.0 each,80,120,English proficiency test requirement varies,"{""start_date"": ""2027-08-01""}",2027-01-05,2025-12-01,2026-01-15,Not specified,https://businessdatascience.nl,University Bachelor's degree,3.0,4.0,"Grundläggande behörighet och minst 7,5 hp arkivvetenskap eller motsvarande kunskap samt 1 års arbetslivserfarenhet inom arkivsektorn.",Application form; CV or resume; transcripts; degree certificate; language proof; passport,2 recommendation letters,Statement of purpose or motivation letter,Portfolio requirement depends on the programme,"{""details"": ""DUO RIO reports GEEN_EISEN for EISEN_WERKZAAMHEDEN."", ""requirement_status"": ""not_required""}",Career opportunities related to business,Career opportunities related to business,0,0,2,36,5.26,1,0,40,0,100.00
Het College van Bestuur van de Vrije Universiteit,Geographical Information Sciences,NL,master,computer science,duo-nl-stage1-001,d01f556a-86a0-57b3-a068-85efc5a05b24,Geographical Information Sciences,Master's degree,2 ans,Biot,VOLTIJD,NLD,Active,2026,EUR 8500 / year,programme,Additional fees may apply; see the institution fee schedule,institution,Mandatory fees vary by institution and enrolment,Application fee not specified in local artifacts,"{""academic_cycle"":null,""amount"":null,""automatic_consideration"":null,""award_name"":null,""currency"":null,""details"":""gratuit en apprentissage"",""eligibility"":null,""funding_type"":""financial_aid_policy"",""repayable"":null,""separate_application_required"":null}",Varies,Funding options may be available,Varies,"Eligibility varies by citizenship, merit, and financial need",See funding provider deadlines,5,6.0 each,80,120,English proficiency test requirement varies,"{""start_date"": ""2027-08-01""}",2027-01-05,2025-12-01,2026-01-15,Not specified,https://businessdatascience.nl,University Bachelor's degree,3.0,4.0,"Grundläggande behörighet och minst 7,5 hp arkivvetenskap eller motsvarande kunskap samt 1 års arbetslivserfarenhet inom arkivsektorn.",Application form; CV or resume; transcripts; degree certificate; language proof; passport,2 recommendation letters,Statement of purpose or motivation letter,Portfolio requirement depends on the programme,"{""details"": ""DUO RIO reports GEEN_EISEN for EISEN_WERKZAAMHEDEN."", ""requirement_status"": ""not_required""}",Career opportunities related to computer science,Career opportunities related to computer science,0,0,2,36,5.26,1,0,40,0,100.00
Maastricht University,International Executive Master of Finance and Control,NL,master,other,duo-nl-stage1-002,ef24c577-d5ed-56d2-acc5-0ae85892b671,International Executive Master of Finance and Control,Master,2 ans,Nice,full-time,ENG,Active,2026,"{""academic_cycle"":""2026"",""amount"":18000,""audience"":""international"",""credential"":""master"",""currency"":""EUR"",""fee_period"":""year""}",programme,Additional fees may apply; see the institution fee schedule,institution,Mandatory fees vary by institution and enrolment,Application fee not specified in local artifacts,"{""academic_cycle"":null,""amount"":null,""automatic_consideration"":null,""award_name"":null,""currency"":null,""details"":""gratuit en apprentissage"",""eligibility"":null,""funding_type"":""financial_aid_policy"",""repayable"":null,""separate_application_required"":null}",Varies,Funding options may be available,Varies,"Eligibility varies by citizenship, merit, and financial need",See funding provider deadlines,5,6.0 each,80,120,English proficiency test requirement varies,"{""periodNumber"": 1, ""semester"": ""VT"", ""year"": 2027}",2026-10-15,2025-12-01,2026-01-15,Not specified,https://businessdatascience.nl,University Bachelor's degree,3.0,4.0,"Grundläggande behörighet och minst 7,5 hp arkivvetenskap eller motsvarande kunskap samt 1 års arbetslivserfarenhet inom arkivsektorn.",Application form; CV or resume; transcripts; degree certificate; language proof; passport,2 recommendation letters,Statement of purpose or motivation letter,Portfolio requirement depends on the programme,"{""details"": ""DUO RIO reports GEEN_EISEN for EISEN_WERKZAAMHEDEN."", ""requirement_status"": ""not_required""}",Career opportunities related to other,Career opportunities related to other,0,0,2,36,5.26,1,0,40,0,100.00
Maastricht University,"Master European Studies on Society, Science and Technology",NL,master,engineering,duo-nl-stage1-002,16a79eae-ec22-54ba-8eac-c70cc0f84632,"Master European Studies on Society, Science and Technology",Master,3 ans,Nice,VOLTIJD,ENG,Active,2026,EUR 8500 / year,programme,Additional fees may apply; see the institution fee schedule,institution,Mandatory fees vary by institution and enrolment,Application fee not specified in local artifacts,"{""academic_cycle"":null,""amount"":null,""automatic_consideration"":null,""award_name"":null,""currency"":null,""details"":""gratuit en apprentissage"",""eligibility"":null,""funding_type"":""financial_aid_policy"",""repayable"":null,""separate_application_required"":null}",Varies,Funding options may be available,Varies,"Eligibility varies by citizenship, merit, and financial need",See funding provider deadlines,5,6.0 each,80,120,English proficiency test requirement varies,"{""start_date"": ""2027-08-01""}",2027-01-05,2025-12-01,2026-01-15,Not specified,https://businessdatascience.nl,University Bachelor's degree,3.0,4.0,"Grundläggande behörighet och minst 7,5 hp arkivvetenskap eller motsvarande kunskap samt 1 års arbetslivserfarenhet inom arkivsektorn.",Application form; CV or resume; transcripts; degree certificate; language proof; passport,2 recommendation letters,Statement of purpose or motivation letter,Portfolio requirement depends on the programme,"{""details"": ""DUO RIO reports GEEN_EISEN for EISEN_WERKZAAMHEDEN."", ""requirement_status"": ""not_required""}",Career opportunities related to engineering,Career opportunities related to engineering,0,0,2,36,5.26,1,0,40,0,100.00
Open Universiteit Nederland,HBO - Rechten,NL,bachelor,other,duo-nl-stage1-003,2c43e758-e2c2-51e2-9e80-0c3581520de9,HBO - Rechten,Bachelor's degree,"180 EC, 36 maanden",Arnhem,part-time,Dutch,Active,2026 HT,GBP 9790 / annual (domestic),programme,Additional fees may apply; see the institution fee schedule,institution,Mandatory fees vary by institution and enrolment,Application fee not specified in local artifacts,"{""details"": ""Bursaries, scholarships and part-time work We offer a range of scholarships and bursaries for UK and international students , which provide extra financial support while you’re at university."", ""funding_type"": ""financial_aid_policy""}","{""amount"":15000,""currency"":""GBP""}","{""details"":""Have the opportunity to participate in competitions and other professional opportunities, including the Carleton Hobbs Bursary Award (radio), the Sam Wanamaker Festival (The Globe) and The Spotlight Prize (Industry)."",""funding_type"":""financial_aid_policy""}","{""amount"":15000,""currency"":""GBP""}","If you're eligible for a scholarship, you'll generally receive it automatically – there's no need to apply.",See funding provider deadlines,6,"{""minimum_each"": 6.5, ""minimum_overall"": 7, ""source_text"": ""equire a Student visa to study in the UK are welcome to apply for entry in September 2026 Test Grade Additional details IELTS (Academic) 7 with no less than 6.5 in each section TOEFL (iBT) 100 with minimum scores of 19 in Writing and Listening, 19 in Reading, 20 in Speaking If your qualification is not listed here, please take a look at our international entry requirements page or get in touch with our admissions team on the form below. Please note, to be accepted onto this course; you will also need to demonstrate that you meet the minimum standards o""}",100,105,"[""SAT or 33 in ACT""]","{""periodNumber"": 4, ""semester"": ""HT"", ""year"": 2026}",2026-04-15,2025-12-01,2027-01-13,True,https://www.artez.nl/opleidingen/bachelor/docent-beeldende-kunst-en-vormgeving-deeltijd-arnhem,Secondary school diploma,2.5,4.0,"Kurs motsvarande ABMM32 Arkivvetenskap: Förmedling och tillhandahållande, 7,5 hp, ABMM52 Biblioteks- och informationsvetenskap: Informationssökning och förmedling, 7,5 hp, eller ABMM72 Museologi: Materiell, immateriell och visuell kultur, 7,5 hp",academic qualifications; a personal statement; evidence of your English language skills (with relevant qualifications); a reference,Reference,Personal statement,plus a portfolio demonstrating artistic ability,"{""details"": ""DUO RIO reports GEEN_EISEN for EISEN_WERKZAAMHEDEN."", ""requirement_status"": ""not_required""}","{""data_period"": ""students graduating 2021-23"", ""measure"": ""graduates find their current work meaningful"", ""note"": ""data displayed is from students on this and other courses in Finance"", ""outcome_period"": ""15 months after graduation"", ""percentage"": 80}","{""audience"": null, ""description"": ""go on to work and/or study 15 months after the course"", ""outcome_type"": ""employment_rate"", ""percentage"": 85, ""population"": ""Creative arts and design graduates at Anglia Ruskin University""}",0,0,2,36,5.26,1,0,40,0,100.00
Open Universiteit Nederland,Psychology,NL,master,other,duo-nl-stage1-003,409ba547-8457-53c7-8e77-3dbe46e84b34,Psychology,Master's degree,2 ans,Nice,full-time,ENG,Active,2026,"{""academic_cycle"":""2026"",""amount"":18000,""audience"":""international"",""credential"":""master"",""currency"":""EUR"",""fee_period"":""year""}",programme,Additional fees may apply; see the institution fee schedule,institution,Mandatory fees vary by institution and enrolment,Application fee not specified in local artifacts,"{""academic_cycle"":null,""amount"":null,""automatic_consideration"":null,""award_name"":null,""currency"":null,""details"":""gratuit en apprentissage"",""eligibility"":null,""funding_type"":""financial_aid_policy"",""repayable"":null,""separate_application_required"":null}",Varies,Funding options may be available,Varies,"Eligibility varies by citizenship, merit, and financial need",See funding provider deadlines,5,6.0 each,80,120,English proficiency test requirement varies,"{""periodNumber"": 1, ""semester"": ""VT"", ""year"": 2027}",2026-10-15,2025-12-01,2026-01-15,Not specified,https://businessdatascience.nl,University Bachelor's degree,3.0,4.0,"Grundläggande behörighet och minst 7,5 hp arkivvetenskap eller motsvarande kunskap samt 1 års arbetslivserfarenhet inom arkivsektorn.",Application form; CV or resume; transcripts; degree certificate; language proof; passport,2 recommendation letters,Statement of purpose or motivation letter,Portfolio requirement depends on the programme,"{""details"": ""DUO RIO reports GEEN_EISEN for EISEN_WERKZAAMHEDEN."", ""requirement_status"": ""not_required""}",Career opportunities related to other,Career opportunities related to other,0,0,2,36,5.26,1,0,40,0,100.00
Protestantse Theologische Universiteit (PThU),Theology,NL,master,other,duo-nl-stage1-004,da8fbb39-bb88-5c12-8e38-02ab720afa48,Theology,Master's degree,2 ans,Nice,full-time,ENG,Active,2026,"{""academic_cycle"":""2026"",""amount"":18000,""audience"":""international"",""credential"":""master"",""currency"":""EUR"",""fee_period"":""year""}",programme,Additional fees may apply; see the institution fee schedule,institution,Mandatory fees vary by institution and enrolment,Application fee not specified in local artifacts,"{""academic_cycle"":null,""amount"":null,""automatic_consideration"":null,""award_name"":null,""currency"":null,""details"":""gratuit en apprentissage"",""eligibility"":null,""funding_type"":""financial_aid_policy"",""repayable"":null,""separate_application_required"":null}",Varies,Funding options may be available,Varies,"Eligibility varies by citizenship, merit, and financial need",See funding provider deadlines,5,6.0 each,80,120,English proficiency test requirement varies,"{""periodNumber"": 1, ""semester"": ""VT"", ""year"": 2027}",2026-10-15,2025-12-01,2026-01-15,Not specified,https://businessdatascience.nl,University Bachelor's degree,3.0,4.0,"Grundläggande behörighet och minst 7,5 hp arkivvetenskap eller motsvarande kunskap samt 1 års arbetslivserfarenhet inom arkivsektorn.",Application form; CV or resume; transcripts; degree certificate; language proof; passport,2 recommendation letters,Statement of purpose or motivation letter,Portfolio requirement depends on the programme,"{""details"": ""DUO RIO reports GEEN_EISEN for EISEN_WERKZAAMHEDEN."", ""requirement_status"": ""not_required""}",Career opportunities related to other,Career opportunities related to other,1,0,3,35,7.89,2,0,40,0,100.00
Protestantse Theologische Universiteit (PThU),Theology (joint degree),NL,bachelor,other,duo-nl-stage1-004,996b9e0a-6692-5ca7-ab52-23f3030c9a37,Theology (joint degree),Bachelor's degree,"180 EC, 36 maanden",Arnhem,part-time,Dutch,Active,2026 HT,GBP 9790 / annual (domestic),programme,Additional fees may apply; see the institution fee schedule,institution,Mandatory fees vary by institution and enrolment,Application fee not specified in local artifacts,"{""details"": ""Bursaries, scholarships and part-time work We offer a range of scholarships and bursaries for UK and international students , which provide extra financial support while you’re at university."", ""funding_type"": ""financial_aid_policy""}","{""amount"":15000,""currency"":""GBP""}","{""details"":""Have the opportunity to participate in competitions and other professional opportunities, including the Carleton Hobbs Bursary Award (radio), the Sam Wanamaker Festival (The Globe) and The Spotlight Prize (Industry)."",""funding_type"":""financial_aid_policy""}","{""amount"":15000,""currency"":""GBP""}","If you're eligible for a scholarship, you'll generally receive it automatically – there's no need to apply.",See funding provider deadlines,6,"{""minimum_each"": 6.5, ""minimum_overall"": 7, ""source_text"": ""equire a Student visa to study in the UK are welcome to apply for entry in September 2026 Test Grade Additional details IELTS (Academic) 7 with no less than 6.5 in each section TOEFL (iBT) 100 with minimum scores of 19 in Writing and Listening, 19 in Reading, 20 in Speaking If your qualification is not listed here, please take a look at our international entry requirements page or get in touch with our admissions team on the form below. Please note, to be accepted onto this course; you will also need to demonstrate that you meet the minimum standards o""}",100,105,"[""SAT or 33 in ACT""]","{""periodNumber"": 4, ""semester"": ""HT"", ""year"": 2026}",2026-04-15,2025-12-01,2027-01-13,True,https://www.artez.nl/opleidingen/bachelor/docent-beeldende-kunst-en-vormgeving-deeltijd-arnhem,Secondary school diploma,2.5,4.0,"Kurs motsvarande ABMM32 Arkivvetenskap: Förmedling och tillhandahållande, 7,5 hp, ABMM52 Biblioteks- och informationsvetenskap: Informationssökning och förmedling, 7,5 hp, eller ABMM72 Museologi: Materiell, immateriell och visuell kultur, 7,5 hp",academic qualifications; a personal statement; evidence of your English language skills (with relevant qualifications); a reference,Reference,Personal statement,plus a portfolio demonstrating artistic ability,"{""details"": ""DUO RIO reports GEEN_EISEN for EISEN_WERKZAAMHEDEN."", ""requirement_status"": ""not_required""}","{""data_period"": ""students graduating 2021-23"", ""measure"": ""graduates find their current work meaningful"", ""note"": ""data displayed is from students on this and other courses in Finance"", ""outcome_period"": ""15 months after graduation"", ""percentage"": 80}","{""audience"": null, ""description"": ""go on to work and/or study 15 months after the course"", ""outcome_type"": ""employment_rate"", ""percentage"": 85, ""population"": ""Creative arts and design graduates at Anglia Ruskin University""}",2,0,4,34,10.53,2,0,40,0,100.00
Radboud Universiteit,Business Administration,NL,master,other,radboud-nl-canary,eb1e73e5-1818-59ab-b3ba-67749a31edd3,Business Administration,MASTER,2 ans,Nice,full-time,ENG,Active,2026,"{""academic_cycle"":""2026"",""amount"":18000,""audience"":""international"",""credential"":""master"",""currency"":""EUR"",""fee_period"":""year""}",programme,Additional fees may apply; see the institution fee schedule,institution,Mandatory fees vary by institution and enrolment,Application fee not specified in local artifacts,"{""academic_cycle"":null,""amount"":null,""automatic_consideration"":null,""award_name"":null,""currency"":null,""details"":""gratuit en apprentissage"",""eligibility"":null,""funding_type"":""financial_aid_policy"",""repayable"":null,""separate_application_required"":null}",Varies,Funding options may be available,Varies,"Eligibility varies by citizenship, merit, and financial need",See funding provider deadlines,5,6.0 each,80,120,English proficiency test requirement varies,"{""periodNumber"": 1, ""semester"": ""VT"", ""year"": 2027}",2026-10-15,2025-12-01,2026-01-15,Not specified,https://businessdatascience.nl,University Bachelor's degree,3.0,4.0,"Grundläggande behörighet och minst 7,5 hp arkivvetenskap eller motsvarande kunskap samt 1 års arbetslivserfarenhet inom arkivsektorn.",Application form; CV or resume; transcripts; degree certificate; language proof; passport,2 recommendation letters,Statement of purpose or motivation letter,Portfolio requirement depends on the programme,"{""details"": ""DUO RIO reports GEEN_EISEN for EISEN_WERKZAAMHEDEN."", ""requirement_status"": ""not_required""}",Career opportunities related to other,Career opportunities related to other,2,0,2,36,5.26,1,0,40,0,100.00
Radboud Universiteit,Computing Science,NL,master,other,radboud-nl-canary,9b5d5d94-9494-5799-9c62-4d5c254f4565,Computing Science,MASTER,2 ans,Nice,full-time,ENG,Active,2026,"{""academic_cycle"":""2026"",""amount"":18000,""audience"":""international"",""credential"":""master"",""currency"":""EUR"",""fee_period"":""year""}",programme,Additional fees may apply; see the institution fee schedule,institution,Mandatory fees vary by institution and enrolment,Application fee not specified in local artifacts,"{""academic_cycle"":null,""amount"":null,""automatic_consideration"":null,""award_name"":null,""currency"":null,""details"":""gratuit en apprentissage"",""eligibility"":null,""funding_type"":""financial_aid_policy"",""repayable"":null,""separate_application_required"":null}",Varies,Funding options may be available,Varies,"Eligibility varies by citizenship, merit, and financial need",See funding provider deadlines,5,6.0 each,80,120,English proficiency test requirement varies,"{""periodNumber"": 1, ""semester"": ""VT"", ""year"": 2027}",2026-10-15,2025-12-01,2026-01-15,Not specified,https://businessdatascience.nl,University Bachelor's degree,3.0,4.0,"Grundläggande behörighet och minst 7,5 hp arkivvetenskap eller motsvarande kunskap samt 1 års arbetslivserfarenhet inom arkivsektorn.",Application form; CV or resume; transcripts; degree certificate; language proof; passport,2 recommendation letters,Statement of purpose or motivation letter,Portfolio requirement depends on the programme,"{""details"": ""DUO RIO reports GEEN_EISEN for EISEN_WERKZAAMHEDEN."", ""requirement_status"": ""not_required""}",Career opportunities related to other,Career opportunities related to other,2,0,2,36,5.26,1,0,40,0,100.00
Rijksuniversiteit Groningen,Dutch Language and Culture,NL,bachelor,other,duo-nl-stage1-005,45df12ed-0f4c-5ef7-a071-4092b34a4e20,Dutch Language and Culture,Bachelor's degree,"180 EC, 36 maanden",Arnhem,part-time,Dutch,Active,2026 HT,GBP 9790 / annual (domestic),programme,Additional fees may apply; see the institution fee schedule,institution,Mandatory fees vary by institution and enrolment,Application fee not specified in local artifacts,"{""details"": ""Bursaries, scholarships and part-time work We offer a range of scholarships and bursaries for UK and international students , which provide extra financial support while you’re at university."", ""funding_type"": ""financial_aid_policy""}","{""amount"":15000,""currency"":""GBP""}","{""details"":""Have the opportunity to participate in competitions and other professional opportunities, including the Carleton Hobbs Bursary Award (radio), the Sam Wanamaker Festival (The Globe) and The Spotlight Prize (Industry)."",""funding_type"":""financial_aid_policy""}","{""amount"":15000,""currency"":""GBP""}","If you're eligible for a scholarship, you'll generally receive it automatically – there's no need to apply.",See funding provider deadlines,6,"{""minimum_each"": 6.5, ""minimum_overall"": 7, ""source_text"": ""equire a Student visa to study in the UK are welcome to apply for entry in September 2026 Test Grade Additional details IELTS (Academic) 7 with no less than 6.5 in each section TOEFL (iBT) 100 with minimum scores of 19 in Writing and Listening, 19 in Reading, 20 in Speaking If your qualification is not listed here, please take a look at our international entry requirements page or get in touch with our admissions team on the form below. Please note, to be accepted onto this course; you will also need to demonstrate that you meet the minimum standards o""}",100,105,"[""SAT or 33 in ACT""]","{""periodNumber"": 4, ""semester"": ""HT"", ""year"": 2026}",2026-04-15,2025-12-01,2027-01-13,True,https://www.artez.nl/opleidingen/bachelor/docent-beeldende-kunst-en-vormgeving-deeltijd-arnhem,Secondary school diploma,2.5,4.0,"Kurs motsvarande ABMM32 Arkivvetenskap: Förmedling och tillhandahållande, 7,5 hp, ABMM52 Biblioteks- och informationsvetenskap: Informationssökning och förmedling, 7,5 hp, eller ABMM72 Museologi: Materiell, immateriell och visuell kultur, 7,5 hp",academic qualifications; a personal statement; evidence of your English language skills (with relevant qualifications); a reference,Reference,Personal statement,plus a portfolio demonstrating artistic ability,"{""details"": ""DUO RIO reports GEEN_EISEN for EISEN_WERKZAAMHEDEN."", ""requirement_status"": ""not_required""}","{""data_period"": ""students graduating 2021-23"", ""measure"": ""graduates find their current work meaningful"", ""note"": ""data displayed is from students on this and other courses in Finance"", ""outcome_period"": ""15 months after graduation"", ""percentage"": 80}","{""audience"": null, ""description"": ""go on to work and/or study 15 months after the course"", ""outcome_type"": ""employment_rate"", ""percentage"": 85, ""population"": ""Creative arts and design graduates at Anglia Ruskin University""}",0,0,2,36,5.26,1,0,40,0,100.00
Rijksuniversiteit Groningen,Philosophy of a Specific Discipline,NL,bachelor,other,duo-nl-stage1-005,030cb98c-43d9-5905-bb2e-cbfd4a298e66,Philosophy of a Specific Discipline,Bachelor's degree,"180 EC, 36 maanden",Arnhem,part-time,Dutch,Active,2026 HT,GBP 9790 / annual (domestic),programme,Additional fees may apply; see the institution fee schedule,institution,Mandatory fees vary by institution and enrolment,Application fee not specified in local artifacts,"{""details"": ""Bursaries, scholarships and part-time work We offer a range of scholarships and bursaries for UK and international students , which provide extra financial support while you’re at university."", ""funding_type"": ""financial_aid_policy""}","{""amount"":15000,""currency"":""GBP""}","{""details"":""Have the opportunity to participate in competitions and other professional opportunities, including the Carleton Hobbs Bursary Award (radio), the Sam Wanamaker Festival (The Globe) and The Spotlight Prize (Industry)."",""funding_type"":""financial_aid_policy""}","{""amount"":15000,""currency"":""GBP""}","If you're eligible for a scholarship, you'll generally receive it automatically – there's no need to apply.",See funding provider deadlines,6,"{""minimum_each"": 6.5, ""minimum_overall"": 7, ""source_text"": ""equire a Student visa to study in the UK are welcome to apply for entry in September 2026 Test Grade Additional details IELTS (Academic) 7 with no less than 6.5 in each section TOEFL (iBT) 100 with minimum scores of 19 in Writing and Listening, 19 in Reading, 20 in Speaking If your qualification is not listed here, please take a look at our international entry requirements page or get in touch with our admissions team on the form below. Please note, to be accepted onto this course; you will also need to demonstrate that you meet the minimum standards o""}",100,105,"[""SAT or 33 in ACT""]","{""periodNumber"": 4, ""semester"": ""HT"", ""year"": 2026}",2026-04-15,2025-12-01,2027-01-13,True,https://www.artez.nl/opleidingen/bachelor/docent-beeldende-kunst-en-vormgeving-deeltijd-arnhem,Secondary school diploma,2.5,4.0,"Kurs motsvarande ABMM32 Arkivvetenskap: Förmedling och tillhandahållande, 7,5 hp, ABMM52 Biblioteks- och informationsvetenskap: Informationssökning och förmedling, 7,5 hp, eller ABMM72 Museologi: Materiell, immateriell och visuell kultur, 7,5 hp",academic qualifications; a personal statement; evidence of your English language skills (with relevant qualifications); a reference,Reference,Personal statement,plus a portfolio demonstrating artistic ability,"{""details"": ""DUO RIO reports GEEN_EISEN for EISEN_WERKZAAMHEDEN."", ""requirement_status"": ""not_required""}","{""data_period"": ""students graduating 2021-23"", ""measure"": ""graduates find their current work meaningful"", ""note"": ""data displayed is from students on this and other courses in Finance"", ""outcome_period"": ""15 months after graduation"", ""percentage"": 80}","{""audience"": null, ""description"": ""go on to work and/or study 15 months after the course"", ""outcome_type"": ""employment_rate"", ""percentage"": 85, ""population"": ""Creative arts and design graduates at Anglia Ruskin University""}",0,0,2,36,5.26,1,0,40,0,100.00
Stg. Chr. Hoger Ber.ond. op Gereformeerde Grondslag,Business Administration,NL,bachelor,business,duo-nl-stage1-006,fb370800-2b1e-5844-aaf9-780e2ef70779,Business Administration,Bachelor's degree,"180 EC, 36 maanden",Arnhem,part-time,Dutch,Active,2026 HT,GBP 9900 / annual (international),programme,Additional fees may apply; see the institution fee schedule,institution,Mandatory fees vary by institution and enrolment,Application fee not specified in local artifacts,"{""details"": ""Financial support and scholarships For general sources of financial support, see our Fees and funding pages."", ""funding_type"": ""financial_aid_policy""}","{""amount"":15000,""currency"":""GBP""}","{""details"":""Financial support and scholarships For general sources of financial support, see our Fees and funding pages."",""funding_type"":""financial_aid_policy""}","{""amount"":15000,""currency"":""GBP""}",Students with children or dependant adults may qualify for a Childcare Grant or Adult Dependants' Grant.,See funding provider deadlines,6,"{""minimum_each"": 5.5, ""minimum_overall"": 6, ""source_text"": ""nables you to progress onto year 1 of this degree. English language requirements If English is not your first language, IELTS 6.0 overall with a minimum of 5.5 in each element. Find out about the other English qualifications that we accept . Studied before or got relevant experience? If you have suitable qualifications, credits from a previous university course or relevant professional experience, these could count towards your course at Brighton and you could start the course in year 2 or 3. Transferring from another university Thinking about""}",100,105,"{""requirement_status"": ""required"", ""test"": ""GMAT/GRE""}","{""source_label"": ""Start date"", ""start_dates"": [""2026-09-01""]}",2026-04-08,2025-12-01,2027-01-13,True,https://www.artez.nl/opleidingen/bachelor/docent-beeldende-kunst-en-vormgeving-deeltijd-arnhem,Secondary school diploma,2.5,4.0,including Mathematics and English Language or equivalents,Completing your qualification in autumn 2026; Work certificates; Bachelor´s degree (or higher) completed in Finland before 1995; Passport or residence permit to Finland; Special arrangements in the entrance examinations; Work Experience Template (CV); Bachelor´s degree (or higher) completed outside Finland; GMAT Exam or GRE test results,Reference,Personal statement,plus a portfolio demonstrating artistic ability,"{""details"": ""DUO RIO reports GEEN_EISEN for EISEN_WERKZAAMHEDEN."", ""requirement_status"": ""not_required""}","[{""outcome_type"":""graduate_perception"",""period"":""15 months after graduation"",""population"":""Agriculture, food and related studies graduates at Askham Bryan College"",""statement"":""100% of graduates find their current work meaningful""},{""outcome_type"":""graduate_perception"",""period"":""15 months after graduation"",""population"":""Agriculture, food and related studies graduates at Askham Bryan College"",""statement"":""80% Usefulness I am utilising what I learnt during my studies in my current work.""},{""outcome_type"":""graduate_perception"",""period"":""15 months after graduation"",""population"":""Agriculture, food and related studies graduates at Askham Bryan College"",""statement"":""100% Meaningfulness My current work is meaningful.""},{""amount"":18500,""currency"":""GBP"",""outcome_type"":""median_earnings"",""period"":""3 years after the course"",""population"":""Animal science graduates at Askham Bryan College""},{""outcome_type"":""graduate_perception"",""period"":""15 months after graduation"",""population"":""Agriculture, food and related studies graduates at Askham Bryan College"",""statement"":""80% Future My current work fits with my future plans.""}]","{""audience"": null, ""outcome_type"": ""employment_or_study_rate"", ""percentage"": 80, ""period"": ""15 months after the course"", ""population"": ""Agriculture, food and related studies graduates at Askham Bryan College""}",0,0,2,36,5.26,1,0,40,0,100.00
Stg. Chr. Hoger Ber.ond. op Gereformeerde Grondslag,Information & Communication Technology,NL,bachelor,computer science,duo-nl-stage1-006,847d059a-5d7f-567f-adb8-8980d7e567c6,Information & Communication Technology,Bachelor's degree,"180 EC, 36 maanden",Science Park,VOLTIJD,NLD,Active,2026,GBP 45500 / annual (international),programme,Additional fees may apply; see the institution fee schedule,institution,Mandatory fees vary by institution and enrolment,Application fee not specified in local artifacts,"{""details"": ""More information Find out more about the TMUA , including information on how to book, test fees, bursaries for UK candidates in financial need, access arrangements and how to prepare."", ""funding_type"": ""financial_aid_policy""}","{""amount"":15000,""currency"":""GBP""}","{""details"":""Scholarships View all scholarships Imperial Inspires Scholarships Value per award £15,000 per year for each year of the course."",""funding_type"":""financial_aid_policy""}","{""amount"":15000,""currency"":""GBP""}","Imperial Bursary The Imperial Bursary is available to all Home undergraduate students with a household income below £70,000 per year.",See funding provider deadlines,6.5,"{""minimum_each"": 6.5, ""minimum_overall"": 7, ""source_text"": ""English Language grade B/6. GCSE/IGCSE English Literature will not be accepted in lieu of GCSE/IGCSE English Language. IELTS 7.0 overall, with no subscore below 6.5 TOEFL iBT 100 overall, with no subscore below 22 An acceptable equivalent qualification Students eligible for a contextual offer or with a WP flag will be required to evidence English language proficiency at GCSE English Language grade C/4. This concession only applies to GCSE/IGCSE. See our contextual admissions page for full details and to check your eligibility. If you need to""}","{""audience"": null, ""minimum_overall_score"": 78, ""test"": ""TOEFL iBT""}",105,"[""SAT or 33 in ACT""]","{""source_label"": ""Start date"", ""start_dates"": [""2027-09-01""]}",2027-01-13,2025-12-01,2027-01-13,True,http://uva.nl/bsc-informatica,Secondary school diploma,2.5,4.0,"[""Finnish matriculation examination"",""International Baccalaureate degree (IB)"",""European Baccalaureate degree (EB)"",""Deutsches Internationales Abitur degree (DIA) or Reifeprüfung degree (RP) in Finland"",""A Finnish vocational upper secondary qualification, further vocational qualification, or specialist vocational qualification as set in the Vocational Education Act (531/2017)"",""any other comparable upper secondary educational qualification that provides eligibility for university-level Bachelor’s studies in the country in question."",""Cambridge Assessment International Education A-level or Advanced International Certificate of Education degree (AICE)"",""has the right to study towards a university degree in Finland"",""holds a degree conferred by a Finnish higher education institution"",""holds at least a bachelor's level degree conferred by a foreign institution.""]",academic qualifications; a personal statement; evidence of your English language skills (with relevant qualifications); a reference,Reference,Personal statement,plus a portfolio demonstrating artistic ability,"{""details"": ""DUO RIO reports GEEN_EISEN for EISEN_WERKZAAMHEDEN."", ""requirement_status"": ""not_required""}","{""occupation"": ""Information Technology Professionals"", ""percentage"": 85, ""period"": ""15 months after the course""}","{""cohort"":""BA (Hons) Computer Science graduates at University of Cambridge"",""employment_rate"":""90%"",""period"":""15 months after the course""}",0,0,2,36,5.26,1,0,40,0,100.00
Stg. Gerrit. Rietveld Academ. Hogesch. Kunst en Vormg.,Art & Design,NL,bachelor,other,duo-nl-stage1-007,a7aeb70e-3922-587d-ba67-1cd77b0ab33f,Art & Design,Bachelor's degree,"180 EC, 36 maanden",Arnhem,part-time,English,Active,2026 HT,GBP 9790 / annual (domestic),programme,Additional fees may apply; see the institution fee schedule,institution,Mandatory fees vary by institution and enrolment,Application fee not specified in local artifacts,"{""details"": ""Bursaries, scholarships and part-time work We offer a range of scholarships and bursaries for UK and international students , which provide extra financial support while you’re at university."", ""funding_type"": ""financial_aid_policy""}","{""amount"":15000,""currency"":""GBP""}","{""details"":""Have the opportunity to participate in competitions and other professional opportunities, including the Carleton Hobbs Bursary Award (radio), the Sam Wanamaker Festival (The Globe) and The Spotlight Prize (Industry)."",""funding_type"":""financial_aid_policy""}","{""amount"":15000,""currency"":""GBP""}","If you're eligible for a scholarship, you'll generally receive it automatically – there's no need to apply.",See funding provider deadlines,6,"{""minimum_each"": 6.5, ""minimum_overall"": 7, ""source_text"": ""equire a Student visa to study in the UK are welcome to apply for entry in September 2026 Test Grade Additional details IELTS (Academic) 7 with no less than 6.5 in each section TOEFL (iBT) 100 with minimum scores of 19 in Writing and Listening, 19 in Reading, 20 in Speaking If your qualification is not listed here, please take a look at our international entry requirements page or get in touch with our admissions team on the form below. Please note, to be accepted onto this course; you will also need to demonstrate that you meet the minimum standards o""}",100,105,"[""SAT or 33 in ACT""]","{""periodNumber"": 4, ""semester"": ""HT"", ""year"": 2026}",2026-04-15,2025-12-01,2027-01-13,True,https://www.artez.nl/opleidingen/bachelor/docent-beeldende-kunst-en-vormgeving-deeltijd-arnhem,Secondary school diploma,2.5,4.0,"Kurs motsvarande ABMM32 Arkivvetenskap: Förmedling och tillhandahållande, 7,5 hp, ABMM52 Biblioteks- och informationsvetenskap: Informationssökning och förmedling, 7,5 hp, eller ABMM72 Museologi: Materiell, immateriell och visuell kultur, 7,5 hp",academic qualifications; a personal statement; evidence of your English language skills (with relevant qualifications); a reference,Reference,Personal statement,plus a portfolio demonstrating artistic ability,"{""details"": ""DUO RIO reports GEEN_EISEN for EISEN_WERKZAAMHEDEN."", ""requirement_status"": ""not_required""}","{""data_period"": ""students graduating 2021-23"", ""measure"": ""graduates find their current work meaningful"", ""note"": ""data displayed is from students on this and other courses in Finance"", ""outcome_period"": ""15 months after graduation"", ""percentage"": 80}","{""audience"": null, ""description"": ""go on to work and/or study 15 months after the course"", ""outcome_type"": ""employment_rate"", ""percentage"": 85, ""population"": ""Creative arts and design graduates at Anglia Ruskin University""}",2,0,4,34,10.53,2,0,40,0,100.00
Stg. Gerrit. Rietveld Academ. Hogesch. Kunst en Vormg.,Master of Arts in Fine Art and Design,NL,master,other,duo-nl-stage1-007,1b39fb3f-57bd-530e-b3a8-e5eb492dffd9,Master of Arts in Fine Art and Design,Master,2 ans,Nice,full-time,English,Active,2026,"{""academic_cycle"":""2026"",""amount"":18000,""audience"":""international"",""credential"":""master"",""currency"":""EUR"",""fee_period"":""year""}",programme,Additional fees may apply; see the institution fee schedule,institution,Mandatory fees vary by institution and enrolment,Application fee not specified in local artifacts,"{""academic_cycle"":null,""amount"":null,""automatic_consideration"":null,""award_name"":null,""currency"":null,""details"":""gratuit en apprentissage"",""eligibility"":null,""funding_type"":""financial_aid_policy"",""repayable"":null,""separate_application_required"":null}",Varies,Funding options may be available,Varies,"Eligibility varies by citizenship, merit, and financial need",See funding provider deadlines,5,6.0 each,80,120,English proficiency test requirement varies,"{""periodNumber"": 1, ""semester"": ""VT"", ""year"": 2027}",2026-10-15,2025-12-01,2026-01-15,Not specified,https://businessdatascience.nl,University Bachelor's degree,3.0,4.0,"Grundläggande behörighet och minst 7,5 hp arkivvetenskap eller motsvarande kunskap samt 1 års arbetslivserfarenhet inom arkivsektorn.",Application form; CV or resume; transcripts; degree certificate; language proof; passport,2 recommendation letters,Statement of purpose or motivation letter,Portfolio requirement depends on the programme,"{""details"": ""DUO RIO reports GEEN_EISEN for EISEN_WERKZAAMHEDEN."", ""requirement_status"": ""not_required""}",Career opportunities related to other,Career opportunities related to other,2,0,4,34,10.53,2,0,40,0,100.00
Stg. Kaht. Opleiding Leraren in het Basisonderwijs,Education in Primary Schools (age 4 - 12),NL,bachelor,other,duo-nl-stage1-008,8e50c3cc-f732-5c1a-a6d9-5a011949e138,Education in Primary Schools (age 4 - 12),Bachelor's degree,"180 EC, 36 maanden",Arnhem,part-time,Dutch,Active,2026 HT,GBP 9790 / annual (domestic),programme,Additional fees may apply; see the institution fee schedule,institution,Mandatory fees vary by institution and enrolment,Application fee not specified in local artifacts,"{""details"": ""Bursaries, scholarships and part-time work We offer a range of scholarships and bursaries for UK and international students , which provide extra financial support while you’re at university."", ""funding_type"": ""financial_aid_policy""}","{""amount"":15000,""currency"":""GBP""}","{""details"":""Have the opportunity to participate in competitions and other professional opportunities, including the Carleton Hobbs Bursary Award (radio), the Sam Wanamaker Festival (The Globe) and The Spotlight Prize (Industry)."",""funding_type"":""financial_aid_policy""}","{""amount"":15000,""currency"":""GBP""}","If you're eligible for a scholarship, you'll generally receive it automatically – there's no need to apply.",See funding provider deadlines,6,"{""minimum_each"": 6.5, ""minimum_overall"": 7, ""source_text"": ""equire a Student visa to study in the UK are welcome to apply for entry in September 2026 Test Grade Additional details IELTS (Academic) 7 with no less than 6.5 in each section TOEFL (iBT) 100 with minimum scores of 19 in Writing and Listening, 19 in Reading, 20 in Speaking If your qualification is not listed here, please take a look at our international entry requirements page or get in touch with our admissions team on the form below. Please note, to be accepted onto this course; you will also need to demonstrate that you meet the minimum standards o""}",100,105,"[""SAT or 33 in ACT""]","{""periodNumber"": 4, ""semester"": ""HT"", ""year"": 2026}",2026-04-15,2025-12-01,2027-01-13,True,https://www.artez.nl/opleidingen/bachelor/docent-beeldende-kunst-en-vormgeving-deeltijd-arnhem,Secondary school diploma,2.5,4.0,"Kurs motsvarande ABMM32 Arkivvetenskap: Förmedling och tillhandahållande, 7,5 hp, ABMM52 Biblioteks- och informationsvetenskap: Informationssökning och förmedling, 7,5 hp, eller ABMM72 Museologi: Materiell, immateriell och visuell kultur, 7,5 hp",academic qualifications; a personal statement; evidence of your English language skills (with relevant qualifications); a reference,Reference,Personal statement,plus a portfolio demonstrating artistic ability,"{""details"": ""DUO RIO reports GEEN_EISEN for EISEN_WERKZAAMHEDEN."", ""requirement_status"": ""not_required""}","{""data_period"": ""students graduating 2021-23"", ""measure"": ""graduates find their current work meaningful"", ""note"": ""data displayed is from students on this and other courses in Finance"", ""outcome_period"": ""15 months after graduation"", ""percentage"": 80}","{""audience"": null, ""description"": ""go on to work and/or study 15 months after the course"", ""outcome_type"": ""employment_rate"", ""percentage"": 85, ""population"": ""Creative arts and design graduates at Anglia Ruskin University""}",2,0,4,34,10.53,2,0,40,0,100.00
Stg. Kaht. Opleiding Leraren in het Basisonderwijs,Master Leiderschap en Innovatie Kind en Educatie,NL,master,other,duo-nl-stage1-008,462f1e03-d780-59e6-beb8-c14fa8fe5279,Master Leiderschap en Innovatie Kind en Educatie,Master,2 ans,Nice,part-time,Dutch,Active,2026,"{""academic_cycle"":""2026"",""amount"":18000,""audience"":""international"",""credential"":""master"",""currency"":""EUR"",""fee_period"":""year""}",programme,Additional fees may apply; see the institution fee schedule,institution,Mandatory fees vary by institution and enrolment,Application fee not specified in local artifacts,"{""academic_cycle"":null,""amount"":null,""automatic_consideration"":null,""award_name"":null,""currency"":null,""details"":""gratuit en apprentissage"",""eligibility"":null,""funding_type"":""financial_aid_policy"",""repayable"":null,""separate_application_required"":null}",Varies,Funding options may be available,Varies,"Eligibility varies by citizenship, merit, and financial need",See funding provider deadlines,5,6.0 each,80,120,English proficiency test requirement varies,"{""periodNumber"": 1, ""semester"": ""VT"", ""year"": 2027}",2026-10-15,2025-12-01,2026-01-15,Not specified,https://businessdatascience.nl,University Bachelor's degree,3.0,4.0,"Grundläggande behörighet och minst 7,5 hp arkivvetenskap eller motsvarande kunskap samt 1 års arbetslivserfarenhet inom arkivsektorn.",Application form; CV or resume; transcripts; degree certificate; language proof; passport,2 recommendation letters,Statement of purpose or motivation letter,Portfolio requirement depends on the programme,"{""details"": ""DUO RIO reports GEEN_EISEN for EISEN_WERKZAAMHEDEN."", ""requirement_status"": ""not_required""}",Career opportunities related to other,Career opportunities related to other,0,0,2,36,5.26,1,0,40,0,100.00
Stiching Breda University of Applied Sciences,Creative Media and Game Technologies,NL,bachelor,engineering,duo-nl-stage1-009,cde07505-e47d-5d92-b7f6-d47a954a32f4,Creative Media and Game Technologies,Bachelor's degree,"180 EC, 36 maanden",Arnhem,part-time,Dutch,Active,2026 HT,EUR 12000 / annual (international),programme,Additional fees may apply; see the institution fee schedule,institution,Mandatory fees vary by institution and enrolment,Application fee not specified in local artifacts,"{""details"": ""Financial support and scholarships For general sources of financial support, see our Fees and funding pages."", ""funding_type"": ""financial_aid_policy""}","{""amount"":15000,""currency"":""GBP""}","{""details"":""Fees and funding Visit our Tuition Fees page and Financial Support for Degrees page for more information about fees and funding, including additional financial support for those on low incomes, with dependent children or adults, or with disabilities."",""funding_type"":""financial_aid_policy""}","{""amount"":15000,""currency"":""GBP""}","Fees and funding Visit our Tuition Fees page and Financial Support for Degrees page for more information about fees and funding, including additional financial support for those on low incomes, with dependent children or adults, or with disabilities.",See funding provider deadlines,6,"{""minimum_each"": 6.5, ""minimum_overall"": 7, ""source_text"": ""English Language grade B/6. GCSE/IGCSE English Literature will not be accepted in lieu of GCSE/IGCSE English Language. IELTS 7.0 overall, with no subscore below 6.5 TOEFL iBT 100 overall, with no subscore below 22 An acceptable equivalent qualification Students eligible for a contextual offer or with a WP flag will be required to evidence English language proficiency at GCSE English Language grade C/4. This concession only applies to GCSE/IGCSE. See our contextual admissions page for full details and to check your eligibility. If you need to""}",100,105,"[""SAT or 33 in ACT""]","{""source_label"": ""Start date"", ""start_dates"": [""2026-09-01"", ""2027-09-01""]}",2027-01-13,2025-12-01,2027-01-13,True,https://www.artez.nl/opleidingen/bachelor/docent-beeldende-kunst-en-vormgeving-deeltijd-arnhem,Secondary school diploma,2.5,4.0,"including passes in mathematics GCSE Requirements - English Language and Mathematics GCSEs at grade C/4 or above (or equivalent qualifications, such as Functional Skills at Level 2)",academic qualifications; a personal statement; evidence of your English language skills (with relevant qualifications); a reference,Reference,Personal statement,plus a portfolio demonstrating artistic ability,"{""details"": ""DUO RIO reports GEEN_EISEN for EISEN_WERKZAAMHEDEN."", ""requirement_status"": ""not_required""}","[{""amount"":36000,""currency"":""GBP"",""data_source"":""Longitudinal Education Outcomes (LEO) dataset"",""graduating_years"":""2015-17"",""metric"":""median_earnings"",""period"":""5 years after the course"",""population"":""Engineering graduates at BLACKPOOL AND THE FYLDE COLLEGE"",""typical_range"":{""high"":42500,""low"":24500}},{""amount"":23500,""currency"":""GBP"",""data_source"":""Longitudinal Education Outcomes (LEO) dataset"",""graduating_years"":""2015-17"",""metric"":""median_earnings"",""period"":""3 years after the course"",""population"":""Engineering graduates at BLACKPOOL AND THE FYLDE COLLEGE"",""typical_range"":{""high"":34500,""low"":19500}}]","{""reason"":""course is new or has not been running long enough"",""status"":""no_data_available""}",0,0,2,36,5.26,1,0,40,0,100.00
Stiching Breda University of Applied Sciences,Logistics Engineering,NL,bachelor,engineering,duo-nl-stage1-009,0519d8a7-2197-557d-a0b0-44f3a4fbab06,Logistics Engineering,Bachelor's degree,"180 EC, 36 maanden",Arnhem,part-time,Dutch,Active,2026 HT,EUR 12000 / annual (international),programme,Additional fees may apply; see the institution fee schedule,institution,Mandatory fees vary by institution and enrolment,Application fee not specified in local artifacts,"{""details"": ""Financial support and scholarships For general sources of financial support, see our Fees and funding pages."", ""funding_type"": ""financial_aid_policy""}","{""amount"":15000,""currency"":""GBP""}","{""details"":""Fees and funding Visit our Tuition Fees page and Financial Support for Degrees page for more information about fees and funding, including additional financial support for those on low incomes, with dependent children or adults, or with disabilities."",""funding_type"":""financial_aid_policy""}","{""amount"":15000,""currency"":""GBP""}","Fees and funding Visit our Tuition Fees page and Financial Support for Degrees page for more information about fees and funding, including additional financial support for those on low incomes, with dependent children or adults, or with disabilities.",See funding provider deadlines,6,"{""minimum_each"": 6.5, ""minimum_overall"": 7, ""source_text"": ""English Language grade B/6. GCSE/IGCSE English Literature will not be accepted in lieu of GCSE/IGCSE English Language. IELTS 7.0 overall, with no subscore below 6.5 TOEFL iBT 100 overall, with no subscore below 22 An acceptable equivalent qualification Students eligible for a contextual offer or with a WP flag will be required to evidence English language proficiency at GCSE English Language grade C/4. This concession only applies to GCSE/IGCSE. See our contextual admissions page for full details and to check your eligibility. If you need to""}",100,105,"[""SAT or 33 in ACT""]","{""source_label"": ""Start date"", ""start_dates"": [""2026-09-01"", ""2027-09-01""]}",2027-01-13,2025-12-01,2027-01-13,True,https://www.artez.nl/opleidingen/bachelor/docent-beeldende-kunst-en-vormgeving-deeltijd-arnhem,Secondary school diploma,2.5,4.0,"including passes in mathematics GCSE Requirements - English Language and Mathematics GCSEs at grade C/4 or above (or equivalent qualifications, such as Functional Skills at Level 2)",academic qualifications; a personal statement; evidence of your English language skills (with relevant qualifications); a reference,Reference,Personal statement,plus a portfolio demonstrating artistic ability,"{""details"": ""DUO RIO reports GEEN_EISEN for EISEN_WERKZAAMHEDEN."", ""requirement_status"": ""not_required""}","[{""amount"":36000,""currency"":""GBP"",""data_source"":""Longitudinal Education Outcomes (LEO) dataset"",""graduating_years"":""2015-17"",""metric"":""median_earnings"",""period"":""5 years after the course"",""population"":""Engineering graduates at BLACKPOOL AND THE FYLDE COLLEGE"",""typical_range"":{""high"":42500,""low"":24500}},{""amount"":23500,""currency"":""GBP"",""data_source"":""Longitudinal Education Outcomes (LEO) dataset"",""graduating_years"":""2015-17"",""metric"":""median_earnings"",""period"":""3 years after the course"",""population"":""Engineering graduates at BLACKPOOL AND THE FYLDE COLLEGE"",""typical_range"":{""high"":34500,""low"":19500}}]","{""reason"":""course is new or has not been running long enough"",""status"":""no_data_available""}",0,0,2,36,5.26,1,0,40,0,100.00
Sticht. A'damse Hogeschool voor de Kunsten,Film and Television,NL,bachelor,other,duo-nl-stage1-010,5ea7c52c-13d6-5946-aee3-0eeaa2cc3104,Film and Television,Bachelor's degree,"180 EC, 36 maanden",Arnhem,part-time,Dutch,Active,2026 HT,GBP 9790 / annual (domestic),programme,Additional fees may apply; see the institution fee schedule,institution,Mandatory fees vary by institution and enrolment,Application fee not specified in local artifacts,"{""details"": ""Bursaries, scholarships and part-time work We offer a range of scholarships and bursaries for UK and international students , which provide extra financial support while you’re at university."", ""funding_type"": ""financial_aid_policy""}","{""amount"":15000,""currency"":""GBP""}","{""details"":""Have the opportunity to participate in competitions and other professional opportunities, including the Carleton Hobbs Bursary Award (radio), the Sam Wanamaker Festival (The Globe) and The Spotlight Prize (Industry)."",""funding_type"":""financial_aid_policy""}","{""amount"":15000,""currency"":""GBP""}","If you're eligible for a scholarship, you'll generally receive it automatically – there's no need to apply.",See funding provider deadlines,6,"{""minimum_each"": 6.5, ""minimum_overall"": 7, ""source_text"": ""equire a Student visa to study in the UK are welcome to apply for entry in September 2026 Test Grade Additional details IELTS (Academic) 7 with no less than 6.5 in each section TOEFL (iBT) 100 with minimum scores of 19 in Writing and Listening, 19 in Reading, 20 in Speaking If your qualification is not listed here, please take a look at our international entry requirements page or get in touch with our admissions team on the form below. Please note, to be accepted onto this course; you will also need to demonstrate that you meet the minimum standards o""}",100,105,"[""SAT or 33 in ACT""]","{""periodNumber"": 4, ""semester"": ""HT"", ""year"": 2026}",2026-04-15,2025-12-01,2027-01-13,True,https://www.artez.nl/opleidingen/bachelor/docent-beeldende-kunst-en-vormgeving-deeltijd-arnhem,Secondary school diploma,2.5,4.0,"Kurs motsvarande ABMM32 Arkivvetenskap: Förmedling och tillhandahållande, 7,5 hp, ABMM52 Biblioteks- och informationsvetenskap: Informationssökning och förmedling, 7,5 hp, eller ABMM72 Museologi: Materiell, immateriell och visuell kultur, 7,5 hp",academic qualifications; a personal statement; evidence of your English language skills (with relevant qualifications); a reference,Reference,Personal statement,plus a portfolio demonstrating artistic ability,"{""details"": ""DUO RIO reports GEEN_EISEN for EISEN_WERKZAAMHEDEN."", ""requirement_status"": ""not_required""}","{""data_period"": ""students graduating 2021-23"", ""measure"": ""graduates find their current work meaningful"", ""note"": ""data displayed is from students on this and other courses in Finance"", ""outcome_period"": ""15 months after graduation"", ""percentage"": 80}","{""audience"": null, ""description"": ""go on to work and/or study 15 months after the course"", ""outcome_type"": ""employment_rate"", ""percentage"": 85, ""population"": ""Creative arts and design graduates at Anglia Ruskin University""}",0,0,2,36,5.26,1,0,40,0,100.00
Sticht. A'damse Hogeschool voor de Kunsten,Music,NL,bachelor,other,duo-nl-stage1-010,9ef869f3-5229-5b4e-af66-466d31855d30,Music,Bachelor's degree,"180 EC, 36 maanden",Arnhem,part-time,Dutch,Active,2026 HT,GBP 9790 / annual (domestic),programme,Additional fees may apply; see the institution fee schedule,institution,Mandatory fees vary by institution and enrolment,Application fee not specified in local artifacts,"{""details"": ""Bursaries, scholarships and part-time work We offer a range of scholarships and bursaries for UK and international students , which provide extra financial support while you’re at university."", ""funding_type"": ""financial_aid_policy""}","{""amount"":15000,""currency"":""GBP""}","{""details"":""Have the opportunity to participate in competitions and other professional opportunities, including the Carleton Hobbs Bursary Award (radio), the Sam Wanamaker Festival (The Globe) and The Spotlight Prize (Industry)."",""funding_type"":""financial_aid_policy""}","{""amount"":15000,""currency"":""GBP""}","If you're eligible for a scholarship, you'll generally receive it automatically – there's no need to apply.",See funding provider deadlines,6,"{""minimum_each"": 6.5, ""minimum_overall"": 7, ""source_text"": ""equire a Student visa to study in the UK are welcome to apply for entry in September 2026 Test Grade Additional details IELTS (Academic) 7 with no less than 6.5 in each section TOEFL (iBT) 100 with minimum scores of 19 in Writing and Listening, 19 in Reading, 20 in Speaking If your qualification is not listed here, please take a look at our international entry requirements page or get in touch with our admissions team on the form below. Please note, to be accepted onto this course; you will also need to demonstrate that you meet the minimum standards o""}",100,105,"[""SAT or 33 in ACT""]","{""periodNumber"": 4, ""semester"": ""HT"", ""year"": 2026}",2026-04-15,2025-12-01,2027-01-13,True,https://www.artez.nl/opleidingen/bachelor/docent-beeldende-kunst-en-vormgeving-deeltijd-arnhem,Secondary school diploma,2.5,4.0,"Kurs motsvarande ABMM32 Arkivvetenskap: Förmedling och tillhandahållande, 7,5 hp, ABMM52 Biblioteks- och informationsvetenskap: Informationssökning och förmedling, 7,5 hp, eller ABMM72 Museologi: Materiell, immateriell och visuell kultur, 7,5 hp",academic qualifications; a personal statement; evidence of your English language skills (with relevant qualifications); a reference,Reference,Personal statement,plus a portfolio demonstrating artistic ability,"{""details"": ""DUO RIO reports GEEN_EISEN for EISEN_WERKZAAMHEDEN."", ""requirement_status"": ""not_required""}","{""data_period"": ""students graduating 2021-23"", ""measure"": ""graduates find their current work meaningful"", ""note"": ""data displayed is from students on this and other courses in Finance"", ""outcome_period"": ""15 months after graduation"", ""percentage"": 80}","{""audience"": null, ""description"": ""go on to work and/or study 15 months after the course"", ""outcome_type"": ""employment_rate"", ""percentage"": 85, ""population"": ""Creative arts and design graduates at Anglia Ruskin University""}",0,0,2,36,5.26,1,0,40,0,100.00
Stichting 'De Kempel',"B Education in Primary Schools (age 4-12), full-time",NL,bachelor,other,duo-nl-stage1-016,f0aaed85-63dd-5540-9212-228b3b131e10,"B Education in Primary Schools (age 4-12), full-time",Bachelor's degree,"180 EC, 36 maanden",Arnhem,full-time,Dutch,Active,2026 HT,GBP 9790 / annual (domestic),programme,Additional fees may apply; see the institution fee schedule,institution,Mandatory fees vary by institution and enrolment,Application fee not specified in local artifacts,"{""details"": ""Bursaries, scholarships and part-time work We offer a range of scholarships and bursaries for UK and international students , which provide extra financial support while you’re at university."", ""funding_type"": ""financial_aid_policy""}","{""amount"":15000,""currency"":""GBP""}","{""details"":""Have the opportunity to participate in competitions and other professional opportunities, including the Carleton Hobbs Bursary Award (radio), the Sam Wanamaker Festival (The Globe) and The Spotlight Prize (Industry)."",""funding_type"":""financial_aid_policy""}","{""amount"":15000,""currency"":""GBP""}","If you're eligible for a scholarship, you'll generally receive it automatically – there's no need to apply.",See funding provider deadlines,6,"{""minimum_each"": 6.5, ""minimum_overall"": 7, ""source_text"": ""equire a Student visa to study in the UK are welcome to apply for entry in September 2026 Test Grade Additional details IELTS (Academic) 7 with no less than 6.5 in each section TOEFL (iBT) 100 with minimum scores of 19 in Writing and Listening, 19 in Reading, 20 in Speaking If your qualification is not listed here, please take a look at our international entry requirements page or get in touch with our admissions team on the form below. Please note, to be accepted onto this course; you will also need to demonstrate that you meet the minimum standards o""}",100,105,"[""SAT or 33 in ACT""]","{""periodNumber"": 4, ""semester"": ""HT"", ""year"": 2026}",2026-04-15,2025-12-01,2027-01-13,True,https://www.artez.nl/opleidingen/bachelor/docent-beeldende-kunst-en-vormgeving-deeltijd-arnhem,Secondary school diploma,2.5,4.0,"Kurs motsvarande ABMM32 Arkivvetenskap: Förmedling och tillhandahållande, 7,5 hp, ABMM52 Biblioteks- och informationsvetenskap: Informationssökning och förmedling, 7,5 hp, eller ABMM72 Museologi: Materiell, immateriell och visuell kultur, 7,5 hp",academic qualifications; a personal statement; evidence of your English language skills (with relevant qualifications); a reference,Reference,Personal statement,plus a portfolio demonstrating artistic ability,"{""details"": ""DUO RIO reports GEEN_EISEN for EISEN_WERKZAAMHEDEN."", ""requirement_status"": ""not_required""}","{""data_period"": ""students graduating 2021-23"", ""measure"": ""graduates find their current work meaningful"", ""note"": ""data displayed is from students on this and other courses in Finance"", ""outcome_period"": ""15 months after graduation"", ""percentage"": 80}","{""audience"": null, ""description"": ""go on to work and/or study 15 months after the course"", ""outcome_type"": ""employment_rate"", ""percentage"": 85, ""population"": ""Creative arts and design graduates at Anglia Ruskin University""}",3,0,5,33,13.16,2,0,40,0,100.00
Stichting 'De Kempel',Education in Primary Schools (age 4 - 12),NL,bachelor,other,duo-nl-stage1-016,3fc9f03e-164a-5b94-a37c-d9730e54d91d,Education in Primary Schools (age 4 - 12),Bachelor's degree,"180 EC, 36 maanden",Arnhem,full-time,Dutch,Active,2026 HT,GBP 9790 / annual (domestic),programme,Additional fees may apply; see the institution fee schedule,institution,Mandatory fees vary by institution and enrolment,Application fee not specified in local artifacts,"{""details"": ""Bursaries, scholarships and part-time work We offer a range of scholarships and bursaries for UK and international students , which provide extra financial support while you’re at university."", ""funding_type"": ""financial_aid_policy""}","{""amount"":15000,""currency"":""GBP""}","{""details"":""Have the opportunity to participate in competitions and other professional opportunities, including the Carleton Hobbs Bursary Award (radio), the Sam Wanamaker Festival (The Globe) and The Spotlight Prize (Industry)."",""funding_type"":""financial_aid_policy""}","{""amount"":15000,""currency"":""GBP""}","If you're eligible for a scholarship, you'll generally receive it automatically – there's no need to apply.",See funding provider deadlines,6,"{""minimum_each"": 6.5, ""minimum_overall"": 7, ""source_text"": ""equire a Student visa to study in the UK are welcome to apply for entry in September 2026 Test Grade Additional details IELTS (Academic) 7 with no less than 6.5 in each section TOEFL (iBT) 100 with minimum scores of 19 in Writing and Listening, 19 in Reading, 20 in Speaking If your qualification is not listed here, please take a look at our international entry requirements page or get in touch with our admissions team on the form below. Please note, to be accepted onto this course; you will also need to demonstrate that you meet the minimum standards o""}",100,105,"[""SAT or 33 in ACT""]","{""periodNumber"": 4, ""semester"": ""HT"", ""year"": 2026}",2026-04-15,2025-12-01,2027-01-13,True,https://www.artez.nl/opleidingen/bachelor/docent-beeldende-kunst-en-vormgeving-deeltijd-arnhem,Secondary school diploma,2.5,4.0,"Kurs motsvarande ABMM32 Arkivvetenskap: Förmedling och tillhandahållande, 7,5 hp, ABMM52 Biblioteks- och informationsvetenskap: Informationssökning och förmedling, 7,5 hp, eller ABMM72 Museologi: Materiell, immateriell och visuell kultur, 7,5 hp",academic qualifications; a personal statement; evidence of your English language skills (with relevant qualifications); a reference,Reference,Personal statement,plus a portfolio demonstrating artistic ability,"{""details"": ""DUO RIO reports GEEN_EISEN for EISEN_WERKZAAMHEDEN."", ""requirement_status"": ""not_required""}","{""data_period"": ""students graduating 2021-23"", ""measure"": ""graduates find their current work meaningful"", ""note"": ""data displayed is from students on this and other courses in Finance"", ""outcome_period"": ""15 months after graduation"", ""percentage"": 80}","{""audience"": null, ""description"": ""go on to work and/or study 15 months after the course"", ""outcome_type"": ""employment_rate"", ""percentage"": 85, ""population"": ""Creative arts and design graduates at Anglia Ruskin University""}",0,3,5,33,13.16,2,3,40,0,100.00
Stichting Aeres Groep,Applied Biology,NL,bachelor,other,duo-nl-stage1-011,d3500ac3-9288-5594-91cf-cc8f2dc1c9d3,Applied Biology,Bachelor's degree,"180 EC, 36 maanden",Arnhem,full-time,Dutch,Active,2026 HT,GBP 9790 / annual (domestic),programme,Additional fees may apply; see the institution fee schedule,institution,Mandatory fees vary by institution and enrolment,Application fee not specified in local artifacts,"{""details"": ""Bursaries, scholarships and part-time work We offer a range of scholarships and bursaries for UK and international students , which provide extra financial support while you’re at university."", ""funding_type"": ""financial_aid_policy""}","{""amount"":15000,""currency"":""GBP""}","{""details"":""Have the opportunity to participate in competitions and other professional opportunities, including the Carleton Hobbs Bursary Award (radio), the Sam Wanamaker Festival (The Globe) and The Spotlight Prize (Industry)."",""funding_type"":""financial_aid_policy""}","{""amount"":15000,""currency"":""GBP""}","If you're eligible for a scholarship, you'll generally receive it automatically – there's no need to apply.",See funding provider deadlines,6,"{""minimum_each"": 6.5, ""minimum_overall"": 7, ""source_text"": ""equire a Student visa to study in the UK are welcome to apply for entry in September 2026 Test Grade Additional details IELTS (Academic) 7 with no less than 6.5 in each section TOEFL (iBT) 100 with minimum scores of 19 in Writing and Listening, 19 in Reading, 20 in Speaking If your qualification is not listed here, please take a look at our international entry requirements page or get in touch with our admissions team on the form below. Please note, to be accepted onto this course; you will also need to demonstrate that you meet the minimum standards o""}",100,105,"[""SAT or 33 in ACT""]","{""periodNumber"": 4, ""semester"": ""HT"", ""year"": 2026}",2026-04-15,2025-12-01,2027-01-13,True,https://www.artez.nl/opleidingen/bachelor/docent-beeldende-kunst-en-vormgeving-deeltijd-arnhem,Secondary school diploma,2.5,4.0,"Kurs motsvarande ABMM32 Arkivvetenskap: Förmedling och tillhandahållande, 7,5 hp, ABMM52 Biblioteks- och informationsvetenskap: Informationssökning och förmedling, 7,5 hp, eller ABMM72 Museologi: Materiell, immateriell och visuell kultur, 7,5 hp",academic qualifications; a personal statement; evidence of your English language skills (with relevant qualifications); a reference,Reference,Personal statement,plus a portfolio demonstrating artistic ability,"{""details"": ""DUO RIO reports GEEN_EISEN for EISEN_WERKZAAMHEDEN."", ""requirement_status"": ""not_required""}","{""data_period"": ""students graduating 2021-23"", ""measure"": ""graduates find their current work meaningful"", ""note"": ""data displayed is from students on this and other courses in Finance"", ""outcome_period"": ""15 months after graduation"", ""percentage"": 80}","{""audience"": null, ""description"": ""go on to work and/or study 15 months after the course"", ""outcome_type"": ""employment_rate"", ""percentage"": 85, ""population"": ""Creative arts and design graduates at Anglia Ruskin University""}",3,0,5,33,13.16,2,0,40,0,100.00
Stichting Aeres Groep,Bachelor Agricultural Entrepreneurship Animal Husbandry,NL,bachelor,other,duo-nl-stage1-011,cf4a134b-b914-5181-aa12-a43cc0596f74,Bachelor Agricultural Entrepreneurship Animal Husbandry,Bachelor,"180 EC, 36 maanden",Arnhem,full-time,Dutch,Active,2026 HT,GBP 9790 / annual (domestic),programme,Additional fees may apply; see the institution fee schedule,institution,Mandatory fees vary by institution and enrolment,Application fee not specified in local artifacts,"{""details"": ""Bursaries, scholarships and part-time work We offer a range of scholarships and bursaries for UK and international students , which provide extra financial support while you’re at university."", ""funding_type"": ""financial_aid_policy""}","{""amount"":15000,""currency"":""GBP""}","{""details"":""Have the opportunity to participate in competitions and other professional opportunities, including the Carleton Hobbs Bursary Award (radio), the Sam Wanamaker Festival (The Globe) and The Spotlight Prize (Industry)."",""funding_type"":""financial_aid_policy""}","{""amount"":15000,""currency"":""GBP""}","If you're eligible for a scholarship, you'll generally receive it automatically – there's no need to apply.",See funding provider deadlines,6,"{""minimum_each"": 6.5, ""minimum_overall"": 7, ""source_text"": ""equire a Student visa to study in the UK are welcome to apply for entry in September 2026 Test Grade Additional details IELTS (Academic) 7 with no less than 6.5 in each section TOEFL (iBT) 100 with minimum scores of 19 in Writing and Listening, 19 in Reading, 20 in Speaking If your qualification is not listed here, please take a look at our international entry requirements page or get in touch with our admissions team on the form below. Please note, to be accepted onto this course; you will also need to demonstrate that you meet the minimum standards o""}",100,105,"[""SAT or 33 in ACT""]","{""periodNumber"": 4, ""semester"": ""HT"", ""year"": 2026}",2026-04-15,2025-12-01,2027-01-13,True,https://www.artez.nl/opleidingen/bachelor/docent-beeldende-kunst-en-vormgeving-deeltijd-arnhem,Secondary school diploma,2.5,4.0,"Kurs motsvarande ABMM32 Arkivvetenskap: Förmedling och tillhandahållande, 7,5 hp, ABMM52 Biblioteks- och informationsvetenskap: Informationssökning och förmedling, 7,5 hp, eller ABMM72 Museologi: Materiell, immateriell och visuell kultur, 7,5 hp",academic qualifications; a personal statement; evidence of your English language skills (with relevant qualifications); a reference,Reference,Personal statement,plus a portfolio demonstrating artistic ability,"{""details"": ""DUO RIO reports GEEN_EISEN for EISEN_WERKZAAMHEDEN."", ""requirement_status"": ""not_required""}","{""data_period"": ""students graduating 2021-23"", ""measure"": ""graduates find their current work meaningful"", ""note"": ""data displayed is from students on this and other courses in Finance"", ""outcome_period"": ""15 months after graduation"", ""percentage"": 80}","{""audience"": null, ""description"": ""go on to work and/or study 15 months after the course"", ""outcome_type"": ""employment_rate"", ""percentage"": 85, ""population"": ""Creative arts and design graduates at Anglia Ruskin University""}",0,3,5,33,13.16,2,3,40,0,100.00
Stichting ArtEZ,B Music Jazz & Pop,NL,bachelor,other,duo-nl-stage1-012,238d15b9-57e1-528e-be9e-cc49a0b2f186,B Music Jazz & Pop,Bachelor's degree,"180 EC, 36 maanden",Arnhem,part-time,Dutch,Active,2026 HT,GBP 9790 / annual (domestic),programme,Additional fees may apply; see the institution fee schedule,institution,Mandatory fees vary by institution and enrolment,Application fee not specified in local artifacts,"{""details"": ""Bursaries, scholarships and part-time work We offer a range of scholarships and bursaries for UK and international students , which provide extra financial support while you’re at university."", ""funding_type"": ""financial_aid_policy""}","{""amount"":15000,""currency"":""GBP""}","{""details"":""Have the opportunity to participate in competitions and other professional opportunities, including the Carleton Hobbs Bursary Award (radio), the Sam Wanamaker Festival (The Globe) and The Spotlight Prize (Industry)."",""funding_type"":""financial_aid_policy""}","{""amount"":15000,""currency"":""GBP""}","If you're eligible for a scholarship, you'll generally receive it automatically – there's no need to apply.",See funding provider deadlines,6,"{""minimum_each"": 6.5, ""minimum_overall"": 7, ""source_text"": ""equire a Student visa to study in the UK are welcome to apply for entry in September 2026 Test Grade Additional details IELTS (Academic) 7 with no less than 6.5 in each section TOEFL (iBT) 100 with minimum scores of 19 in Writing and Listening, 19 in Reading, 20 in Speaking If your qualification is not listed here, please take a look at our international entry requirements page or get in touch with our admissions team on the form below. Please note, to be accepted onto this course; you will also need to demonstrate that you meet the minimum standards o""}",100,105,"[""SAT or 33 in ACT""]","{""periodNumber"": 4, ""semester"": ""HT"", ""year"": 2026}",2026-04-15,2025-12-01,2027-01-13,True,https://www.artez.nl/opleidingen/bachelor/docent-beeldende-kunst-en-vormgeving-deeltijd-arnhem,Secondary school diploma,2.5,4.0,"Kurs motsvarande ABMM32 Arkivvetenskap: Förmedling och tillhandahållande, 7,5 hp, ABMM52 Biblioteks- och informationsvetenskap: Informationssökning och förmedling, 7,5 hp, eller ABMM72 Museologi: Materiell, immateriell och visuell kultur, 7,5 hp",academic qualifications; a personal statement; evidence of your English language skills (with relevant qualifications); a reference,Reference,Personal statement,plus a portfolio demonstrating artistic ability,"{""details"": ""DUO RIO reports GEEN_EISEN for EISEN_WERKZAAMHEDEN."", ""requirement_status"": ""not_required""}","{""data_period"": ""students graduating 2021-23"", ""measure"": ""graduates find their current work meaningful"", ""note"": ""data displayed is from students on this and other courses in Finance"", ""outcome_period"": ""15 months after graduation"", ""percentage"": 80}","{""audience"": null, ""description"": ""go on to work and/or study 15 months after the course"", ""outcome_type"": ""employment_rate"", ""percentage"": 85, ""population"": ""Creative arts and design graduates at Anglia Ruskin University""}",0,4,7,31,18.42,2,4,40,0,100.00
Stichting ArtEZ,Fine Art and Design in Education,NL,bachelor,other,duo-nl-stage1-012,0f512584-17ba-595f-8723-74993b8cfbe0,Fine Art and Design in Education,Bachelor's degree,"180 EC, 36 maanden",Arnhem,part-time,Dutch,Active,2026 HT,GBP 9790 / annual (domestic),programme,Additional fees may apply; see the institution fee schedule,institution,Mandatory fees vary by institution and enrolment,Application fee not specified in local artifacts,"{""details"": ""Bursaries, scholarships and part-time work We offer a range of scholarships and bursaries for UK and international students , which provide extra financial support while you’re at university."", ""funding_type"": ""financial_aid_policy""}","{""amount"":15000,""currency"":""GBP""}","{""details"":""Have the opportunity to participate in competitions and other professional opportunities, including the Carleton Hobbs Bursary Award (radio), the Sam Wanamaker Festival (The Globe) and The Spotlight Prize (Industry)."",""funding_type"":""financial_aid_policy""}","{""amount"":15000,""currency"":""GBP""}","If you're eligible for a scholarship, you'll generally receive it automatically – there's no need to apply.",See funding provider deadlines,6,"{""minimum_each"": 6.5, ""minimum_overall"": 7, ""source_text"": ""equire a Student visa to study in the UK are welcome to apply for entry in September 2026 Test Grade Additional details IELTS (Academic) 7 with no less than 6.5 in each section TOEFL (iBT) 100 with minimum scores of 19 in Writing and Listening, 19 in Reading, 20 in Speaking If your qualification is not listed here, please take a look at our international entry requirements page or get in touch with our admissions team on the form below. Please note, to be accepted onto this course; you will also need to demonstrate that you meet the minimum standards o""}",100,105,"[""SAT or 33 in ACT""]","{""periodNumber"": 4, ""semester"": ""HT"", ""year"": 2026}",2026-04-15,2025-12-01,2027-01-13,True,https://www.artez.nl/opleidingen/bachelor/docent-beeldende-kunst-en-vormgeving-deeltijd-arnhem,Secondary school diploma,2.5,4.0,"Kurs motsvarande ABMM32 Arkivvetenskap: Förmedling och tillhandahållande, 7,5 hp, ABMM52 Biblioteks- och informationsvetenskap: Informationssökning och förmedling, 7,5 hp, eller ABMM72 Museologi: Materiell, immateriell och visuell kultur, 7,5 hp",academic qualifications; a personal statement; evidence of your English language skills (with relevant qualifications); a reference,Reference,Personal statement,plus a portfolio demonstrating artistic ability,"{""details"": ""DUO RIO reports GEEN_EISEN for EISEN_WERKZAAMHEDEN."", ""requirement_status"": ""not_required""}","{""data_period"": ""students graduating 2021-23"", ""measure"": ""graduates find their current work meaningful"", ""note"": ""data displayed is from students on this and other courses in Finance"", ""outcome_period"": ""15 months after graduation"", ""percentage"": 80}","{""audience"": null, ""description"": ""go on to work and/or study 15 months after the course"", ""outcome_type"": ""employment_rate"", ""percentage"": 85, ""population"": ""Creative arts and design graduates at Anglia Ruskin University""}",4,0,7,31,18.42,2,0,40,0,100.00
Stichting Avans,Master Materials & Energy Transition,NL,master,other,duo-nl-stage1-013,415292e8-d52b-5e24-be5c-5c56f6284005,Master Materials & Energy Transition,Master,2 ans,Nice,full-time,Dutch,Active,2026,"{""academic_cycle"":""2026"",""amount"":18000,""audience"":""international"",""credential"":""master"",""currency"":""EUR"",""fee_period"":""year""}",programme,Additional fees may apply; see the institution fee schedule,institution,Mandatory fees vary by institution and enrolment,Application fee not specified in local artifacts,"{""academic_cycle"":null,""amount"":null,""automatic_consideration"":null,""award_name"":null,""currency"":null,""details"":""gratuit en apprentissage"",""eligibility"":null,""funding_type"":""financial_aid_policy"",""repayable"":null,""separate_application_required"":null}",Varies,Funding options may be available,Varies,"Eligibility varies by citizenship, merit, and financial need",See funding provider deadlines,5,6.0 each,80,120,English proficiency test requirement varies,"{""periodNumber"": 1, ""semester"": ""VT"", ""year"": 2027}",2026-10-15,2025-12-01,2026-01-15,Not specified,https://businessdatascience.nl,University Bachelor's degree,3.0,4.0,"Grundläggande behörighet och minst 7,5 hp arkivvetenskap eller motsvarande kunskap samt 1 års arbetslivserfarenhet inom arkivsektorn.",Application form; CV or resume; transcripts; degree certificate; language proof; passport,2 recommendation letters,Statement of purpose or motivation letter,Portfolio requirement depends on the programme,"{""details"": ""DUO RIO reports GEEN_EISEN for EISEN_WERKZAAMHEDEN."", ""requirement_status"": ""not_required""}",Career opportunities related to other,Career opportunities related to other,0,3,5,33,13.16,2,3,40,0,100.00
Stichting Avans,Sustainability Transitions (joint degree),NL,master,computer science,duo-nl-stage1-013,6ed310cc-38b0-5e8f-992a-1d7ebe481f14,Sustainability Transitions (joint degree),Master's degree,2 ans,Biot,full-time,Dutch,Active,2026,EUR 8500 / year,programme,Additional fees may apply; see the institution fee schedule,institution,Mandatory fees vary by institution and enrolment,Application fee not specified in local artifacts,"{""academic_cycle"":null,""amount"":null,""automatic_consideration"":null,""award_name"":null,""currency"":null,""details"":""gratuit en apprentissage"",""eligibility"":null,""funding_type"":""financial_aid_policy"",""repayable"":null,""separate_application_required"":null}",Varies,Funding options may be available,Varies,"Eligibility varies by citizenship, merit, and financial need",See funding provider deadlines,5,6.0 each,80,120,English proficiency test requirement varies,"{""start_date"": ""2027-08-01""}",2027-01-05,2025-12-01,2026-01-15,Not specified,https://businessdatascience.nl,University Bachelor's degree,3.0,4.0,"Grundläggande behörighet och minst 7,5 hp arkivvetenskap eller motsvarande kunskap samt 1 års arbetslivserfarenhet inom arkivsektorn.",Application form; CV or resume; transcripts; degree certificate; language proof; passport,2 recommendation letters,Statement of purpose or motivation letter,Portfolio requirement depends on the programme,"{""details"": ""DUO RIO reports GEEN_EISEN for EISEN_WERKZAAMHEDEN."", ""requirement_status"": ""not_required""}",Career opportunities related to computer science,Career opportunities related to computer science,3,0,5,33,13.16,2,0,40,0,100.00
Stichting Christel. Hogesch. Windesheim,Information & Communication Technology,NL,bachelor,computer science,duo-nl-stage1-014,bacf26e0-b8c6-5e30-9651-453006e84560,Information & Communication Technology,Bachelor's degree,"180 EC, 36 maanden",Science Park,VOLTIJD,NLD,Active,2026,GBP 45500 / annual (international),programme,Additional fees may apply; see the institution fee schedule,institution,Mandatory fees vary by institution and enrolment,Application fee not specified in local artifacts,"{""details"": ""More information Find out more about the TMUA , including information on how to book, test fees, bursaries for UK candidates in financial need, access arrangements and how to prepare."", ""funding_type"": ""financial_aid_policy""}","{""amount"":15000,""currency"":""GBP""}","{""details"":""Scholarships View all scholarships Imperial Inspires Scholarships Value per award £15,000 per year for each year of the course."",""funding_type"":""financial_aid_policy""}","{""amount"":15000,""currency"":""GBP""}","Imperial Bursary The Imperial Bursary is available to all Home undergraduate students with a household income below £70,000 per year.",See funding provider deadlines,6.5,"{""minimum_each"": 6.5, ""minimum_overall"": 7, ""source_text"": ""English Language grade B/6. GCSE/IGCSE English Literature will not be accepted in lieu of GCSE/IGCSE English Language. IELTS 7.0 overall, with no subscore below 6.5 TOEFL iBT 100 overall, with no subscore below 22 An acceptable equivalent qualification Students eligible for a contextual offer or with a WP flag will be required to evidence English language proficiency at GCSE English Language grade C/4. This concession only applies to GCSE/IGCSE. See our contextual admissions page for full details and to check your eligibility. If you need to""}","{""audience"": null, ""minimum_overall_score"": 78, ""test"": ""TOEFL iBT""}",105,"[""SAT or 33 in ACT""]","{""source_label"": ""Start date"", ""start_dates"": [""2027-09-01""]}",2027-01-13,2025-12-01,2027-01-13,True,http://uva.nl/bsc-informatica,Secondary school diploma,2.5,4.0,"[""Finnish matriculation examination"",""International Baccalaureate degree (IB)"",""European Baccalaureate degree (EB)"",""Deutsches Internationales Abitur degree (DIA) or Reifeprüfung degree (RP) in Finland"",""A Finnish vocational upper secondary qualification, further vocational qualification, or specialist vocational qualification as set in the Vocational Education Act (531/2017)"",""any other comparable upper secondary educational qualification that provides eligibility for university-level Bachelor’s studies in the country in question."",""Cambridge Assessment International Education A-level or Advanced International Certificate of Education degree (AICE)"",""has the right to study towards a university degree in Finland"",""holds a degree conferred by a Finnish higher education institution"",""holds at least a bachelor's level degree conferred by a foreign institution.""]",academic qualifications; a personal statement; evidence of your English language skills (with relevant qualifications); a reference,Reference,Personal statement,plus a portfolio demonstrating artistic ability,"{""details"": ""DUO RIO reports GEEN_EISEN for EISEN_WERKZAAMHEDEN."", ""requirement_status"": ""not_required""}","{""occupation"": ""Information Technology Professionals"", ""percentage"": 85, ""period"": ""15 months after the course""}","{""cohort"":""BA (Hons) Computer Science graduates at University of Cambridge"",""employment_rate"":""90%"",""period"":""15 months after the course""}",0,0,2,36,5.26,1,0,40,0,100.00
Stichting Christel. Hogesch. Windesheim,Teacher Education in Social Skills,NL,bachelor,other,duo-nl-stage1-014,4f08a8ee-9519-5882-b92e-3c373e740e6f,Teacher Education in Social Skills,Bachelor's degree,"180 EC, 36 maanden",Arnhem,part-time,Dutch,Active,2026 HT,GBP 9790 / annual (domestic),programme,Additional fees may apply; see the institution fee schedule,institution,Mandatory fees vary by institution and enrolment,Application fee not specified in local artifacts,"{""details"": ""Bursaries, scholarships and part-time work We offer a range of scholarships and bursaries for UK and international students , which provide extra financial support while you’re at university."", ""funding_type"": ""financial_aid_policy""}","{""amount"":15000,""currency"":""GBP""}","{""details"":""Have the opportunity to participate in competitions and other professional opportunities, including the Carleton Hobbs Bursary Award (radio), the Sam Wanamaker Festival (The Globe) and The Spotlight Prize (Industry)."",""funding_type"":""financial_aid_policy""}","{""amount"":15000,""currency"":""GBP""}","If you're eligible for a scholarship, you'll generally receive it automatically – there's no need to apply.",See funding provider deadlines,6,"{""minimum_each"": 6.5, ""minimum_overall"": 7, ""source_text"": ""equire a Student visa to study in the UK are welcome to apply for entry in September 2026 Test Grade Additional details IELTS (Academic) 7 with no less than 6.5 in each section TOEFL (iBT) 100 with minimum scores of 19 in Writing and Listening, 19 in Reading, 20 in Speaking If your qualification is not listed here, please take a look at our international entry requirements page or get in touch with our admissions team on the form below. Please note, to be accepted onto this course; you will also need to demonstrate that you meet the minimum standards o""}",100,105,"[""SAT or 33 in ACT""]","{""periodNumber"": 4, ""semester"": ""HT"", ""year"": 2026}",2026-04-15,2025-12-01,2027-01-13,True,https://www.artez.nl/opleidingen/bachelor/docent-beeldende-kunst-en-vormgeving-deeltijd-arnhem,Secondary school diploma,2.5,4.0,"Kurs motsvarande ABMM32 Arkivvetenskap: Förmedling och tillhandahållande, 7,5 hp, ABMM52 Biblioteks- och informationsvetenskap: Informationssökning och förmedling, 7,5 hp, eller ABMM72 Museologi: Materiell, immateriell och visuell kultur, 7,5 hp",academic qualifications; a personal statement; evidence of your English language skills (with relevant qualifications); a reference,Reference,Personal statement,plus a portfolio demonstrating artistic ability,"{""details"": ""DUO RIO reports GEEN_EISEN for EISEN_WERKZAAMHEDEN."", ""requirement_status"": ""not_required""}","{""data_period"": ""students graduating 2021-23"", ""measure"": ""graduates find their current work meaningful"", ""note"": ""data displayed is from students on this and other courses in Finance"", ""outcome_period"": ""15 months after graduation"", ""percentage"": 80}","{""audience"": null, ""description"": ""go on to work and/or study 15 months after the course"", ""outcome_type"": ""employment_rate"", ""percentage"": 85, ""population"": ""Creative arts and design graduates at Anglia Ruskin University""}",0,0,2,36,5.26,1,0,40,0,100.00
"Stichting Codarts, Hogeschool voor de Kunsten",Circus Arts,NL,bachelor,other,duo-nl-stage1-015,0bb5ca11-6ce1-540d-9263-824cd8341723,Circus Arts,Bachelor's degree,"180 EC, 36 maanden",Arnhem,part-time,Dutch,Active,2026 HT,GBP 9790 / annual (domestic),programme,Additional fees may apply; see the institution fee schedule,institution,Mandatory fees vary by institution and enrolment,Application fee not specified in local artifacts,"{""details"": ""Bursaries, scholarships and part-time work We offer a range of scholarships and bursaries for UK and international students , which provide extra financial support while you’re at university."", ""funding_type"": ""financial_aid_policy""}","{""amount"":15000,""currency"":""GBP""}","{""details"":""Have the opportunity to participate in competitions and other professional opportunities, including the Carleton Hobbs Bursary Award (radio), the Sam Wanamaker Festival (The Globe) and The Spotlight Prize (Industry)."",""funding_type"":""financial_aid_policy""}","{""amount"":15000,""currency"":""GBP""}","If you're eligible for a scholarship, you'll generally receive it automatically – there's no need to apply.",See funding provider deadlines,6,"{""minimum_each"": 6.5, ""minimum_overall"": 7, ""source_text"": ""equire a Student visa to study in the UK are welcome to apply for entry in September 2026 Test Grade Additional details IELTS (Academic) 7 with no less than 6.5 in each section TOEFL (iBT) 100 with minimum scores of 19 in Writing and Listening, 19 in Reading, 20 in Speaking If your qualification is not listed here, please take a look at our international entry requirements page or get in touch with our admissions team on the form below. Please note, to be accepted onto this course; you will also need to demonstrate that you meet the minimum standards o""}",100,105,"[""SAT or 33 in ACT""]","{""periodNumber"": 4, ""semester"": ""HT"", ""year"": 2026}",2026-04-15,2025-12-01,2027-01-13,True,https://www.artez.nl/opleidingen/bachelor/docent-beeldende-kunst-en-vormgeving-deeltijd-arnhem,Secondary school diploma,2.5,4.0,"Kurs motsvarande ABMM32 Arkivvetenskap: Förmedling och tillhandahållande, 7,5 hp, ABMM52 Biblioteks- och informationsvetenskap: Informationssökning och förmedling, 7,5 hp, eller ABMM72 Museologi: Materiell, immateriell och visuell kultur, 7,5 hp",academic qualifications; a personal statement; evidence of your English language skills (with relevant qualifications); a reference,Reference,Personal statement,plus a portfolio demonstrating artistic ability,"{""details"": ""DUO RIO reports GEEN_EISEN for EISEN_WERKZAAMHEDEN."", ""requirement_status"": ""not_required""}","{""data_period"": ""students graduating 2021-23"", ""measure"": ""graduates find their current work meaningful"", ""note"": ""data displayed is from students on this and other courses in Finance"", ""outcome_period"": ""15 months after graduation"", ""percentage"": 80}","{""audience"": null, ""description"": ""go on to work and/or study 15 months after the course"", ""outcome_type"": ""employment_rate"", ""percentage"": 85, ""population"": ""Creative arts and design graduates at Anglia Ruskin University""}",0,0,2,36,5.26,1,0,40,0,100.00
"Stichting Codarts, Hogeschool voor de Kunsten",Music,NL,bachelor,other,duo-nl-stage1-015,e13e5765-76c1-5401-bb01-d4156f2afa0e,Music,Bachelor's degree,"180 EC, 36 maanden",Arnhem,part-time,Dutch,Active,2026 HT,GBP 9790 / annual (domestic),programme,Additional fees may apply; see the institution fee schedule,institution,Mandatory fees vary by institution and enrolment,Application fee not specified in local artifacts,"{""details"": ""Bursaries, scholarships and part-time work We offer a range of scholarships and bursaries for UK and international students , which provide extra financial support while you’re at university."", ""funding_type"": ""financial_aid_policy""}","{""amount"":15000,""currency"":""GBP""}","{""details"":""Have the opportunity to participate in competitions and other professional opportunities, including the Carleton Hobbs Bursary Award (radio), the Sam Wanamaker Festival (The Globe) and The Spotlight Prize (Industry)."",""funding_type"":""financial_aid_policy""}","{""amount"":15000,""currency"":""GBP""}","If you're eligible for a scholarship, you'll generally receive it automatically – there's no need to apply.",See funding provider deadlines,6,"{""minimum_each"": 6.5, ""minimum_overall"": 7, ""source_text"": ""equire a Student visa to study in the UK are welcome to apply for entry in September 2026 Test Grade Additional details IELTS (Academic) 7 with no less than 6.5 in each section TOEFL (iBT) 100 with minimum scores of 19 in Writing and Listening, 19 in Reading, 20 in Speaking If your qualification is not listed here, please take a look at our international entry requirements page or get in touch with our admissions team on the form below. Please note, to be accepted onto this course; you will also need to demonstrate that you meet the minimum standards o""}",100,105,"[""SAT or 33 in ACT""]","{""periodNumber"": 4, ""semester"": ""HT"", ""year"": 2026}",2026-04-15,2025-12-01,2027-01-13,True,https://www.artez.nl/opleidingen/bachelor/docent-beeldende-kunst-en-vormgeving-deeltijd-arnhem,Secondary school diploma,2.5,4.0,"Kurs motsvarande ABMM32 Arkivvetenskap: Förmedling och tillhandahållande, 7,5 hp, ABMM52 Biblioteks- och informationsvetenskap: Informationssökning och förmedling, 7,5 hp, eller ABMM72 Museologi: Materiell, immateriell och visuell kultur, 7,5 hp",academic qualifications; a personal statement; evidence of your English language skills (with relevant qualifications); a reference,Reference,Personal statement,plus a portfolio demonstrating artistic ability,"{""details"": ""DUO RIO reports GEEN_EISEN for EISEN_WERKZAAMHEDEN."", ""requirement_status"": ""not_required""}","{""data_period"": ""students graduating 2021-23"", ""measure"": ""graduates find their current work meaningful"", ""note"": ""data displayed is from students on this and other courses in Finance"", ""outcome_period"": ""15 months after graduation"", ""percentage"": 80}","{""audience"": null, ""description"": ""go on to work and/or study 15 months after the course"", ""outcome_type"": ""employment_rate"", ""percentage"": 85, ""population"": ""Creative arts and design graduates at Anglia Ruskin University""}",0,0,2,36,5.26,1,0,40,0,100.00
Stichting Design Academy Eindhoven,Design,NL,bachelor,other,duo-nl-stage1-017,271f2b25-6d27-59ee-9488-5a932948ecc1,Design,Bachelor's degree,"180 EC, 36 maanden",Arnhem,full-time,English,Active,2026 HT,GBP 9790 / annual (domestic),programme,Additional fees may apply; see the institution fee schedule,institution,Mandatory fees vary by institution and enrolment,Application fee not specified in local artifacts,"{""details"": ""Bursaries, scholarships and part-time work We offer a range of scholarships and bursaries for UK and international students , which provide extra financial support while you’re at university."", ""funding_type"": ""financial_aid_policy""}","{""amount"":15000,""currency"":""GBP""}","{""details"":""Have the opportunity to participate in competitions and other professional opportunities, including the Carleton Hobbs Bursary Award (radio), the Sam Wanamaker Festival (The Globe) and The Spotlight Prize (Industry)."",""funding_type"":""financial_aid_policy""}","{""amount"":15000,""currency"":""GBP""}","If you're eligible for a scholarship, you'll generally receive it automatically – there's no need to apply.",See funding provider deadlines,6,"{""minimum_each"": 6.5, ""minimum_overall"": 7, ""source_text"": ""equire a Student visa to study in the UK are welcome to apply for entry in September 2026 Test Grade Additional details IELTS (Academic) 7 with no less than 6.5 in each section TOEFL (iBT) 100 with minimum scores of 19 in Writing and Listening, 19 in Reading, 20 in Speaking If your qualification is not listed here, please take a look at our international entry requirements page or get in touch with our admissions team on the form below. Please note, to be accepted onto this course; you will also need to demonstrate that you meet the minimum standards o""}",100,105,"[""SAT or 33 in ACT""]","{""periodNumber"": 4, ""semester"": ""HT"", ""year"": 2026}",2026-04-15,2025-12-01,2027-01-13,True,https://www.artez.nl/opleidingen/bachelor/docent-beeldende-kunst-en-vormgeving-deeltijd-arnhem,Secondary school diploma,2.5,4.0,"Kurs motsvarande ABMM32 Arkivvetenskap: Förmedling och tillhandahållande, 7,5 hp, ABMM52 Biblioteks- och informationsvetenskap: Informationssökning och förmedling, 7,5 hp, eller ABMM72 Museologi: Materiell, immateriell och visuell kultur, 7,5 hp",academic qualifications; a personal statement; evidence of your English language skills (with relevant qualifications); a reference,Reference,Personal statement,plus a portfolio demonstrating artistic ability,"{""details"": ""DUO RIO reports GEEN_EISEN for EISEN_WERKZAAMHEDEN."", ""requirement_status"": ""not_required""}","{""data_period"": ""students graduating 2021-23"", ""measure"": ""graduates find their current work meaningful"", ""note"": ""data displayed is from students on this and other courses in Finance"", ""outcome_period"": ""15 months after graduation"", ""percentage"": 80}","{""audience"": null, ""description"": ""go on to work and/or study 15 months after the course"", ""outcome_type"": ""employment_rate"", ""percentage"": 85, ""population"": ""Creative arts and design graduates at Anglia Ruskin University""}",2,0,4,34,10.53,2,0,40,0,100.00
Stichting Design Academy Eindhoven,Master of Arts in Fine Art and Design,NL,master,other,duo-nl-stage1-017,19a197b7-663f-5c92-b071-d5ea6888f842,Master of Arts in Fine Art and Design,Master,2 ans,Nice,full-time,English,Active,2026,"{""academic_cycle"":""2026"",""amount"":18000,""audience"":""international"",""credential"":""master"",""currency"":""EUR"",""fee_period"":""year""}",programme,Additional fees may apply; see the institution fee schedule,institution,Mandatory fees vary by institution and enrolment,Application fee not specified in local artifacts,"{""academic_cycle"":null,""amount"":null,""automatic_consideration"":null,""award_name"":null,""currency"":null,""details"":""gratuit en apprentissage"",""eligibility"":null,""funding_type"":""financial_aid_policy"",""repayable"":null,""separate_application_required"":null}",Varies,Funding options may be available,Varies,"Eligibility varies by citizenship, merit, and financial need",See funding provider deadlines,5,6.0 each,80,120,English proficiency test requirement varies,"{""periodNumber"": 1, ""semester"": ""VT"", ""year"": 2027}",2026-10-15,2025-12-01,2026-01-15,Not specified,https://businessdatascience.nl,University Bachelor's degree,3.0,4.0,"Grundläggande behörighet och minst 7,5 hp arkivvetenskap eller motsvarande kunskap samt 1 års arbetslivserfarenhet inom arkivsektorn.",Application form; CV or resume; transcripts; degree certificate; language proof; passport,2 recommendation letters,Statement of purpose or motivation letter,Portfolio requirement depends on the programme,"{""details"": ""DUO RIO reports GEEN_EISEN for EISEN_WERKZAAMHEDEN."", ""requirement_status"": ""not_required""}",Career opportunities related to other,Career opportunities related to other,0,0,2,36,5.26,1,0,40,0,100.00
Stichting Driestar educatief,Education in Primary Schools (age 4 - 12),NL,bachelor,other,duo-nl-stage1-018,cf355755-f0f7-5b74-9f74-8a6c58e4b12c,Education in Primary Schools (age 4 - 12),Bachelor's degree,"180 EC, 36 maanden",Arnhem,part-time,Dutch,Active,2026 HT,GBP 9790 / annual (domestic),programme,Additional fees may apply; see the institution fee schedule,institution,Mandatory fees vary by institution and enrolment,Application fee not specified in local artifacts,"{""details"": ""Bursaries, scholarships and part-time work We offer a range of scholarships and bursaries for UK and international students , which provide extra financial support while you’re at university."", ""funding_type"": ""financial_aid_policy""}","{""amount"":15000,""currency"":""GBP""}","{""details"":""Have the opportunity to participate in competitions and other professional opportunities, including the Carleton Hobbs Bursary Award (radio), the Sam Wanamaker Festival (The Globe) and The Spotlight Prize (Industry)."",""funding_type"":""financial_aid_policy""}","{""amount"":15000,""currency"":""GBP""}","If you're eligible for a scholarship, you'll generally receive it automatically – there's no need to apply.",See funding provider deadlines,6,"{""minimum_each"": 6.5, ""minimum_overall"": 7, ""source_text"": ""equire a Student visa to study in the UK are welcome to apply for entry in September 2026 Test Grade Additional details IELTS (Academic) 7 with no less than 6.5 in each section TOEFL (iBT) 100 with minimum scores of 19 in Writing and Listening, 19 in Reading, 20 in Speaking If your qualification is not listed here, please take a look at our international entry requirements page or get in touch with our admissions team on the form below. Please note, to be accepted onto this course; you will also need to demonstrate that you meet the minimum standards o""}",100,105,"[""SAT or 33 in ACT""]","{""periodNumber"": 4, ""semester"": ""HT"", ""year"": 2026}",2026-04-15,2025-12-01,2027-01-13,True,https://www.artez.nl/opleidingen/bachelor/docent-beeldende-kunst-en-vormgeving-deeltijd-arnhem,Secondary school diploma,2.5,4.0,"Kurs motsvarande ABMM32 Arkivvetenskap: Förmedling och tillhandahållande, 7,5 hp, ABMM52 Biblioteks- och informationsvetenskap: Informationssökning och förmedling, 7,5 hp, eller ABMM72 Museologi: Materiell, immateriell och visuell kultur, 7,5 hp",academic qualifications; a personal statement; evidence of your English language skills (with relevant qualifications); a reference,Reference,Personal statement,plus a portfolio demonstrating artistic ability,"{""details"": ""DUO RIO reports GEEN_EISEN for EISEN_WERKZAAMHEDEN."", ""requirement_status"": ""not_required""}","{""data_period"": ""students graduating 2021-23"", ""measure"": ""graduates find their current work meaningful"", ""note"": ""data displayed is from students on this and other courses in Finance"", ""outcome_period"": ""15 months after graduation"", ""percentage"": 80}","{""audience"": null, ""description"": ""go on to work and/or study 15 months after the course"", ""outcome_type"": ""employment_rate"", ""percentage"": 85, ""population"": ""Creative arts and design graduates at Anglia Ruskin University""}",0,0,2,36,5.26,1,0,40,0,100.00
Stichting Driestar educatief,Educational Theory,NL,bachelor,other,duo-nl-stage1-018,2c644259-28c5-5925-847b-588891b7f7bf,Educational Theory,Bachelor's degree,"180 EC, 36 maanden",Arnhem,part-time,Dutch,Active,2026 HT,GBP 9790 / annual (domestic),programme,Additional fees may apply; see the institution fee schedule,institution,Mandatory fees vary by institution and enrolment,Application fee not specified in local artifacts,"{""details"": ""Bursaries, scholarships and part-time work We offer a range of scholarships and bursaries for UK and international students , which provide extra financial support while you’re at university."", ""funding_type"": ""financial_aid_policy""}","{""amount"":15000,""currency"":""GBP""}","{""details"":""Have the opportunity to participate in competitions and other professional opportunities, including the Carleton Hobbs Bursary Award (radio), the Sam Wanamaker Festival (The Globe) and The Spotlight Prize (Industry)."",""funding_type"":""financial_aid_policy""}","{""amount"":15000,""currency"":""GBP""}","If you're eligible for a scholarship, you'll generally receive it automatically – there's no need to apply.",See funding provider deadlines,6,"{""minimum_each"": 6.5, ""minimum_overall"": 7, ""source_text"": ""equire a Student visa to study in the UK are welcome to apply for entry in September 2026 Test Grade Additional details IELTS (Academic) 7 with no less than 6.5 in each section TOEFL (iBT) 100 with minimum scores of 19 in Writing and Listening, 19 in Reading, 20 in Speaking If your qualification is not listed here, please take a look at our international entry requirements page or get in touch with our admissions team on the form below. Please note, to be accepted onto this course; you will also need to demonstrate that you meet the minimum standards o""}",100,105,"[""SAT or 33 in ACT""]","{""periodNumber"": 4, ""semester"": ""HT"", ""year"": 2026}",2026-04-15,2025-12-01,2027-01-13,True,https://www.artez.nl/opleidingen/bachelor/docent-beeldende-kunst-en-vormgeving-deeltijd-arnhem,Secondary school diploma,2.5,4.0,"Kurs motsvarande ABMM32 Arkivvetenskap: Förmedling och tillhandahållande, 7,5 hp, ABMM52 Biblioteks- och informationsvetenskap: Informationssökning och förmedling, 7,5 hp, eller ABMM72 Museologi: Materiell, immateriell och visuell kultur, 7,5 hp",academic qualifications; a personal statement; evidence of your English language skills (with relevant qualifications); a reference,Reference,Personal statement,plus a portfolio demonstrating artistic ability,"{""details"": ""DUO RIO reports GEEN_EISEN for EISEN_WERKZAAMHEDEN."", ""requirement_status"": ""not_required""}","{""data_period"": ""students graduating 2021-23"", ""measure"": ""graduates find their current work meaningful"", ""note"": ""data displayed is from students on this and other courses in Finance"", ""outcome_period"": ""15 months after graduation"", ""percentage"": 80}","{""audience"": null, ""description"": ""go on to work and/or study 15 months after the course"", ""outcome_type"": ""employment_rate"", ""percentage"": 85, ""population"": ""Creative arts and design graduates at Anglia Ruskin University""}",0,0,2,36,5.26,1,0,40,0,100.00
Stichting Fontys,Applied Science,NL,bachelor,other,duo-nl-stage1-019,a55ac756-74f2-5665-8ade-50663567365e,Applied Science,Bachelor's degree,"180 EC, 36 maanden",Arnhem,part-time,Dutch,Active,2026 HT,GBP 9790 / annual (domestic),programme,Additional fees may apply; see the institution fee schedule,institution,Mandatory fees vary by institution and enrolment,Application fee not specified in local artifacts,"{""details"": ""Bursaries, scholarships and part-time work We offer a range of scholarships and bursaries for UK and international students , which provide extra financial support while you’re at university."", ""funding_type"": ""financial_aid_policy""}","{""amount"":15000,""currency"":""GBP""}","{""details"":""Have the opportunity to participate in competitions and other professional opportunities, including the Carleton Hobbs Bursary Award (radio), the Sam Wanamaker Festival (The Globe) and The Spotlight Prize (Industry)."",""funding_type"":""financial_aid_policy""}","{""amount"":15000,""currency"":""GBP""}","If you're eligible for a scholarship, you'll generally receive it automatically – there's no need to apply.",See funding provider deadlines,6,"{""minimum_each"": 6.5, ""minimum_overall"": 7, ""source_text"": ""equire a Student visa to study in the UK are welcome to apply for entry in September 2026 Test Grade Additional details IELTS (Academic) 7 with no less than 6.5 in each section TOEFL (iBT) 100 with minimum scores of 19 in Writing and Listening, 19 in Reading, 20 in Speaking If your qualification is not listed here, please take a look at our international entry requirements page or get in touch with our admissions team on the form below. Please note, to be accepted onto this course; you will also need to demonstrate that you meet the minimum standards o""}",100,105,"[""SAT or 33 in ACT""]","{""periodNumber"": 4, ""semester"": ""HT"", ""year"": 2026}",2026-04-15,2025-12-01,2027-01-13,True,https://www.artez.nl/opleidingen/bachelor/docent-beeldende-kunst-en-vormgeving-deeltijd-arnhem,Secondary school diploma,2.5,4.0,"Kurs motsvarande ABMM32 Arkivvetenskap: Förmedling och tillhandahållande, 7,5 hp, ABMM52 Biblioteks- och informationsvetenskap: Informationssökning och förmedling, 7,5 hp, eller ABMM72 Museologi: Materiell, immateriell och visuell kultur, 7,5 hp",academic qualifications; a personal statement; evidence of your English language skills (with relevant qualifications); a reference,Reference,Personal statement,plus a portfolio demonstrating artistic ability,"{""details"": ""DUO RIO reports GEEN_EISEN for EISEN_WERKZAAMHEDEN."", ""requirement_status"": ""not_required""}","{""data_period"": ""students graduating 2021-23"", ""measure"": ""graduates find their current work meaningful"", ""note"": ""data displayed is from students on this and other courses in Finance"", ""outcome_period"": ""15 months after graduation"", ""percentage"": 80}","{""audience"": null, ""description"": ""go on to work and/or study 15 months after the course"", ""outcome_type"": ""employment_rate"", ""percentage"": 85, ""population"": ""Creative arts and design graduates at Anglia Ruskin University""}",0,0,2,36,5.26,1,0,40,0,100.00
Stichting Fontys,Educational Management Childcare,NL,bachelor,business,duo-nl-stage1-019,c870ed45-74ae-5a4a-bfae-45186ef33ff1,Educational Management Childcare,Bachelor's degree,"180 EC, 36 maanden",Arnhem,part-time,Dutch,Active,2026 HT,GBP 9900 / annual (international),programme,Additional fees may apply; see the institution fee schedule,institution,Mandatory fees vary by institution and enrolment,Application fee not specified in local artifacts,"{""details"": ""Financial support and scholarships For general sources of financial support, see our Fees and funding pages."", ""funding_type"": ""financial_aid_policy""}","{""amount"":15000,""currency"":""GBP""}","{""details"":""Financial support and scholarships For general sources of financial support, see our Fees and funding pages."",""funding_type"":""financial_aid_policy""}","{""amount"":15000,""currency"":""GBP""}",Students with children or dependant adults may qualify for a Childcare Grant or Adult Dependants' Grant.,See funding provider deadlines,6,"{""minimum_each"": 5.5, ""minimum_overall"": 6, ""source_text"": ""nables you to progress onto year 1 of this degree. English language requirements If English is not your first language, IELTS 6.0 overall with a minimum of 5.5 in each element. Find out about the other English qualifications that we accept . Studied before or got relevant experience? If you have suitable qualifications, credits from a previous university course or relevant professional experience, these could count towards your course at Brighton and you could start the course in year 2 or 3. Transferring from another university Thinking about""}",100,105,"{""requirement_status"": ""required"", ""test"": ""GMAT/GRE""}","{""source_label"": ""Start date"", ""start_dates"": [""2026-09-01""]}",2026-04-08,2025-12-01,2027-01-13,True,https://www.artez.nl/opleidingen/bachelor/docent-beeldende-kunst-en-vormgeving-deeltijd-arnhem,Secondary school diploma,2.5,4.0,including Mathematics and English Language or equivalents,Completing your qualification in autumn 2026; Work certificates; Bachelor´s degree (or higher) completed in Finland before 1995; Passport or residence permit to Finland; Special arrangements in the entrance examinations; Work Experience Template (CV); Bachelor´s degree (or higher) completed outside Finland; GMAT Exam or GRE test results,Reference,Personal statement,plus a portfolio demonstrating artistic ability,"{""details"": ""DUO RIO reports GEEN_EISEN for EISEN_WERKZAAMHEDEN."", ""requirement_status"": ""not_required""}","[{""outcome_type"":""graduate_perception"",""period"":""15 months after graduation"",""population"":""Agriculture, food and related studies graduates at Askham Bryan College"",""statement"":""100% of graduates find their current work meaningful""},{""outcome_type"":""graduate_perception"",""period"":""15 months after graduation"",""population"":""Agriculture, food and related studies graduates at Askham Bryan College"",""statement"":""80% Usefulness I am utilising what I learnt during my studies in my current work.""},{""outcome_type"":""graduate_perception"",""period"":""15 months after graduation"",""population"":""Agriculture, food and related studies graduates at Askham Bryan College"",""statement"":""100% Meaningfulness My current work is meaningful.""},{""amount"":18500,""currency"":""GBP"",""outcome_type"":""median_earnings"",""period"":""3 years after the course"",""population"":""Animal science graduates at Askham Bryan College""},{""outcome_type"":""graduate_perception"",""period"":""15 months after graduation"",""population"":""Agriculture, food and related studies graduates at Askham Bryan College"",""statement"":""80% Future My current work fits with my future plans.""}]","{""audience"": null, ""outcome_type"": ""employment_or_study_rate"", ""percentage"": 80, ""period"": ""15 months after the course"", ""population"": ""Agriculture, food and related studies graduates at Askham Bryan College""}",0,0,2,36,5.26,1,0,40,0,100.00
Stichting Hanzehogeschool Groningen,Information & Communication Technology,NL,bachelor,computer science,duo-nl-stage1-020,dad83581-5867-589c-8f07-e4c03f446443,Information & Communication Technology,Bachelor's degree,"180 EC, 36 maanden",Science Park,VOLTIJD,NLD,Active,2026,GBP 45500 / annual (international),programme,Additional fees may apply; see the institution fee schedule,institution,Mandatory fees vary by institution and enrolment,Application fee not specified in local artifacts,"{""details"": ""More information Find out more about the TMUA , including information on how to book, test fees, bursaries for UK candidates in financial need, access arrangements and how to prepare."", ""funding_type"": ""financial_aid_policy""}","{""amount"":15000,""currency"":""GBP""}","{""details"":""Scholarships View all scholarships Imperial Inspires Scholarships Value per award £15,000 per year for each year of the course."",""funding_type"":""financial_aid_policy""}","{""amount"":15000,""currency"":""GBP""}","Imperial Bursary The Imperial Bursary is available to all Home undergraduate students with a household income below £70,000 per year.",See funding provider deadlines,6.5,"{""minimum_each"": 6.5, ""minimum_overall"": 7, ""source_text"": ""English Language grade B/6. GCSE/IGCSE English Literature will not be accepted in lieu of GCSE/IGCSE English Language. IELTS 7.0 overall, with no subscore below 6.5 TOEFL iBT 100 overall, with no subscore below 22 An acceptable equivalent qualification Students eligible for a contextual offer or with a WP flag will be required to evidence English language proficiency at GCSE English Language grade C/4. This concession only applies to GCSE/IGCSE. See our contextual admissions page for full details and to check your eligibility. If you need to""}","{""audience"": null, ""minimum_overall_score"": 78, ""test"": ""TOEFL iBT""}",105,"[""SAT or 33 in ACT""]","{""source_label"": ""Start date"", ""start_dates"": [""2027-09-01""]}",2027-01-13,2025-12-01,2027-01-13,True,http://uva.nl/bsc-informatica,Secondary school diploma,2.5,4.0,"[""Finnish matriculation examination"",""International Baccalaureate degree (IB)"",""European Baccalaureate degree (EB)"",""Deutsches Internationales Abitur degree (DIA) or Reifeprüfung degree (RP) in Finland"",""A Finnish vocational upper secondary qualification, further vocational qualification, or specialist vocational qualification as set in the Vocational Education Act (531/2017)"",""any other comparable upper secondary educational qualification that provides eligibility for university-level Bachelor’s studies in the country in question."",""Cambridge Assessment International Education A-level or Advanced International Certificate of Education degree (AICE)"",""has the right to study towards a university degree in Finland"",""holds a degree conferred by a Finnish higher education institution"",""holds at least a bachelor's level degree conferred by a foreign institution.""]",academic qualifications; a personal statement; evidence of your English language skills (with relevant qualifications); a reference,Reference,Personal statement,plus a portfolio demonstrating artistic ability,"{""details"": ""DUO RIO reports GEEN_EISEN for EISEN_WERKZAAMHEDEN."", ""requirement_status"": ""not_required""}","{""occupation"": ""Information Technology Professionals"", ""percentage"": 85, ""period"": ""15 months after the course""}","{""cohort"":""BA (Hons) Computer Science graduates at University of Cambridge"",""employment_rate"":""90%"",""period"":""15 months after the course""}",0,0,2,36,5.26,1,0,40,0,100.00
Stichting Hanzehogeschool Groningen,International Business,NL,bachelor,business,duo-nl-stage1-020,26d3736c-53d6-5adb-827f-b3995a88d3a9,International Business,Bachelor's degree,"180 EC, 36 maanden",Arnhem,part-time,Dutch,Active,2026 HT,GBP 9900 / annual (international),programme,Additional fees may apply; see the institution fee schedule,institution,Mandatory fees vary by institution and enrolment,Application fee not specified in local artifacts,"{""details"": ""Financial support and scholarships For general sources of financial support, see our Fees and funding pages."", ""funding_type"": ""financial_aid_policy""}","{""amount"":15000,""currency"":""GBP""}","{""details"":""Financial support and scholarships For general sources of financial support, see our Fees and funding pages."",""funding_type"":""financial_aid_policy""}","{""amount"":15000,""currency"":""GBP""}",Students with children or dependant adults may qualify for a Childcare Grant or Adult Dependants' Grant.,See funding provider deadlines,6,"{""minimum_each"": 5.5, ""minimum_overall"": 6, ""source_text"": ""nables you to progress onto year 1 of this degree. English language requirements If English is not your first language, IELTS 6.0 overall with a minimum of 5.5 in each element. Find out about the other English qualifications that we accept . Studied before or got relevant experience? If you have suitable qualifications, credits from a previous university course or relevant professional experience, these could count towards your course at Brighton and you could start the course in year 2 or 3. Transferring from another university Thinking about""}",100,105,"{""requirement_status"": ""required"", ""test"": ""GMAT/GRE""}","{""source_label"": ""Start date"", ""start_dates"": [""2026-09-01""]}",2026-04-08,2025-12-01,2027-01-13,True,https://www.artez.nl/opleidingen/bachelor/docent-beeldende-kunst-en-vormgeving-deeltijd-arnhem,Secondary school diploma,2.5,4.0,including Mathematics and English Language or equivalents,Completing your qualification in autumn 2026; Work certificates; Bachelor´s degree (or higher) completed in Finland before 1995; Passport or residence permit to Finland; Special arrangements in the entrance examinations; Work Experience Template (CV); Bachelor´s degree (or higher) completed outside Finland; GMAT Exam or GRE test results,Reference,Personal statement,plus a portfolio demonstrating artistic ability,"{""details"": ""DUO RIO reports GEEN_EISEN for EISEN_WERKZAAMHEDEN."", ""requirement_status"": ""not_required""}","[{""outcome_type"":""graduate_perception"",""period"":""15 months after graduation"",""population"":""Agriculture, food and related studies graduates at Askham Bryan College"",""statement"":""100% of graduates find their current work meaningful""},{""outcome_type"":""graduate_perception"",""period"":""15 months after graduation"",""population"":""Agriculture, food and related studies graduates at Askham Bryan College"",""statement"":""80% Usefulness I am utilising what I learnt during my studies in my current work.""},{""outcome_type"":""graduate_perception"",""period"":""15 months after graduation"",""population"":""Agriculture, food and related studies graduates at Askham Bryan College"",""statement"":""100% Meaningfulness My current work is meaningful.""},{""amount"":18500,""currency"":""GBP"",""outcome_type"":""median_earnings"",""period"":""3 years after the course"",""population"":""Animal science graduates at Askham Bryan College""},{""outcome_type"":""graduate_perception"",""period"":""15 months after graduation"",""population"":""Agriculture, food and related studies graduates at Askham Bryan College"",""statement"":""80% Future My current work fits with my future plans.""}]","{""audience"": null, ""outcome_type"": ""employment_or_study_rate"", ""percentage"": 80, ""period"": ""15 months after the course"", ""population"": ""Agriculture, food and related studies graduates at Askham Bryan College""}",0,0,2,36,5.26,1,0,40,0,100.00
Technische Universiteit Eindhoven,Embedded Systems,NL,master,other,tue-nl-canary,776f8c66-f129-5d3a-a7f8-7a91c0a7f9bd,Embedded Systems,MASTER,2 ans,Nice,VOLTIJD,ENG,Active,2026,"{""academic_cycle"":""2026"",""amount"":18000,""audience"":""international"",""credential"":""master"",""currency"":""EUR"",""fee_period"":""year""}",programme,Additional fees may apply; see the institution fee schedule,institution,Mandatory fees vary by institution and enrolment,Application fee not specified in local artifacts,"{""academic_cycle"":null,""amount"":null,""automatic_consideration"":null,""award_name"":null,""currency"":null,""details"":""gratuit en apprentissage"",""eligibility"":null,""funding_type"":""financial_aid_policy"",""repayable"":null,""separate_application_required"":null}",Varies,Funding options may be available,Varies,"Eligibility varies by citizenship, merit, and financial need",See funding provider deadlines,5,6.0 each,80,120,English proficiency test requirement varies,"{""periodNumber"": 1, ""semester"": ""VT"", ""year"": 2027}",2026-10-15,2025-12-01,2026-01-15,Not specified,https://businessdatascience.nl,University Bachelor's degree,3.0,4.0,"Grundläggande behörighet och minst 7,5 hp arkivvetenskap eller motsvarande kunskap samt 1 års arbetslivserfarenhet inom arkivsektorn.",Application form; CV or resume; transcripts; degree certificate; language proof; passport,2 recommendation letters,Statement of purpose or motivation letter,Portfolio requirement depends on the programme,"{""details"": ""DUO RIO reports GEEN_EISEN for EISEN_WERKZAAMHEDEN."", ""requirement_status"": ""not_required""}",Career opportunities related to other,Career opportunities related to other,5,0,5,33,13.16,1,0,40,0,100.00
Technische Universiteit Eindhoven,Sustainable Energy Technology,NL,master,other,tue-nl-canary,52ed182b-e33d-5595-9e88-fe534b52acb9,Sustainable Energy Technology,MASTER,2 ans,Nice,VOLTIJD,ENG,Active,2026,"{""academic_cycle"":""2026"",""amount"":18000,""audience"":""international"",""credential"":""master"",""currency"":""EUR"",""fee_period"":""year""}",programme,Additional fees may apply; see the institution fee schedule,institution,Mandatory fees vary by institution and enrolment,Application fee not specified in local artifacts,"{""academic_cycle"":null,""amount"":null,""automatic_consideration"":null,""award_name"":null,""currency"":null,""details"":""gratuit en apprentissage"",""eligibility"":null,""funding_type"":""financial_aid_policy"",""repayable"":null,""separate_application_required"":null}",Varies,Funding options may be available,Varies,"Eligibility varies by citizenship, merit, and financial need",See funding provider deadlines,5,6.0 each,80,120,English proficiency test requirement varies,"{""periodNumber"": 1, ""semester"": ""VT"", ""year"": 2027}",2026-10-15,2025-12-01,2026-01-15,Not specified,https://businessdatascience.nl,University Bachelor's degree,3.0,4.0,"Grundläggande behörighet och minst 7,5 hp arkivvetenskap eller motsvarande kunskap samt 1 års arbetslivserfarenhet inom arkivsektorn.",Application form; CV or resume; transcripts; degree certificate; language proof; passport,2 recommendation letters,Statement of purpose or motivation letter,Portfolio requirement depends on the programme,"{""details"": ""DUO RIO reports GEEN_EISEN for EISEN_WERKZAAMHEDEN."", ""requirement_status"": ""not_required""}",Career opportunities related to other,Career opportunities related to other,5,0,5,33,13.16,1,0,40,0,100.00
Universiteit Leiden,Geneeskunde,NL,bachelor,other,leiden-nl-canary,705ee35e-ee7c-5f92-9b2f-326464160035,Geneeskunde,BACHELOR,"180 EC, 36 maanden",Arnhem,VOLTIJD,NLD,Active,2026 HT,GBP 9790 / annual (domestic),programme,Additional fees may apply; see the institution fee schedule,institution,Mandatory fees vary by institution and enrolment,Application fee not specified in local artifacts,"{""details"": ""Bursaries, scholarships and part-time work We offer a range of scholarships and bursaries for UK and international students , which provide extra financial support while you’re at university."", ""funding_type"": ""financial_aid_policy""}","{""amount"":15000,""currency"":""GBP""}","{""details"":""Have the opportunity to participate in competitions and other professional opportunities, including the Carleton Hobbs Bursary Award (radio), the Sam Wanamaker Festival (The Globe) and The Spotlight Prize (Industry)."",""funding_type"":""financial_aid_policy""}","{""amount"":15000,""currency"":""GBP""}","If you're eligible for a scholarship, you'll generally receive it automatically – there's no need to apply.",See funding provider deadlines,6,"{""minimum_each"": 6.5, ""minimum_overall"": 7, ""source_text"": ""equire a Student visa to study in the UK are welcome to apply for entry in September 2026 Test Grade Additional details IELTS (Academic) 7 with no less than 6.5 in each section TOEFL (iBT) 100 with minimum scores of 19 in Writing and Listening, 19 in Reading, 20 in Speaking If your qualification is not listed here, please take a look at our international entry requirements page or get in touch with our admissions team on the form below. Please note, to be accepted onto this course; you will also need to demonstrate that you meet the minimum standards o""}",100,105,"[""SAT or 33 in ACT""]","{""periodNumber"": 4, ""semester"": ""HT"", ""year"": 2026}",2026-04-15,2025-12-01,2027-01-13,True,https://www.artez.nl/opleidingen/bachelor/docent-beeldende-kunst-en-vormgeving-deeltijd-arnhem,Secondary school diploma,2.5,4.0,"Kurs motsvarande ABMM32 Arkivvetenskap: Förmedling och tillhandahållande, 7,5 hp, ABMM52 Biblioteks- och informationsvetenskap: Informationssökning och förmedling, 7,5 hp, eller ABMM72 Museologi: Materiell, immateriell och visuell kultur, 7,5 hp",academic qualifications; a personal statement; evidence of your English language skills (with relevant qualifications); a reference,Reference,Personal statement,plus a portfolio demonstrating artistic ability,"{""details"": ""DUO RIO reports GEEN_EISEN for EISEN_WERKZAAMHEDEN."", ""requirement_status"": ""not_required""}","{""data_period"": ""students graduating 2021-23"", ""measure"": ""graduates find their current work meaningful"", ""note"": ""data displayed is from students on this and other courses in Finance"", ""outcome_period"": ""15 months after graduation"", ""percentage"": 80}","{""audience"": null, ""description"": ""go on to work and/or study 15 months after the course"", ""outcome_type"": ""employment_rate"", ""percentage"": 85, ""population"": ""Creative arts and design graduates at Anglia Ruskin University""}",5,0,5,33,13.16,1,0,40,0,100.00
Universiteit Leiden,Statistics and Data Science,NL,master,computer science,leiden-nl-canary,73db1816-bfbf-5cec-b4ea-619146b93fdb,Statistics and Data Science,MASTER,2 ans,Biot,VOLTIJD,ENG,Active,2026,EUR 8500 / year,programme,Additional fees may apply; see the institution fee schedule,institution,Mandatory fees vary by institution and enrolment,Application fee not specified in local artifacts,"{""academic_cycle"":null,""amount"":null,""automatic_consideration"":null,""award_name"":null,""currency"":null,""details"":""gratuit en apprentissage"",""eligibility"":null,""funding_type"":""financial_aid_policy"",""repayable"":null,""separate_application_required"":null}",Varies,Funding options may be available,Varies,"Eligibility varies by citizenship, merit, and financial need",See funding provider deadlines,5,6.0 each,80,120,English proficiency test requirement varies,"{""start_date"": ""2027-08-01""}",2027-01-05,2025-12-01,2026-01-15,Not specified,https://businessdatascience.nl,University Bachelor's degree,3.0,4.0,"Grundläggande behörighet och minst 7,5 hp arkivvetenskap eller motsvarande kunskap samt 1 års arbetslivserfarenhet inom arkivsektorn.",Application form; CV or resume; transcripts; degree certificate; language proof; passport,2 recommendation letters,Statement of purpose or motivation letter,Portfolio requirement depends on the programme,"{""details"": ""DUO RIO reports GEEN_EISEN for EISEN_WERKZAAMHEDEN."", ""requirement_status"": ""not_required""}",Career opportunities related to computer science,Career opportunities related to computer science,5,0,5,33,13.16,1,0,40,0,100.00
Universiteit Utrecht,Computer Science,NL,bachelor,computer science,utrecht-nl-canary,fe10af71-36d5-5b3a-bf01-0cc5ae35cf66,Informatica,BACHELOR,"180 EC, 36 maanden",Science Park,VOLTIJD,NLD,Active,2026,GBP 45500 / annual (international),programme,Additional fees may apply; see the institution fee schedule,institution,Mandatory fees vary by institution and enrolment,Application fee not specified in local artifacts,"{""details"": ""More information Find out more about the TMUA , including information on how to book, test fees, bursaries for UK candidates in financial need, access arrangements and how to prepare."", ""funding_type"": ""financial_aid_policy""}","{""amount"":15000,""currency"":""GBP""}","{""details"":""Scholarships View all scholarships Imperial Inspires Scholarships Value per award £15,000 per year for each year of the course."",""funding_type"":""financial_aid_policy""}","{""amount"":15000,""currency"":""GBP""}","Imperial Bursary The Imperial Bursary is available to all Home undergraduate students with a household income below £70,000 per year.",See funding provider deadlines,6.5,"{""minimum_each"": 6.5, ""minimum_overall"": 7, ""source_text"": ""English Language grade B/6. GCSE/IGCSE English Literature will not be accepted in lieu of GCSE/IGCSE English Language. IELTS 7.0 overall, with no subscore below 6.5 TOEFL iBT 100 overall, with no subscore below 22 An acceptable equivalent qualification Students eligible for a contextual offer or with a WP flag will be required to evidence English language proficiency at GCSE English Language grade C/4. This concession only applies to GCSE/IGCSE. See our contextual admissions page for full details and to check your eligibility. If you need to""}","{""audience"": null, ""minimum_overall_score"": 78, ""test"": ""TOEFL iBT""}",105,"[""SAT or 33 in ACT""]","{""source_label"": ""Start date"", ""start_dates"": [""2027-09-01""]}",2027-01-13,2025-12-01,2027-01-13,True,http://uva.nl/bsc-informatica,Secondary school diploma,2.5,4.0,"[""Finnish matriculation examination"",""International Baccalaureate degree (IB)"",""European Baccalaureate degree (EB)"",""Deutsches Internationales Abitur degree (DIA) or Reifeprüfung degree (RP) in Finland"",""A Finnish vocational upper secondary qualification, further vocational qualification, or specialist vocational qualification as set in the Vocational Education Act (531/2017)"",""any other comparable upper secondary educational qualification that provides eligibility for university-level Bachelor’s studies in the country in question."",""Cambridge Assessment International Education A-level or Advanced International Certificate of Education degree (AICE)"",""has the right to study towards a university degree in Finland"",""holds a degree conferred by a Finnish higher education institution"",""holds at least a bachelor's level degree conferred by a foreign institution.""]",academic qualifications; a personal statement; evidence of your English language skills (with relevant qualifications); a reference,Reference,Personal statement,plus a portfolio demonstrating artistic ability,"{""details"": ""DUO RIO reports GEEN_EISEN for EISEN_WERKZAAMHEDEN."", ""requirement_status"": ""not_required""}","{""occupation"": ""Information Technology Professionals"", ""percentage"": 85, ""period"": ""15 months after the course""}","{""cohort"":""BA (Hons) Computer Science graduates at University of Cambridge"",""employment_rate"":""90%"",""period"":""15 months after the course""}",2,0,2,36,5.26,1,0,40,0,100.00
Universiteit Utrecht,Information Science,NL,bachelor,computer science,utrecht-nl-canary,80d11752-1297-5b81-aecd-cb6ab6bf37d1,Informatiekunde,BACHELOR,"180 EC, 36 maanden",Science Park,VOLTIJD,NLD,Active,2026,GBP 45500 / annual (international),programme,Additional fees may apply; see the institution fee schedule,institution,Mandatory fees vary by institution and enrolment,Application fee not specified in local artifacts,"{""details"": ""More information Find out more about the TMUA , including information on how to book, test fees, bursaries for UK candidates in financial need, access arrangements and how to prepare."", ""funding_type"": ""financial_aid_policy""}","{""amount"":15000,""currency"":""GBP""}","{""details"":""Scholarships View all scholarships Imperial Inspires Scholarships Value per award £15,000 per year for each year of the course."",""funding_type"":""financial_aid_policy""}","{""amount"":15000,""currency"":""GBP""}","Imperial Bursary The Imperial Bursary is available to all Home undergraduate students with a household income below £70,000 per year.",See funding provider deadlines,6.5,"{""minimum_each"": 6.5, ""minimum_overall"": 7, ""source_text"": ""English Language grade B/6. GCSE/IGCSE English Literature will not be accepted in lieu of GCSE/IGCSE English Language. IELTS 7.0 overall, with no subscore below 6.5 TOEFL iBT 100 overall, with no subscore below 22 An acceptable equivalent qualification Students eligible for a contextual offer or with a WP flag will be required to evidence English language proficiency at GCSE English Language grade C/4. This concession only applies to GCSE/IGCSE. See our contextual admissions page for full details and to check your eligibility. If you need to""}","{""audience"": null, ""minimum_overall_score"": 78, ""test"": ""TOEFL iBT""}",105,"[""SAT or 33 in ACT""]","{""source_label"": ""Start date"", ""start_dates"": [""2027-09-01""]}",2027-01-13,2025-12-01,2027-01-13,True,http://uva.nl/bsc-informatica,Secondary school diploma,2.5,4.0,"[""Finnish matriculation examination"",""International Baccalaureate degree (IB)"",""European Baccalaureate degree (EB)"",""Deutsches Internationales Abitur degree (DIA) or Reifeprüfung degree (RP) in Finland"",""A Finnish vocational upper secondary qualification, further vocational qualification, or specialist vocational qualification as set in the Vocational Education Act (531/2017)"",""any other comparable upper secondary educational qualification that provides eligibility for university-level Bachelor’s studies in the country in question."",""Cambridge Assessment International Education A-level or Advanced International Certificate of Education degree (AICE)"",""has the right to study towards a university degree in Finland"",""holds a degree conferred by a Finnish higher education institution"",""holds at least a bachelor's level degree conferred by a foreign institution.""]",academic qualifications; a personal statement; evidence of your English language skills (with relevant qualifications); a reference,Reference,Personal statement,plus a portfolio demonstrating artistic ability,"{""details"": ""DUO RIO reports GEEN_EISEN for EISEN_WERKZAAMHEDEN."", ""requirement_status"": ""not_required""}","{""occupation"": ""Information Technology Professionals"", ""percentage"": 85, ""period"": ""15 months after the course""}","{""cohort"":""BA (Hons) Computer Science graduates at University of Cambridge"",""employment_rate"":""90%"",""period"":""15 months after the course""}",2,0,2,36,5.26,1,0,40,0,100.00
Universiteit van Amsterdam,Cultuurwetenschappen,NL,bachelor,other,uva-nl-canary,f7fd244f-c807-5a05-82dc-58c2e0df2804,Cultuurwetenschappen,BACHELOR,"180 EC, 36 maanden",Roeterseiland campus,VOLTIJD,ENG,Active,2026 HT,GBP 9790 / annual (domestic),programme,Additional fees may apply; see the institution fee schedule,institution,Mandatory fees vary by institution and enrolment,Application fee not specified in local artifacts,"{""details"": ""Bursaries, scholarships and part-time work We offer a range of scholarships and bursaries for UK and international students , which provide extra financial support while you’re at university."", ""funding_type"": ""financial_aid_policy""}","{""amount"":15000,""currency"":""GBP""}","{""details"":""Have the opportunity to participate in competitions and other professional opportunities, including the Carleton Hobbs Bursary Award (radio), the Sam Wanamaker Festival (The Globe) and The Spotlight Prize (Industry)."",""funding_type"":""financial_aid_policy""}","{""amount"":15000,""currency"":""GBP""}","If you're eligible for a scholarship, you'll generally receive it automatically – there's no need to apply.",See funding provider deadlines,6,"{""minimum_each"": 6.5, ""minimum_overall"": 7, ""source_text"": ""equire a Student visa to study in the UK are welcome to apply for entry in September 2026 Test Grade Additional details IELTS (Academic) 7 with no less than 6.5 in each section TOEFL (iBT) 100 with minimum scores of 19 in Writing and Listening, 19 in Reading, 20 in Speaking If your qualification is not listed here, please take a look at our international entry requirements page or get in touch with our admissions team on the form below. Please note, to be accepted onto this course; you will also need to demonstrate that you meet the minimum standards o""}",100,105,"[""SAT or 33 in ACT""]","{""periodNumber"": 4, ""semester"": ""HT"", ""year"": 2026}",2026-04-15,2025-12-01,2027-01-13,True,https://www.uva.nl/shared-content/programmas/en/bachelors/human-geography-and-planning/human-geography-and-planning.html,Secondary school diploma,2.5,4.0,"Kurs motsvarande ABMM32 Arkivvetenskap: Förmedling och tillhandahållande, 7,5 hp, ABMM52 Biblioteks- och informationsvetenskap: Informationssökning och förmedling, 7,5 hp, eller ABMM72 Museologi: Materiell, immateriell och visuell kultur, 7,5 hp",academic qualifications; a personal statement; evidence of your English language skills (with relevant qualifications); a reference,Reference,Personal statement,plus a portfolio demonstrating artistic ability,"{""details"": ""DUO RIO reports GEEN_EISEN for EISEN_WERKZAAMHEDEN."", ""requirement_status"": ""not_required""}","{""data_period"": ""students graduating 2021-23"", ""measure"": ""graduates find their current work meaningful"", ""note"": ""data displayed is from students on this and other courses in Finance"", ""outcome_period"": ""15 months after graduation"", ""percentage"": 80}","{""audience"": null, ""description"": ""go on to work and/or study 15 months after the course"", ""outcome_type"": ""employment_rate"", ""percentage"": 85, ""population"": ""Creative arts and design graduates at Anglia Ruskin University""}",6,0,7,31,18.42,2,0,40,0,100.00
Universiteit van Amsterdam,Informatica,NL,bachelor,computer science,uva-nl-canary,2d63a989-f592-52d3-9a35-1cab15b8fafe,Informatica,BACHELOR,"180 EC, 36 maanden",Science Park,VOLTIJD,NLD,Active,2026,GBP 45500 / annual (international),programme,Additional fees may apply; see the institution fee schedule,institution,Mandatory fees vary by institution and enrolment,Application fee not specified in local artifacts,"{""details"": ""More information Find out more about the TMUA , including information on how to book, test fees, bursaries for UK candidates in financial need, access arrangements and how to prepare."", ""funding_type"": ""financial_aid_policy""}","{""amount"":15000,""currency"":""GBP""}","{""details"":""Scholarships View all scholarships Imperial Inspires Scholarships Value per award £15,000 per year for each year of the course."",""funding_type"":""financial_aid_policy""}","{""amount"":15000,""currency"":""GBP""}","Imperial Bursary The Imperial Bursary is available to all Home undergraduate students with a household income below £70,000 per year.",See funding provider deadlines,6.5,"{""minimum_each"": 6.5, ""minimum_overall"": 7, ""source_text"": ""English Language grade B/6. GCSE/IGCSE English Literature will not be accepted in lieu of GCSE/IGCSE English Language. IELTS 7.0 overall, with no subscore below 6.5 TOEFL iBT 100 overall, with no subscore below 22 An acceptable equivalent qualification Students eligible for a contextual offer or with a WP flag will be required to evidence English language proficiency at GCSE English Language grade C/4. This concession only applies to GCSE/IGCSE. See our contextual admissions page for full details and to check your eligibility. If you need to""}","{""audience"": null, ""minimum_overall_score"": 78, ""test"": ""TOEFL iBT""}",105,"[""SAT or 33 in ACT""]","{""source_label"": ""Start date"", ""start_dates"": [""2027-09-01""]}",2027-01-13,2025-12-01,2027-01-13,True,http://uva.nl/bsc-informatica,Secondary school diploma,2.5,4.0,"[""Finnish matriculation examination"",""International Baccalaureate degree (IB)"",""European Baccalaureate degree (EB)"",""Deutsches Internationales Abitur degree (DIA) or Reifeprüfung degree (RP) in Finland"",""A Finnish vocational upper secondary qualification, further vocational qualification, or specialist vocational qualification as set in the Vocational Education Act (531/2017)"",""any other comparable upper secondary educational qualification that provides eligibility for university-level Bachelor’s studies in the country in question."",""Cambridge Assessment International Education A-level or Advanced International Certificate of Education degree (AICE)"",""has the right to study towards a university degree in Finland"",""holds a degree conferred by a Finnish higher education institution"",""holds at least a bachelor's level degree conferred by a foreign institution.""]",academic qualifications; a personal statement; evidence of your English language skills (with relevant qualifications); a reference,Reference,Personal statement,plus a portfolio demonstrating artistic ability,"{""details"": ""DUO RIO reports GEEN_EISEN for EISEN_WERKZAAMHEDEN."", ""requirement_status"": ""not_required""}","{""occupation"": ""Information Technology Professionals"", ""percentage"": 85, ""period"": ""15 months after the course""}","{""cohort"":""BA (Hons) Computer Science graduates at University of Cambridge"",""employment_rate"":""90%"",""period"":""15 months after the course""}",6,0,8,30,21.05,2,0,40,0,100.00
Wageningen University,Business and Consumer Studies,NL,bachelor,other,wageningen-nl-canary,626e1529-04bc-5ccd-be3e-78268b0a4e35,Bedrijfs- en Consumentenwetenschappen,BACHELOR,"180 EC, 36 maanden",Arnhem,VOLTIJD,NLD,Active,2026 HT,GBP 9790 / annual (domestic),programme,Additional fees may apply; see the institution fee schedule,institution,Mandatory fees vary by institution and enrolment,Application fee not specified in local artifacts,"{""details"": ""Bursaries, scholarships and part-time work We offer a range of scholarships and bursaries for UK and international students , which provide extra financial support while you’re at university."", ""funding_type"": ""financial_aid_policy""}","{""amount"":15000,""currency"":""GBP""}","{""details"":""Have the opportunity to participate in competitions and other professional opportunities, including the Carleton Hobbs Bursary Award (radio), the Sam Wanamaker Festival (The Globe) and The Spotlight Prize (Industry)."",""funding_type"":""financial_aid_policy""}","{""amount"":15000,""currency"":""GBP""}","If you're eligible for a scholarship, you'll generally receive it automatically – there's no need to apply.",See funding provider deadlines,6,"{""minimum_each"": 6.5, ""minimum_overall"": 7, ""source_text"": ""equire a Student visa to study in the UK are welcome to apply for entry in September 2026 Test Grade Additional details IELTS (Academic) 7 with no less than 6.5 in each section TOEFL (iBT) 100 with minimum scores of 19 in Writing and Listening, 19 in Reading, 20 in Speaking If your qualification is not listed here, please take a look at our international entry requirements page or get in touch with our admissions team on the form below. Please note, to be accepted onto this course; you will also need to demonstrate that you meet the minimum standards o""}",100,105,"[""SAT or 33 in ACT""]","{""periodNumber"": 4, ""semester"": ""HT"", ""year"": 2026}",2026-04-15,2025-12-01,2027-01-13,True,http://www.wur.nl/bbc,Secondary school diploma,2.5,4.0,"Kurs motsvarande ABMM32 Arkivvetenskap: Förmedling och tillhandahållande, 7,5 hp, ABMM52 Biblioteks- och informationsvetenskap: Informationssökning och förmedling, 7,5 hp, eller ABMM72 Museologi: Materiell, immateriell och visuell kultur, 7,5 hp",academic qualifications; a personal statement; evidence of your English language skills (with relevant qualifications); a reference,Reference,Personal statement,plus a portfolio demonstrating artistic ability,"{""details"": ""DUO RIO reports GEEN_EISEN for EISEN_WERKZAAMHEDEN."", ""requirement_status"": ""not_required""}","{""data_period"": ""students graduating 2021-23"", ""measure"": ""graduates find their current work meaningful"", ""note"": ""data displayed is from students on this and other courses in Finance"", ""outcome_period"": ""15 months after graduation"", ""percentage"": 80}","{""audience"": null, ""description"": ""go on to work and/or study 15 months after the course"", ""outcome_type"": ""employment_rate"", ""percentage"": 85, ""population"": ""Creative arts and design graduates at Anglia Ruskin University""}",6,0,6,32,15.79,1,0,40,0,100.00
Wageningen University,Plant Sciences,NL,master,other,wageningen-nl-canary,e1eee6f6-bda2-5cbb-9419-21c682bfc19b,Plant Sciences,MASTER,2 ans,Nice,VOLTIJD,NLD,Active,2026,"{""academic_cycle"":""2026"",""amount"":18000,""audience"":""international"",""credential"":""master"",""currency"":""EUR"",""fee_period"":""year""}",programme,Additional fees may apply; see the institution fee schedule,institution,Mandatory fees vary by institution and enrolment,Application fee not specified in local artifacts,"{""academic_cycle"":null,""amount"":null,""automatic_consideration"":null,""award_name"":null,""currency"":null,""details"":""gratuit en apprentissage"",""eligibility"":null,""funding_type"":""financial_aid_policy"",""repayable"":null,""separate_application_required"":null}",Varies,Funding options may be available,Varies,"Eligibility varies by citizenship, merit, and financial need",See funding provider deadlines,5,6.0 each,80,120,English proficiency test requirement varies,"{""periodNumber"": 1, ""semester"": ""VT"", ""year"": 2027}",2026-10-15,2025-12-01,2026-01-15,Not specified,http://www.wur.nl/bbc,University Bachelor's degree,3.0,4.0,"Grundläggande behörighet och minst 7,5 hp arkivvetenskap eller motsvarande kunskap samt 1 års arbetslivserfarenhet inom arkivsektorn.",Application form; CV or resume; transcripts; degree certificate; language proof; passport,2 recommendation letters,Statement of purpose or motivation letter,Portfolio requirement depends on the programme,"{""details"": ""DUO RIO reports GEEN_EISEN for EISEN_WERKZAAMHEDEN."", ""requirement_status"": ""not_required""}",Career opportunities related to other,Career opportunities related to other,2,0,2,36,5.26,1,0,40,0,100.00
KTH Royal Institute of Technology,Architecture and Gender: Essay,SE,master,other,kth-se-canary,d03f735a-52cb-5656-ad23-d9fa0196ae4f,Architecture and Gender: Essay,avancerad,2 ans,Nice,"temps plein, cours en présentiel",eng,Active,2027 VT period 1,"{""academic_cycle"":""2026"",""amount"":18000,""audience"":""international"",""credential"":""master"",""currency"":""EUR"",""fee_period"":""year""}",programme,Additional fees may apply; see the institution fee schedule,institution,Mandatory fees vary by institution and enrolment,Application fee not specified in local artifacts,"{""academic_cycle"":null,""amount"":null,""automatic_consideration"":null,""award_name"":null,""currency"":null,""details"":""gratuit en apprentissage"",""eligibility"":null,""funding_type"":""financial_aid_policy"",""repayable"":null,""separate_application_required"":null}",Varies,Funding options may be available,Varies,"Eligibility varies by citizenship, merit, and financial need",See funding provider deadlines,5,6.0 each,80,120,English proficiency test requirement varies,"{""periodNumber"": 1, ""semester"": ""VT"", ""year"": 2027}",2026-10-15,2026-12-01,2027-01-15,Not specified,https://univ-cotedazur.fr/servlet/com.jsbsoft.jtf.core.SG?%23ECRAN_LOGIQUE%23=RECHERCHE&PROC=RECHERCHE&ACTION=VALIDER&RH=1595659207794&OBJET=FORMATION&LANGUE=0&FORMATION_INITIALE=&REPRISE_ETUDES=&PARTIELLEMENT_DISTANCE=&TOTALEMENT_DISTANCE=&ALTERNANCE=&LIBELLE=&GRADE=0000&TYPE_DIPLOME=MASTER&FORMATION=0000&MODALITE=ALTERNANCE&DOMAINE_LMD=0000,University Bachelor's degree,3.0,4.0,"Grundläggande behörighet och minst 7,5 hp arkivvetenskap eller motsvarande kunskap samt 1 års arbetslivserfarenhet inom arkivsektorn.",Application form; CV or resume; transcripts; degree certificate; language proof; passport,2 recommendation letters,Statement of purpose or motivation letter,Portfolio requirement depends on the programme,"{""details"": ""1 års arbetslivserfarenhet inom arkivsektorn"", ""requirement_status"": ""required""}",Career opportunities related to other,Career opportunities related to other,4,0,6,32,15.79,3,0,40,0,100.00
KTH Royal Institute of Technology,Architecture and Gender: Introduction,SE,bachelor,other,kth-se-canary,e1c56462-e350-50c0-bd4f-c34671fd3d61,Architecture and Gender: Introduction,avancerad,3 ans,Nice,Full time,eng,Active,2026 HT,GBP 9790 / annual (domestic),programme,Additional fees may apply; see the institution fee schedule,institution,Mandatory fees vary by institution and enrolment,Application fee not specified in local artifacts,"{""details"": ""Bursaries, scholarships and part-time work We offer a range of scholarships and bursaries for UK and international students , which provide extra financial support while you’re at university."", ""funding_type"": ""financial_aid_policy""}","{""amount"":15000,""currency"":""GBP""}","{""details"":""Have the opportunity to participate in competitions and other professional opportunities, including the Carleton Hobbs Bursary Award (radio), the Sam Wanamaker Festival (The Globe) and The Spotlight Prize (Industry)."",""funding_type"":""financial_aid_policy""}","{""amount"":15000,""currency"":""GBP""}","If you're eligible for a scholarship, you'll generally receive it automatically – there's no need to apply.",See funding provider deadlines,6,"{""minimum_each"": 6.5, ""minimum_overall"": 7, ""source_text"": ""equire a Student visa to study in the UK are welcome to apply for entry in September 2026 Test Grade Additional details IELTS (Academic) 7 with no less than 6.5 in each section TOEFL (iBT) 100 with minimum scores of 19 in Writing and Listening, 19 in Reading, 20 in Speaking If your qualification is not listed here, please take a look at our international entry requirements page or get in touch with our admissions team on the form below. Please note, to be accepted onto this course; you will also need to demonstrate that you meet the minimum standards o""}",100,105,"[""SAT or 33 in ACT""]","{""periodNumber"": 4, ""semester"": ""HT"", ""year"": 2026}",2026-04-15,2025-12-01,2027-01-13,True,https://www.uca.fr/formation/nos-formations/par-ufr-ecoles-et-iut/iut-clermont-auvergne/but/but-techniques-de-commercialisation-moulins-1#inscriptions,Secondary school diploma,2.5,4.0,"Kurs motsvarande ABMM32 Arkivvetenskap: Förmedling och tillhandahållande, 7,5 hp, ABMM52 Biblioteks- och informationsvetenskap: Informationssökning och förmedling, 7,5 hp, eller ABMM72 Museologi: Materiell, immateriell och visuell kultur, 7,5 hp",academic qualifications; a personal statement; evidence of your English language skills (with relevant qualifications); a reference,Reference,Personal statement,plus a portfolio demonstrating artistic ability,"{""details"": ""Programme title is ALM: Work Experience; no work experience requirement is published in the source."", ""requirement_status"": null}","{""data_period"": ""students graduating 2021-23"", ""measure"": ""graduates find their current work meaningful"", ""note"": ""data displayed is from students on this and other courses in Finance"", ""outcome_period"": ""15 months after graduation"", ""percentage"": 80}","{""audience"": null, ""description"": ""go on to work and/or study 15 months after the course"", ""outcome_type"": ""employment_rate"", ""percentage"": 85, ""population"": ""Creative arts and design graduates at Anglia Ruskin University""}",4,0,6,32,15.79,3,0,40,0,100.00
Lund University,AI and Digitization in the Archive Sector,SE,master,computer science,lund-se-canary,d50de2d3-1fef-5ea0-8ba0-bd3213a09956,AI and Digitization in the Archive Sector,grund,2 ans,Biot,"temps plein, cours en présentiel",swe,Active,2026 HT,EUR 8500 / year,programme,Additional fees may apply; see the institution fee schedule,institution,Mandatory fees vary by institution and enrolment,Application fee not specified in local artifacts,"{""academic_cycle"":null,""amount"":null,""automatic_consideration"":null,""award_name"":null,""currency"":null,""details"":""gratuit en apprentissage"",""eligibility"":null,""funding_type"":""financial_aid_policy"",""repayable"":null,""separate_application_required"":null}",Varies,Funding options may be available,Varies,"Eligibility varies by citizenship, merit, and financial need",See funding provider deadlines,5,6.0 each,80,120,English proficiency test requirement varies,"{""periodNumber"":5,""semester"":""HT"",""year"":2026}","{""audience"": null, ""date"": ""2026-04-15"", ""intake"": ""year=2026; semester=HT; periodNumber=4""}",2025-12-01,2026-01-15,Not specified,https://opintopolku.fi/hakemus/hakukohde/1.2.246.562.20.00000000000000091188?lang=en,University Bachelor's degree,3.0,4.0,"Grundläggande behörighet och minst 7,5 hp arkivvetenskap eller motsvarande kunskap samt 1 års arbetslivserfarenhet inom arkivsektorn.",Application form; CV or resume; transcripts; degree certificate; language proof; passport,2 recommendation letters,Statement of purpose or motivation letter,Portfolio requirement depends on the programme,"{""details"": ""1 års arbetslivserfarenhet inom arkivsektorn"", ""requirement_status"": ""required""}",Career opportunities related to computer science,Career opportunities related to computer science,5,1,8,30,21.05,4,1,40,0,100.00
Lund University,ALM: Work Experience,SE,bachelor,other,lund-se-canary,228d9843-a888-597d-aa24-e964922f0c34,ALM: Work Experience,avancerad,3 ans,Nice,Full time,swe,Active,2026 HT,GBP 9790 / annual (domestic),programme,Additional fees may apply; see the institution fee schedule,institution,Mandatory fees vary by institution and enrolment,Application fee not specified in local artifacts,"{""details"": ""Bursaries, scholarships and part-time work We offer a range of scholarships and bursaries for UK and international students , which provide extra financial support while you’re at university."", ""funding_type"": ""financial_aid_policy""}","{""amount"":15000,""currency"":""GBP""}","{""details"":""Have the opportunity to participate in competitions and other professional opportunities, including the Carleton Hobbs Bursary Award (radio), the Sam Wanamaker Festival (The Globe) and The Spotlight Prize (Industry)."",""funding_type"":""financial_aid_policy""}","{""amount"":15000,""currency"":""GBP""}","If you're eligible for a scholarship, you'll generally receive it automatically – there's no need to apply.",See funding provider deadlines,6,"{""minimum_each"": 6.5, ""minimum_overall"": 7, ""source_text"": ""equire a Student visa to study in the UK are welcome to apply for entry in September 2026 Test Grade Additional details IELTS (Academic) 7 with no less than 6.5 in each section TOEFL (iBT) 100 with minimum scores of 19 in Writing and Listening, 19 in Reading, 20 in Speaking If your qualification is not listed here, please take a look at our international entry requirements page or get in touch with our admissions team on the form below. Please note, to be accepted onto this course; you will also need to demonstrate that you meet the minimum standards o""}",100,105,"[""SAT or 33 in ACT""]","{""periodNumber"": 5, ""semester"": ""HT"", ""year"": 2026}",2026-04-15,2025-12-01,2027-01-13,True,https://www.uca.fr/formation/nos-formations/par-ufr-ecoles-et-iut/iut-clermont-auvergne/but/but-techniques-de-commercialisation-moulins-1#inscriptions,Secondary school diploma,2.5,4.0,"Kurs motsvarande ABMM32 Arkivvetenskap: Förmedling och tillhandahållande, 7,5 hp, ABMM52 Biblioteks- och informationsvetenskap: Informationssökning och förmedling, 7,5 hp, eller ABMM72 Museologi: Materiell, immateriell och visuell kultur, 7,5 hp",academic qualifications; a personal statement; evidence of your English language skills (with relevant qualifications); a reference,Reference,Personal statement,plus a portfolio demonstrating artistic ability,"{""details"": ""Programme title is ALM: Work Experience; no work experience requirement is published in the source."", ""requirement_status"": null}","{""data_period"": ""students graduating 2021-23"", ""measure"": ""graduates find their current work meaningful"", ""note"": ""data displayed is from students on this and other courses in Finance"", ""outcome_period"": ""15 months after graduation"", ""percentage"": 80}","{""audience"": null, ""description"": ""go on to work and/or study 15 months after the course"", ""outcome_type"": ""employment_rate"", ""percentage"": 85, ""population"": ""Creative arts and design graduates at Anglia Ruskin University""}",6,0,8,30,21.05,3,0,40,0,100.00
Uppsala University,Floristics and Faunistics L,SE,bachelor,other,uppsala-se-canary,7670144e-e4f8-58af-be95-830fb3831ee2,Floristics and Faunistics L,grund,3 ans,Nice,Full time,swe,Active,2026 VT,GBP 9790 / annual (domestic),programme,Additional fees may apply; see the institution fee schedule,institution,Mandatory fees vary by institution and enrolment,Application fee not specified in local artifacts,"{""details"": ""Bursaries, scholarships and part-time work We offer a range of scholarships and bursaries for UK and international students , which provide extra financial support while you’re at university."", ""funding_type"": ""financial_aid_policy""}","{""amount"":15000,""currency"":""GBP""}","{""details"":""Have the opportunity to participate in competitions and other professional opportunities, including the Carleton Hobbs Bursary Award (radio), the Sam Wanamaker Festival (The Globe) and The Spotlight Prize (Industry)."",""funding_type"":""financial_aid_policy""}","{""amount"":15000,""currency"":""GBP""}","If you're eligible for a scholarship, you'll generally receive it automatically – there's no need to apply.",See funding provider deadlines,6,"{""minimum_each"": 6.5, ""minimum_overall"": 7, ""source_text"": ""equire a Student visa to study in the UK are welcome to apply for entry in September 2026 Test Grade Additional details IELTS (Academic) 7 with no less than 6.5 in each section TOEFL (iBT) 100 with minimum scores of 19 in Writing and Listening, 19 in Reading, 20 in Speaking If your qualification is not listed here, please take a look at our international entry requirements page or get in touch with our admissions team on the form below. Please note, to be accepted onto this course; you will also need to demonstrate that you meet the minimum standards o""}",100,105,"[""SAT or 33 in ACT""]","{""periodNumber"": 3, ""semester"": ""VT"", ""year"": 2026}",2026-03-16,2025-12-01,2027-01-13,True,https://www.uca.fr/formation/nos-formations/par-ufr-ecoles-et-iut/iut-clermont-auvergne/but/but-techniques-de-commercialisation-moulins-1#inscriptions,Secondary school diploma,2.5,4.0,Grundläggande behörighet,academic qualifications; a personal statement; evidence of your English language skills (with relevant qualifications); a reference,Reference,Personal statement,plus a portfolio demonstrating artistic ability,"{""details"": ""Programme title is ALM: Work Experience; no work experience requirement is published in the source."", ""requirement_status"": null}","{""data_period"": ""students graduating 2021-23"", ""measure"": ""graduates find their current work meaningful"", ""note"": ""data displayed is from students on this and other courses in Finance"", ""outcome_period"": ""15 months after graduation"", ""percentage"": 80}","{""audience"": null, ""description"": ""go on to work and/or study 15 months after the course"", ""outcome_type"": ""employment_rate"", ""percentage"": 85, ""population"": ""Creative arts and design graduates at Anglia Ruskin University""}",5,0,7,31,18.42,3,0,40,0,100.00
Uppsala University,Natural Science and Science Education,SE,bachelor,other,uppsala-se-canary,db815ea7-641e-5c5b-b5fd-46811d987bef,Natural Science and Science Education,grund,3 ans,Nice,Full time,swe,Active,2026 HT,GBP 9790 / annual (domestic),programme,Additional fees may apply; see the institution fee schedule,institution,Mandatory fees vary by institution and enrolment,Application fee not specified in local artifacts,"{""details"": ""Bursaries, scholarships and part-time work We offer a range of scholarships and bursaries for UK and international students , which provide extra financial support while you’re at university."", ""funding_type"": ""financial_aid_policy""}","{""amount"":15000,""currency"":""GBP""}","{""details"":""Have the opportunity to participate in competitions and other professional opportunities, including the Carleton Hobbs Bursary Award (radio), the Sam Wanamaker Festival (The Globe) and The Spotlight Prize (Industry)."",""funding_type"":""financial_aid_policy""}","{""amount"":15000,""currency"":""GBP""}","If you're eligible for a scholarship, you'll generally receive it automatically – there's no need to apply.",See funding provider deadlines,6,"{""minimum_each"": 6.5, ""minimum_overall"": 7, ""source_text"": ""equire a Student visa to study in the UK are welcome to apply for entry in September 2026 Test Grade Additional details IELTS (Academic) 7 with no less than 6.5 in each section TOEFL (iBT) 100 with minimum scores of 19 in Writing and Listening, 19 in Reading, 20 in Speaking If your qualification is not listed here, please take a look at our international entry requirements page or get in touch with our admissions team on the form below. Please note, to be accepted onto this course; you will also need to demonstrate that you meet the minimum standards o""}",100,105,"[""SAT or 33 in ACT""]","{""periodNumber"": 4, ""semester"": ""HT"", ""year"": 2026}",2026-04-15,2025-12-01,2027-01-13,True,https://www.uca.fr/formation/nos-formations/par-ufr-ecoles-et-iut/iut-clermont-auvergne/but/but-techniques-de-commercialisation-moulins-1#inscriptions,Secondary school diploma,2.5,4.0,"Biologi A - mönster, processer och didaktik, 22,5 hp, Grundläggande kemi, 10 hp, Kemiska principer II, 5 hp, Organisk kemi I, 10 hp, Biokemi I, 5 hp eller motsvarande.",academic qualifications; a personal statement; evidence of your English language skills (with relevant qualifications); a reference,Reference,Personal statement,plus a portfolio demonstrating artistic ability,"{""details"": ""Programme title is ALM: Work Experience; no work experience requirement is published in the source."", ""requirement_status"": null}","{""data_period"": ""students graduating 2021-23"", ""measure"": ""graduates find their current work meaningful"", ""note"": ""data displayed is from students on this and other courses in Finance"", ""outcome_period"": ""15 months after graduation"", ""percentage"": 80}","{""audience"": null, ""description"": ""go on to work and/or study 15 months after the course"", ""outcome_type"": ""employment_rate"", ""percentage"": 85, ""population"": ""Creative arts and design graduates at Anglia Ruskin University""}",5,0,7,31,18.42,3,0,40,0,100.00
Abingdon and Witney College,Business and Management Practice,UK,bachelor,business,discover-uk-stage1-001,87ff2832-35fa-524a-9ae3-c8b7aeabad3b,FdA Business and Management Practice,FdA,2 year course,Abingdon and Witney College,Full time,English,Active,2026 HT,GBP 9900 / annual (international),programme,Additional fees may apply; see the institution fee schedule,institution,Mandatory fees vary by institution and enrolment,Application fee not specified in local artifacts,"{""details"": ""Financial support and scholarships For general sources of financial support, see our Fees and funding pages."", ""funding_type"": ""financial_aid_policy""}","{""amount"":15000,""currency"":""GBP""}","{""details"":""Financial support and scholarships For general sources of financial support, see our Fees and funding pages."",""funding_type"":""financial_aid_policy""}","{""amount"":15000,""currency"":""GBP""}",Students with children or dependant adults may qualify for a Childcare Grant or Adult Dependants' Grant.,See funding provider deadlines,6,"{""minimum_each"": 5.5, ""minimum_overall"": 6, ""source_text"": ""nables you to progress onto year 1 of this degree. English language requirements If English is not your first language, IELTS 6.0 overall with a minimum of 5.5 in each element. Find out about the other English qualifications that we accept . Studied before or got relevant experience? If you have suitable qualifications, credits from a previous university course or relevant professional experience, these could count towards your course at Brighton and you could start the course in year 2 or 3. Transferring from another university Thinking about""}",100,105,"[""SAT or 33 in ACT""]","{""source_label"": ""Start date"", ""start_dates"": [""2026-09-01""]}",2027-01-13,2025-12-01,2027-01-13,True,https://www.brookes.ac.uk/courses/undergraduate/business-and-management-practice-fda,Secondary school diploma,2.5,4.0,including Mathematics and English Language or equivalents,academic qualifications; a personal statement; evidence of your English language skills (with relevant qualifications); a reference,Reference,Personal statement,plus a portfolio demonstrating artistic ability,"{""details"": ""Relevant work experience may be considered if you do not meet the above criteria"", ""requirement_status"": ""conditional""}","[{""outcome_type"":""graduate_perception"",""period"":""15 months after graduation"",""population"":""Agriculture, food and related studies graduates at Askham Bryan College"",""statement"":""100% of graduates find their current work meaningful""},{""outcome_type"":""graduate_perception"",""period"":""15 months after graduation"",""population"":""Agriculture, food and related studies graduates at Askham Bryan College"",""statement"":""80% Usefulness I am utilising what I learnt during my studies in my current work.""},{""outcome_type"":""graduate_perception"",""period"":""15 months after graduation"",""population"":""Agriculture, food and related studies graduates at Askham Bryan College"",""statement"":""100% Meaningfulness My current work is meaningful.""},{""amount"":18500,""currency"":""GBP"",""outcome_type"":""median_earnings"",""period"":""3 years after the course"",""population"":""Animal science graduates at Askham Bryan College""},{""outcome_type"":""graduate_perception"",""period"":""15 months after graduation"",""population"":""Agriculture, food and related studies graduates at Askham Bryan College"",""statement"":""80% Future My current work fits with my future plans.""}]","{""audience"": null, ""outcome_type"": ""employment_or_study_rate"", ""percentage"": 80, ""period"": ""15 months after the course"", ""population"": ""Agriculture, food and related studies graduates at Askham Bryan College""}",10,0,11,27,28.95,3,0,40,0,100.00
Abingdon and Witney College,Business and Management Practice,UK,bachelor,business,discover-uk-stage1-001,1370d5b6-1a85-52bd-ab33-535fe62aeee9,FdA Business and Management Practice,FdA,2 year course,Abingdon and Witney College,Full time,English,Active,2026 HT,GBP 9900 / annual (international),programme,Additional fees may apply; see the institution fee schedule,institution,Mandatory fees vary by institution and enrolment,Application fee not specified in local artifacts,"{""details"": ""Financial support and scholarships For general sources of financial support, see our Fees and funding pages."", ""funding_type"": ""financial_aid_policy""}","{""amount"":15000,""currency"":""GBP""}","{""details"":""Financial support and scholarships For general sources of financial support, see our Fees and funding pages."",""funding_type"":""financial_aid_policy""}","{""amount"":15000,""currency"":""GBP""}",Students with children or dependant adults may qualify for a Childcare Grant or Adult Dependants' Grant.,See funding provider deadlines,6,"{""minimum_each"": 5.5, ""minimum_overall"": 6, ""source_text"": ""nables you to progress onto year 1 of this degree. English language requirements If English is not your first language, IELTS 6.0 overall with a minimum of 5.5 in each element. Find out about the other English qualifications that we accept . Studied before or got relevant experience? If you have suitable qualifications, credits from a previous university course or relevant professional experience, these could count towards your course at Brighton and you could start the course in year 2 or 3. Transferring from another university Thinking about""}",100,105,"[""SAT or 33 in ACT""]","{""source_label"": ""Start date"", ""start_dates"": [""2026-09-01""]}",2027-01-13,2025-12-01,2027-01-13,True,https://www.brookes.ac.uk/courses/undergraduate/business-and-management-practice-fda,Secondary school diploma,2.5,4.0,including Mathematics and English Language or equivalents,academic qualifications; a personal statement; evidence of your English language skills (with relevant qualifications); a reference,Reference,Personal statement,plus a portfolio demonstrating artistic ability,"{""details"": ""Relevant work experience may be considered if you do not meet the above criteria"", ""requirement_status"": ""conditional""}","[{""outcome_type"":""graduate_perception"",""period"":""15 months after graduation"",""population"":""Agriculture, food and related studies graduates at Askham Bryan College"",""statement"":""100% of graduates find their current work meaningful""},{""outcome_type"":""graduate_perception"",""period"":""15 months after graduation"",""population"":""Agriculture, food and related studies graduates at Askham Bryan College"",""statement"":""80% Usefulness I am utilising what I learnt during my studies in my current work.""},{""outcome_type"":""graduate_perception"",""period"":""15 months after graduation"",""population"":""Agriculture, food and related studies graduates at Askham Bryan College"",""statement"":""100% Meaningfulness My current work is meaningful.""},{""amount"":18500,""currency"":""GBP"",""outcome_type"":""median_earnings"",""period"":""3 years after the course"",""population"":""Animal science graduates at Askham Bryan College""},{""outcome_type"":""graduate_perception"",""period"":""15 months after graduation"",""population"":""Agriculture, food and related studies graduates at Askham Bryan College"",""statement"":""80% Future My current work fits with my future plans.""}]","{""audience"": null, ""outcome_type"": ""employment_or_study_rate"", ""percentage"": 80, ""period"": ""15 months after the course"", ""population"": ""Agriculture, food and related studies graduates at Askham Bryan College""}",5,5,11,27,28.95,3,5,40,0,100.00
All Nations Christian College,Biblical and Intercultural Studies,UK,bachelor,other,discover-uk-stage1-003,60e2e546-beec-559f-8803-ff7d234c1959,Biblical and Intercultural Studies,DipHE,2 year course,All Nations Christian College,Full time,Dutch,Active,2026 HT,GBP 9790 / annual (domestic),programme,Additional fees may apply; see the institution fee schedule,institution,Mandatory fees vary by institution and enrolment,Application fee not specified in local artifacts,"{""details"": ""Bursaries, scholarships and part-time work We offer a range of scholarships and bursaries for UK and international students , which provide extra financial support while you’re at university."", ""funding_type"": ""financial_aid_policy""}","{""amount"":15000,""currency"":""GBP""}","{""details"":""Have the opportunity to participate in competitions and other professional opportunities, including the Carleton Hobbs Bursary Award (radio), the Sam Wanamaker Festival (The Globe) and The Spotlight Prize (Industry)."",""funding_type"":""financial_aid_policy""}","{""amount"":15000,""currency"":""GBP""}","If you're eligible for a scholarship, you'll generally receive it automatically – there's no need to apply.",See funding provider deadlines,6,"{""minimum_each"": 6.5, ""minimum_overall"": 7, ""source_text"": ""equire a Student visa to study in the UK are welcome to apply for entry in September 2026 Test Grade Additional details IELTS (Academic) 7 with no less than 6.5 in each section TOEFL (iBT) 100 with minimum scores of 19 in Writing and Listening, 19 in Reading, 20 in Speaking If your qualification is not listed here, please take a look at our international entry requirements page or get in touch with our admissions team on the form below. Please note, to be accepted onto this course; you will also need to demonstrate that you meet the minimum standards o""}",100,105,"[""SAT or 33 in ACT""]","{""source_label"": ""Start date"", ""start_dates"": [""2027-09-01""]}",2027-01-13,2025-12-01,2027-01-13,True,https://www.allnations.ac.uk/courses/diploma-in-biblical-studies,Secondary school diploma,2.5,4.0,including English and Maths or equivalent qualification,academic qualifications; a personal statement; evidence of your English language skills (with relevant qualifications); a reference,Reference,Personal statement,plus a portfolio demonstrating artistic ability,"{""details"": ""mature students with relevant life or employment experience will also be considered individually"", ""requirement_status"": ""conditional""}","{""data_period"": ""students graduating 2021-23"", ""measure"": ""graduates find their current work meaningful"", ""note"": ""data displayed is from students on this and other courses in Finance"", ""outcome_period"": ""15 months after graduation"", ""percentage"": 80}","{""audience"": null, ""description"": ""go on to work and/or study 15 months after the course"", ""outcome_type"": ""employment_rate"", ""percentage"": 85, ""population"": ""Creative arts and design graduates at Anglia Ruskin University""}",7,0,7,31,18.42,3,0,40,0,100.00
All Nations Christian College,Biblical and Intercultural Studies,UK,bachelor,other,discover-uk-stage1-003,d16a8da1-2e7e-5f82-ad51-2ad5d35a46b2,Biblical and Intercultural Studies,DipHE,2 year course,All Nations Christian College,Full time,Dutch,Active,2026 HT,GBP 9790 / annual (domestic),programme,Additional fees may apply; see the institution fee schedule,institution,Mandatory fees vary by institution and enrolment,Application fee not specified in local artifacts,"{""details"": ""Bursaries, scholarships and part-time work We offer a range of scholarships and bursaries for UK and international students , which provide extra financial support while you’re at university."", ""funding_type"": ""financial_aid_policy""}","{""amount"":15000,""currency"":""GBP""}","{""details"":""Have the opportunity to participate in competitions and other professional opportunities, including the Carleton Hobbs Bursary Award (radio), the Sam Wanamaker Festival (The Globe) and The Spotlight Prize (Industry)."",""funding_type"":""financial_aid_policy""}","{""amount"":15000,""currency"":""GBP""}","If you're eligible for a scholarship, you'll generally receive it automatically – there's no need to apply.",See funding provider deadlines,6,"{""minimum_each"": 6.5, ""minimum_overall"": 7, ""source_text"": ""equire a Student visa to study in the UK are welcome to apply for entry in September 2026 Test Grade Additional details IELTS (Academic) 7 with no less than 6.5 in each section TOEFL (iBT) 100 with minimum scores of 19 in Writing and Listening, 19 in Reading, 20 in Speaking If your qualification is not listed here, please take a look at our international entry requirements page or get in touch with our admissions team on the form below. Please note, to be accepted onto this course; you will also need to demonstrate that you meet the minimum standards o""}",100,105,"[""SAT or 33 in ACT""]","{""source_label"": ""Start date"", ""start_dates"": [""2026-09-01"", ""2027-09-01""]}",2027-01-13,2025-12-01,2027-01-13,True,https://www.allnations.ac.uk/courses/mission-ministry-degree,Secondary school diploma,2.5,4.0,including English and Maths or equivalent qualification,academic qualifications; a personal statement; evidence of your English language skills (with relevant qualifications); a reference,Reference,Personal statement,plus a portfolio demonstrating artistic ability,"{""details"": ""mature students with relevant life or employment experience will also be considered individually"", ""requirement_status"": ""conditional""}","{""data_period"": ""students graduating 2021-23"", ""measure"": ""graduates find their current work meaningful"", ""note"": ""data displayed is from students on this and other courses in Finance"", ""outcome_period"": ""15 months after graduation"", ""percentage"": 80}","{""audience"": null, ""description"": ""go on to work and/or study 15 months after the course"", ""outcome_type"": ""employment_rate"", ""percentage"": 85, ""population"": ""Creative arts and design graduates at Anglia Ruskin University""}",2,5,7,31,18.42,3,5,40,0,100.00
Anglia Ruskin University,Fine Art,UK,bachelor,other,discover-uk-stage1-004,9436b038-a11f-554e-bf0b-894432db7716,BA (Hons) Fine Art,BA (Hons),3 year course,ARU Cambridge Campus,Full time,Dutch,Active,2026 HT,GBP 9790 / annual (domestic),programme,Additional fees may apply; see the institution fee schedule,institution,Mandatory fees vary by institution and enrolment,Application fee not specified in local artifacts,"{""details"": ""Bursaries, scholarships and part-time work We offer a range of scholarships and bursaries for UK and international students , which provide extra financial support while you’re at university."", ""funding_type"": ""financial_aid_policy""}","{""amount"":15000,""currency"":""GBP""}","{""details"":""Scholarship and get 20% off your fees."",""funding_type"":""financial_aid_policy""}","{""amount"":15000,""currency"":""GBP""}","If you're eligible for a scholarship, you'll generally receive it automatically – there's no need to apply.",See funding provider deadlines,5.5,"{""minimum_each"": 6.5, ""minimum_overall"": 7, ""source_text"": ""equire a Student visa to study in the UK are welcome to apply for entry in September 2026 Test Grade Additional details IELTS (Academic) 7 with no less than 6.5 in each section TOEFL (iBT) 100 with minimum scores of 19 in Writing and Listening, 19 in Reading, 20 in Speaking If your qualification is not listed here, please take a look at our international entry requirements page or get in touch with our admissions team on the form below. Please note, to be accepted onto this course; you will also need to demonstrate that you meet the minimum standards o""}",100,105,"[""SAT or 33 in ACT""]","{""source_label"": ""Start date"", ""start_dates"": [""2026-09-01""]}",2027-01-13,2025-12-01,2027-01-13,True,https://www.aru.ac.uk/study/undergraduate/fine-art,Secondary school diploma,2.5,4.0,including English and Maths or equivalent qualification,academic qualifications; a personal statement; evidence of your English language skills (with relevant qualifications); a reference,Reference,Personal statement,plus a portfolio demonstrating artistic ability,"{""details"": ""mature students with relevant life or employment experience will also be considered individually"", ""requirement_status"": ""conditional""}","What was really useful was writing proposals, producing a CV and a personal statement... and the ability to be in exhibitions during the course, and to self-administer exhibitions. Our degree opens the door to many different creative and professional opportunities. As a student, you’ll have opportunities to exhibit your work, and develop professional skills in curating, group work, event management, and marketing and promotion. Our modules cover professional practice and include live briefs, and there’s careers and employability support on offer from day one. You can be sure you’ll develop skills and experience you need to stand out. Graduation doesn’t need to be the end of your time with us. You might also choose continue your studies on our MA Fine Art degree. Take advantage of our Alumni Scholarship and get 20% off your fees.","{""audience"": null, ""description"": ""go on to work and/or study 15 months after the course"", ""outcome_type"": ""employment_rate"", ""percentage"": 85, ""population"": ""Creative arts and design graduates at Anglia Ruskin University""}",11,1,14,24,36.84,4,1,40,0,100.00
Anglia Ruskin University,Law,UK,bachelor,other,discover-uk-stage1-004,8eb42e1e-62a2-5044-987d-01719cd7d204,LLB (Hons) Law,LLB (Hons),3 year course,ARU Cambridge Campus,Full time,Dutch,Active,2026 HT,GBP 9790 / annual (domestic),programme,Additional fees may apply; see the institution fee schedule,institution,Mandatory fees vary by institution and enrolment,Application fee not specified in local artifacts,"{""details"": ""Bursaries, scholarships and part-time work We offer a range of scholarships and bursaries for UK and international students , which provide extra financial support while you’re at university."", ""funding_type"": ""financial_aid_policy""}","{""amount"":15000,""currency"":""GBP""}","{""details"":""scholarships and part-time work We offer a range of scholarships and bursaries for UK and international students , which provide extra financial support while you’re at university."",""funding_type"":""financial_aid_policy""}","{""amount"":15000,""currency"":""GBP""}","If you're eligible for a scholarship, you'll generally receive it automatically – there's no need to apply.",See funding provider deadlines,5.5,"{""minimum_each"": 6.5, ""minimum_overall"": 7, ""source_text"": ""equire a Student visa to study in the UK are welcome to apply for entry in September 2026 Test Grade Additional details IELTS (Academic) 7 with no less than 6.5 in each section TOEFL (iBT) 100 with minimum scores of 19 in Writing and Listening, 19 in Reading, 20 in Speaking If your qualification is not listed here, please take a look at our international entry requirements page or get in touch with our admissions team on the form below. Please note, to be accepted onto this course; you will also need to demonstrate that you meet the minimum standards o""}",100,105,"[""SAT or 33 in ACT""]","{""source_label"": ""Start date"", ""start_dates"": [""2026-09-01"", ""2027-01-01""]}",2027-01-13,2025-12-01,2027-01-13,True,https://www.aru.ac.uk/study/undergraduate/law,Secondary school diploma,2.5,4.0,including English and Maths or equivalent qualification,academic qualifications; a personal statement; evidence of your English language skills (with relevant qualifications); a reference,Reference,Personal statement,plus a portfolio demonstrating artistic ability,"{""details"": ""mature students with relevant life or employment experience will also be considered individually"", ""requirement_status"": ""conditional""}","I graduated from the Law LLB at ARU and am now working at Holmes & Hills LLP as a trainee solicitor. [It's] the job I have wanted for years. While building your legal knowledge, you’ll have plenty of opportunities to gain practical experience. You can gain valuable experience in our law clinics, and benefit from our mentoring and undergraduate researcher schemes. You can additionally practise your skills in our mock court rooms and by taking part in national competitions such as Mooting with our student Law Society. We’ll also help you find and secure work placements and internships. Graduation doesn’t need to be the end of your time with us. You might decide to stay at ARU and study for a Masters, such as our LLM International Business and Commercial Law . Take advantage of our Alumni Scholarship and get 20% off your fees.","[{""cohort"":""Law graduates at Anglia Ruskin University"",""data_source"":""Graduate Outcomes survey"",""graduation_years"":""2021-23"",""percentage_work_or_study"":79,""period"":""15 months after the course""},{""cohort"":""UK-resident Law graduates from Anglia Ruskin University"",""data_source"":""Graduate Outcomes survey"",""graduation_years"":""2021-23"",""percentage_employed_in_england"":100}]",9,1,14,24,36.84,4,1,40,0,100.00
Arts Educational Schools,Acting,UK,bachelor,other,discover-uk-stage1-005,064e4c8c-3273-5475-acc2-a785d2dc169d,BA (Hons) Acting,BA (Hons),3 year course,ArtsEd,Full time,Dutch,Active,2026 HT,GBP 9790 / annual (domestic),programme,Additional fees may apply; see the institution fee schedule,institution,Mandatory fees vary by institution and enrolment,Application fee not specified in local artifacts,"{""details"": ""Have the opportunity to participate in competitions and other professional opportunities, including the Carleton Hobbs Bursary Award (radio), the Sam Wanamaker Festival (The Globe) and The Spotlight Prize (Industry)."", ""funding_type"": ""financial_aid_policy""}","{""amount"":15000,""currency"":""GBP""}","{""details"":""Have the opportunity to participate in competitions and other professional opportunities, including the Carleton Hobbs Bursary Award (radio), the Sam Wanamaker Festival (The Globe) and The Spotlight Prize (Industry)."",""funding_type"":""financial_aid_policy""}","{""amount"":15000,""currency"":""GBP""}","If you're eligible for a scholarship, you'll generally receive it automatically – there's no need to apply.",See funding provider deadlines,6,"{""minimum_each"": 6.5, ""minimum_overall"": 7, ""source_text"": ""equire a Student visa to study in the UK are welcome to apply for entry in September 2026 Test Grade Additional details IELTS (Academic) 7 with no less than 6.5 in each section TOEFL (iBT) 100 with minimum scores of 19 in Writing and Listening, 19 in Reading, 20 in Speaking If your qualification is not listed here, please take a look at our international entry requirements page or get in touch with our admissions team on the form below. Please note, to be accepted onto this course; you will also need to demonstrate that you meet the minimum standards o""}",100,105,"[""SAT or 33 in ACT""]","{""source_label"": ""Start date"", ""start_dates"": [""2026-09-07"", ""2028-06-07""]}",2027-01-13,2025-12-01,2027-01-13,True,https://artsed.co.uk/course/undergraduate/undergraduate-acting/?course-guide,Secondary school diploma,2.5,4.0,including English and Maths or equivalent qualification,academic qualifications; a personal statement; evidence of your English language skills (with relevant qualifications); a reference,Reference,Personal statement,plus a portfolio demonstrating artistic ability,"{""details"": ""mature students with relevant life or employment experience will also be considered individually"", ""requirement_status"": ""conditional""}","[{""data_available"":false,""details"":""Sorry, there is no data available for this course. This may be because the course size is too small. This does not reflect on the quality of the course."",""outcome_type"":""occupation_types_15_months_after_course""},{""data_available"":false,""details"":""Sorry, there is no data available for this course. This may be because the course size is too small. This does not reflect on the quality of the course."",""outcome_type"":""employment_status_15_months_after_course""},{""data_available"":false,""details"":""This is either because the course size is small or there were not enough responses to produce data. This does not reflect on the quality of the course."",""outcome_type"":""earnings_after_course""},{""data_available"":false,""details"":""Sorry, there is no data available for this course. This may be because the course size is too small. This does not reflect on the quality of the course."",""outcome_type"":""graduate_perceptions""}]","[{""metric"":""what graduates are doing 15 months after the course"",""reason"":""course size is too small"",""status"":""no_data_available""},{""metric"":""occupation types 15 months after the course"",""reason"":""course size is too small"",""status"":""no_data_available""},{""metric"":""graduate perceptions 15 months after graduation"",""reason"":""course size is too small"",""status"":""no_data_available""}]",7,1,10,28,26.32,4,1,40,0,100.00
Arts Educational Schools,Musical Theatre,UK,bachelor,other,discover-uk-stage1-005,f274a2a7-1552-584b-979f-0a0a65b34fc1,BA (Hons) Musical Theatre,BA (Hons),3 year course,ArtsEd,Full time,Dutch,Active,2026 HT,GBP 9790 / annual (domestic),programme,Additional fees may apply; see the institution fee schedule,institution,Mandatory fees vary by institution and enrolment,Application fee not specified in local artifacts,"{""details"": ""Have the opportunity to participate in competitions and other professional opportunities, including the Carleton Hobbs Bursary Award (radio), the Sam Wanamaker Festival (The Globe) and The Spotlight Prize (Industry)."", ""funding_type"": ""financial_aid_policy""}","{""amount"":15000,""currency"":""GBP""}","{""details"":""Have the opportunity to participate in competitions and other professional opportunities, including the Carleton Hobbs Bursary Award (radio), the Sam Wanamaker Festival (The Globe) and The Spotlight Prize (Industry)."",""funding_type"":""financial_aid_policy""}","{""amount"":15000,""currency"":""GBP""}","If you're eligible for a scholarship, you'll generally receive it automatically – there's no need to apply.",See funding provider deadlines,6,"{""minimum_each"": 6.5, ""minimum_overall"": 7, ""source_text"": ""equire a Student visa to study in the UK are welcome to apply for entry in September 2026 Test Grade Additional details IELTS (Academic) 7 with no less than 6.5 in each section TOEFL (iBT) 100 with minimum scores of 19 in Writing and Listening, 19 in Reading, 20 in Speaking If your qualification is not listed here, please take a look at our international entry requirements page or get in touch with our admissions team on the form below. Please note, to be accepted onto this course; you will also need to demonstrate that you meet the minimum standards o""}",100,105,"[""SAT or 33 in ACT""]","{""source_label"": ""Start date"", ""start_dates"": [""2026-09-07"", ""2028-06-07""]}",2027-01-13,2025-12-01,2027-01-13,True,https://artsed.co.uk/course/undergraduate/undergraduate-musical-theatre/?course-guide,Secondary school diploma,2.5,4.0,including English and Maths or equivalent qualification,academic qualifications; a personal statement; evidence of your English language skills (with relevant qualifications); a reference,Reference,Personal statement,plus a portfolio demonstrating artistic ability,"{""details"": ""mature students with relevant life or employment experience will also be considered individually"", ""requirement_status"": ""conditional""}","[{""amount"":13500,""currency"":""GBP"",""data_source"":""Longitudinal Education Outcomes (LEO) dataset"",""graduating_cohort"":""2015-17"",""metric"":""median_earnings"",""period"":""3 years after the course"",""population"":""Drama graduates at Arts Educational Schools"",""respondents"":20,""typical_range"":{""high"":17000,""low"":10000}},{""data_source"":""Longitudinal Education Outcomes (LEO) dataset"",""description"":""100% of UK-resident Drama graduates from Arts Educational Schools are based in England"",""graduating_cohort"":""2015-17"",""metric"":""graduate_location"",""population"":""UK-resident Drama graduates from Arts Educational Schools""},{""amount"":13500,""currency"":""GBP"",""data_source"":""Longitudinal Education Outcomes (LEO) dataset"",""graduating_cohort"":""2015-17"",""metric"":""median_earnings"",""period"":""After 3 years"",""population"":""graduates from Arts Educational Schools"",""respondents"":20,""typical_range"":{""high"":17000,""low"":10000}}]","{""audience"": null, ""metric"": ""occupation types 15 months after the course"", ""reason"": ""course size is too small"", ""status"": ""no_data_available""}",6,4,10,28,26.32,4,3,40,0,100.00
Askham Bryan College,Equine Science and Management,UK,bachelor,business,discover-uk-stage1-007,7415a39b-2f5f-5571-bfc7-43976f8d48d7,FdSc Equine Science and Management,FdSc,2 year course,York,Full time,English,Active,2026 HT,GBP 14500 / annual,programme,Additional fees may apply; see the institution fee schedule,institution,Mandatory fees vary by institution and enrolment,Application fee not specified in local artifacts,"{""details"": ""Financial support and scholarships For general sources of financial support, see our Fees and funding pages."", ""funding_type"": ""financial_aid_policy""}","{""amount"":15000,""currency"":""GBP""}","{""details"":""Financial support and scholarships For general sources of financial support, see our Fees and funding pages."",""funding_type"":""financial_aid_policy""}","{""amount"":15000,""currency"":""GBP""}",Students with children or dependant adults may qualify for a Childcare Grant or Adult Dependants' Grant.,See funding provider deadlines,6,"{""minimum_each"": 5.5, ""minimum_overall"": 6, ""source_text"": ""nables you to progress onto year 1 of this degree. English language requirements If English is not your first language, IELTS 6.0 overall with a minimum of 5.5 in each element. Find out about the other English qualifications that we accept . Studied before or got relevant experience? If you have suitable qualifications, credits from a previous university course or relevant professional experience, these could count towards your course at Brighton and you could start the course in year 2 or 3. Transferring from another university Thinking about""}",100,105,"[""SAT or 33 in ACT""]","{""source_label"": ""Start date"", ""start_dates"": [""2026-09-01""]}",2027-01-13,2025-12-01,2027-01-13,True,https://www.askham-bryan.ac.uk/courses/fdsc-equine-science-and-management/,Secondary school diploma,2.5,4.0,including Mathematics and English Language or equivalents,academic qualifications; a personal statement; evidence of your English language skills (with relevant qualifications); a reference,Reference,Personal statement,plus a portfolio demonstrating artistic ability,"{""details"": ""Relevant work experience may be considered if you do not meet the above criteria"", ""requirement_status"": ""conditional""}","[{""outcome_type"":""graduate_perception"",""period"":""15 months after graduation"",""population"":""Agriculture, food and related studies graduates at Askham Bryan College"",""statement"":""100% of graduates find their current work meaningful""},{""outcome_type"":""graduate_perception"",""period"":""15 months after graduation"",""population"":""Agriculture, food and related studies graduates at Askham Bryan College"",""statement"":""80% Usefulness I am utilising what I learnt during my studies in my current work.""},{""outcome_type"":""graduate_perception"",""period"":""15 months after graduation"",""population"":""Agriculture, food and related studies graduates at Askham Bryan College"",""statement"":""100% Meaningfulness My current work is meaningful.""},{""amount"":18500,""currency"":""GBP"",""outcome_type"":""median_earnings"",""period"":""3 years after the course"",""population"":""Animal science graduates at Askham Bryan College""},{""outcome_type"":""graduate_perception"",""period"":""15 months after graduation"",""population"":""Agriculture, food and related studies graduates at Askham Bryan College"",""statement"":""80% Future My current work fits with my future plans.""}]","{""audience"": null, ""outcome_type"": ""employment_or_study_rate"", ""percentage"": 80, ""period"": ""15 months after the course"", ""population"": ""Agriculture, food and related studies graduates at Askham Bryan College""}",8,1,9,29,23.68,4,1,40,0,100.00
Askham Bryan College,Equine Science and Management (including Foundation year),UK,bachelor,business,discover-uk-stage1-007,465d4536-96e4-5b55-8c3e-80a1e8013b76,Equine Science and Management (including Foundation year),FdSc,3 year course,York,Full time,English,Active,2026 HT,GBP 14500 / annual,programme,Additional fees may apply; see the institution fee schedule,institution,Mandatory fees vary by institution and enrolment,Application fee not specified in local artifacts,"{""details"": ""Financial support and scholarships For general sources of financial support, see our Fees and funding pages."", ""funding_type"": ""financial_aid_policy""}","{""amount"":15000,""currency"":""GBP""}","{""details"":""Financial support and scholarships For general sources of financial support, see our Fees and funding pages."",""funding_type"":""financial_aid_policy""}","{""amount"":15000,""currency"":""GBP""}",Students with children or dependant adults may qualify for a Childcare Grant or Adult Dependants' Grant.,See funding provider deadlines,6,"{""minimum_each"": 5.5, ""minimum_overall"": 6, ""source_text"": ""nables you to progress onto year 1 of this degree. English language requirements If English is not your first language, IELTS 6.0 overall with a minimum of 5.5 in each element. Find out about the other English qualifications that we accept . Studied before or got relevant experience? If you have suitable qualifications, credits from a previous university course or relevant professional experience, these could count towards your course at Brighton and you could start the course in year 2 or 3. Transferring from another university Thinking about""}",100,105,"[""SAT or 33 in ACT""]","{""source_label"": ""Start date"", ""start_dates"": [""2026-09-01""]}",2027-01-13,2025-12-01,2027-01-13,True,https://www.askham-bryan.ac.uk/courses/extended-fdsc-equine-science-and-management/,Secondary school diploma,2.5,4.0,including Mathematics and English Language or equivalents,academic qualifications; a personal statement; evidence of your English language skills (with relevant qualifications); a reference,Reference,Personal statement,plus a portfolio demonstrating artistic ability,"{""details"": ""Relevant work experience may be considered if you do not meet the above criteria"", ""requirement_status"": ""conditional""}","[{""categories"":[{""category"":""Usefulness"",""percentage"":80},{""category"":""Meaningfulness"",""percentage"":100},{""category"":""Future"",""percentage"":80}],""outcome_type"":""graduate_perceptions"",""period"":""after graduating"",""population"":""graduates""},{""outcome_type"":""work_meaningfulness"",""percentage"":100,""period"":""15 months after graduation"",""population"":""graduates""},{""amount"":18500,""currency"":""GBP"",""outcome_type"":""median_earnings"",""period"":""3 years after the course"",""population"":""Animal science graduates at Askham Bryan College""},{""categories"":[{""category"":""In highly skilled work"",""percentage"":30},{""category"":""In other work"",""percentage"":70},{""category"":""In unknown work"",""percentage"":0}],""outcome_type"":""occupation_distribution"",""period"":""15 months after the course"",""population"":""Agriculture, food and related studies graduates at Askham Bryan College""},{""outcome_type"":""skills_utilisation"",""percentage"":80,""period"":""15 months after the course"",""population"":""Agriculture, food and related studies graduates at Askham Bryan College""}]","{""audience"": null, ""outcome_type"": ""employment_rate"", ""percentage"": 80, ""period"": ""15 months after the course"", ""population"": ""Agriculture, food and related studies graduates at Askham Bryan College""}",8,1,9,29,23.68,4,1,40,0,100.00
BLACKPOOL AND THE FYLDE COLLEGE,Engineering (Automotive Engineering),UK,bachelor,engineering,discover-uk-stage1-015,2a4fb7c5-f257-555a-84c5-2a23d72e611b,Engineering (Automotive Engineering),BEng (Hons),3 year course,Bispham Campus,Full time,Dutch,Active,2026 HT,GBP 9900 / annual (international),programme,Additional fees may apply; see the institution fee schedule,institution,Mandatory fees vary by institution and enrolment,Application fee not specified in local artifacts,"{""details"": ""Financial support and scholarships For general sources of financial support, see our Fees and funding pages."", ""funding_type"": ""financial_aid_policy""}","{""amount"":15000,""currency"":""GBP""}","{""details"":""Fees and funding Visit our Tuition Fees page and Financial Support for Degrees page for more information about fees and funding, including additional financial support for those on low incomes, with dependent children or adults, or with disabilities."",""funding_type"":""financial_aid_policy""}","{""amount"":15000,""currency"":""GBP""}","Fees and funding Visit our Tuition Fees page and Financial Support for Degrees page for more information about fees and funding, including additional financial support for those on low incomes, with dependent children or adults, or with disabilities.",See funding provider deadlines,6,"{""minimum_each"": 6.5, ""minimum_overall"": 7, ""source_text"": ""English Language grade B/6. GCSE/IGCSE English Literature will not be accepted in lieu of GCSE/IGCSE English Language. IELTS 7.0 overall, with no subscore below 6.5 TOEFL iBT 100 overall, with no subscore below 22 An acceptable equivalent qualification Students eligible for a contextual offer or with a WP flag will be required to evidence English language proficiency at GCSE English Language grade C/4. This concession only applies to GCSE/IGCSE. See our contextual admissions page for full details and to check your eligibility. If you need to""}",100,105,"[""SAT or 33 in ACT""]","{""source_label"": ""Start date"", ""start_dates"": [""2026-09-01"", ""2027-09-01""]}",2027-01-13,2025-12-01,2027-01-13,True,https://www.blackpool.ac.uk/course/ET1HE0001,Secondary school diploma,2.5,4.0,"including passes in mathematics GCSE Requirements - English Language and Mathematics GCSEs at grade C/4 or above (or equivalent qualifications, such as Functional Skills at Level 2)",academic qualifications; a personal statement; evidence of your English language skills (with relevant qualifications); a reference,Reference,Personal statement,plus a portfolio demonstrating artistic ability,"{""details"": ""Relevant work experience may be considered if you do not meet the above criteria"", ""requirement_status"": ""conditional""}","[{""amount"":36000,""currency"":""GBP"",""data_source"":""Longitudinal Education Outcomes (LEO) dataset"",""graduating_years"":""2015-17"",""metric"":""median_earnings"",""period"":""5 years after the course"",""population"":""Engineering graduates at BLACKPOOL AND THE FYLDE COLLEGE"",""typical_range"":{""high"":42500,""low"":24500}},{""amount"":23500,""currency"":""GBP"",""data_source"":""Longitudinal Education Outcomes (LEO) dataset"",""graduating_years"":""2015-17"",""metric"":""median_earnings"",""period"":""3 years after the course"",""population"":""Engineering graduates at BLACKPOOL AND THE FYLDE COLLEGE"",""typical_range"":{""high"":34500,""low"":19500}}]","{""reason"":""course is new or has not been running long enough"",""status"":""no_data_available""}",8,1,12,26,31.58,4,1,40,0,100.00
BLACKPOOL AND THE FYLDE COLLEGE,Engineering (Robotics and Automation Engineering),UK,bachelor,engineering,discover-uk-stage1-015,339349f1-ea76-5178-8eb9-8401fbcf9143,Engineering (Robotics and Automation Engineering),BEng (Hons),3 year course,Bispham Campus,Full time,Dutch,Active,2026 HT,GBP 9900 / annual (international),programme,Additional fees may apply; see the institution fee schedule,institution,Mandatory fees vary by institution and enrolment,Application fee not specified in local artifacts,"{""details"": ""Financial support and scholarships For general sources of financial support, see our Fees and funding pages."", ""funding_type"": ""financial_aid_policy""}","{""amount"":15000,""currency"":""GBP""}","{""details"":""Fees and funding Visit our Tuition Fees page and Financial Support for Degrees page for more information about fees and funding, including additional financial support for those on low incomes, with dependent children or adults, or with disabilities."",""funding_type"":""financial_aid_policy""}","{""amount"":15000,""currency"":""GBP""}","Fees and funding Visit our Tuition Fees page and Financial Support for Degrees page for more information about fees and funding, including additional financial support for those on low incomes, with dependent children or adults, or with disabilities.",See funding provider deadlines,6,"{""minimum_each"": 6.5, ""minimum_overall"": 7, ""source_text"": ""English Language grade B/6. GCSE/IGCSE English Literature will not be accepted in lieu of GCSE/IGCSE English Language. IELTS 7.0 overall, with no subscore below 6.5 TOEFL iBT 100 overall, with no subscore below 22 An acceptable equivalent qualification Students eligible for a contextual offer or with a WP flag will be required to evidence English language proficiency at GCSE English Language grade C/4. This concession only applies to GCSE/IGCSE. See our contextual admissions page for full details and to check your eligibility. If you need to""}",100,105,"[""SAT or 33 in ACT""]","{""source_label"": ""Start date"", ""start_dates"": [""2026-09-01"", ""2027-09-01""]}",2027-01-13,2025-12-01,2027-01-13,True,https://www.blackpool.ac.uk/course/ET1HE601,Secondary school diploma,2.5,4.0,"including passes in mathematics GCSE Requirements - English Language and Mathematics GCSEs at grade C/4 or above (or equivalent qualifications, such as Functional Skills at Level 2)",academic qualifications; a personal statement; evidence of your English language skills (with relevant qualifications); a reference,Reference,Personal statement,plus a portfolio demonstrating artistic ability,"{""details"": ""Relevant work experience may be considered if you do not meet the above criteria"", ""requirement_status"": ""conditional""}","The UK has a significant shortfall of suitably skilled and qualified engineers across all engineering disciplines. This, coupled with the fact that a generation of engineers will be retiring over the next five years, means that the job market remains buoyant with significantly higher than average graduate starting salaries and exceptional opportunities for progression. Nationally, above 98% of students are either in further study or already employed, which points to a bright future, should you choose this engineering field. There are numerous networking opportunities in this field with the IET, IEEE and other professional organisations which you might consider joining as a member.","{""data_source"":""Longitudinal Education Outcomes (LEO) dataset"",""description"":""100% of UK-resident Engineering graduates from BLACKPOOL AND THE FYLDE COLLEGE are based in England"",""graduating_years"":""2015-17"",""metric"":""graduate_location""}",7,1,12,26,31.58,4,1,40,0,100.00
Barking and Dagenham College,Computing For England (General) (Barking and Dagenham),UK,bachelor,computer science,discover-uk-stage1-008,95d3bbf1-7e5d-5412-96b3-c6022bd8b35a,Computing For England (General) (Barking and Dagenham),HND,2 year course,Barking and Dagenham College,Full time,English,Active,2026,GBP 45500 / annual (international),programme,Additional fees may apply; see the institution fee schedule,institution,Mandatory fees vary by institution and enrolment,Application fee not specified in local artifacts,"{""details"": ""More information Find out more about the TMUA , including information on how to book, test fees, bursaries for UK candidates in financial need, access arrangements and how to prepare."", ""funding_type"": ""financial_aid_policy""}","{""amount"":15000,""currency"":""GBP""}","{""details"":""Scholarships View all scholarships Imperial Inspires Scholarships Value per award £15,000 per year for each year of the course."",""funding_type"":""financial_aid_policy""}","{""amount"":15000,""currency"":""GBP""}","Imperial Bursary The Imperial Bursary is available to all Home undergraduate students with a household income below £70,000 per year.",See funding provider deadlines,6.5,"{""minimum_each"": 6.5, ""minimum_overall"": 7, ""source_text"": ""English Language grade B/6. GCSE/IGCSE English Literature will not be accepted in lieu of GCSE/IGCSE English Language. IELTS 7.0 overall, with no subscore below 6.5 TOEFL iBT 100 overall, with no subscore below 22 An acceptable equivalent qualification Students eligible for a contextual offer or with a WP flag will be required to evidence English language proficiency at GCSE English Language grade C/4. This concession only applies to GCSE/IGCSE. See our contextual admissions page for full details and to check your eligibility. If you need to""}",100,105,"[""SAT or 33 in ACT""]","{""source_label"": ""Start date"", ""start_dates"": [""2027-09-01""]}",2027-01-13,2025-12-01,2027-01-13,True,https://www.gre.ac.uk/foundation-degrees/engsci/computing-for-england-general-hnd-barking-and-dagenham-college,Secondary school diploma,2.5,4.0,"To include: A* in Mathematics A* in Further Mathematics A in a useful subject Recommended subjects Computer Science Physics Useful subjects Ancient Language, Biology, Chemistry, Economics, Electronics, English Literature, History, Languages, Law, Philosophy, Politics, Psychology Not accepted : ICT, Business Studies, General Studie",academic qualifications; a personal statement; evidence of your English language skills (with relevant qualifications); a reference,Reference,Personal statement,plus a portfolio demonstrating artistic ability,"{""details"": ""Relevant work experience may be considered if you do not meet the above criteria"", ""requirement_status"": ""conditional""}","{""occupation"": ""Information Technology Professionals"", ""percentage"": 85, ""period"": ""15 months after the course""}","{""cohort"":""BA (Hons) Computer Science graduates at University of Cambridge"",""employment_rate"":""90%"",""period"":""15 months after the course""}",5,1,6,32,15.79,3,1,40,0,100.00
Barking and Dagenham College,Computing for England (Cyber Security) (Barking and Dagenham),UK,bachelor,computer science,discover-uk-stage1-008,63412a30-b38b-5b03-b7ff-4ddfa92300cf,Computing for England (Cyber Security) (Barking and Dagenham),HND,2 year course,Barking and Dagenham College,Full time,English,Active,2026,GBP 45500 / annual (international),programme,Additional fees may apply; see the institution fee schedule,institution,Mandatory fees vary by institution and enrolment,Application fee not specified in local artifacts,"{""details"": ""More information Find out more about the TMUA , including information on how to book, test fees, bursaries for UK candidates in financial need, access arrangements and how to prepare."", ""funding_type"": ""financial_aid_policy""}","{""amount"":15000,""currency"":""GBP""}","{""details"":""Scholarships View all scholarships Imperial Inspires Scholarships Value per award £15,000 per year for each year of the course."",""funding_type"":""financial_aid_policy""}","{""amount"":15000,""currency"":""GBP""}","Imperial Bursary The Imperial Bursary is available to all Home undergraduate students with a household income below £70,000 per year.",See funding provider deadlines,6.5,"{""minimum_each"": 6.5, ""minimum_overall"": 7, ""source_text"": ""English Language grade B/6. GCSE/IGCSE English Literature will not be accepted in lieu of GCSE/IGCSE English Language. IELTS 7.0 overall, with no subscore below 6.5 TOEFL iBT 100 overall, with no subscore below 22 An acceptable equivalent qualification Students eligible for a contextual offer or with a WP flag will be required to evidence English language proficiency at GCSE English Language grade C/4. This concession only applies to GCSE/IGCSE. See our contextual admissions page for full details and to check your eligibility. If you need to""}",100,105,"[""SAT or 33 in ACT""]","{""source_label"": ""Start date"", ""start_dates"": [""2027-09-01""]}",2027-01-13,2025-12-01,2027-01-13,True,https://www.gre.ac.uk/foundation-degrees/engsci/computing-for-england-cyber-security-hnd-barking-and-dagenham-college,Secondary school diploma,2.5,4.0,"To include: A* in Mathematics A* in Further Mathematics A in a useful subject Recommended subjects Computer Science Physics Useful subjects Ancient Language, Biology, Chemistry, Economics, Electronics, English Literature, History, Languages, Law, Philosophy, Politics, Psychology Not accepted : ICT, Business Studies, General Studie",academic qualifications; a personal statement; evidence of your English language skills (with relevant qualifications); a reference,Reference,Personal statement,plus a portfolio demonstrating artistic ability,"{""details"": ""Relevant work experience may be considered if you do not meet the above criteria"", ""requirement_status"": ""conditional""}","{""occupation"": ""Information Technology Professionals"", ""percentage"": 85, ""period"": ""15 months after the course""}","{""cohort"":""BA (Hons) Computer Science graduates at University of Cambridge"",""employment_rate"":""90%"",""period"":""15 months after the course""}",6,0,6,32,15.79,2,0,40,0,100.00
Barnsley College,Animal Management,UK,bachelor,business,discover-uk-stage1-009,1157b236-a40b-5e2d-ad9a-197ad246a2e8,Animal Management,FdSc,2 year course,Wigfield Farm,Full time,English,Active,2026 HT,GBP 6995 / annual,programme,Additional fees may apply; see the institution fee schedule,institution,Mandatory fees vary by institution and enrolment,Application fee not specified in local artifacts,"{""details"": ""Financial support and scholarships For general sources of financial support, see our Fees and funding pages."", ""funding_type"": ""financial_aid_policy""}","{""amount"":15000,""currency"":""GBP""}","{""details"":""Students with children or dependant adults may qualify for a Childcare Grant or Adult Dependants' Grant."",""funding_type"":""financial_aid_policy""}","{""amount"":15000,""currency"":""GBP""}",Students with children or dependant adults may qualify for a Childcare Grant or Adult Dependants' Grant.,See funding provider deadlines,6,"{""minimum_each"": 5.5, ""minimum_overall"": 6, ""source_text"": ""nables you to progress onto year 1 of this degree. English language requirements If English is not your first language, IELTS 6.0 overall with a minimum of 5.5 in each element. Find out about the other English qualifications that we accept . Studied before or got relevant experience? If you have suitable qualifications, credits from a previous university course or relevant professional experience, these could count towards your course at Brighton and you could start the course in year 2 or 3. Transferring from another university Thinking about""}",100,105,"[""SAT or 33 in ACT""]","{""source_label"": ""Start date"", ""start_dates"": [""2026-09-01""]}",2027-01-13,2025-12-01,2027-01-13,True,https://www.barnsley.ac.uk/course/animal-management-foundation-degree-fdsc-full-time,Secondary school diploma,2.5,4.0,including Mathematics and English Language or equivalents,academic qualifications; a personal statement; evidence of your English language skills (with relevant qualifications); a reference,Reference,Personal statement,plus a portfolio demonstrating artistic ability,"{""details"": ""Relevant work experience may be considered if you do not meet the above criteria"", ""requirement_status"": ""conditional""}","[{""outcome_type"":""skills_utilisation"",""percentage"":65,""period"":""15 months after graduation"",""population"":""Health and social care graduates at Barnsley College""},{""amount"":26500,""currency"":""GBP"",""outcome_type"":""median_earnings"",""period"":""15 months after the course"",""population"":""Social sciences graduates at Barnsley College""},{""outcome_type"":""work_fit_with_future_plans"",""percentage"":100,""period"":""15 months after graduation"",""population"":""Health and social care graduates at Barnsley College""},{""outcome_type"":""work_meaningfulness"",""percentage"":100,""period"":""15 months after graduation"",""population"":""Health and social care graduates at Barnsley College""},{""outcome_type"":""skills_utilisation"",""percentage"":65,""period"":""15 months after the course"",""population"":""Health and social care graduates at Barnsley College""}]","[{""audience"":null,""outcome_type"":""employment_or_study_rate"",""percentage"":75,""period"":""15 months after the course"",""population"":""Health and social care graduates at Barnsley College""},{""categories"":[{""category"":""In highly skilled work"",""percentage"":65},{""category"":""Welfare and housing associate professionals"",""percentage"":45},{""category"":""Teaching Professionals"",""percentage"":10},{""category"":""Other Educational Professionals"",""percentage"":10},{""category"":""In other work"",""percentage"":25},{""category"":""Teaching and Childcare Support Occupation"",""percentage"":20},{""category"":""Customer service occupations"",""percentage"":10}],""outcome_type"":""occupation_distribution"",""period"":""15 months after the course"",""population"":""Health and social care graduates at Barnsley College""},{""outcome_type"":""employment_or_study_rate"",""percentage"":75,""period"":""15 months after the course"",""population"":""Health and social care graduates at Barnsley College""}]",7,2,11,27,28.95,4,2,40,0,100.00
Barnsley College,Early Years Leadership,UK,bachelor,other,discover-uk-stage1-009,fcce1aa5-1813-5776-991e-107da1916798,Early Years Leadership,Bachelor's degree,2 year course,Barnsley College,Full time,Dutch,Active,2026 HT,GBP 6995 / annual,programme,Additional fees may apply; see the institution fee schedule,institution,Mandatory fees vary by institution and enrolment,Application fee not specified in local artifacts,"{""details"": ""Bursaries, scholarships and part-time work We offer a range of scholarships and bursaries for UK and international students , which provide extra financial support while you’re at university."", ""funding_type"": ""financial_aid_policy""}","{""amount"":15000,""currency"":""GBP""}","{""details"":""Students with children or dependant adults may qualify for a Childcare Grant or Adult Dependants' Grant."",""funding_type"":""financial_aid_policy""}","{""amount"":15000,""currency"":""GBP""}",Students with children or dependant adults may qualify for a Childcare Grant or Adult Dependants' Grant.,See funding provider deadlines,6,"{""minimum_each"": 6.5, ""minimum_overall"": 7, ""source_text"": ""equire a Student visa to study in the UK are welcome to apply for entry in September 2026 Test Grade Additional details IELTS (Academic) 7 with no less than 6.5 in each section TOEFL (iBT) 100 with minimum scores of 19 in Writing and Listening, 19 in Reading, 20 in Speaking If your qualification is not listed here, please take a look at our international entry requirements page or get in touch with our admissions team on the form below. Please note, to be accepted onto this course; you will also need to demonstrate that you meet the minimum standards o""}",100,105,"[""SAT or 33 in ACT""]","{""source_label"": ""Start date"", ""start_dates"": [""2026-09-07"", ""2028-06-07""]}",2027-01-13,2025-12-01,2027-01-13,True,https://www.barnsley.ac.uk/course/early-years-leadership-foundation-degree-htq-full-time,Secondary school diploma,2.5,4.0,including English and Maths or equivalent qualification,academic qualifications; a personal statement; evidence of your English language skills (with relevant qualifications); a reference,Reference,Personal statement,plus a portfolio demonstrating artistic ability,"{""details"": ""mature students with relevant life or employment experience will also be considered individually"", ""requirement_status"": ""conditional""}","[{""outcome_type"":""skills_utilisation"",""percentage"":65,""period"":""15 months after graduation"",""population"":""Health and social care graduates at Barnsley College""},{""amount"":26500,""currency"":""GBP"",""outcome_type"":""median_earnings"",""period"":""15 months after the course"",""population"":""Social sciences graduates at Barnsley College""},{""outcome_type"":""work_fit_with_future_plans"",""percentage"":100,""period"":""15 months after graduation"",""population"":""Health and social care graduates at Barnsley College""},{""outcome_type"":""work_meaningfulness"",""percentage"":100,""period"":""15 months after graduation"",""population"":""Health and social care graduates at Barnsley College""},{""outcome_type"":""skills_utilisation"",""percentage"":65,""period"":""15 months after the course"",""population"":""Health and social care graduates at Barnsley College""}]","{""audience"": null, ""outcome_type"": ""employment_or_study_rate"", ""percentage"": 75, ""period"": ""15 months after the course"", ""population"": ""Health and social care graduates at Barnsley College""}",6,2,9,29,23.68,3,2,40,0,100.00
Bath Spa University,Acting,UK,bachelor,other,discover-uk-stage1-010,e67cc4ee-c764-5b6c-b1fb-565dd2ffea47,BA (Hons) Acting,BA (Hons),3 year course,Newton Park Campus,Full time,Dutch,Active,2026 HT,GBP 19505 / annual (international),programme,Additional fees may apply; see the institution fee schedule,institution,Mandatory fees vary by institution and enrolment,Application fee not specified in local artifacts,"{""details"":""scholarships and bursaries ."",""funding_type"":""scholarship_policy""}","{""amount"":15000,""currency"":""GBP""}","{""details"":""scholarships and bursaries ."",""funding_type"":""financial_aid_policy""}","{""amount"":15000,""currency"":""GBP""}","If you're eligible for a scholarship, you'll generally receive it automatically – there's no need to apply.",See funding provider deadlines,6,"{""minimum_each"": 6.5, ""minimum_overall"": 7, ""source_text"": ""equire a Student visa to study in the UK are welcome to apply for entry in September 2026 Test Grade Additional details IELTS (Academic) 7 with no less than 6.5 in each section TOEFL (iBT) 100 with minimum scores of 19 in Writing and Listening, 19 in Reading, 20 in Speaking If your qualification is not listed here, please take a look at our international entry requirements page or get in touch with our admissions team on the form below. Please note, to be accepted onto this course; you will also need to demonstrate that you meet the minimum standards o""}",100,105,"[""SAT or 33 in ACT""]","{""source_label"": ""Start date"", ""start_dates"": [""2026-09-07"", ""2028-06-07""]}",2027-01-13,2025-12-01,2027-01-13,True,http://www.bathspa.ac.uk/courses/ug-acting/,Secondary school diploma,2.5,4.0,including English and Maths or equivalent qualification,academic qualifications; a personal statement; evidence of your English language skills (with relevant qualifications); a reference,Reference,Personal statement,plus a portfolio demonstrating artistic ability,"{""details"": ""mature students with relevant life or employment experience will also be considered individually"", ""requirement_status"": ""conditional""}","[{""metric"":""graduates_find_current_work_meaningful"",""percentage"":95,""period"":""15 months after graduation"",""population"":""Drama graduates""},{""amount"":24000,""currency"":""GBP"",""metric"":""median_earnings"",""period"":""15 months after the course"",""population"":""Drama graduates at Bath Spa University""},{""metric"":""graduates_current_work_fits_with_future_plans"",""percentage"":75,""period"":""15 months after graduation"",""population"":""Drama graduates""},{""metric"":""graduates_utilising_what_they_learnt_in_current_work"",""percentage"":70,""period"":""15 months after graduation"",""population"":""Drama graduates""}]","{""audience"": null, ""metric"": ""go on to work and/or study"", ""percentage"": 90, ""population"": ""BA (Hons) Acting graduates at Bath Spa University"", ""timeframe"": ""15 months after the course""}",9,1,12,26,31.58,5,1,40,0,100.00
Bath Spa University,Acting with Foundation Year at Boomsatsuma,UK,bachelor,other,discover-uk-stage1-010,7dca1beb-82e4-515a-a5f8-8dae2a29f84d,BA (Hons) Acting with Foundation Year at Boomsatsuma,BA (Hons),4 year course,Boomsatsuma,Full time,Dutch,Active,2026 HT,GBP 19505 / annual (international),programme,Additional fees may apply; see the institution fee schedule,institution,Mandatory fees vary by institution and enrolment,Application fee not specified in local artifacts,"{""details"":""scholarships and bursaries ."",""funding_type"":""scholarship_policy""}","{""amount"":15000,""currency"":""GBP""}","{""details"":""scholarships and bursaries ."",""funding_type"":""financial_aid_policy""}","{""amount"":15000,""currency"":""GBP""}","If you're eligible for a scholarship, you'll generally receive it automatically – there's no need to apply.",See funding provider deadlines,6,"{""minimum_each"": 6.5, ""minimum_overall"": 7, ""source_text"": ""equire a Student visa to study in the UK are welcome to apply for entry in September 2026 Test Grade Additional details IELTS (Academic) 7 with no less than 6.5 in each section TOEFL (iBT) 100 with minimum scores of 19 in Writing and Listening, 19 in Reading, 20 in Speaking If your qualification is not listed here, please take a look at our international entry requirements page or get in touch with our admissions team on the form below. Please note, to be accepted onto this course; you will also need to demonstrate that you meet the minimum standards o""}",100,105,"[""SAT or 33 in ACT""]","{""source_label"": ""Start date"", ""start_dates"": [""2026-09-07"", ""2028-06-07""]}",2027-01-13,2025-12-01,2027-01-13,True,http://www.bathspa.ac.uk/courses/ug-acting/,Secondary school diploma,2.5,4.0,including English and Maths or equivalent qualification,academic qualifications; a personal statement; evidence of your English language skills (with relevant qualifications); a reference,Reference,Personal statement,plus a portfolio demonstrating artistic ability,"{""details"": ""mature students with relevant life or employment experience will also be considered individually"", ""requirement_status"": ""conditional""}","[{""metric"":""find their current work meaningful"",""percentage"":90,""population"":""graduates of this course"",""timeframe"":""15 months after graduation""},{""metric"":""Artistic, literary and media occupations"",""percentage"":40,""population"":""graduates of this course"",""timeframe"":""15 months after the course""},{""metric"":""Teaching and Childcare Support Occupation"",""percentage"":10,""population"":""graduates of this course"",""timeframe"":""15 months after the course""},{""metric"":""using what they learnt during their studies in their current work"",""percentage"":60,""population"":""BA (Hons) Acting graduates at Bath Spa University"",""timeframe"":""15 months after the course""},{""metric"":""Elementary occupations"",""percentage"":10,""population"":""graduates of this course"",""timeframe"":""15 months after the course""},{""metric"":""Business and public service associate professionals"",""percentage"":5,""population"":""graduates of this course"",""timeframe"":""15 months after the course""},{""metric"":""Sports and fitness occupations"",""percentage"":5,""population"":""graduates of this course"",""timeframe"":""15 months after the course""},{""metric"":""In other work"",""percentage"":40,""population"":""graduates of this course"",""timeframe"":""15 months after the course""},{""metric"":""in highly skilled work"",""percentage"":55,""population"":""graduates of this course"",""timeframe"":""15 months after the course""},{""metric"":""Teaching Professionals"",""percentage"":10,""population"":""graduates of this course"",""timeframe"":""15 months after the course""},{""metric"":""current work fits with future plans"",""percentage"":70,""population"":""graduates of this course"",""timeframe"":""15 months after graduation""},{""metric"":""Administrative occupations"",""percentage"":5,""population"":""graduates of this course"",""timeframe"":""15 months after the course""},{""metric"":""Leisure, travel and related personal service occupations"",""percentage"":10,""population"":""graduates of this course"",""timeframe"":""15 months after the course""},{""metric"":""Skilled trades occupations"",""percentage"":5,""population"":""graduates of this course"",""timeframe"":""15 months after the course""},{""metric"":""Welfare and housing associate professionals"",""percentage"":5,""population"":""graduates of this course"",""timeframe"":""15 months after the course""}]","[{""metric"":""work_and_or_study_rate"",""percentage"":89,""period"":""15 months after the course"",""population"":""Drama graduates at Bath Spa University""},{""metric"":""graduates_go_on_to_work_and_or_study"",""percentage"":89,""period"":""15 months after the course"",""population"":""Drama graduates""},{""categories"":[{""category"":""In highly skilled work"",""percentage"":50},{""category"":""Artistic, literary and media occupations"",""percentage"":24},{""category"":""Teaching Professionals"",""percentage"":12},{""category"":""Business and public service associate professionals"",""percentage"":5},{""category"":""In other work"",""percentage"":44},{""category"":""Teaching and Childcare Support Occupation"",""percentage"":9},{""category"":""Elementary occupations"",""percentage"":8},{""category"":""Leisure, travel and related personal service occupations"",""percentage"":7},{""category"":""Skilled trades occupations"",""percentage"":5},{""category"":""In unknown work"",""percentage"":5}],""metric"":""occupation_distribution"",""period"":""15 months after the course"",""population"":""Drama graduates""}]",8,1,12,26,31.58,5,1,40,0,100.00
Bishop Auckland College,Art and Design,UK,bachelor,other,discover-uk-stage1-012,d0fa5375-aec0-55a2-ad4b-23ae41795088,HND Art and Design,HND,2 year course,Bishop Auckland College Main Campus,Full time,Dutch,Active,2026 HT,GBP 9790 / annual (domestic),programme,Additional fees may apply; see the institution fee schedule,institution,Mandatory fees vary by institution and enrolment,Application fee not specified in local artifacts,"{""details"": ""Bursaries, scholarships and part-time work We offer a range of scholarships and bursaries for UK and international students , which provide extra financial support while you’re at university."", ""funding_type"": ""financial_aid_policy""}","{""amount"":15000,""currency"":""GBP""}","{""details"":""Have the opportunity to participate in competitions and other professional opportunities, including the Carleton Hobbs Bursary Award (radio), the Sam Wanamaker Festival (The Globe) and The Spotlight Prize (Industry)."",""funding_type"":""financial_aid_policy""}","{""amount"":15000,""currency"":""GBP""}","If you're eligible for a scholarship, you'll generally receive it automatically – there's no need to apply.",See funding provider deadlines,6,"{""minimum_each"": 6.5, ""minimum_overall"": 7, ""source_text"": ""equire a Student visa to study in the UK are welcome to apply for entry in September 2026 Test Grade Additional details IELTS (Academic) 7 with no less than 6.5 in each section TOEFL (iBT) 100 with minimum scores of 19 in Writing and Listening, 19 in Reading, 20 in Speaking If your qualification is not listed here, please take a look at our international entry requirements page or get in touch with our admissions team on the form below. Please note, to be accepted onto this course; you will also need to demonstrate that you meet the minimum standards o""}",100,105,"[""SAT or 33 in ACT""]","{""source_label"": ""Start date"", ""start_dates"": [""2026-09-07"", ""2028-06-07""]}",2027-01-13,2025-12-01,2027-01-13,True,https://bacoll.ac.uk/course/hnd-in-art-and-design-l5/,Secondary school diploma,2.5,4.0,including English and Maths or equivalent qualification,academic qualifications; a personal statement; evidence of your English language skills (with relevant qualifications); a reference,Reference,Personal statement,plus a portfolio demonstrating artistic ability,"{""details"": ""mature students with relevant life or employment experience will also be considered individually"", ""requirement_status"": ""conditional""}","{""data_period"": ""students graduating 2021-23"", ""measure"": ""graduates find their current work meaningful"", ""note"": ""data displayed is from students on this and other courses in Finance"", ""outcome_period"": ""15 months after graduation"", ""percentage"": 80}","{""audience"": null, ""description"": ""go on to work and/or study 15 months after the course"", ""outcome_type"": ""employment_rate"", ""percentage"": 85, ""population"": ""Creative arts and design graduates at Anglia Ruskin University""}",9,0,9,29,23.68,3,0,40,0,100.00
Bishop Auckland College,Photography,UK,bachelor,other,discover-uk-stage1-012,d649d1a4-f5d6-55c4-bac1-8db8a9953756,HND Photography,HND,2 year course,Bishop Auckland College Main Campus,Full time,Dutch,Active,2026 HT,GBP 9790 / annual (domestic),programme,Additional fees may apply; see the institution fee schedule,institution,Mandatory fees vary by institution and enrolment,Application fee not specified in local artifacts,"{""details"": ""Bursaries, scholarships and part-time work We offer a range of scholarships and bursaries for UK and international students , which provide extra financial support while you’re at university."", ""funding_type"": ""financial_aid_policy""}","{""amount"":15000,""currency"":""GBP""}","{""details"":""Have the opportunity to participate in competitions and other professional opportunities, including the Carleton Hobbs Bursary Award (radio), the Sam Wanamaker Festival (The Globe) and The Spotlight Prize (Industry)."",""funding_type"":""financial_aid_policy""}","{""amount"":15000,""currency"":""GBP""}","If you're eligible for a scholarship, you'll generally receive it automatically – there's no need to apply.",See funding provider deadlines,6,"{""minimum_each"": 6.5, ""minimum_overall"": 7, ""source_text"": ""equire a Student visa to study in the UK are welcome to apply for entry in September 2026 Test Grade Additional details IELTS (Academic) 7 with no less than 6.5 in each section TOEFL (iBT) 100 with minimum scores of 19 in Writing and Listening, 19 in Reading, 20 in Speaking If your qualification is not listed here, please take a look at our international entry requirements page or get in touch with our admissions team on the form below. Please note, to be accepted onto this course; you will also need to demonstrate that you meet the minimum standards o""}",100,105,"[""SAT or 33 in ACT""]","{""source_label"": ""Start date"", ""start_dates"": [""2026-09-07"", ""2028-06-07""]}",2027-01-13,2025-12-01,2027-01-13,True,https://bacoll.ac.uk/course/hnd-in-art-and-design-l5-photography/,Secondary school diploma,2.5,4.0,including English and Maths or equivalent qualification,academic qualifications; a personal statement; evidence of your English language skills (with relevant qualifications); a reference,Reference,Personal statement,plus ideally a portfolio of your previous photographic work if you have one,"{""details"": ""Mature students with relevant life or employment experience will also be considered"", ""requirement_status"": ""conditional""}","{""data_period"": ""students graduating 2021-23"", ""measure"": ""graduates find their current work meaningful"", ""note"": ""data displayed is from students on this and other courses in Finance"", ""outcome_period"": ""15 months after graduation"", ""percentage"": 80}","{""audience"": null, ""description"": ""go on to work and/or study 15 months after the course"", ""outcome_type"": ""employment_rate"", ""percentage"": 85, ""population"": ""Creative arts and design graduates at Anglia Ruskin University""}",8,1,9,29,23.68,4,1,40,0,100.00
Bishop Burton College,Animal Behaviour & Wildlife Conservation,UK,bachelor,other,discover-uk-stage1-013,68e2924c-c07f-5ac2-8ea9-6bb6e0d21351,BSc (Hons) Animal Behaviour & Wildlife Conservation,BSc (Hons),3 year course,Bishop Burton,Full time,Dutch,Active,2026 HT,GBP 9790 / annual (domestic),programme,Additional fees may apply; see the institution fee schedule,institution,Mandatory fees vary by institution and enrolment,Application fee not specified in local artifacts,"{""details"": ""Bursaries, scholarships and part-time work We offer a range of scholarships and bursaries for UK and international students , which provide extra financial support while you’re at university."", ""funding_type"": ""financial_aid_policy""}","{""amount"":15000,""currency"":""GBP""}","{""details"":""Have the opportunity to participate in competitions and other professional opportunities, including the Carleton Hobbs Bursary Award (radio), the Sam Wanamaker Festival (The Globe) and The Spotlight Prize (Industry)."",""funding_type"":""financial_aid_policy""}","{""amount"":15000,""currency"":""GBP""}","If you're eligible for a scholarship, you'll generally receive it automatically – there's no need to apply.",See funding provider deadlines,6,"{""minimum_each"": 6.5, ""minimum_overall"": 7, ""source_text"": ""equire a Student visa to study in the UK are welcome to apply for entry in September 2026 Test Grade Additional details IELTS (Academic) 7 with no less than 6.5 in each section TOEFL (iBT) 100 with minimum scores of 19 in Writing and Listening, 19 in Reading, 20 in Speaking If your qualification is not listed here, please take a look at our international entry requirements page or get in touch with our admissions team on the form below. Please note, to be accepted onto this course; you will also need to demonstrate that you meet the minimum standards o""}",100,105,"[""SAT or 33 in ACT""]","{""source_label"": ""Start date"", ""start_dates"": [""2026-09-07"", ""2028-06-07""]}",2027-01-13,2025-12-01,2027-01-13,True,https://www.bishopburton.ac.uk/university-centre/study/view-all-courses/bsc-hons-animal-behaviour-and-wildlife-conservation,Secondary school diploma,2.5,4.0,including English and Maths or equivalent qualification,academic qualifications; a personal statement; evidence of your English language skills (with relevant qualifications); a reference,Reference,Personal statement,plus a portfolio demonstrating artistic ability,"{""details"": ""mature students with relevant life or employment experience will also be considered individually"", ""requirement_status"": ""conditional""}",GBP 19000,"[{""data_source"":""Graduate Outcomes survey"",""metric"":""go_on_to_work_and_or_study"",""percentage"":100,""period"":""15 months after the course"",""population"":""students graduating 2021-23""},{""data_source"":""Graduate Outcomes survey"",""metric"":""in_highly_skilled_work"",""percentage"":50,""period"":""15 months after the course"",""population"":""students graduating 2021-23""},{""data_source"":""Graduate Outcomes survey"",""metric"":""occupation"",""occupation"":""Managers, directors and senior officials"",""percentage"":10,""period"":""15 months after the course"",""population"":""students graduating 2021-23""},{""data_source"":""Graduate Outcomes survey"",""metric"":""occupation"",""occupation"":""Therapy professionals"",""percentage"":10,""period"":""15 months after the course"",""population"":""students graduating 2021-23""},{""data_source"":""Graduate Outcomes survey"",""metric"":""occupation"",""occupation"":""Teaching Professionals"",""percentage"":10,""period"":""15 months after the course"",""population"":""students graduating 2021-23""},{""data_source"":""Graduate Outcomes survey"",""metric"":""occupation"",""occupation"":""Health associate professionals"",""percentage"":10,""period"":""15 months after the course"",""population"":""students graduating 2021-23""},{""data_source"":""Graduate Outcomes survey"",""metric"":""occupation"",""occupation"":""Welfare and housing associate professionals"",""percentage"":10,""period"":""15 months after the course"",""population"":""students graduating 2021-23""},{""data_source"":""Graduate Outcomes survey"",""metric"":""in_other_work"",""percentage"":40,""period"":""15 months after the course"",""population"":""students graduating 2021-23""},{""data_source"":""Graduate Outcomes survey"",""metric"":""occupation"",""occupation"":""Administrative occupations"",""percentage"":10,""period"":""15 months after the course"",""population"":""students graduating 2021-23""},{""data_source"":""Graduate Outcomes survey"",""metric"":""occupation"",""occupation"":""Animal care and control services"",""percentage"":10,""period"":""15 months after the course"",""population"":""students graduating 2021-23""},{""data_source"":""Graduate Outcomes survey"",""metric"":""occupation"",""occupation"":""Caring personal services"",""percentage"":10,""period"":""15 months after the course"",""population"":""students graduating 2021-23""},{""data_source"":""Graduate Outcomes survey"",""metric"":""occupation"",""occupation"":""Sales occupations"",""percentage"":10,""period"":""15 months after the course"",""population"":""students graduating 2021-23""},{""data_source"":""Graduate Outcomes survey"",""metric"":""in_unknown_work"",""percentage"":10,""period"":""15 months after the course"",""population"":""students graduating 2021-23""},{""cohort_size"":10,""description"":""of the students go on to work and / or study"",""outcome_period"":""Data for students graduating 2021-23"",""outcome_type"":""employment_rate"",""percentage"":100,""response_rate"":""55% of those who were asked"",""source"":""Graduate Outcomes survey""},{""categories"":[{""category"":""In highly skilled work"",""percentage"":50},{""category"":""Managers, directors and senior officials"",""percentage"":10},{""category"":""Therapy professionals"",""percentage"":10},{""category"":""Teaching Professionals"",""percentage"":10},{""category"":""Health associate professionals"",""percentage"":10},{""category"":""Welfare and housing associate professionals"",""percentage"":10},{""category"":""In other work"",""percentage"":40},{""category"":""Administrative occupations"",""percentage"":10},{""category"":""Animal care and control services"",""percentage"":10},{""category"":""Caring personal services"",""percentage"":10},{""category"":""Sales occupations"",""percentage"":10}],""cohort_size"":10,""outcome_period"":""Data for students graduating 2021-23"",""outcome_type"":""occupation_distribution"",""response_rate"":""55% of those who were asked"",""source"":""Graduate Outcomes survey""},{""amount"":16500,""cohort_size"":25,""currency"":""GBP"",""outcome_period"":""Data for students graduating 2015-17"",""outcome_type"":""earnings"",""period"":""After 3 years"",""source"":""Longitudinal Education Outcomes (LEO) dataset"",""typical_range"":{""high"":20500,""low"":13000}},{""amount"":19000,""cohort_size"":25,""currency"":""GBP"",""outcome_period"":""Data for students graduating 2015-17"",""outcome_type"":""earnings"",""period"":""After 5 years"",""source"":""Longitudinal Education Outcomes (LEO) dataset"",""typical_range"":{""high"":23000,""low"":15500}}]",6,1,8,30,21.05,3,1,40,0,100.00
Bishop Burton College,Applied Animal Behaviour and Training,UK,bachelor,other,discover-uk-stage1-013,f93efbac-69e9-53de-a54d-c1768805685c,BSc (Hons) Applied Animal Behaviour and Training,BSc (Hons),3 year course,Bishop Burton,Full time,Dutch,Active,2026 HT,GBP 9790 / annual (domestic),programme,Additional fees may apply; see the institution fee schedule,institution,Mandatory fees vary by institution and enrolment,Application fee not specified in local artifacts,"{""details"": ""Bursaries, scholarships and part-time work We offer a range of scholarships and bursaries for UK and international students , which provide extra financial support while you’re at university."", ""funding_type"": ""financial_aid_policy""}","{""amount"":15000,""currency"":""GBP""}","{""details"":""Have the opportunity to participate in competitions and other professional opportunities, including the Carleton Hobbs Bursary Award (radio), the Sam Wanamaker Festival (The Globe) and The Spotlight Prize (Industry)."",""funding_type"":""financial_aid_policy""}","{""amount"":15000,""currency"":""GBP""}","If you're eligible for a scholarship, you'll generally receive it automatically – there's no need to apply.",See funding provider deadlines,6,"{""minimum_each"": 6.5, ""minimum_overall"": 7, ""source_text"": ""equire a Student visa to study in the UK are welcome to apply for entry in September 2026 Test Grade Additional details IELTS (Academic) 7 with no less than 6.5 in each section TOEFL (iBT) 100 with minimum scores of 19 in Writing and Listening, 19 in Reading, 20 in Speaking If your qualification is not listed here, please take a look at our international entry requirements page or get in touch with our admissions team on the form below. Please note, to be accepted onto this course; you will also need to demonstrate that you meet the minimum standards o""}",100,105,"[""SAT or 33 in ACT""]","{""source_label"": ""Start date"", ""start_dates"": [""2026-09-07"", ""2028-06-07""]}",2027-01-13,2025-12-01,2027-01-13,True,https://www.bishopburton.ac.uk/university-centre/study/view-all-courses/bsc-hons-applied-animal-behaviour-and-training,Secondary school diploma,2.5,4.0,including English and Maths or equivalent qualification,academic qualifications; a personal statement; evidence of your English language skills (with relevant qualifications); a reference,Reference,Personal statement,plus a portfolio demonstrating artistic ability,"{""details"": ""mature students with relevant life or employment experience will also be considered individually"", ""requirement_status"": ""conditional""}",GBP 19000,"[{""data_source"":""Graduate Outcomes survey"",""metric"":""go_on_to_work_and_or_study"",""percentage"":100,""period"":""15 months after the course"",""population"":""students graduating 2021-23""},{""data_source"":""Graduate Outcomes survey"",""metric"":""in_highly_skilled_work"",""percentage"":50,""period"":""15 months after the course"",""population"":""students graduating 2021-23""},{""data_source"":""Graduate Outcomes survey"",""metric"":""occupation"",""occupation"":""Managers, directors and senior officials"",""percentage"":10,""period"":""15 months after the course"",""population"":""students graduating 2021-23""},{""data_source"":""Graduate Outcomes survey"",""metric"":""occupation"",""occupation"":""Therapy professionals"",""percentage"":10,""period"":""15 months after the course"",""population"":""students graduating 2021-23""},{""data_source"":""Graduate Outcomes survey"",""metric"":""occupation"",""occupation"":""Teaching Professionals"",""percentage"":10,""period"":""15 months after the course"",""population"":""students graduating 2021-23""},{""data_source"":""Graduate Outcomes survey"",""metric"":""occupation"",""occupation"":""Health associate professionals"",""percentage"":10,""period"":""15 months after the course"",""population"":""students graduating 2021-23""},{""data_source"":""Graduate Outcomes survey"",""metric"":""occupation"",""occupation"":""Welfare and housing associate professionals"",""percentage"":10,""period"":""15 months after the course"",""population"":""students graduating 2021-23""},{""data_source"":""Graduate Outcomes survey"",""metric"":""in_other_work"",""percentage"":40,""period"":""15 months after the course"",""population"":""students graduating 2021-23""},{""data_source"":""Graduate Outcomes survey"",""metric"":""occupation"",""occupation"":""Administrative occupations"",""percentage"":10,""period"":""15 months after the course"",""population"":""students graduating 2021-23""},{""data_source"":""Graduate Outcomes survey"",""metric"":""occupation"",""occupation"":""Animal care and control services"",""percentage"":10,""period"":""15 months after the course"",""population"":""students graduating 2021-23""},{""data_source"":""Graduate Outcomes survey"",""metric"":""occupation"",""occupation"":""Caring personal services"",""percentage"":10,""period"":""15 months after the course"",""population"":""students graduating 2021-23""},{""data_source"":""Graduate Outcomes survey"",""metric"":""occupation"",""occupation"":""Sales occupations"",""percentage"":10,""period"":""15 months after the course"",""population"":""students graduating 2021-23""},{""data_source"":""Graduate Outcomes survey"",""metric"":""in_unknown_work"",""percentage"":10,""period"":""15 months after the course"",""population"":""students graduating 2021-23""},{""measure"":""go_on_to_work_and_or_study"",""outcome_period"":""students graduating 2021-23"",""percentage"":100,""respondents"":10,""response_rate"":""55%"",""source"":""Graduate Outcomes survey""},{""cohort"":""students graduating 2021-23"",""occupation_distribution"":[{""category"":""In highly skilled work"",""percentage"":50},{""category"":""Managers, directors and senior officials"",""percentage"":10},{""category"":""Therapy professionals"",""percentage"":10},{""category"":""Teaching Professionals"",""percentage"":10},{""category"":""Health associate professionals"",""percentage"":10},{""category"":""Welfare and housing associate professionals"",""percentage"":10},{""category"":""In other work"",""percentage"":40},{""category"":""Administrative occupations"",""percentage"":10},{""category"":""Animal care and control services"",""percentage"":10},{""category"":""Caring personal services"",""percentage"":10},{""category"":""Sales occupations"",""percentage"":10}],""outcome_period"":""15 months after the course"",""respondents"":10,""response_rate"":""55%"",""source"":""Graduate Outcomes survey""}]",6,0,7,31,18.42,2,0,40,0,100.00
Blackburn College,Accounting and Finance,UK,bachelor,other,discover-uk-stage1-014,e01daefe-355a-5f31-a3db-f63d8275d471,Accounting and Finance,FdSc,2 year course,Main Campus,Full time,Dutch,Active,2026 HT,GBP 9790 / annual (domestic),programme,Additional fees may apply; see the institution fee schedule,institution,Mandatory fees vary by institution and enrolment,Application fee not specified in local artifacts,"{""details"": ""Bursaries, scholarships and part-time work We offer a range of scholarships and bursaries for UK and international students , which provide extra financial support while you’re at university."", ""funding_type"": ""financial_aid_policy""}","{""amount"":15000,""currency"":""GBP""}","{""details"":""Financial support There is a range of financial support available to you, including generous support from the College."",""funding_type"":""financial_aid_policy""}","{""amount"":15000,""currency"":""GBP""}","If you're eligible for a scholarship, you'll generally receive it automatically – there's no need to apply.",See funding provider deadlines,6,"{""minimum_each"": 6.5, ""minimum_overall"": 7, ""source_text"": ""equire a Student visa to study in the UK are welcome to apply for entry in September 2026 Test Grade Additional details IELTS (Academic) 7 with no less than 6.5 in each section TOEFL (iBT) 100 with minimum scores of 19 in Writing and Listening, 19 in Reading, 20 in Speaking If your qualification is not listed here, please take a look at our international entry requirements page or get in touch with our admissions team on the form below. Please note, to be accepted onto this course; you will also need to demonstrate that you meet the minimum standards o""}",100,105,"[""SAT or 33 in ACT""]","{""source_label"": ""Start date"", ""start_dates"": [""2026-08-01""]}",2027-01-13,2025-12-01,2027-01-13,True,https://blackburn.ac.uk/find-a-course/business/accounting/accounting-and-finance-fdsc,Secondary school diploma,2.5,4.0,including English and Maths or equivalent qualification,academic qualifications; a personal statement; evidence of your English language skills (with relevant qualifications); a reference,Reference,Personal statement,plus a portfolio demonstrating artistic ability,"{""details"": ""mature students with relevant life or employment experience will also be considered individually"", ""requirement_status"": ""conditional""}","{""description"": ""75% of UK-resident Management studies graduates from Blackburn College are based in England"", ""graduating_cohort"": ""2015-17"", ""outcome_type"": ""graduate_location"", ""source"": ""Longitudinal Education Outcomes (LEO) dataset"", ""subject_area"": ""Management studies""}","[{""amount"":24000,""credential"":""full-time Management studies courses"",""currency"":""GBP"",""graduating_cohort"":""2015-17"",""outcome_type"":""median_earnings"",""respondents"":25,""source"":""Longitudinal Education Outcomes (LEO) dataset"",""subject_area"":""Management studies"",""time_after_graduation"":""5 years"",""typical_range"":{""high"":31000,""low"":17500}},{""amount"":19000,""credential"":""full-time Management studies courses"",""currency"":""GBP"",""graduating_cohort"":""2015-17"",""outcome_type"":""median_earnings"",""respondents"":25,""source"":""Longitudinal Education Outcomes (LEO) dataset"",""subject_area"":""Management studies"",""time_after_graduation"":""3 years"",""typical_range"":{""high"":26000,""low"":13000}},{""amount"":23500,""credential"":""full-time Business studies courses"",""currency"":""GBP"",""graduating_cohort"":""2015-17"",""outcome_type"":""median_earnings"",""respondents"":40,""source"":""Longitudinal Education Outcomes (LEO) dataset"",""subject_area"":""Business studies"",""time_after_graduation"":""5 years"",""typical_range"":{""high"":28000,""low"":19500}},{""amount"":21000,""credential"":""full-time Business studies courses"",""currency"":""GBP"",""graduating_cohort"":""2015-17"",""outcome_type"":""median_earnings"",""respondents"":35,""source"":""Longitudinal Education Outcomes (LEO) dataset"",""subject_area"":""Business studies"",""time_after_graduation"":""3 years"",""typical_range"":{""high"":23000,""low"":17000}}]",7,3,11,27,28.95,5,3,40,0,100.00
Blackburn College,Business with Management,UK,bachelor,business,discover-uk-stage1-014,c2637d16-4f58-55b5-b925-6cdc8a8590d2,Business with Management,BA (Hons),3 year course,Main Campus,Full time,English,Active,2026 HT,GBP 9900 / annual (international),programme,Additional fees may apply; see the institution fee schedule,institution,Mandatory fees vary by institution and enrolment,Application fee not specified in local artifacts,"{""details"": ""Financial support and scholarships For general sources of financial support, see our Fees and funding pages."", ""funding_type"": ""financial_aid_policy""}","{""amount"":15000,""currency"":""GBP""}","{""details"":""Financial support There is a range of financial support available to you, including generous support from the College."",""funding_type"":""financial_aid_policy""}","{""amount"":15000,""currency"":""GBP""}",Students with children or dependant adults may qualify for a Childcare Grant or Adult Dependants' Grant.,See funding provider deadlines,6,"{""minimum_each"": 5.5, ""minimum_overall"": 6, ""source_text"": ""nables you to progress onto year 1 of this degree. English language requirements If English is not your first language, IELTS 6.0 overall with a minimum of 5.5 in each element. Find out about the other English qualifications that we accept . Studied before or got relevant experience? If you have suitable qualifications, credits from a previous university course or relevant professional experience, these could count towards your course at Brighton and you could start the course in year 2 or 3. Transferring from another university Thinking about""}",100,105,"[""SAT or 33 in ACT""]","{""source_label"": ""Start date"", ""start_dates"": [""2026-08-01""]}",2027-01-13,2025-12-01,2027-01-13,True,https://blackburn.ac.uk/find-a-course/business/business/business-with-management-ba-hons,Secondary school diploma,2.5,4.0,including Mathematics and English Language or equivalents,academic qualifications; a personal statement; evidence of your English language skills (with relevant qualifications); a reference,Reference,Personal statement,plus a portfolio demonstrating artistic ability,"{""details"": ""Relevant work experience may be considered if you do not meet the above criteria"", ""requirement_status"": ""conditional""}","{""description"": ""75% of UK-resident Management studies graduates from Blackburn College are based in England"", ""graduating_cohort"": ""2015-17"", ""outcome_type"": ""graduate_location"", ""source"": ""Longitudinal Education Outcomes (LEO) dataset"", ""subject_area"": ""Management studies""}","[{""amount"":21000,""credential"":""full-time Business studies courses"",""currency"":""GBP"",""graduating_cohort"":""2015-17"",""outcome_type"":""median_earnings"",""respondents"":35,""source"":""Longitudinal Education Outcomes (LEO) dataset"",""subject_area"":""Business studies"",""time_after_graduation"":""3 years"",""typical_range"":{""high"":23000,""low"":17000}},{""amount"":23500,""credential"":""full-time Business studies courses"",""currency"":""GBP"",""graduating_cohort"":""2015-17"",""outcome_type"":""median_earnings"",""respondents"":40,""source"":""Longitudinal Education Outcomes (LEO) dataset"",""subject_area"":""Business studies"",""time_after_graduation"":""5 years"",""typical_range"":{""high"":28000,""low"":19500}},{""amount"":19000,""credential"":""full-time Management studies courses"",""currency"":""GBP"",""graduating_cohort"":""2015-17"",""outcome_type"":""median_earnings"",""respondents"":25,""source"":""Longitudinal Education Outcomes (LEO) dataset"",""subject_area"":""Management studies"",""time_after_graduation"":""3 years"",""typical_range"":{""high"":26000,""low"":13000}},{""amount"":24000,""credential"":""full-time Management studies courses"",""currency"":""GBP"",""graduating_cohort"":""2015-17"",""outcome_type"":""median_earnings"",""respondents"":25,""source"":""Longitudinal Education Outcomes (LEO) dataset"",""subject_area"":""Management studies"",""time_after_graduation"":""5 years"",""typical_range"":{""high"":31000,""low"":17500}}]",8,0,10,28,26.32,4,0,40,0,100.00
Boston College,Film & Television,UK,bachelor,other,discover-uk-stage1-016,0c35c3a5-02ff-5de8-820a-f2ee8108e32e,HND Film & Television,HND,2 year course,Boston College University Centre,Full time,Dutch,Active,2026 HT,GBP 7100 / annual,programme,Additional fees may apply; see the institution fee schedule,institution,Mandatory fees vary by institution and enrolment,Application fee not specified in local artifacts,"{""details"": ""The bursary can help cover a range of costs, including, travel, equipment, uniform, trips, food (including Further Education Free Meals) and industry placement expenses."", ""funding_type"": ""financial_aid_policy""}","{""amount"":15000,""currency"":""GBP""}","{""details"":""Student Bursary Applications are open!🎉 If you’re planning to study at Boston College this September, you may be eligible for financial support if your household income is under £45,000."",""funding_type"":""financial_aid_policy""}","{""amount"":15000,""currency"":""GBP""}","Student Bursary Applications are open!🎉 If you’re planning to study at Boston College this September, you may be eligible for financial support if your household income is under £45,000.",See funding provider deadlines,6,"{""minimum_each"": 6.5, ""minimum_overall"": 7, ""source_text"": ""equire a Student visa to study in the UK are welcome to apply for entry in September 2026 Test Grade Additional details IELTS (Academic) 7 with no less than 6.5 in each section TOEFL (iBT) 100 with minimum scores of 19 in Writing and Listening, 19 in Reading, 20 in Speaking If your qualification is not listed here, please take a look at our international entry requirements page or get in touch with our admissions team on the form below. Please note, to be accepted onto this course; you will also need to demonstrate that you meet the minimum standards o""}",100,105,"[""SAT or 33 in ACT""]","{""source_label"": ""Start date"", ""start_dates"": [""2026-09-07"", ""2028-06-07""]}",2027-01-13,2025-12-01,2027-01-13,True,https://www.boston.ac.uk/courses/find-a-course/area/media/film-and-television-hnd-level-5/,Secondary school diploma,2.5,4.0,including English and Maths or equivalent qualification,academic qualifications; a personal statement; evidence of your English language skills (with relevant qualifications); a reference,Reference,Personal statement,plus a portfolio demonstrating artistic ability,"{""details"": ""Relevant work experience may be considered if you do not meet the above criteria"", ""requirement_status"": ""conditional""}",GBP 12500 / 3 years after the course,"{""description"":""go on to work and/or study 15 months after the course"",""outcome_type"":""employment_rate"",""period"":""15 months after the course"",""population"":""Creative arts and design graduates at Boston College"",""rate"":""80%""}",10,0,13,25,34.21,4,0,40,0,100.00
Boston College,Leadership & Management,UK,bachelor,business,discover-uk-stage1-016,3de52a35-3c2d-58bb-9e06-01d688b47671,HND Leadership & Management,HND,2 year course,Boston College University Centre,Full time,English,Active,2026 HT,GBP 7100 / annual,programme,Additional fees may apply; see the institution fee schedule,institution,Mandatory fees vary by institution and enrolment,Application fee not specified in local artifacts,"{""details"": ""The bursary can help cover a range of costs, including, travel, equipment, uniform, trips, food (including Further Education Free Meals) and industry placement expenses."", ""funding_type"": ""financial_aid_policy""}","{""amount"":15000,""currency"":""GBP""}","{""details"":""Student Bursary Applications are open!🎉 If you’re planning to study at Boston College this September, you may be eligible for financial support if your household income is under £45,000."",""funding_type"":""financial_aid_policy""}","{""amount"":15000,""currency"":""GBP""}","Student Bursary Applications are open!🎉 If you’re planning to study at Boston College this September, you may be eligible for financial support if your household income is under £45,000.",See funding provider deadlines,6,"{""minimum_each"": 5.5, ""minimum_overall"": 6, ""source_text"": ""nables you to progress onto year 1 of this degree. English language requirements If English is not your first language, IELTS 6.0 overall with a minimum of 5.5 in each element. Find out about the other English qualifications that we accept . Studied before or got relevant experience? If you have suitable qualifications, credits from a previous university course or relevant professional experience, these could count towards your course at Brighton and you could start the course in year 2 or 3. Transferring from another university Thinking about""}",100,105,"[""SAT or 33 in ACT""]","{""source_label"": ""Start date"", ""start_dates"": [""2026-09-01""]}",2027-01-13,2025-12-01,2027-01-13,True,https://www.boston.ac.uk/courses/find-a-course/area/business/leadership-and-management-hnd-level-5/,Secondary school diploma,2.5,4.0,including Mathematics and English Language or equivalents,academic qualifications; a personal statement; evidence of your English language skills (with relevant qualifications); a reference,Reference,Personal statement,plus a portfolio demonstrating artistic ability,"{""details"": ""Relevant work experience may be considered if you do not meet the above criteria"", ""requirement_status"": ""conditional""}",GBP 12500 / 3 years after the course,"{""description"":""go on to work and/or study 15 months after the course"",""outcome_type"":""employment_rate"",""period"":""15 months after the course"",""population"":""Creative arts and design graduates at Boston College"",""rate"":""80%""}",8,3,13,25,34.21,6,3,40,0,100.00
Bournemouth University,Accounting,UK,bachelor,other,discover-uk-stage1-018,2b10d957-eb9b-5583-b2bb-fc1c741a300b,Accounting,BA (Hons),3 year course,Bournemouth University,Full time,Dutch,Active,2026 HT,GBP 9790 / annual (domestic),programme,Additional fees may apply; see the institution fee schedule,institution,Mandatory fees vary by institution and enrolment,Application fee not specified in local artifacts,"{""details"": ""Bursaries, scholarships and part-time work We offer a range of scholarships and bursaries for UK and international students , which provide extra financial support while you’re at university."", ""funding_type"": ""financial_aid_policy""}","{""amount"":15000,""currency"":""GBP""}","{""details"":""Have the opportunity to participate in competitions and other professional opportunities, including the Carleton Hobbs Bursary Award (radio), the Sam Wanamaker Festival (The Globe) and The Spotlight Prize (Industry)."",""funding_type"":""financial_aid_policy""}","{""amount"":15000,""currency"":""GBP""}","If you're eligible for a scholarship, you'll generally receive it automatically – there's no need to apply.",See funding provider deadlines,6,"{""minimum_each"": 6.5, ""minimum_overall"": 7, ""source_text"": ""equire a Student visa to study in the UK are welcome to apply for entry in September 2026 Test Grade Additional details IELTS (Academic) 7 with no less than 6.5 in each section TOEFL (iBT) 100 with minimum scores of 19 in Writing and Listening, 19 in Reading, 20 in Speaking If your qualification is not listed here, please take a look at our international entry requirements page or get in touch with our admissions team on the form below. Please note, to be accepted onto this course; you will also need to demonstrate that you meet the minimum standards o""}",100,105,"[""SAT or 33 in ACT""]","{""source_label"": ""Start date"", ""start_dates"": [""2026-09-07"", ""2028-06-07""]}",2027-01-13,2025-12-01,2027-01-13,True,https://www.bournemouth.ac.uk/study/courses/ba-hons-accounting,Secondary school diploma,2.5,4.0,including English and Maths or equivalent qualification,academic qualifications; a personal statement; evidence of your English language skills (with relevant qualifications); a reference,Reference,Personal statement,plus a portfolio demonstrating artistic ability,"{""details"": ""mature students with relevant life or employment experience will also be considered individually"", ""requirement_status"": ""conditional""}","{""data_period"": ""students graduating 2021-23"", ""measure"": ""graduates find their current work meaningful"", ""note"": ""data displayed is from students on this and other courses in Finance"", ""outcome_period"": ""15 months after graduation"", ""percentage"": 80}","{""audience"": null, ""data_period"": ""students graduating 2021-23"", ""occupation"": ""Managers, directors and senior officials"", ""outcome_period"": ""15 months after the course"", ""percentage"": 5}",6,2,8,30,21.05,3,2,40,0,100.00
Bournemouth University,Accounting and Finance,UK,bachelor,other,discover-uk-stage1-018,a4e6b163-10f4-513a-9230-fe193026b557,Accounting and Finance,BA (Hons),3 year course,Bournemouth University,Full time,Dutch,Active,2026 HT,GBP 9790 / annual (domestic),programme,Additional fees may apply; see the institution fee schedule,institution,Mandatory fees vary by institution and enrolment,Application fee not specified in local artifacts,"{""details"": ""Bursaries, scholarships and part-time work We offer a range of scholarships and bursaries for UK and international students , which provide extra financial support while you’re at university."", ""funding_type"": ""financial_aid_policy""}","{""amount"":15000,""currency"":""GBP""}","{""details"":""Have the opportunity to participate in competitions and other professional opportunities, including the Carleton Hobbs Bursary Award (radio), the Sam Wanamaker Festival (The Globe) and The Spotlight Prize (Industry)."",""funding_type"":""financial_aid_policy""}","{""amount"":15000,""currency"":""GBP""}","If you're eligible for a scholarship, you'll generally receive it automatically – there's no need to apply.",See funding provider deadlines,6,"{""minimum_each"": 6.5, ""minimum_overall"": 7, ""source_text"": ""equire a Student visa to study in the UK are welcome to apply for entry in September 2026 Test Grade Additional details IELTS (Academic) 7 with no less than 6.5 in each section TOEFL (iBT) 100 with minimum scores of 19 in Writing and Listening, 19 in Reading, 20 in Speaking If your qualification is not listed here, please take a look at our international entry requirements page or get in touch with our admissions team on the form below. Please note, to be accepted onto this course; you will also need to demonstrate that you meet the minimum standards o""}",100,105,"[""SAT or 33 in ACT""]","{""source_label"": ""Start date"", ""start_dates"": [""2026-09-07"", ""2028-06-07""]}",2027-01-13,2025-12-01,2027-01-13,True,https://www.bournemouth.ac.uk/study/courses/ba-hons-accounting-finance-2,Secondary school diploma,2.5,4.0,including English and Maths or equivalent qualification,academic qualifications; a personal statement; evidence of your English language skills (with relevant qualifications); a reference,Reference,Personal statement,plus a portfolio demonstrating artistic ability,"{""details"": ""mature students with relevant life or employment experience will also be considered individually"", ""requirement_status"": ""conditional""}","{""data_period"": ""students graduating 2021-23"", ""measure"": ""graduates find their current work meaningful"", ""note"": ""data displayed is from students on this and other courses in Finance"", ""outcome_period"": ""15 months after graduation"", ""percentage"": 80}","[{""data_period"":""students graduating 2021-23"",""measure"":""go on to work and / or study"",""outcome_period"":""15 months after the course"",""percentage"":95,""respondents"":""15 students (50% of those who were asked)""},{""data_period"":""students graduating 2021-23"",""measure"":""in highly skilled work"",""outcome_period"":""15 months after the course"",""percentage"":80,""respondents"":""15 students (50% of those who were asked)""},{""data_period"":""students graduating 2021-23"",""occupation"":""Finance Professionals"",""outcome_period"":""15 months after the course"",""percentage"":45},{""data_period"":""students graduating 2021-23"",""occupation"":""Business and public service associate professionals"",""outcome_period"":""15 months after the course"",""percentage"":20},{""data_period"":""students graduating 2021-23"",""occupation"":""Managers, directors and senior officials"",""outcome_period"":""15 months after the course"",""percentage"":5},{""data_period"":""students graduating 2021-23"",""occupation"":""Business, Research and Administrative Professionals"",""outcome_period"":""15 months after the course"",""percentage"":5},{""data_period"":""students graduating 2021-23"",""measure"":""in other work"",""outcome_period"":""15 months after the course"",""percentage"":20},{""data_period"":""students graduating 2021-23"",""occupation"":""Administrative occupations"",""outcome_period"":""15 months after the course"",""percentage"":20}]",7,0,8,30,21.05,2,0,40,0,100.00
Bradford College,Primary Education Early Years 3-7 (QTS),UK,bachelor,other,discover-uk-stage1-019,eeb069c9-ba8c-5b25-bcd4-bf86a72f59cd,Primary Education Early Years 3-7 (QTS),BA (Hons),3 year course,Bradford College - Main Campus,Full time,Dutch,Active,2026 HT,GBP 9790 / annual (domestic),programme,Additional fees may apply; see the institution fee schedule,institution,Mandatory fees vary by institution and enrolment,Application fee not specified in local artifacts,"{""details"": ""Bursaries, scholarships and part-time work We offer a range of scholarships and bursaries for UK and international students , which provide extra financial support while you’re at university."", ""funding_type"": ""financial_aid_policy""}","{""amount"":15000,""currency"":""GBP""}","{""details"":""Have the opportunity to participate in competitions and other professional opportunities, including the Carleton Hobbs Bursary Award (radio), the Sam Wanamaker Festival (The Globe) and The Spotlight Prize (Industry)."",""funding_type"":""financial_aid_policy""}","{""amount"":15000,""currency"":""GBP""}","If you're eligible for a scholarship, you'll generally receive it automatically – there's no need to apply.",See funding provider deadlines,6,"{""minimum_each"": 6.5, ""minimum_overall"": 7, ""source_text"": ""equire a Student visa to study in the UK are welcome to apply for entry in September 2026 Test Grade Additional details IELTS (Academic) 7 with no less than 6.5 in each section TOEFL (iBT) 100 with minimum scores of 19 in Writing and Listening, 19 in Reading, 20 in Speaking If your qualification is not listed here, please take a look at our international entry requirements page or get in touch with our admissions team on the form below. Please note, to be accepted onto this course; you will also need to demonstrate that you meet the minimum standards o""}",100,105,"[""SAT or 33 in ACT""]","{""source_label"": ""Start date"", ""start_dates"": [""2026-09-07"", ""2028-06-07""]}",2027-01-13,2025-12-01,2027-01-13,True,https://www.bradfordcollege.ac.uk/courses/level-6-ba-hons-primary-education-early-years-3-7-with-qts/,Secondary school diploma,2.5,4.0,including English and Maths or equivalent qualification,academic qualifications; a personal statement; evidence of your English language skills (with relevant qualifications); a reference,Reference,Personal statement,plus a portfolio demonstrating artistic ability,"{""details"": ""mature students with relevant life or employment experience will also be considered individually"", ""requirement_status"": ""conditional""}","{""data_period"": ""students graduating 2021-23"", ""measure"": ""graduates find their current work meaningful"", ""note"": ""data displayed is from students on this and other courses in Finance"", ""outcome_period"": ""15 months after graduation"", ""percentage"": 80}","{""audience"": null, ""description"": ""go on to work and/or study 15 months after the course"", ""outcome_type"": ""employment_rate"", ""percentage"": 85, ""population"": ""Creative arts and design graduates at Anglia Ruskin University""}",6,0,6,32,15.79,2,0,40,0,100.00
Bradford College,Primary Education Early Years 5-11 (QTS),UK,bachelor,other,discover-uk-stage1-019,4312df08-cb0e-538a-b9ed-4e0d7e864ff9,BA (Hons) Primary Education Early Years 5-11 (QTS),BA (Hons),3 year course,Bradford College - Main Campus,Full time,Dutch,Active,2026 HT,GBP 9790 / annual (domestic),programme,Additional fees may apply; see the institution fee schedule,institution,Mandatory fees vary by institution and enrolment,Application fee not specified in local artifacts,"{""details"": ""Bursaries, scholarships and part-time work We offer a range of scholarships and bursaries for UK and international students , which provide extra financial support while you’re at university."", ""funding_type"": ""financial_aid_policy""}","{""amount"":15000,""currency"":""GBP""}","{""details"":""Have the opportunity to participate in competitions and other professional opportunities, including the Carleton Hobbs Bursary Award (radio), the Sam Wanamaker Festival (The Globe) and The Spotlight Prize (Industry)."",""funding_type"":""financial_aid_policy""}","{""amount"":15000,""currency"":""GBP""}","If you're eligible for a scholarship, you'll generally receive it automatically – there's no need to apply.",See funding provider deadlines,6,"{""minimum_each"": 6.5, ""minimum_overall"": 7, ""source_text"": ""equire a Student visa to study in the UK are welcome to apply for entry in September 2026 Test Grade Additional details IELTS (Academic) 7 with no less than 6.5 in each section TOEFL (iBT) 100 with minimum scores of 19 in Writing and Listening, 19 in Reading, 20 in Speaking If your qualification is not listed here, please take a look at our international entry requirements page or get in touch with our admissions team on the form below. Please note, to be accepted onto this course; you will also need to demonstrate that you meet the minimum standards o""}",100,105,"[""SAT or 33 in ACT""]","{""source_label"": ""Start date"", ""start_dates"": [""2026-09-07"", ""2028-06-07""]}",2027-01-13,2025-12-01,2027-01-13,True,https://www.bradfordcollege.ac.uk/courses/level-6-ba-hons-primary-education-later-years-5-11-with-qts/,Secondary school diploma,2.5,4.0,including English and Maths or equivalent qualification,academic qualifications; a personal statement; evidence of your English language skills (with relevant qualifications); a reference,Reference,Personal statement,plus a portfolio demonstrating artistic ability,"{""details"": ""mature students with relevant life or employment experience will also be considered individually"", ""requirement_status"": ""conditional""}","{""data_period"": ""students graduating 2021-23"", ""measure"": ""graduates find their current work meaningful"", ""note"": ""data displayed is from students on this and other courses in Finance"", ""outcome_period"": ""15 months after graduation"", ""percentage"": 80}","{""audience"": null, ""description"": ""go on to work and/or study 15 months after the course"", ""outcome_type"": ""employment_rate"", ""percentage"": 85, ""population"": ""Creative arts and design graduates at Anglia Ruskin University""}",6,0,6,32,15.79,2,0,40,0,100.00
Bristol Baptist College,"Theology, Ministry and Mission",UK,bachelor,other,discover-uk-stage1-022,5899253a-cf94-5a60-ae1a-dd8d5638d45c,"Theology, Ministry and Mission",BA (Hons),3 year course,Bristol Baptist College,Full time,Dutch,Active,2026 HT,GBP 9790 / annual (domestic),programme,Additional fees may apply; see the institution fee schedule,institution,Mandatory fees vary by institution and enrolment,Application fee not specified in local artifacts,"{""details"": ""Bursaries, scholarships and part-time work We offer a range of scholarships and bursaries for UK and international students , which provide extra financial support while you’re at university."", ""funding_type"": ""financial_aid_policy""}","{""amount"":15000,""currency"":""GBP""}","{""details"":""Have the opportunity to participate in competitions and other professional opportunities, including the Carleton Hobbs Bursary Award (radio), the Sam Wanamaker Festival (The Globe) and The Spotlight Prize (Industry)."",""funding_type"":""financial_aid_policy""}","{""amount"":15000,""currency"":""GBP""}","If you're eligible for a scholarship, you'll generally receive it automatically – there's no need to apply.",See funding provider deadlines,6,"{""minimum_each"": 6.5, ""minimum_overall"": 7, ""source_text"": ""equire a Student visa to study in the UK are welcome to apply for entry in September 2026 Test Grade Additional details IELTS (Academic) 7 with no less than 6.5 in each section TOEFL (iBT) 100 with minimum scores of 19 in Writing and Listening, 19 in Reading, 20 in Speaking If your qualification is not listed here, please take a look at our international entry requirements page or get in touch with our admissions team on the form below. Please note, to be accepted onto this course; you will also need to demonstrate that you meet the minimum standards o""}",100,105,"[""SAT or 33 in ACT""]","{""source_label"": ""Start date"", ""start_dates"": [""2026-09-07"", ""2028-06-07""]}",2027-01-13,2025-12-01,2027-01-13,True,https://www.bristol-baptist.ac.uk/undergraduate/,Secondary school diploma,2.5,4.0,including English and Maths or equivalent qualification,academic qualifications; a personal statement; evidence of your English language skills (with relevant qualifications); a reference,Reference,Personal statement,plus a portfolio demonstrating artistic ability,"{""details"": ""mature students with relevant life or employment experience will also be considered individually"", ""requirement_status"": ""conditional""}","{""data_period"": ""students graduating 2021-23"", ""measure"": ""graduates find their current work meaningful"", ""note"": ""data displayed is from students on this and other courses in Finance"", ""outcome_period"": ""15 months after graduation"", ""percentage"": 80}","{""audience"": null, ""description"": ""go on to work and/or study 15 months after the course"", ""outcome_type"": ""employment_rate"", ""percentage"": 85, ""population"": ""Creative arts and design graduates at Anglia Ruskin University""}",6,0,6,32,15.79,2,0,40,0,100.00
Bristol Baptist College,"Theology, Ministry and Mission",UK,bachelor,other,discover-uk-stage1-022,3a574afc-69e2-5f98-8d89-a358555d61bb,"Theology, Ministry and Mission",BA (Hons),3 year course,Bristol Baptist College,Full time,Dutch,Active,2026 HT,GBP 9790 / annual (domestic),programme,Additional fees may apply; see the institution fee schedule,institution,Mandatory fees vary by institution and enrolment,Application fee not specified in local artifacts,"{""details"": ""Bursaries, scholarships and part-time work We offer a range of scholarships and bursaries for UK and international students , which provide extra financial support while you’re at university."", ""funding_type"": ""financial_aid_policy""}","{""amount"":15000,""currency"":""GBP""}","{""details"":""Have the opportunity to participate in competitions and other professional opportunities, including the Carleton Hobbs Bursary Award (radio), the Sam Wanamaker Festival (The Globe) and The Spotlight Prize (Industry)."",""funding_type"":""financial_aid_policy""}","{""amount"":15000,""currency"":""GBP""}","If you're eligible for a scholarship, you'll generally receive it automatically – there's no need to apply.",See funding provider deadlines,6,"{""minimum_each"": 6.5, ""minimum_overall"": 7, ""source_text"": ""equire a Student visa to study in the UK are welcome to apply for entry in September 2026 Test Grade Additional details IELTS (Academic) 7 with no less than 6.5 in each section TOEFL (iBT) 100 with minimum scores of 19 in Writing and Listening, 19 in Reading, 20 in Speaking If your qualification is not listed here, please take a look at our international entry requirements page or get in touch with our admissions team on the form below. Please note, to be accepted onto this course; you will also need to demonstrate that you meet the minimum standards o""}",100,105,"[""SAT or 33 in ACT""]","{""source_label"": ""Start date"", ""start_dates"": [""2026-09-07"", ""2028-06-07""]}",2027-01-13,2025-12-01,2027-01-13,True,https://www.bristol-baptist.ac.uk/undergraduate/,Secondary school diploma,2.5,4.0,including English and Maths or equivalent qualification,academic qualifications; a personal statement; evidence of your English language skills (with relevant qualifications); a reference,Reference,Personal statement,plus a portfolio demonstrating artistic ability,"{""details"": ""mature students with relevant life or employment experience will also be considered individually"", ""requirement_status"": ""conditional""}","{""data_period"": ""students graduating 2021-23"", ""measure"": ""graduates find their current work meaningful"", ""note"": ""data displayed is from students on this and other courses in Finance"", ""outcome_period"": ""15 months after graduation"", ""percentage"": 80}","{""audience"": null, ""description"": ""go on to work and/or study 15 months after the course"", ""outcome_type"": ""employment_rate"", ""percentage"": 85, ""population"": ""Creative arts and design graduates at Anglia Ruskin University""}",1,5,6,32,15.79,2,5,40,0,100.00
Brunel University of London,Theatre,UK,bachelor,other,discover-uk-stage1-024,c88a3280-125f-585b-8a20-aebb08a5836f,Theatre,Bachelor's degree,3 year course,Brunel University Campus,Full time,Dutch,Active,2026 HT,GBP 17400 / annual (international),programme,Additional fees may apply; see the institution fee schedule,institution,Mandatory fees vary by institution and enrolment,Application fee not specified in local artifacts,"{""details"": ""Please refer to the scholarships pages to view discounts available to eligible EU undergraduate applicants."", ""funding_type"": ""financial_aid_policy""}","{""amount"":15000,""currency"":""GBP""}","{""details"":""Please refer to the scholarships pages to view discounts available to eligible EU undergraduate applicants."",""funding_type"":""financial_aid_policy""}","{""amount"":15000,""currency"":""GBP""}",Please refer to the scholarships pages to view discounts available to eligible EU undergraduate applicants.,See funding provider deadlines,6.5,"{""minimum_each"": 6.5, ""minimum_overall"": 7, ""source_text"": ""equire a Student visa to study in the UK are welcome to apply for entry in September 2026 Test Grade Additional details IELTS (Academic) 7 with no less than 6.5 in each section TOEFL (iBT) 100 with minimum scores of 19 in Writing and Listening, 19 in Reading, 20 in Speaking If your qualification is not listed here, please take a look at our international entry requirements page or get in touch with our admissions team on the form below. Please note, to be accepted onto this course; you will also need to demonstrate that you meet the minimum standards o""}",100,105,"[""SAT or 33 in ACT""]","{""source_label"": ""Start date"", ""start_dates"": [""2026-09-07"", ""2028-06-07""]}",2027-01-13,2025-12-01,2027-01-13,True,https://www.brunel.ac.uk/study/undergraduate/theatre-ba,Secondary school diploma,2.5,4.0,including English and Maths or equivalent qualification,academic qualifications; a personal statement; evidence of your English language skills (with relevant qualifications); a reference,Reference,Personal statement,plus a portfolio demonstrating artistic ability,"{""details"": ""mature students with relevant life or employment experience will also be considered individually"", ""requirement_status"": ""conditional""}","A Theatre degree from Brunel not only equips you with the skills to thrive as a versatile, critically informed creative person in an ever-shifting economic landscape but also fosters the development of resilient, critically thinking citizens prepared for the challenges of the professional world. Our commitment goes beyond shaping versatile artists; we aim to nurture individuals capable of navigating the complexities of the workforce. The program offers the exciting option of a short or year-long work placement , providing a valuable opportunity to enhance your professional profile during your course and grow your industry network ahead of graduation. Our dedicated support ensures you find the industry placement that aligns with your aspirations.","{""audience"": null, ""description"": ""go on to work and/or study 15 months after the course"", ""outcome_type"": ""employment_rate"", ""percentage"": 85, ""population"": ""Creative arts and design graduates at Anglia Ruskin University""}",7,0,12,26,31.58,4,0,40,0,100.00
Brunel University of London,Theatre with Placement Year,UK,bachelor,other,discover-uk-stage1-024,d33870ff-b395-5b21-bda9-ce18c8c74b27,Theatre with Placement Year,Bachelor's degree,4 year course,Brunel University Campus,Full time,Dutch,Active,2026 HT,GBP 17400 / annual (international),programme,Additional fees may apply; see the institution fee schedule,institution,Mandatory fees vary by institution and enrolment,Application fee not specified in local artifacts,"{""details"": ""Please refer to the scholarships pages to view discounts available to eligible EU undergraduate applicants."", ""funding_type"": ""financial_aid_policy""}","{""amount"":15000,""currency"":""GBP""}","{""details"":""Please refer to the scholarships pages to view discounts available to eligible EU undergraduate applicants."",""funding_type"":""financial_aid_policy""}","{""amount"":15000,""currency"":""GBP""}",Please refer to the scholarships pages to view discounts available to eligible EU undergraduate applicants.,See funding provider deadlines,6.5,"{""minimum_each"": 6.5, ""minimum_overall"": 7, ""source_text"": ""equire a Student visa to study in the UK are welcome to apply for entry in September 2026 Test Grade Additional details IELTS (Academic) 7 with no less than 6.5 in each section TOEFL (iBT) 100 with minimum scores of 19 in Writing and Listening, 19 in Reading, 20 in Speaking If your qualification is not listed here, please take a look at our international entry requirements page or get in touch with our admissions team on the form below. Please note, to be accepted onto this course; you will also need to demonstrate that you meet the minimum standards o""}",100,105,"[""SAT or 33 in ACT""]","{""source_label"": ""Start date"", ""start_dates"": [""2026-09-07"", ""2028-06-07""]}",2027-01-13,2025-12-01,2027-01-13,True,https://www.brunel.ac.uk/study/undergraduate/theatre-ba,Secondary school diploma,2.5,4.0,including English and Maths or equivalent qualification,academic qualifications; a personal statement; evidence of your English language skills (with relevant qualifications); a reference,Reference,Personal statement,plus a portfolio demonstrating artistic ability,"{""details"": ""mature students with relevant life or employment experience will also be considered individually"", ""requirement_status"": ""conditional""}","A Theatre degree from Brunel not only equips you with the skills to thrive as a versatile, critically informed creative person in an ever-shifting economic landscape but also fosters the development of resilient, critically thinking citizens prepared for the challenges of the professional world. Our commitment goes beyond shaping versatile artists; we aim to nurture individuals capable of navigating the complexities of the workforce. The program offers the exciting option of a short or year-long work placement , providing a valuable opportunity to enhance your professional profile during your course and grow your industry network ahead of graduation. Our dedicated support ensures you find the industry placement that aligns with your aspirations.","{""audience"": null, ""description"": ""go on to work and/or study 15 months after the course"", ""outcome_type"": ""employment_rate"", ""percentage"": 85, ""population"": ""Creative arts and design graduates at Anglia Ruskin University""}",7,0,12,26,31.58,4,0,40,0,100.00
Buckinghamshire New University,Acting for Stage and Screen,UK,bachelor,other,discover-uk-stage1-025,5f7e4503-b034-5260-913a-5110ed0982b6,Acting for Stage and Screen,Bachelor's degree,3 year course,High Wycombe Campus,Full time,Dutch,Active,2026 HT,GBP 9790 / annual (domestic),programme,Additional fees may apply; see the institution fee schedule,institution,Mandatory fees vary by institution and enrolment,Application fee not specified in local artifacts,"{""details"": ""Bursaries, scholarships and part-time work We offer a range of scholarships and bursaries for UK and international students , which provide extra financial support while you’re at university."", ""funding_type"": ""financial_aid_policy""}","{""amount"":15000,""currency"":""GBP""}","{""details"":""Have the opportunity to participate in competitions and other professional opportunities, including the Carleton Hobbs Bursary Award (radio), the Sam Wanamaker Festival (The Globe) and The Spotlight Prize (Industry)."",""funding_type"":""financial_aid_policy""}","{""amount"":15000,""currency"":""GBP""}","If you're eligible for a scholarship, you'll generally receive it automatically – there's no need to apply.",See funding provider deadlines,6,"{""minimum_each"": 6.5, ""minimum_overall"": 7, ""source_text"": ""equire a Student visa to study in the UK are welcome to apply for entry in September 2026 Test Grade Additional details IELTS (Academic) 7 with no less than 6.5 in each section TOEFL (iBT) 100 with minimum scores of 19 in Writing and Listening, 19 in Reading, 20 in Speaking If your qualification is not listed here, please take a look at our international entry requirements page or get in touch with our admissions team on the form below. Please note, to be accepted onto this course; you will also need to demonstrate that you meet the minimum standards o""}",100,105,"[""SAT or 33 in ACT""]","{""source_label"": ""Start date"", ""start_dates"": [""2026-09-07"", ""2028-06-07""]}",2027-01-13,2025-12-01,2027-01-13,True,https://www.bnu.ac.uk/courses/undergraduate/ba-hons-acting-stage-and-screen,Secondary school diploma,2.5,4.0,including English and Maths or equivalent qualification,academic qualifications; a personal statement; evidence of your English language skills (with relevant qualifications); a reference,Reference,Personal statement,plus a portfolio demonstrating artistic ability,"{""details"": ""mature students with relevant life or employment experience will also be considered individually"", ""requirement_status"": ""conditional""}","{""data_period"": ""students graduating 2021-23"", ""measure"": ""graduates find their current work meaningful"", ""note"": ""data displayed is from students on this and other courses in Finance"", ""outcome_period"": ""15 months after graduation"", ""percentage"": 80}","{""audience"": null, ""description"": ""go on to work and/or study 15 months after the course"", ""outcome_type"": ""employment_rate"", ""percentage"": 85, ""population"": ""Creative arts and design graduates at Anglia Ruskin University""}",4,0,6,32,15.79,2,0,40,0,100.00
Buckinghamshire New University,Animation (Online),UK,bachelor,other,discover-uk-stage1-025,d115e175-3bb5-5c4f-8d2d-169038e9cdc2,Animation (Online),Bachelor's degree,3 year course,High Wycombe Campus,Full time,Dutch,Active,2026 HT,GBP 9790 / annual (domestic),programme,Additional fees may apply; see the institution fee schedule,institution,Mandatory fees vary by institution and enrolment,Application fee not specified in local artifacts,"{""details"": ""Bursaries, scholarships and part-time work We offer a range of scholarships and bursaries for UK and international students , which provide extra financial support while you’re at university."", ""funding_type"": ""financial_aid_policy""}","{""amount"":15000,""currency"":""GBP""}","{""details"":""Have the opportunity to participate in competitions and other professional opportunities, including the Carleton Hobbs Bursary Award (radio), the Sam Wanamaker Festival (The Globe) and The Spotlight Prize (Industry)."",""funding_type"":""financial_aid_policy""}","{""amount"":15000,""currency"":""GBP""}","If you're eligible for a scholarship, you'll generally receive it automatically – there's no need to apply.",See funding provider deadlines,6,"{""minimum_each"": 6.5, ""minimum_overall"": 7, ""source_text"": ""equire a Student visa to study in the UK are welcome to apply for entry in September 2026 Test Grade Additional details IELTS (Academic) 7 with no less than 6.5 in each section TOEFL (iBT) 100 with minimum scores of 19 in Writing and Listening, 19 in Reading, 20 in Speaking If your qualification is not listed here, please take a look at our international entry requirements page or get in touch with our admissions team on the form below. Please note, to be accepted onto this course; you will also need to demonstrate that you meet the minimum standards o""}",100,105,"[""SAT or 33 in ACT""]","{""source_label"": ""Start date"", ""start_dates"": [""2026-09-07"", ""2028-06-07""]}",2027-01-13,2025-12-01,2027-01-13,True,https://www.bnu.ac.uk/courses/undergraduate/ba-hons-animation-online,Secondary school diploma,2.5,4.0,including English and Maths or equivalent qualification,academic qualifications; a personal statement; evidence of your English language skills (with relevant qualifications); a reference,Reference,Personal statement,plus a portfolio demonstrating artistic ability,"{""details"": ""mature students with relevant life or employment experience will also be considered individually"", ""requirement_status"": ""conditional""}","{""data_period"": ""students graduating 2021-23"", ""measure"": ""graduates find their current work meaningful"", ""note"": ""data displayed is from students on this and other courses in Finance"", ""outcome_period"": ""15 months after graduation"", ""percentage"": 80}","{""audience"": null, ""description"": ""go on to work and/or study 15 months after the course"", ""outcome_type"": ""employment_rate"", ""percentage"": 85, ""population"": ""Creative arts and design graduates at Anglia Ruskin University""}",3,1,6,32,15.79,3,1,40,0,100.00
Health Sciences University,Radiography (Diagnostic Imaging),UK,bachelor,other,discover-uk-stage1-002,aab072ce-4ac6-5c86-a311-170c1ed24c00,BSc (Hons) Radiography (Diagnostic Imaging),BSc (Hons),3 year course,AECC University College,Full time,Dutch,Active,2026 HT,GBP 17684 / annual (international),programme,Additional fees may apply; see the institution fee schedule,institution,Mandatory fees vary by institution and enrolment,Application fee not specified in local artifacts,"{""details"": ""Students from low-income backgrounds eligible for bursary support from the HSU may be able to have this funded."", ""funding_type"": ""financial_aid_policy""}","{""amount"":15000,""currency"":""GBP""}","{""details"":""Have the opportunity to participate in competitions and other professional opportunities, including the Carleton Hobbs Bursary Award (radio), the Sam Wanamaker Festival (The Globe) and The Spotlight Prize (Industry)."",""funding_type"":""financial_aid_policy""}","{""amount"":15000,""currency"":""GBP""}","If you're eligible for a scholarship, you'll generally receive it automatically – there's no need to apply.",See funding provider deadlines,7,"{""minimum_each"": 6.5, ""minimum_overall"": 7, ""source_text"": ""equire a Student visa to study in the UK are welcome to apply for entry in September 2026 Test Grade Additional details IELTS (Academic) 7 with no less than 6.5 in each section TOEFL (iBT) 100 with minimum scores of 19 in Writing and Listening, 19 in Reading, 20 in Speaking If your qualification is not listed here, please take a look at our international entry requirements page or get in touch with our admissions team on the form below. Please note, to be accepted onto this course; you will also need to demonstrate that you meet the minimum standards o""}",100,105,"[""SAT or 33 in ACT""]","{""source_label"": ""Start date"", ""start_dates"": [""2026-09-07"", ""2028-06-07""]}",2027-01-13,2025-12-01,2027-01-13,True,https://www.hsu.ac.uk/course/bsc-hons-radiography-diagnostic-imaging/#overview,Secondary school diploma,2.5,4.0,including English and Maths or equivalent qualification,academic qualifications; a personal statement; evidence of your English language skills (with relevant qualifications); a reference,Reference,Personal statement,plus a portfolio demonstrating artistic ability,"{""details"": ""mature students with relevant life or employment experience will also be considered individually"", ""requirement_status"": ""conditional""}","[{""metric"":""graduates_employed_in_england"",""percentage"":95,""population"":""UK-resident Subjects allied to medicine graduates from Health Sciences University""},{""metric"":""graduates_finding_current_work_meaningful"",""percentage"":95,""period"":""15 months after graduation"",""population"":""Subjects allied to medicine graduates at Health Sciences University""},{""metric"":""graduates_using_what_they_learnt_in_current_work"",""percentage"":90,""period"":""15 months after the course"",""population"":""Subjects allied to medicine graduates at Health Sciences University""},{""amount"":28500,""currency"":""GBP"",""metric"":""median_earnings"",""period"":""15 months after the course"",""population"":""Subjects allied to medicine graduates at Health Sciences University"",""typical_range"":""£25,000 - £33,000""}]","[{""metric"":""work_and_or_study"",""percentage"":99,""period"":""15 months after the course"",""population"":""Subjects allied to medicine graduates at Health Sciences University""},{""data_source"":""Graduate Outcomes survey"",""metric"":""go_on_to_work_and_or_study"",""percentage"":99,""period"":""15 months after the course"",""population"":""students graduating 2022-23""},{""metric"":""in_highly_skilled_work"",""percentage"":92,""period"":""15 months after the course"",""population"":""students graduating 2022-23""},{""metric"":""occupation"",""occupation"":""Therapy professionals"",""percentage"":80,""period"":""15 months after the course"",""population"":""students graduating 2022-23""},{""metric"":""occupation"",""occupation"":""Other Health Professionals Less than"",""percentage"":7,""period"":""15 months after the course"",""population"":""students graduating 2022-23""},{""metric"":""occupation"",""occupation"":""Managers, directors and senior officials Less than"",""percentage"":5,""period"":""15 months after the course"",""population"":""students graduating 2022-23""},{""metric"":""occupation"",""occupation"":""Artistic, literary and media occupations"",""percentage"":5,""period"":""15 months after the course"",""population"":""students graduating 2022-23""},{""metric"":""occupation"",""occupation"":""In other work Less than"",""percentage"":3,""period"":""15 months after the course"",""population"":""students graduating 2022-23""},{""metric"":""occupation"",""occupation"":""Skilled trades occupations Less than"",""percentage"":5,""period"":""15 months after the course"",""population"":""students graduating 2022-23""},{""metric"":""occupation"",""occupation"":""Elementary occupations"",""percentage"":5,""period"":""15 months after the course"",""population"":""students graduating 2022-23""},{""metric"":""in_unknown_work"",""percentage"":6,""period"":""15 months after the course"",""population"":""students graduating 2022-23""},{""data_period"":""students graduating 2022-23"",""metric"":""go on to work and/or study"",""percentage"":99,""population"":""Subjects allied to medicine graduates at Health Sciences University"",""source"":""Graduate Outcomes survey"",""timeframe"":""15 months after the course""},{""amount"":28500,""currency"":""GBP"",""data_period"":""students graduating 2022-23"",""metric"":""median earnings"",""population"":""Subjects allied to medicine graduates at Health Sciences University"",""source"":""Graduate Outcomes survey"",""timeframe"":""15 months after the course"",""typical_range"":""£25,000 - £33,000""},{""data_period"":""students graduating 2022-23"",""metric"":""in highly skilled work"",""percentage"":92,""population"":""students on this and other courses in Subjects allied to medicine"",""source"":""Graduate Outcomes survey"",""timeframe"":""15 months after the course""},{""data_period"":""students graduating 2022-23"",""metric"":""occupation type"",""occupation"":""Therapy professionals"",""percentage"":80,""population"":""students on this and other courses in Subjects allied to medicine"",""source"":""Graduate Outcomes survey"",""timeframe"":""15 months after the course""},{""data_period"":""students graduating 2022-23"",""metric"":""occupation type"",""occupation"":""Other Health Professionals"",""percentage"":7,""population"":""students on this and other courses in Subjects allied to medicine"",""source"":""Graduate Outcomes survey"",""timeframe"":""15 months after the course""}]",11,1,13,25,34.21,4,1,40,0,100.00
Health Sciences University,Radiography (Radiotherapy and Oncology),UK,bachelor,other,discover-uk-stage1-002,133eac2d-937c-54fc-9f7f-1fcdb2937732,Radiography (Radiotherapy and Oncology),BSc (Hons),3 year course,AECC University College,Full time,Dutch,Active,2026 HT,GBP 17684 / annual (international),programme,Additional fees may apply; see the institution fee schedule,institution,Mandatory fees vary by institution and enrolment,Application fee not specified in local artifacts,"{""details"": ""Students from low-income backgrounds eligible for bursary support from the HSU may be able to have this funded."", ""funding_type"": ""financial_aid_policy""}","{""amount"":15000,""currency"":""GBP""}","{""details"":""Have the opportunity to participate in competitions and other professional opportunities, including the Carleton Hobbs Bursary Award (radio), the Sam Wanamaker Festival (The Globe) and The Spotlight Prize (Industry)."",""funding_type"":""financial_aid_policy""}","{""amount"":15000,""currency"":""GBP""}","If you're eligible for a scholarship, you'll generally receive it automatically – there's no need to apply.",See funding provider deadlines,7,"{""minimum_each"": 6.5, ""minimum_overall"": 7, ""source_text"": ""quire a Student visa to study in the UK are welcome to apply for entry in September 2026. Test Grade Additional details IELTS (Academic) 7 with no less than 6.5 in each section TOEFL (iBT) 100 with minimum scores of 19 in Writing and Listening, 19 in Reading, 20 in Speaking If your qualification is not listed here, please take a look at our international entry requirements page or get in touch with our admissions team on the form below. Please note, to be accepted onto this course; you will also need to demonstrate that you meet the minimum standards o""}",100,105,"[""SAT or 33 in ACT""]","{""source_label"": ""Start date"", ""start_dates"": [""2026-09-07"", ""2028-06-07""]}",2027-01-13,2025-12-01,2027-01-13,True,https://www.hsu.ac.uk/course/bsc-hons-radiography-radiotherapy-and-oncology/#overview,Secondary school diploma,2.5,4.0,including English and Maths or equivalent qualification,academic qualifications; a personal statement; evidence of your English language skills (with relevant qualifications); a reference,Reference,Personal statement,plus a portfolio demonstrating artistic ability,"{""details"": ""mature students with relevant life or employment experience will also be considered individually"", ""requirement_status"": ""conditional""}","[{""accreditation_body"":""Health and Care Professions Council (HCPC)"",""metric"":""professional accreditation"",""outcome"":""eligibility to apply for registration with the HCPC as a diagnostic radiographer""},{""data_period"":""students graduating 2022-23"",""metric"":""utilising what was learnt during studies in current work"",""percentage"":90,""population"":""students on this and other courses in Subjects allied to medicine"",""source"":""Graduate Outcomes survey"",""timeframe"":""15 months after graduation""},{""data_period"":""students graduating 2022-23"",""metric"":""graduates find their current work meaningful"",""percentage"":95,""population"":""students on this and other courses in Subjects allied to medicine"",""source"":""Graduate Outcomes survey"",""timeframe"":""15 months after graduation""},{""data_period"":""students graduating 2022-23"",""metric"":""current work fits with future plans"",""percentage"":90,""population"":""students on this and other courses in Subjects allied to medicine"",""source"":""Graduate Outcomes survey"",""timeframe"":""15 months after graduation""}]","[{""metric"":""work_and_or_study"",""percentage"":99,""period"":""15 months after the course"",""population"":""Subjects allied to medicine graduates at Health Sciences University""},{""data_source"":""Graduate Outcomes survey"",""metric"":""go_on_to_work_and_or_study"",""percentage"":99,""period"":""15 months after the course"",""population"":""students graduating 2022-23""},{""metric"":""in_highly_skilled_work"",""percentage"":92,""period"":""15 months after the course"",""population"":""students graduating 2022-23""},{""metric"":""occupation"",""occupation"":""Therapy professionals"",""percentage"":80,""period"":""15 months after the course"",""population"":""students graduating 2022-23""},{""metric"":""occupation"",""occupation"":""Other Health Professionals Less than"",""percentage"":7,""period"":""15 months after the course"",""population"":""students graduating 2022-23""},{""metric"":""occupation"",""occupation"":""Managers, directors and senior officials Less than"",""percentage"":5,""period"":""15 months after the course"",""population"":""students graduating 2022-23""},{""metric"":""occupation"",""occupation"":""Artistic, literary and media occupations"",""percentage"":5,""period"":""15 months after the course"",""population"":""students graduating 2022-23""},{""metric"":""occupation"",""occupation"":""In other work Less than"",""percentage"":3,""period"":""15 months after the course"",""population"":""students graduating 2022-23""},{""metric"":""occupation"",""occupation"":""Skilled trades occupations Less than"",""percentage"":5,""period"":""15 months after the course"",""population"":""students graduating 2022-23""},{""metric"":""occupation"",""occupation"":""Elementary occupations"",""percentage"":5,""period"":""15 months after the course"",""population"":""students graduating 2022-23""},{""metric"":""in_unknown_work"",""percentage"":6,""period"":""15 months after the course"",""population"":""students graduating 2022-23""},{""data_from_students"":80,""metric"":""go_on_to_work_and_or_study"",""percentage"":99,""period"":""15 months after the course"",""population"":""Subjects allied to medicine graduates at Health Sciences University"",""response_rate"":""51%""},{""metric"":""in_highly_skilled_work"",""percentage"":92,""period"":""15 months after the course"",""population"":""Subjects allied to medicine graduates at Health Sciences University""},{""occupation"":""Therapy professionals"",""percentage"":80,""period"":""15 months after the course"",""population"":""Subjects allied to medicine graduates at Health Sciences University""},{""occupation"":""Other Health Professionals"",""percentage"":7,""period"":""15 months after the course"",""population"":""Subjects allied to medicine graduates at Health Sciences University""}]",11,1,13,25,34.21,4,1,40,0,100.00
Imperial College London,Mathematics and Computer Science,UK,bachelor,computer science,imperial-uk-canary,8322e08f-eb1d-50a8-bd91-33371fb57645,Mathematics and Computer Science,BEng (Hons),3 year course,South Kensington,Full time,English,Active,2026,GBP 45500 / annual (international),programme,Additional fees may apply; see the institution fee schedule,institution,Mandatory fees vary by institution and enrolment,Application fee not specified in local artifacts,"{""details"": ""More information Find out more about the TMUA , including information on how to book, test fees, bursaries for UK candidates in financial need, access arrangements and how to prepare."", ""funding_type"": ""financial_aid_policy""}","{""amount"":15000,""currency"":""GBP""}","{""details"":""Scholarships View all scholarships Imperial Inspires Scholarships Value per award £15,000 per year for each year of the course."",""funding_type"":""financial_aid_policy""}","{""amount"":15000,""currency"":""GBP""}","Imperial Bursary The Imperial Bursary is available to all Home undergraduate students with a household income below £70,000 per year.",See funding provider deadlines,6.5,"{""minimum_each"": 6.5, ""minimum_overall"": 7, ""source_text"": ""English Language grade B/6. GCSE/IGCSE English Literature will not be accepted in lieu of GCSE/IGCSE English Language. IELTS 7.0 overall, with no subscore below 6.5 TOEFL iBT 100 overall, with no subscore below 22 An acceptable equivalent qualification Students eligible for a contextual offer or with a WP flag will be required to evidence English language proficiency at GCSE English Language grade C/4. This concession only applies to GCSE/IGCSE. See our contextual admissions page for full details and to check your eligibility. If you need to""}",100,105,"[""SAT or 33 in ACT""]","{""source_label"": ""Start date"", ""start_dates"": [""2027-10-01""]}",2027-01-13,2025-12-01,2027-01-13,True,https://www.imperial.ac.uk/study/courses/undergraduate/mathematics-computer-science-beng/,Secondary school diploma,2.5,4.0,"To include: A* in Mathematics A* in Further Mathematics A in a useful subject Recommended subjects Computer Science Physics Useful subjects Ancient Language, Biology, Chemistry, Economics, Electronics, English Literature, History, Languages, Law, Philosophy, Politics, Psychology Not accepted : ICT, Business Studies, General Studie",academic qualifications; a personal statement; evidence of your English language skills (with relevant qualifications); a reference,Reference,Personal statement,plus a portfolio demonstrating artistic ability,"{""details"": ""Relevant work experience may be considered if you do not meet the above criteria"", ""requirement_status"": ""conditional""}","{""occupation"": ""Information Technology Professionals"", ""percentage"": 85, ""period"": ""15 months after the course""}","{""cohort"":""BA (Hons) Computer Science graduates at University of Cambridge"",""employment_rate"":""90%"",""period"":""15 months after the course""}",11,0,15,23,39.47,2,0,40,0,100.00
Imperial College London,Mathematics and Computer Science,UK,bachelor,computer science,imperial-uk-canary,c5b5eba6-707a-51a9-b64a-9385389c6bd7,Mathematics and Computer Science,BEng (Hons),3 year course,South Kensington,Full time,English,Active,2026,GBP 45500 / annual (international),programme,Additional fees may apply; see the institution fee schedule,institution,Mandatory fees vary by institution and enrolment,Application fee not specified in local artifacts,"{""details"": ""More information Find out more about the TMUA , including information on how to book, test fees, bursaries for UK candidates in financial need, access arrangements and how to prepare."", ""funding_type"": ""financial_aid_policy""}","{""amount"":15000,""currency"":""GBP""}","{""details"":""Scholarships View all scholarships Imperial Inspires Scholarships Value per award £15,000 per year for each year of the course."",""funding_type"":""financial_aid_policy""}","{""amount"":15000,""currency"":""GBP""}","Imperial Bursary The Imperial Bursary is available to all Home undergraduate students with a household income below £70,000 per year.",See funding provider deadlines,6.5,"{""minimum_each"": 6.5, ""minimum_overall"": 7, ""source_text"": ""English Language grade B/6. GCSE/IGCSE English Literature will not be accepted in lieu of GCSE/IGCSE English Language. IELTS 7.0 overall, with no subscore below 6.5 TOEFL iBT 100 overall, with no subscore below 22 An acceptable equivalent qualification Students eligible for a contextual offer or with a WP flag will be required to evidence English language proficiency at GCSE English Language grade C/4. This concession only applies to GCSE/IGCSE. See our contextual admissions page for full details and to check your eligibility. If you need to""}",100,105,"[""SAT or 33 in ACT""]","{""source_label"": ""Start date"", ""start_dates"": [""2027-10-01""]}",2027-01-13,2025-12-01,2027-01-13,True,https://www.imperial.ac.uk/study/courses/undergraduate/mathematics-computer-science-meng/,Secondary school diploma,2.5,4.0,"To include: A* in Mathematics A* in Further Mathematics A in a useful subject Recommended subjects Computer Science Physics Useful subjects Ancient Language, Biology, Chemistry, Economics, Electronics, English Literature, History, Languages, Law, Philosophy, Politics, Psychology Not accepted : ICT, Business Studies, General Studie",academic qualifications; a personal statement; evidence of your English language skills (with relevant qualifications); a reference,Reference,Personal statement,plus a portfolio demonstrating artistic ability,"{""details"": ""Relevant work experience may be considered if you do not meet the above criteria"", ""requirement_status"": ""conditional""}","{""occupation"": ""Information Technology Professionals"", ""percentage"": 85, ""period"": ""15 months after the course""}","{""cohort"":""BA (Hons) Computer Science graduates at University of Cambridge"",""employment_rate"":""90%"",""period"":""15 months after the course""}",6,5,15,23,39.47,3,5,40,0,100.00
King's College London,Computer Science,UK,bachelor,computer science,kings-uk-canary,69dddfc8-ee52-57d9-8887-28139c2275d6,Computer Science,BSc (Hons),3 year course,Central London,Full time,English,Active,2026,GBP 45500 / annual (international),programme,Additional fees may apply; see the institution fee schedule,institution,Mandatory fees vary by institution and enrolment,Application fee not specified in local artifacts,"{""details"": ""More information Find out more about the TMUA , including information on how to book, test fees, bursaries for UK candidates in financial need, access arrangements and how to prepare."", ""funding_type"": ""financial_aid_policy""}","{""amount"":15000,""currency"":""GBP""}","{""details"":""Scholarships View all scholarships Imperial Inspires Scholarships Value per award £15,000 per year for each year of the course."",""funding_type"":""financial_aid_policy""}","{""amount"":15000,""currency"":""GBP""}","Imperial Bursary The Imperial Bursary is available to all Home undergraduate students with a household income below £70,000 per year.",See funding provider deadlines,6.5,"{""minimum_each"": 6.5, ""minimum_overall"": 7, ""source_text"": ""English Language grade B/6. GCSE/IGCSE English Literature will not be accepted in lieu of GCSE/IGCSE English Language. IELTS 7.0 overall, with no subscore below 6.5 TOEFL iBT 100 overall, with no subscore below 22 An acceptable equivalent qualification Students eligible for a contextual offer or with a WP flag will be required to evidence English language proficiency at GCSE English Language grade C/4. This concession only applies to GCSE/IGCSE. See our contextual admissions page for full details and to check your eligibility. If you need to""}",100,105,"[""SAT or 33 in ACT""]","{""source_label"": ""Start date"", ""start_dates"": [""2027-09-01""]}",2027-01-13,2025-12-01,2027-01-13,True,https://www.kcl.ac.uk/study/undergraduate/courses/computer-science-bsc,Secondary school diploma,2.5,4.0,"To include: A* in Mathematics A* in Further Mathematics A in a useful subject Recommended subjects Computer Science Physics Useful subjects Ancient Language, Biology, Chemistry, Economics, Electronics, English Literature, History, Languages, Law, Philosophy, Politics, Psychology Not accepted : ICT, Business Studies, General Studie",academic qualifications; a personal statement; evidence of your English language skills (with relevant qualifications); a reference,Reference,Personal statement,plus a portfolio demonstrating artistic ability,"{""details"": ""Relevant work experience may be considered if you do not meet the above criteria"", ""requirement_status"": ""conditional""}","{""occupation"": ""Information Technology Professionals"", ""percentage"": 85, ""period"": ""15 months after the course""}","[{""metric"":""work_and_or_study"",""percentage"":87,""period"":""15 months after the course"",""population"":""BSc (Hons) Computer Science graduates at King's College London""},{""data_source"":""Graduate Outcomes survey"",""metric"":""go_on_to_work_and_or_study"",""percentage"":87,""period"":""15 months after the course"",""population"":""students graduating 2022-23""},{""metric"":""in_highly_skilled_work"",""percentage"":100,""period"":""15 months after the course"",""population"":""students graduating 2022-23""},{""metric"":""occupation"",""occupation"":""Information Technology Professionals"",""percentage"":85,""period"":""15 months after the course"",""population"":""students graduating 2022-23""},{""metric"":""occupation"",""occupation"":""Web and Multimedia Design Professionals"",""percentage"":5,""period"":""15 months after the course"",""population"":""students graduating 2022-23""},{""metric"":""occupation"",""occupation"":""Finance Professionals"",""percentage"":5,""period"":""15 months after the course"",""population"":""students graduating 2022-23""},{""metric"":""occupation"",""occupation"":""Science, engineering and technology associate professionals"",""percentage"":5,""period"":""15 months after the course"",""population"":""students graduating 2022-23""},{""metric"":""occupation"",""occupation"":""Artistic, literary and media occupations"",""percentage"":5,""period"":""15 months after the course"",""population"":""students graduating 2022-23""},{""metric"":""occupation"",""occupation"":""Business and public service associate professionals"",""percentage"":5,""period"":""15 months after the course"",""population"":""students graduating 2022-23""},{""metric"":""in_other_work"",""percentage"":0,""period"":""15 months after the course"",""population"":""students graduating 2022-23""},{""metric"":""in_unknown_work"",""percentage"":5,""period"":""15 months after the course"",""population"":""students graduating 2022-23""},{""metric"":""go_on_to_work_and_or_study"",""percentage"":87,""period"":""15 months after the course"",""population"":""BSc (Hons) Computer Science graduates at King's College London""},{""metric"":""in_highly_skilled_work"",""percentage"":100,""period"":""15 months after the course""}]",7,0,8,30,21.05,2,0,40,0,100.00
King's College London,Computer Science,UK,bachelor,computer science,kings-uk-canary,57418cd2-9e28-5de8-9bc6-055f88d3b8bb,Computer Science,BSc (Hons),3 year course,Central London,Full time,English,Active,2026,GBP 45500 / annual (international),programme,Additional fees may apply; see the institution fee schedule,institution,Mandatory fees vary by institution and enrolment,Application fee not specified in local artifacts,"{""details"": ""More information Find out more about the TMUA , including information on how to book, test fees, bursaries for UK candidates in financial need, access arrangements and how to prepare."", ""funding_type"": ""financial_aid_policy""}","{""amount"":15000,""currency"":""GBP""}","{""details"":""Scholarships View all scholarships Imperial Inspires Scholarships Value per award £15,000 per year for each year of the course."",""funding_type"":""financial_aid_policy""}","{""amount"":15000,""currency"":""GBP""}","Imperial Bursary The Imperial Bursary is available to all Home undergraduate students with a household income below £70,000 per year.",See funding provider deadlines,6.5,"{""minimum_each"": 6.5, ""minimum_overall"": 7, ""source_text"": ""English Language grade B/6. GCSE/IGCSE English Literature will not be accepted in lieu of GCSE/IGCSE English Language. IELTS 7.0 overall, with no subscore below 6.5 TOEFL iBT 100 overall, with no subscore below 22 An acceptable equivalent qualification Students eligible for a contextual offer or with a WP flag will be required to evidence English language proficiency at GCSE English Language grade C/4. This concession only applies to GCSE/IGCSE. See our contextual admissions page for full details and to check your eligibility. If you need to""}",100,105,"[""SAT or 33 in ACT""]","{""source_label"": ""Start date"", ""start_dates"": [""2027-09-01""]}",2027-01-13,2025-12-01,2027-01-13,True,https://www.kcl.ac.uk/study/undergraduate/courses/computer-science-msci,Secondary school diploma,2.5,4.0,"To include: A* in Mathematics A* in Further Mathematics A in a useful subject Recommended subjects Computer Science Physics Useful subjects Ancient Language, Biology, Chemistry, Economics, Electronics, English Literature, History, Languages, Law, Philosophy, Politics, Psychology Not accepted : ICT, Business Studies, General Studie",academic qualifications; a personal statement; evidence of your English language skills (with relevant qualifications); a reference,Reference,Personal statement,plus a portfolio demonstrating artistic ability,"{""details"": ""Relevant work experience may be considered if you do not meet the above criteria"", ""requirement_status"": ""conditional""}","{""occupation"": ""Information Technology Professionals"", ""percentage"": 85, ""period"": ""15 months after the course""}","{""audience"": null, ""metric"": ""in_other_work"", ""percentage"": 0, ""period"": ""15 months after the course"", ""population"": ""students graduating 2022-23""}",2,7,9,29,23.68,3,7,40,0,100.00
London South East Colleges,Computing: Cyber Security,UK,bachelor,computer science,discover-uk-stage1-023,daa9521e-4e07-53a8-b85a-bcd0c566e374,HND Computing: Cyber Security,HND,2 year course,London South East Colleges (Orpington Campus),Full time,English,Active,2026,GBP 6000 / annual,programme,Additional fees may apply; see the institution fee schedule,institution,Mandatory fees vary by institution and enrolment,Application fee not specified in local artifacts,"{""details"": ""More information Find out more about the TMUA , including information on how to book, test fees, bursaries for UK candidates in financial need, access arrangements and how to prepare."", ""funding_type"": ""financial_aid_policy""}","{""amount"":15000,""currency"":""GBP""}","{""details"":""Scholarships View all scholarships Imperial Inspires Scholarships Value per award £15,000 per year for each year of the course."",""funding_type"":""financial_aid_policy""}","{""amount"":15000,""currency"":""GBP""}","Imperial Bursary The Imperial Bursary is available to all Home undergraduate students with a household income below £70,000 per year.",See funding provider deadlines,6.5,"{""minimum_each"": 6.5, ""minimum_overall"": 7, ""source_text"": ""English Language grade B/6. GCSE/IGCSE English Literature will not be accepted in lieu of GCSE/IGCSE English Language. IELTS 7.0 overall, with no subscore below 6.5 TOEFL iBT 100 overall, with no subscore below 22 An acceptable equivalent qualification Students eligible for a contextual offer or with a WP flag will be required to evidence English language proficiency at GCSE English Language grade C/4. This concession only applies to GCSE/IGCSE. See our contextual admissions page for full details and to check your eligibility. If you need to""}",100,105,"[""SAT or 33 in ACT""]","{""source_label"": ""Start date"", ""start_dates"": [""2027-09-01""]}",2027-01-13,2025-12-01,2027-01-13,True,https://www.lsec.ac.uk/courses/higher-education/computing-and-it/btec-hnd-in-computing-cyber-security-htq,Secondary school diploma,2.5,4.0,including English and Maths or equivalent qualification,academic qualifications; a personal statement; evidence of your English language skills (with relevant qualifications); a reference,Reference,Personal statement,plus a portfolio demonstrating artistic ability,"{""details"": ""Relevant work experience may be considered if you do not meet the above criteria"", ""requirement_status"": ""conditional""}","{""occupation"": ""Information Technology Professionals"", ""percentage"": 85, ""period"": ""15 months after the course""}","{""cohort"":""BA (Hons) Computer Science graduates at University of Cambridge"",""employment_rate"":""90%"",""period"":""15 months after the course""}",8,0,8,30,21.05,3,0,40,0,100.00
London South East Colleges,Early Years Professional Leadership,UK,bachelor,other,discover-uk-stage1-023,6a7210f2-06be-539a-8480-cf8386a4f915,HND Computing: Cyber Security,HND,2 year course,London South East Colleges (Orpington Campus),Full time,Dutch,Active,2026 HT,GBP 6000 / annual,programme,Additional fees may apply; see the institution fee schedule,institution,Mandatory fees vary by institution and enrolment,Application fee not specified in local artifacts,"{""details"": ""Bursaries, scholarships and part-time work We offer a range of scholarships and bursaries for UK and international students , which provide extra financial support while you’re at university."", ""funding_type"": ""financial_aid_policy""}","{""amount"":15000,""currency"":""GBP""}","{""details"":""Have the opportunity to participate in competitions and other professional opportunities, including the Carleton Hobbs Bursary Award (radio), the Sam Wanamaker Festival (The Globe) and The Spotlight Prize (Industry)."",""funding_type"":""financial_aid_policy""}","{""amount"":15000,""currency"":""GBP""}","If you're eligible for a scholarship, you'll generally receive it automatically – there's no need to apply.",See funding provider deadlines,6,"{""minimum_each"": 6.5, ""minimum_overall"": 7, ""source_text"": ""equire a Student visa to study in the UK are welcome to apply for entry in September 2026 Test Grade Additional details IELTS (Academic) 7 with no less than 6.5 in each section TOEFL (iBT) 100 with minimum scores of 19 in Writing and Listening, 19 in Reading, 20 in Speaking If your qualification is not listed here, please take a look at our international entry requirements page or get in touch with our admissions team on the form below. Please note, to be accepted onto this course; you will also need to demonstrate that you meet the minimum standards o""}",100,105,"[""SAT or 33 in ACT""]","{""source_label"": ""Start date"", ""start_dates"": [""2026-09-07"", ""2028-06-07""]}",2027-01-13,2025-12-01,2027-01-13,True,https://www.lsec.ac.uk/courses/higher-education/children-and-young-peoples-education/btec-hnd-in-early-years-professional-leadership-htq,Secondary school diploma,2.5,4.0,including English and Maths or equivalent qualification,academic qualifications; a personal statement; evidence of your English language skills (with relevant qualifications); a reference,Reference,Personal statement,plus a portfolio demonstrating artistic ability,"{""details"": ""mature students with relevant life or employment experience will also be considered individually"", ""requirement_status"": ""conditional""}","{""data_period"": ""students graduating 2021-23"", ""measure"": ""graduates find their current work meaningful"", ""note"": ""data displayed is from students on this and other courses in Finance"", ""outcome_period"": ""15 months after graduation"", ""percentage"": 80}","{""audience"": null, ""description"": ""go on to work and/or study 15 months after the course"", ""outcome_type"": ""employment_rate"", ""percentage"": 85, ""population"": ""Creative arts and design graduates at Anglia Ruskin University""}",5,3,8,30,21.05,5,3,40,0,100.00
Oxford University,Computer Science (3 or 4 years),UK,bachelor,computer science,oxford-uk-canary,45d0488c-fd77-5761-bf4b-e68dc9328b6f,Computer Science (3 or 4 years),MCompSci (Hons),4 year course,Oxford,Full time,English,Active,2026,GBP 45500 / annual (international),programme,Additional fees may apply; see the institution fee schedule,institution,Mandatory fees vary by institution and enrolment,Application fee not specified in local artifacts,"{""details"": ""More information Find out more about the TMUA , including information on how to book, test fees, bursaries for UK candidates in financial need, access arrangements and how to prepare."", ""funding_type"": ""financial_aid_policy""}","{""amount"":15000,""currency"":""GBP""}","{""details"":""Scholarships View all scholarships Imperial Inspires Scholarships Value per award £15,000 per year for each year of the course."",""funding_type"":""financial_aid_policy""}","{""amount"":15000,""currency"":""GBP""}","Imperial Bursary The Imperial Bursary is available to all Home undergraduate students with a household income below £70,000 per year.",See funding provider deadlines,6.5,"{""minimum_each"": 6.5, ""minimum_overall"": 7, ""source_text"": ""English Language grade B/6. GCSE/IGCSE English Literature will not be accepted in lieu of GCSE/IGCSE English Language. IELTS 7.0 overall, with no subscore below 6.5 TOEFL iBT 100 overall, with no subscore below 22 An acceptable equivalent qualification Students eligible for a contextual offer or with a WP flag will be required to evidence English language proficiency at GCSE English Language grade C/4. This concession only applies to GCSE/IGCSE. See our contextual admissions page for full details and to check your eligibility. If you need to""}",100,105,"[""SAT or 33 in ACT""]","{""source_label"": ""Start date"", ""start_dates"": [""2027-09-01""]}",2027-01-13,2025-12-01,2027-01-13,True,https://www.ox.ac.uk/admissions/undergraduate/courses/course-listing/computer-science,Secondary school diploma,2.5,4.0,"To include: A* in Mathematics A* in Further Mathematics A in a useful subject Recommended subjects Computer Science Physics Useful subjects Ancient Language, Biology, Chemistry, Economics, Electronics, English Literature, History, Languages, Law, Philosophy, Politics, Psychology Not accepted : ICT, Business Studies, General Studie",academic qualifications; a personal statement; evidence of your English language skills (with relevant qualifications); a reference,Reference,Personal statement,plus a portfolio demonstrating artistic ability,"{""details"": ""Relevant work experience may be considered if you do not meet the above criteria"", ""requirement_status"": ""conditional""}","{""data_period"": ""2021-23"", ""measure"": ""meaningfulness"", ""outcome_period"": ""15 months after graduation"", ""percentage"": 90, ""source"": ""Graduate Outcomes survey"", ""statement"": ""My current work is meaningful.""}","[{""data_period"":""2021-23"",""measure"":""go_on_to_work_and_or_study"",""outcome_period"":""15 months after the course"",""percentage"":95,""source"":""Graduate Outcomes survey""},{""data_period"":""2021-23"",""measure"":""in_highly_skilled_work"",""outcome_period"":""15 months after the course"",""percentage"":100,""source"":""Graduate Outcomes survey""},{""data_period"":""2021-23"",""occupation"":""Information Technology Professionals"",""outcome_period"":""15 months after the course"",""percentage"":85,""source"":""Graduate Outcomes survey""},{""data_period"":""2021-23"",""occupation"":""Managers, directors and senior officials"",""outcome_period"":""15 months after the course"",""percentage"":10,""source"":""Graduate Outcomes survey""},{""data_period"":""2021-23"",""occupation"":""Business, Research and Administrative Professionals"",""outcome_period"":""15 months after the course"",""percentage"":10,""source"":""Graduate Outcomes survey""}]",6,0,7,31,18.42,1,0,40,0,100.00
Oxford University,Mathematics and Computer Science,UK,bachelor,computer science,oxford-uk-canary,00164ee0-24b0-5e69-8c8b-979d08113044,Mathematics and Computer Science (3 or 4 years),MMathCompSci (Hons),4 year course,Oxford,Full time,English,Active,2026,GBP 45500 / annual (international),programme,Additional fees may apply; see the institution fee schedule,institution,Mandatory fees vary by institution and enrolment,Application fee not specified in local artifacts,"{""details"": ""More information Find out more about the TMUA , including information on how to book, test fees, bursaries for UK candidates in financial need, access arrangements and how to prepare."", ""funding_type"": ""financial_aid_policy""}","{""amount"":15000,""currency"":""GBP""}","{""details"":""Scholarships View all scholarships Imperial Inspires Scholarships Value per award £15,000 per year for each year of the course."",""funding_type"":""financial_aid_policy""}","{""amount"":15000,""currency"":""GBP""}","Imperial Bursary The Imperial Bursary is available to all Home undergraduate students with a household income below £70,000 per year.",See funding provider deadlines,6.5,"{""minimum_each"": 6.5, ""minimum_overall"": 7, ""source_text"": ""English Language grade B/6. GCSE/IGCSE English Literature will not be accepted in lieu of GCSE/IGCSE English Language. IELTS 7.0 overall, with no subscore below 6.5 TOEFL iBT 100 overall, with no subscore below 22 An acceptable equivalent qualification Students eligible for a contextual offer or with a WP flag will be required to evidence English language proficiency at GCSE English Language grade C/4. This concession only applies to GCSE/IGCSE. See our contextual admissions page for full details and to check your eligibility. If you need to""}",100,105,"[""SAT or 33 in ACT""]","{""source_label"": ""Start date"", ""start_dates"": [""2027-09-01""]}",2027-01-13,2025-12-01,2027-01-13,True,http://www.ox.ac.uk/admissions/undergraduate/courses-listing/mathematics-and-computer-science,Secondary school diploma,2.5,4.0,"To include: A* in Mathematics A* in Further Mathematics A in a useful subject Recommended subjects Computer Science Physics Useful subjects Ancient Language, Biology, Chemistry, Economics, Electronics, English Literature, History, Languages, Law, Philosophy, Politics, Psychology Not accepted : ICT, Business Studies, General Studie",academic qualifications; a personal statement; evidence of your English language skills (with relevant qualifications); a reference,Reference,Personal statement,plus a portfolio demonstrating artistic ability,"{""details"": ""Relevant work experience may be considered if you do not meet the above criteria"", ""requirement_status"": ""conditional""}","{""data_period"": ""2021-23"", ""measure"": ""meaningfulness"", ""outcome_period"": ""15 months after graduation"", ""percentage"": 90, ""source"": ""Graduate Outcomes survey"", ""statement"": ""My current work is meaningful.""}","{""audience"": null, ""data_period"": ""2021-23"", ""occupation"": ""Information Technology Professionals"", ""outcome_period"": ""15 months after the course"", ""percentage"": 85, ""source"": ""Graduate Outcomes survey""}",6,2,8,30,21.05,2,2,40,0,100.00
The Arts University Bournemouth,Acting,UK,bachelor,other,discover-uk-stage1-006,16aed716-240d-5ae8-854a-52d1ecc51b49,BA (Hons) Acting,BA (Hons),3 year course,Arts University Bournemouth,Full time,Dutch,Active,2026 HT,GBP 9790 / annual (domestic),programme,Additional fees may apply; see the institution fee schedule,institution,Mandatory fees vary by institution and enrolment,Application fee not specified in local artifacts,"{""details"": ""Bursaries, scholarships and part-time work We offer a range of scholarships and bursaries for UK and international students , which provide extra financial support while you’re at university."", ""funding_type"": ""financial_aid_policy""}","{""amount"":15000,""currency"":""GBP""}","{""details"":""Have the opportunity to participate in competitions and other professional opportunities, including the Carleton Hobbs Bursary Award (radio), the Sam Wanamaker Festival (The Globe) and The Spotlight Prize (Industry)."",""funding_type"":""financial_aid_policy""}","{""amount"":15000,""currency"":""GBP""}","If you're eligible for a scholarship, you'll generally receive it automatically – there's no need to apply.",See funding provider deadlines,6,"{""minimum_each"": 6.5, ""minimum_overall"": 7, ""source_text"": ""equire a Student visa to study in the UK are welcome to apply for entry in September 2026 Test Grade Additional details IELTS (Academic) 7 with no less than 6.5 in each section TOEFL (iBT) 100 with minimum scores of 19 in Writing and Listening, 19 in Reading, 20 in Speaking If your qualification is not listed here, please take a look at our international entry requirements page or get in touch with our admissions team on the form below. Please note, to be accepted onto this course; you will also need to demonstrate that you meet the minimum standards o""}",100,105,"[""SAT or 33 in ACT""]","{""source_label"": ""Start date"", ""start_dates"": [""2026-09-07"", ""2028-06-07""]}",2027-01-13,2025-12-01,2027-01-13,True,http://aub.ac.uk/courses/ba/ba-acting,Secondary school diploma,2.5,4.0,including English and Maths or equivalent qualification,academic qualifications; a personal statement; evidence of your English language skills (with relevant qualifications); a reference,Reference,Personal statement,plus a portfolio demonstrating artistic ability,"{""details"": ""mature students with relevant life or employment experience will also be considered individually"", ""requirement_status"": ""conditional""}","{""artistic_literary_and_media_occupations"": 30, ""business_and_public_service_associate_professionals"": 10, ""data_period"": ""students graduating 2021-23"", ""elementary_occupations"": 10, ""in_highly_skilled_work"": 50, ""in_other_work"": 30, ""in_unknown_work"": 20, ""leisure_travel_and_related_personal_service_occupations"": 5, ""metric"": ""occupation_types_15_months_after_course"", ""process_plant_and_machine_operatives"": 5, ""sales_occupations"": 10, ""source"": ""Graduate Outcomes survey"", ""teaching_professionals"": 5, ""welfare_and_housing_associate_professionals"": 5}","[{""data_period"":""students graduating 2021-23"",""metric"":""go_on_to_work_and_or_study"",""percentage"":85,""population"":""BA (Hons) Acting graduates at The Arts University Bournemouth"",""source"":""Graduate Outcomes survey"",""timeframe"":""15 months after the course""},{""data_period"":""students graduating 2021-23"",""metric"":""go_on_to_work_and_or_study"",""percentage"":85,""respondents"":""35 students (55% of those who were asked)"",""source"":""Graduate Outcomes survey"",""timeframe"":""15 months after the course""}]",7,0,8,30,21.05,2,0,40,0,100.00
The Arts University Bournemouth,Acting for Screen,UK,bachelor,other,discover-uk-stage1-006,1494bc65-9315-5198-a797-81202c1520c0,BA (Hons) Acting for Screen,BA (Hons),3 year course,Arts University Bournemouth,Full time,Dutch,Active,2026 HT,GBP 9790 / annual (domestic),programme,Additional fees may apply; see the institution fee schedule,institution,Mandatory fees vary by institution and enrolment,Application fee not specified in local artifacts,"{""details"": ""Bursaries, scholarships and part-time work We offer a range of scholarships and bursaries for UK and international students , which provide extra financial support while you’re at university."", ""funding_type"": ""financial_aid_policy""}","{""amount"":15000,""currency"":""GBP""}","{""details"":""Have the opportunity to participate in competitions and other professional opportunities, including the Carleton Hobbs Bursary Award (radio), the Sam Wanamaker Festival (The Globe) and The Spotlight Prize (Industry)."",""funding_type"":""financial_aid_policy""}","{""amount"":15000,""currency"":""GBP""}","If you're eligible for a scholarship, you'll generally receive it automatically – there's no need to apply.",See funding provider deadlines,6,"{""minimum_each"": 6.5, ""minimum_overall"": 7, ""source_text"": ""equire a Student visa to study in the UK are welcome to apply for entry in September 2026 Test Grade Additional details IELTS (Academic) 7 with no less than 6.5 in each section TOEFL (iBT) 100 with minimum scores of 19 in Writing and Listening, 19 in Reading, 20 in Speaking If your qualification is not listed here, please take a look at our international entry requirements page or get in touch with our admissions team on the form below. Please note, to be accepted onto this course; you will also need to demonstrate that you meet the minimum standards o""}",100,105,"[""SAT or 33 in ACT""]","{""source_label"": ""Start date"", ""start_dates"": [""2026-09-07"", ""2028-06-07""]}",2027-01-13,2025-12-01,2027-01-13,True,http://aub.ac.uk/courses/ba/ba-acting,Secondary school diploma,2.5,4.0,including English and Maths or equivalent qualification,academic qualifications; a personal statement; evidence of your English language skills (with relevant qualifications); a reference,Reference,Personal statement,plus a portfolio demonstrating artistic ability,"{""details"": ""mature students with relevant life or employment experience will also be considered individually"", ""requirement_status"": ""conditional""}","{""artistic_literary_and_media_occupations"": 30, ""business_and_public_service_associate_professionals"": 10, ""data_period"": ""students graduating 2021-23"", ""elementary_occupations"": 10, ""in_highly_skilled_work"": 50, ""in_other_work"": 30, ""in_unknown_work"": 20, ""leisure_travel_and_related_personal_service_occupations"": 5, ""metric"": ""occupation_types_15_months_after_course"", ""process_plant_and_machine_operatives"": 5, ""sales_occupations"": 10, ""source"": ""Graduate Outcomes survey"", ""teaching_professionals"": 5, ""welfare_and_housing_associate_professionals"": 5}","[{""data_period"":""students graduating 2021-23"",""metric"":""go_on_to_work_and_or_study"",""percentage"":85,""population"":""BA (Hons) Acting for Screen graduates at The Arts University Bournemouth"",""source"":""Graduate Outcomes survey"",""timeframe"":""15 months after the course""},{""data_period"":""students graduating 2021-23"",""metric"":""go_on_to_work_and_or_study"",""percentage"":85,""respondents"":""35 students (55% of those who were asked)"",""source"":""Graduate Outcomes survey"",""timeframe"":""15 months after the course""},{""artistic_literary_and_media_occupations"":30,""business_and_public_service_associate_professionals"":10,""data_period"":""students graduating 2021-23"",""elementary_occupations"":10,""in_highly_skilled_work"":50,""in_other_work"":30,""in_unknown_work"":20,""leisure_travel_and_related_personal_service_occupations"":5,""metric"":""occupation_types_15_months_after_course"",""process_plant_and_machine_operatives"":5,""respondents"":""25 students (55% of those who were asked)"",""sales_occupations"":10,""source"":""Graduate Outcomes survey"",""teaching_professionals"":5,""welfare_and_housing_associate_professionals"":5}]",6,1,8,30,21.05,3,1,40,0,100.00
The Bournemouth and Poole College,Digital Animation Design & Production,UK,bachelor,other,discover-uk-stage1-017,770f992a-7c1a-5b5c-82ad-f900668b7f1e,Digital Animation Design & Production,FDA,2 year course,Bournemouth and Poole College,Full time,Dutch,Active,2026 HT,GBP 9790 / annual (domestic),programme,Additional fees may apply; see the institution fee schedule,institution,Mandatory fees vary by institution and enrolment,Application fee not specified in local artifacts,"{""details"": ""Bursaries, scholarships and part-time work We offer a range of scholarships and bursaries for UK and international students , which provide extra financial support while you’re at university."", ""funding_type"": ""financial_aid_policy""}","{""amount"":15000,""currency"":""GBP""}","{""details"":""Have the opportunity to participate in competitions and other professional opportunities, including the Carleton Hobbs Bursary Award (radio), the Sam Wanamaker Festival (The Globe) and The Spotlight Prize (Industry)."",""funding_type"":""financial_aid_policy""}","{""amount"":15000,""currency"":""GBP""}","If you're eligible for a scholarship, you'll generally receive it automatically – there's no need to apply.",See funding provider deadlines,6,"{""minimum_each"": 6.5, ""minimum_overall"": 7, ""source_text"": ""equire a Student visa to study in the UK are welcome to apply for entry in September 2026 Test Grade Additional details IELTS (Academic) 7 with no less than 6.5 in each section TOEFL (iBT) 100 with minimum scores of 19 in Writing and Listening, 19 in Reading, 20 in Speaking If your qualification is not listed here, please take a look at our international entry requirements page or get in touch with our admissions team on the form below. Please note, to be accepted onto this course; you will also need to demonstrate that you meet the minimum standards o""}",100,105,"[""SAT or 33 in ACT""]","{""source_label"": ""Start date"", ""start_dates"": [""2026-09-07"", ""2028-06-07""]}",2027-01-13,2025-12-01,2027-01-13,True,https://aub.ac.uk/partner-institutions#tab-5048274-bournemouth-and-poole-college,Secondary school diploma,2.5,4.0,including English and Maths or equivalent qualification,academic qualifications; a personal statement; evidence of your English language skills (with relevant qualifications); a reference,Reference,Personal statement,plus a portfolio demonstrating artistic ability,"{""details"": ""mature students with relevant life or employment experience will also be considered individually"", ""requirement_status"": ""conditional""}","{""data_period"": ""students graduating 2021-23"", ""measure"": ""graduates find their current work meaningful"", ""note"": ""data displayed is from students on this and other courses in Finance"", ""outcome_period"": ""15 months after graduation"", ""percentage"": 80}","{""audience"": null, ""description"": ""go on to work and/or study 15 months after the course"", ""outcome_type"": ""employment_rate"", ""percentage"": 85, ""population"": ""Creative arts and design graduates at Anglia Ruskin University""}",6,0,6,32,15.79,2,0,40,0,100.00
The Bournemouth and Poole College,"Esports Production, Broadcasting and Events",UK,bachelor,other,discover-uk-stage1-017,baa1b317-ba51-5fac-af2c-4aa258d131a2,"Esports Production, Broadcasting and Events",FDA,2 year course,Bournemouth and Poole College,Full time,Dutch,Active,2026 HT,GBP 9790 / annual (domestic),programme,Additional fees may apply; see the institution fee schedule,institution,Mandatory fees vary by institution and enrolment,Application fee not specified in local artifacts,"{""details"": ""Bursaries, scholarships and part-time work We offer a range of scholarships and bursaries for UK and international students , which provide extra financial support while you’re at university."", ""funding_type"": ""financial_aid_policy""}","{""amount"":15000,""currency"":""GBP""}","{""details"":""Have the opportunity to participate in competitions and other professional opportunities, including the Carleton Hobbs Bursary Award (radio), the Sam Wanamaker Festival (The Globe) and The Spotlight Prize (Industry)."",""funding_type"":""financial_aid_policy""}","{""amount"":15000,""currency"":""GBP""}","If you're eligible for a scholarship, you'll generally receive it automatically – there's no need to apply.",See funding provider deadlines,6,"{""minimum_each"": 6.5, ""minimum_overall"": 7, ""source_text"": ""equire a Student visa to study in the UK are welcome to apply for entry in September 2026 Test Grade Additional details IELTS (Academic) 7 with no less than 6.5 in each section TOEFL (iBT) 100 with minimum scores of 19 in Writing and Listening, 19 in Reading, 20 in Speaking If your qualification is not listed here, please take a look at our international entry requirements page or get in touch with our admissions team on the form below. Please note, to be accepted onto this course; you will also need to demonstrate that you meet the minimum standards o""}",100,105,"[""SAT or 33 in ACT""]","{""source_label"": ""Start date"", ""start_dates"": [""2026-09-07"", ""2028-06-07""]}",2027-01-13,2025-12-01,2027-01-13,True,https://aub.ac.uk/partner-institutions#tab-5048274-bournemouth-and-poole-college,Secondary school diploma,2.5,4.0,including English and Maths or equivalent qualification,academic qualifications; a personal statement; evidence of your English language skills (with relevant qualifications); a reference,Reference,Personal statement,plus a portfolio demonstrating artistic ability,"{""details"": ""mature students with relevant life or employment experience will also be considered individually"", ""requirement_status"": ""conditional""}","{""data_period"": ""students graduating 2021-23"", ""measure"": ""graduates find their current work meaningful"", ""note"": ""data displayed is from students on this and other courses in Finance"", ""outcome_period"": ""15 months after graduation"", ""percentage"": 80}","{""audience"": null, ""description"": ""go on to work and/or study 15 months after the course"", ""outcome_type"": ""employment_rate"", ""percentage"": 85, ""population"": ""Creative arts and design graduates at Anglia Ruskin University""}",6,0,6,32,15.79,2,0,40,0,100.00
The University of Edinburgh,Computer Science,UK,bachelor,computer science,edinburgh-uk-canary,814d8802-d69b-59c9-808a-b733ffe17579,Computer Science,BEng (Hons),4 year course,Central,Full time,English,Active,2026,GBP 45500 / annual (international),programme,Additional fees may apply; see the institution fee schedule,institution,Mandatory fees vary by institution and enrolment,Application fee not specified in local artifacts,"{""details"": ""Living costs: estimates explained Scholarships and funding Funding information You can find detailed information on financial support available, based on where you are living, in our funding section."", ""funding_type"": ""financial_aid_policy""}","{""amount"":15000,""currency"":""GBP""}","{""details"":""Scholarships and funding Funding information You can find detailed information on financial support available, based on where you are living, in our funding section."",""funding_type"":""financial_aid_policy""}","{""amount"":15000,""currency"":""GBP""}","Imperial Bursary The Imperial Bursary is available to all Home undergraduate students with a household income below £70,000 per year.",See funding provider deadlines,6.5,"{""minimum_each"": 6.5, ""minimum_overall"": 7, ""source_text"": ""English Language grade B/6. GCSE/IGCSE English Literature will not be accepted in lieu of GCSE/IGCSE English Language. IELTS 7.0 overall, with no subscore below 6.5 TOEFL iBT 100 overall, with no subscore below 22 An acceptable equivalent qualification Students eligible for a contextual offer or with a WP flag will be required to evidence English language proficiency at GCSE English Language grade C/4. This concession only applies to GCSE/IGCSE. See our contextual admissions page for full details and to check your eligibility. If you need to""}",100,105,"[""SAT or 33 in ACT""]","{""source_label"": ""Start date"", ""start_dates"": [""2027-09-01""]}",2027-01-13,2025-12-01,2027-01-13,True,https://www.ed.ac.uk/ug/G401,Secondary school diploma,2.5,4.0,"To include: A* in Mathematics A* in Further Mathematics A in a useful subject Recommended subjects Computer Science Physics Useful subjects Ancient Language, Biology, Chemistry, Economics, Electronics, English Literature, History, Languages, Law, Philosophy, Politics, Psychology Not accepted : ICT, Business Studies, General Studie",academic qualifications; a personal statement; evidence of your English language skills (with relevant qualifications); a reference,Reference,Personal statement,plus a portfolio demonstrating artistic ability,"{""details"": ""Relevant work experience may be considered if you do not meet the above criteria"", ""requirement_status"": ""conditional""}","This degree programme is accredited by BCS, The Chartered Institute for IT, a professional body for IT professionals. This accreditation is generally respected by employers and provides you with a great foundation if you wish to achieve professional registration after graduation. Our graduates have excellent career prospects in the IT industry and beyond. We have a great reputation with local, national and global industry connections and contacts. Our graduates are typically recruited to a wide variety of jobs, with popular roles including: software engineer hardware engineer app developer web developer programmer Graduates increasingly work as data analysts, data scientists or business analysts in the financial sector.","[{""metric"":""work_and_or_study_rate"",""percentage"":90,""period"":""15 months after the course"",""population"":""Computer science graduates at University of Edinburgh""},{""metric"":""highly_skilled_work"",""percentage"":95,""period"":""15 months after the course"",""population"":""Computer science graduates at University of Edinburgh""},{""metric"":""occupation"",""occupation"":""Information Technology Professionals"",""percentage"":75,""period"":""15 months after the course"",""population"":""Computer science graduates at University of Edinburgh""},{""metric"":""occupation"",""occupation"":""Managers, directors and senior officials"",""percentage"":5,""period"":""15 months after the course"",""population"":""Computer science graduates at University of Edinburgh""},{""metric"":""occupation"",""occupation"":""Business and public service associate professionals"",""percentage"":5,""period"":""15 months after the course"",""population"":""Computer science graduates at University of Edinburgh""},{""metric"":""occupation"",""occupation"":""Engineering professionals"",""percentage"":5,""period"":""15 months after the course"",""population"":""Computer science graduates at University of Edinburgh""}]",12,0,16,22,42.11,3,0,40,0,100.00
The University of Edinburgh,Computer Science,UK,bachelor,computer science,edinburgh-uk-canary,9e56967c-c215-5e0b-ba38-018d61a6a991,Computer Science,BEng (Hons),4 year course,Central,Full time,English,Active,2026,GBP 45500 / annual (international),programme,Additional fees may apply; see the institution fee schedule,institution,Mandatory fees vary by institution and enrolment,Application fee not specified in local artifacts,"{""details"": ""Living costs: estimates explained Scholarships and funding Funding information You can find detailed information on financial support available, based on where you are living, in our funding section."", ""funding_type"": ""financial_aid_policy""}","{""amount"":15000,""currency"":""GBP""}","{""details"":""Scholarships and funding Funding information You can find detailed information on financial support available, based on where you are living, in our funding section."",""funding_type"":""financial_aid_policy""}","{""amount"":15000,""currency"":""GBP""}","Imperial Bursary The Imperial Bursary is available to all Home undergraduate students with a household income below £70,000 per year.",See funding provider deadlines,6.5,"{""minimum_each"": 6.5, ""minimum_overall"": 7, ""source_text"": ""English Language grade B/6. GCSE/IGCSE English Literature will not be accepted in lieu of GCSE/IGCSE English Language. IELTS 7.0 overall, with no subscore below 6.5 TOEFL iBT 100 overall, with no subscore below 22 An acceptable equivalent qualification Students eligible for a contextual offer or with a WP flag will be required to evidence English language proficiency at GCSE English Language grade C/4. This concession only applies to GCSE/IGCSE. See our contextual admissions page for full details and to check your eligibility. If you need to""}",100,105,"[""SAT or 33 in ACT""]","{""source_label"": ""Start date"", ""start_dates"": [""2027-09-01""]}",2027-01-13,2025-12-01,2027-01-13,True,https://www.ed.ac.uk/ug/G400,Secondary school diploma,2.5,4.0,"To include: A* in Mathematics A* in Further Mathematics A in a useful subject Recommended subjects Computer Science Physics Useful subjects Ancient Language, Biology, Chemistry, Economics, Electronics, English Literature, History, Languages, Law, Philosophy, Politics, Psychology Not accepted : ICT, Business Studies, General Studie",academic qualifications; a personal statement; evidence of your English language skills (with relevant qualifications); a reference,Reference,Personal statement,plus a portfolio demonstrating artistic ability,"{""details"": ""Relevant work experience may be considered if you do not meet the above criteria"", ""requirement_status"": ""conditional""}","{""metric"": ""graduate_perception"", ""percentage"": 90, ""period"": ""15 months after the course"", ""population"": ""Computer science graduates at University of Edinburgh"", ""statement"": ""My current work is meaningful.""}","[{""metric"":""occupation"",""occupation"":""Information Technology Professionals"",""percentage"":75,""period"":""15 months after the course"",""population"":""Computer science graduates at University of Edinburgh""},{""metric"":""occupation"",""occupation"":""Managers, directors and senior officials"",""percentage"":5,""period"":""15 months after the course"",""population"":""Computer science graduates at University of Edinburgh""},{""metric"":""work_and_or_study_rate"",""percentage"":90,""period"":""15 months after the course"",""population"":""Computer science graduates at University of Edinburgh""},{""metric"":""occupation"",""occupation"":""Engineering professionals"",""percentage"":5,""period"":""15 months after the course"",""population"":""Computer science graduates at University of Edinburgh""},{""metric"":""occupation"",""occupation"":""Business and public service associate professionals"",""percentage"":5,""period"":""15 months after the course"",""population"":""Computer science graduates at University of Edinburgh""},{""metric"":""highly_skilled_work"",""percentage"":95,""period"":""15 months after the course"",""population"":""Computer science graduates at University of Edinburgh""}]",7,7,16,22,42.11,4,7,40,0,100.00
The University of Manchester,Computer Science,UK,bachelor,computer science,manchester-uk-canary,de38fc20-2235-5c03-b4f0-5d3817f4abcc,BSc (Hons) Computer Science,BSc (Hons),4 year course,Main Campus,Full time,English,Active,2026,GBP 37800 / annual (international),programme,Additional fees may apply; see the institution fee schedule,institution,Mandatory fees vary by institution and enrolment,Application fee not specified in local artifacts,"{""details"": ""Scholarships/sponsorships The University of Manchester is committed to attracting and supporting the very best students."", ""funding_type"": ""financial_aid_policy""}","{""amount"":15000,""currency"":""GBP""}","{""details"":""Scholarships View all scholarships Imperial Inspires Scholarships Value per award £15,000 per year for each year of the course."",""funding_type"":""financial_aid_policy""}","{""amount"":15000,""currency"":""GBP""}","Imperial Bursary The Imperial Bursary is available to all Home undergraduate students with a household income below £70,000 per year.",See funding provider deadlines,7,"{""minimum_each"": 6.5, ""minimum_overall"": 7, ""source_text"": ""English Language grade B/6. GCSE/IGCSE English Literature will not be accepted in lieu of GCSE/IGCSE English Language. IELTS 7.0 overall, with no subscore below 6.5 TOEFL iBT 100 overall, with no subscore below 22 An acceptable equivalent qualification Students eligible for a contextual offer or with a WP flag will be required to evidence English language proficiency at GCSE English Language grade C/4. This concession only applies to GCSE/IGCSE. See our contextual admissions page for full details and to check your eligibility. If you need to""}",100,105,"[""SAT or 33 in ACT""]","{""source_label"": ""Start date"", ""start_dates"": [""2027-09-01""]}",2027-01-13,2025-12-01,2027-01-13,True,https://www.manchester.ac.uk/study/undergraduate/courses/2026/00559/bsc-computer-science-with-industrial-experience/,Secondary school diploma,2.5,4.0,"A* in Mathematics, and a minimum of one science subject from the following list: Computer Science, Further Mathematics, Biology, Chemistry, or Physics",academic qualifications; a personal statement; evidence of your English language skills (with relevant qualifications); a reference,Reference,Personal statement,plus a portfolio demonstrating artistic ability,"{""details"": ""Relevant work experience may be considered if you do not meet the above criteria"", ""requirement_status"": ""conditional""}","{""metric"": ""work_meaningfulness"", ""percentage"": 80, ""period"": ""15 months after graduation"", ""population"": ""students graduating 2022-23""}","[{""metric"":""work_and_or_study"",""percentage"":95,""period"":""15 months after the course"",""population"":""BSc (Hons) Computer Science graduates at University of Manchester""},{""data_source"":""Graduate Outcomes survey"",""metric"":""go_on_to_work_and_or_study"",""percentage"":95,""period"":""15 months after the course"",""population"":""students graduating 2022-23""},{""metric"":""in_highly_skilled_work"",""percentage"":100,""period"":""15 months after the course"",""population"":""students graduating 2022-23""},{""metric"":""occupation"",""occupation"":""Information Technology Professionals"",""percentage"":90,""period"":""15 months after the course"",""population"":""students graduating 2022-23""},{""metric"":""occupation"",""occupation"":""Engineering professionals"",""percentage"":5,""period"":""15 months after the course"",""population"":""students graduating 2022-23""},{""metric"":""occupation"",""occupation"":""Business and public service associate professionals"",""percentage"":5,""period"":""15 months after the course"",""population"":""students graduating 2022-23""},{""metric"":""in_other_work"",""percentage"":0,""period"":""15 months after the course"",""population"":""students graduating 2022-23""},{""metric"":""in_unknown_work"",""percentage"":0,""period"":""15 months after the course"",""population"":""students graduating 2022-23""},{""metric"":""work_and_or_study_rate"",""percentage"":95,""period"":""15 months after the course"",""population"":""BSc (Hons) Computer Science graduates at University of Manchester""},{""metric"":""go_on_to_work_and_or_study"",""percentage"":95,""period"":""15 months after the course"",""population"":""students graduating 2022-23""}]",13,0,14,24,36.84,2,0,40,0,100.00
The University of Manchester,Data Science,UK,bachelor,data science,manchester-uk-canary,056c787b-cb1e-526e-bb3d-9a731e339a19,BSc (Hons) Computer Science,BSc (Hons),4 year course,Main Campus,Full time,Dutch,Active,2026 HT,GBP 26300 / annual (international),programme,Additional fees may apply; see the institution fee schedule,institution,Mandatory fees vary by institution and enrolment,Application fee not specified in local artifacts,"{""details"": ""Scholarships/sponsorships The University of Manchester is committed to attracting and supporting the very best students."", ""funding_type"": ""financial_aid_policy""}","{""amount"":15000,""currency"":""GBP""}","{""details"":""financial support ."",""funding_type"":""financial_aid_policy""}","{""amount"":15000,""currency"":""GBP""}","If you're eligible for a scholarship, you'll generally receive it automatically – there's no need to apply.",See funding provider deadlines,7,"{""minimum_each"": 6.5, ""minimum_overall"": 7, ""source_text"": ""English Language grade B/6. GCSE/IGCSE English Literature will not be accepted in lieu of GCSE/IGCSE English Language. IELTS 7.0 overall, with no subscore below 6.5 TOEFL iBT 100 overall, with no subscore below 22 An acceptable equivalent qualification Students eligible for a contextual offer or with a WP flag will be required to evidence English language proficiency at GCSE English Language grade C/4. This concession only applies to GCSE/IGCSE. See our contextual admissions page for full details and to check your eligibility. If you need to""}",100,105,"[""SAT or 33 in ACT""]","{""source_label"": ""Start date"", ""start_dates"": [""2027-09-01""]}",2027-01-13,2025-12-01,2027-01-13,True,https://www.manchester.ac.uk/study/undergraduate/courses/2026/12952/bsc-meng-computer-science-with-an-integrated-foundation-year/,Secondary school diploma,2.5,4.0,including Mathematics (either âAnalysis and Approachesâ or âApplications and Interpretationâ are acceptable) or Physics,academic qualifications; a personal statement; evidence of your English language skills (with relevant qualifications); a reference,Reference,Personal statement,plus a portfolio demonstrating artistic ability,"{""details"": ""Relevant work experience may be considered if you do not meet the above criteria"", ""requirement_status"": ""conditional""}","{""metric"": ""work_meaningfulness"", ""percentage"": 80, ""period"": ""15 months after graduation"", ""population"": ""students graduating 2022-23""}","{""audience"": null, ""metric"": ""occupation"", ""occupation"": ""Business and public service associate professionals"", ""percentage"": 5, ""period"": ""15 months after the course"", ""population"": ""students graduating 2022-23""}",4,11,15,23,39.47,4,10,40,0,100.00
University Centre Somerset College Group,"Makeup Artistry, Prosthetic FX and Wig Making",UK,bachelor,other,discover-uk-stage1-020,5f95f3f8-7afc-52a6-ba5b-e4f49c98267b,"Makeup Artistry, Prosthetic FX and Wig Making",FDA,2 year course,Taunton College,Full time,Dutch,Active,2026 HT,GBP 9790 / annual (domestic),programme,Additional fees may apply; see the institution fee schedule,institution,Mandatory fees vary by institution and enrolment,Application fee not specified in local artifacts,"{""details"": ""Bursaries, scholarships and part-time work We offer a range of scholarships and bursaries for UK and international students , which provide extra financial support while you’re at university."", ""funding_type"": ""financial_aid_policy""}","{""amount"":15000,""currency"":""GBP""}","{""details"":""Have the opportunity to participate in competitions and other professional opportunities, including the Carleton Hobbs Bursary Award (radio), the Sam Wanamaker Festival (The Globe) and The Spotlight Prize (Industry)."",""funding_type"":""financial_aid_policy""}","{""amount"":15000,""currency"":""GBP""}","If you're eligible for a scholarship, you'll generally receive it automatically – there's no need to apply.",See funding provider deadlines,6,"{""minimum_each"": 6.5, ""minimum_overall"": 7, ""source_text"": ""equire a Student visa to study in the UK are welcome to apply for entry in September 2026 Test Grade Additional details IELTS (Academic) 7 with no less than 6.5 in each section TOEFL (iBT) 100 with minimum scores of 19 in Writing and Listening, 19 in Reading, 20 in Speaking If your qualification is not listed here, please take a look at our international entry requirements page or get in touch with our admissions team on the form below. Please note, to be accepted onto this course; you will also need to demonstrate that you meet the minimum standards o""}",100,105,"[""SAT or 33 in ACT""]","{""source_label"": ""Start date"", ""start_dates"": [""2026-09-07"", ""2028-06-07""]}",2027-01-13,2025-12-01,2027-01-13,True,https://www.somerset.ac.uk/courses/media-make-up-foundation-degree.html,Secondary school diploma,2.5,4.0,including English and Maths or equivalent qualification,academic qualifications; a personal statement; evidence of your English language skills (with relevant qualifications); a reference,Reference,Personal statement,plus a portfolio demonstrating artistic ability,"{""details"": ""mature students with relevant life or employment experience will also be considered individually"", ""requirement_status"": ""conditional""}","{""data_period"": ""students graduating 2021-23"", ""measure"": ""graduates find their current work meaningful"", ""note"": ""data displayed is from students on this and other courses in Finance"", ""outcome_period"": ""15 months after graduation"", ""percentage"": 80}","[{""amount"":17000,""currency"":""GBP"",""data_from_people"":25,""data_source"":""Longitudinal Education Outcomes (LEO) dataset"",""graduating_years"":""2015-17"",""metric"":""median_earnings"",""period"":""3 years after the course"",""population"":""Performing arts graduates at University Centre Somerset College Group""},{""amount"":19500,""currency"":""GBP"",""data_from_people"":20,""data_source"":""Longitudinal Education Outcomes (LEO) dataset"",""graduating_years"":""2015-17"",""metric"":""median_earnings"",""period"":""5 years after the course"",""population"":""Performing arts graduates at University Centre Somerset College Group""},{""data_source"":""Longitudinal Education Outcomes (LEO) dataset"",""description"":""100% of UK-resident Performing arts graduates from University Centre Somerset College Group are based in England"",""graduating_years"":""2015-17"",""metric"":""graduate_location""}]",6,0,7,31,18.42,2,0,40,0,100.00
University Centre Somerset College Group,"Makeup Artistry, Prosthetic FX and Wig Making",UK,bachelor,other,discover-uk-stage1-020,d0d192c5-ff75-5fdf-8c6c-80e0cc2608c6,"Makeup Artistry, Prosthetic FX and Wig Making",FDA,2 year course,Taunton College,Full time,Dutch,Active,2026 HT,GBP 9790 / annual (domestic),programme,Additional fees may apply; see the institution fee schedule,institution,Mandatory fees vary by institution and enrolment,Application fee not specified in local artifacts,"{""details"": ""Bursaries, scholarships and part-time work We offer a range of scholarships and bursaries for UK and international students , which provide extra financial support while you’re at university."", ""funding_type"": ""financial_aid_policy""}","{""amount"":15000,""currency"":""GBP""}","{""details"":""Have the opportunity to participate in competitions and other professional opportunities, including the Carleton Hobbs Bursary Award (radio), the Sam Wanamaker Festival (The Globe) and The Spotlight Prize (Industry)."",""funding_type"":""financial_aid_policy""}","{""amount"":15000,""currency"":""GBP""}","If you're eligible for a scholarship, you'll generally receive it automatically – there's no need to apply.",See funding provider deadlines,6,"{""minimum_each"": 6.5, ""minimum_overall"": 7, ""source_text"": ""equire a Student visa to study in the UK are welcome to apply for entry in September 2026 Test Grade Additional details IELTS (Academic) 7 with no less than 6.5 in each section TOEFL (iBT) 100 with minimum scores of 19 in Writing and Listening, 19 in Reading, 20 in Speaking If your qualification is not listed here, please take a look at our international entry requirements page or get in touch with our admissions team on the form below. Please note, to be accepted onto this course; you will also need to demonstrate that you meet the minimum standards o""}",100,105,"[""SAT or 33 in ACT""]","{""source_label"": ""Start date"", ""start_dates"": [""2026-09-07"", ""2028-06-07""]}",2027-01-13,2025-12-01,2027-01-13,True,https://www.somerset.ac.uk/courses/media-make-up-ba-hons.html,Secondary school diploma,2.5,4.0,including English and Maths or equivalent qualification,academic qualifications; a personal statement; evidence of your English language skills (with relevant qualifications); a reference,Reference,Personal statement,plus a portfolio demonstrating artistic ability,"{""details"": ""mature students with relevant life or employment experience will also be considered individually"", ""requirement_status"": ""conditional""}","{""data_period"": ""students graduating 2021-23"", ""measure"": ""graduates find their current work meaningful"", ""note"": ""data displayed is from students on this and other courses in Finance"", ""outcome_period"": ""15 months after graduation"", ""percentage"": 80}","[{""amount"":17000,""audience"":null,""currency"":""GBP"",""data_from_people"":25,""data_source"":""Longitudinal Education Outcomes (LEO) dataset"",""graduating_years"":""2015-17"",""metric"":""median_earnings"",""period"":""3 years after the course"",""population"":""Performing arts graduates at University Centre Somerset College Group""},{""data_source"":""Longitudinal Education Outcomes (LEO) dataset"",""description"":""100% of UK-resident Performing arts graduates from University Centre Somerset College Group are based in England"",""graduating_years"":""2015-17"",""metric"":""graduate_location""},{""amount"":19500,""currency"":""GBP"",""data_from_people"":20,""data_source"":""Longitudinal Education Outcomes (LEO) dataset"",""graduating_years"":""2015-17"",""metric"":""median_earnings"",""period"":""5 years after the course"",""population"":""Performing arts graduates at University Centre Somerset College Group""}]",1,6,7,31,18.42,2,6,40,0,100.00
University College Birmingham,Aesthetics,UK,bachelor,other,discover-uk-stage1-011,5dcb3d22-21b0-523b-b1aa-27093fb8036a,BA (Hons) Aesthetics,BA (Hons),3 year course,University College Birmingham,Full time,Dutch,Active,2026 HT,GBP 9790 / annual (domestic),programme,Additional fees may apply; see the institution fee schedule,institution,Mandatory fees vary by institution and enrolment,Application fee not specified in local artifacts,"{""details"": ""Bursaries, scholarships and part-time work We offer a range of scholarships and bursaries for UK and international students , which provide extra financial support while you’re at university."", ""funding_type"": ""financial_aid_policy""}","{""amount"":15000,""currency"":""GBP""}","{""details"":""Have the opportunity to participate in competitions and other professional opportunities, including the Carleton Hobbs Bursary Award (radio), the Sam Wanamaker Festival (The Globe) and The Spotlight Prize (Industry)."",""funding_type"":""financial_aid_policy""}","{""amount"":15000,""currency"":""GBP""}","If you're eligible for a scholarship, you'll generally receive it automatically – there's no need to apply.",See funding provider deadlines,6,"{""minimum_each"": 6.5, ""minimum_overall"": 7, ""source_text"": ""equire a Student visa to study in the UK are welcome to apply for entry in September 2026 Test Grade Additional details IELTS (Academic) 7 with no less than 6.5 in each section TOEFL (iBT) 100 with minimum scores of 19 in Writing and Listening, 19 in Reading, 20 in Speaking If your qualification is not listed here, please take a look at our international entry requirements page or get in touch with our admissions team on the form below. Please note, to be accepted onto this course; you will also need to demonstrate that you meet the minimum standards o""}",100,105,"[""SAT or 33 in ACT""]","{""source_label"": ""Start date"", ""start_dates"": [""2026-09-07"", ""2028-06-07""]}",2027-01-13,2025-12-01,2027-01-13,True,https://www.ucb.ac.uk/study/courses/undergraduate/aesthetic-practitioner-ba-hons-fda/,Secondary school diploma,2.5,4.0,including English and Maths or equivalent qualification,academic qualifications; a personal statement; evidence of your English language skills (with relevant qualifications); a reference,Reference,Personal statement,plus a portfolio demonstrating artistic ability,"{""details"": ""mature students with relevant life or employment experience will also be considered individually"", ""requirement_status"": ""conditional""}","{""data_period"": ""students graduating 2022-23"", ""future_fit"": ""80%"", ""meaningfulness"": ""75%"", ""metric"": ""graduate_perceptions_of_work"", ""respondents"": 15, ""response_rate"": ""55%"", ""timeframe"": ""15 months after graduation"", ""usefulness"": ""80%""}","{""audience"": null, ""cohort"": ""BA (Hons) Aesthetics graduates at University College Birmingham"", ""data_period"": ""students graduating 2022-23"", ""metric"": ""go_on_to_work_and_or_study"", ""percentage"": 80, ""respondents"": 20, ""response_rate"": ""55%"", ""timeframe"": ""15 months after the course""}",8,0,8,30,21.05,2,0,40,0,100.00
University College Birmingham,Airport And Aviation Management,UK,bachelor,business,discover-uk-stage1-011,43850490-0520-5cca-b9a2-0b1b84156049,BA (Hons) Airport And Aviation Management,BA (Hons),4 year course,University College Birmingham,Full time,English,Active,2026 HT,GBP 9900 / annual (international),programme,Additional fees may apply; see the institution fee schedule,institution,Mandatory fees vary by institution and enrolment,Application fee not specified in local artifacts,"{""details"": ""Financial support and scholarships For general sources of financial support, see our Fees and funding pages."", ""funding_type"": ""financial_aid_policy""}","{""amount"":15000,""currency"":""GBP""}","{""details"":""Financial support and scholarships For general sources of financial support, see our Fees and funding pages."",""funding_type"":""financial_aid_policy""}","{""amount"":15000,""currency"":""GBP""}",Students with children or dependant adults may qualify for a Childcare Grant or Adult Dependants' Grant.,See funding provider deadlines,6,"{""minimum_each"": 5.5, ""minimum_overall"": 6, ""source_text"": ""nables you to progress onto year 1 of this degree. English language requirements If English is not your first language, IELTS 6.0 overall with a minimum of 5.5 in each element. Find out about the other English qualifications that we accept . Studied before or got relevant experience? If you have suitable qualifications, credits from a previous university course or relevant professional experience, these could count towards your course at Brighton and you could start the course in year 2 or 3. Transferring from another university Thinking about""}",100,105,"[""SAT or 33 in ACT""]","{""source_label"": ""Start date"", ""start_dates"": [""2026-09-01""]}",2027-01-13,2025-12-01,2027-01-13,True,https://www.ucb.ac.uk/study/courses/undergraduate/aviation-and-airport-management-ba-hons-fda/,Secondary school diploma,2.5,4.0,including Mathematics and English Language or equivalents,academic qualifications; a personal statement; evidence of your English language skills (with relevant qualifications); a reference,Reference,Personal statement,plus a portfolio demonstrating artistic ability,"{""details"": ""Relevant work experience may be considered if you do not meet the above criteria"", ""requirement_status"": ""conditional""}","{""data_period"": ""students graduating 2022-23"", ""future_fit"": ""80%"", ""meaningfulness"": ""75%"", ""metric"": ""graduate_perceptions_of_work"", ""respondents"": 15, ""response_rate"": ""55%"", ""timeframe"": ""15 months after graduation"", ""usefulness"": ""80%""}","{""audience"": null, ""cohort"": ""BA (Hons) Aesthetics graduates at University College Birmingham"", ""data_period"": ""students graduating 2022-23"", ""metric"": ""go_on_to_work_and_or_study"", ""percentage"": 80, ""respondents"": 20, ""response_rate"": ""55%"", ""timeframe"": ""15 months after the course""}",6,2,8,30,21.05,3,2,40,0,100.00
University of Brighton,Business Management with Entrepreneurship,UK,bachelor,business,discover-uk-stage1-021,28ee7709-d09b-5231-8e41-461663619e85,BSc (Hons) Business Management with Entrepreneurship,BSc (Hons),3 year course,Moulsecoomb,Full time,English,Active,2026 HT,GBP 18108 / annual (international),programme,Additional fees may apply; see the institution fee schedule,institution,Mandatory fees vary by institution and enrolment,Application fee not specified in local artifacts,"{""details"": ""We offer scholarships for elite athletes, elite disabled athletes and talented sports performers."", ""funding_type"": ""financial_aid_policy""}","{""amount"":15000,""currency"":""GBP""}","{""details"":""scholarships and government funding info for UK and international undergraduate students Student finance and budgeting while studying Read our student contract and tuition fee policy (pdf) for more on University of Brighton tuition fees."",""funding_type"":""financial_aid_policy""}","{""amount"":15000,""currency"":""GBP""}",financial support through our Brighton Boost cost of living package.,See funding provider deadlines,6,"{""minimum_each"": 5.5, ""minimum_overall"": 6, ""source_text"": ""nables you to progress onto year 1 of this degree. English language requirements If English is not your first language, IELTS 6.0 overall with a minimum of 5.5 in each element. Find out about the other English qualifications that we accept . Studied before or got relevant experience? If you have suitable qualifications, credits from a previous university course or relevant professional experience, these could count towards your course at Brighton and you could start the course in year 2 or 3. Transferring from another university Thinking about""}",100,105,"[""SAT or 33 in ACT""]","{""source_label"": ""Start date"", ""start_dates"": [""2026-09-01""]}",2027-01-13,2025-12-01,2027-01-13,True,https://www.brighton.ac.uk/courses/study/business-management-with-entrepreneurship-bsc-hons.aspx,Secondary school diploma,2.5,4.0,including Mathematics and English Language or equivalents,academic qualifications; a personal statement; evidence of your English language skills (with relevant qualifications); a reference,Reference,Personal statement,plus a portfolio demonstrating artistic ability,"{""details"": ""Relevant work experience may be considered if you do not meet the above criteria"", ""requirement_status"": ""conditional""}","AACSB accreditation The University of Brighton is accredited by the Association to Advance Collegiate Schools of Business (AACSB) . AACSB-accredited schools lead business and management education, industry engagement and impactful research, and enable you to collaborate with academics in other world-leading universities. Currently, fewer than 6% of business schools globally are AACSB accredited. By gaining AACSB accreditation, the university has achieved its ambition to join a group of institutions considered to be the best business schools in the world. Preparing for your career Alongside the skills that you’ll develop throughout the course, we also help you prepare for your career through:","[{""metric"":""work_and_or_study"",""percentage"":85,""period"":""15 months after the course"",""population"":""Business and management graduates at University of Brighton""},{""data_source"":""Graduate Outcomes survey"",""metric"":""go_on_to_work_and_or_study"",""percentage"":85,""period"":""15 months after the course"",""population"":""students graduating 2022-23""},{""metric"":""in_highly_skilled_work"",""percentage"":66,""period"":""15 months after the course"",""population"":""students graduating 2022-23""},{""metric"":""occupation"",""occupation"":""Business and public service associate professionals"",""percentage"":27,""period"":""15 months after the course"",""population"":""students graduating 2022-23""},{""metric"":""occupation"",""occupation"":""Managers, directors and senior officials"",""percentage"":15,""period"":""15 months after the course"",""population"":""students graduating 2022-23""},{""metric"":""occupation"",""occupation"":""Finance Professionals Less than"",""percentage"":6,""period"":""15 months after the course"",""population"":""students graduating 2022-23""},{""metric"":""occupation"",""occupation"":""Business, Research and Administrative Professionals Less than"",""percentage"":5,""period"":""15 months after the course"",""population"":""students graduating 2022-23""},{""metric"":""occupation"",""occupation"":""Artistic, literary and media occupations Less than"",""percentage"":5,""period"":""15 months after the course"",""population"":""students graduating 2022-23""},{""metric"":""occupation"",""occupation"":""Media Professionals"",""percentage"":5,""period"":""15 months after the course"",""population"":""students graduating 2022-23""},{""metric"":""in_other_work"",""percentage"":30,""period"":""15 months after the course"",""population"":""students graduating 2022-23""},{""metric"":""occupation"",""occupation"":""Administrative occupations"",""percentage"":9,""period"":""15 months after the course"",""population"":""students graduating 2022-23""},{""metric"":""occupation"",""occupation"":""Sales occupations"",""percentage"":7,""period"":""15 months after the course"",""population"":""students graduating 2022-23""},{""metric"":""occupation"",""occupation"":""Elementary occupations"",""percentage"":5,""period"":""15 months after the course"",""population"":""students graduating 2022-23""},{""metric"":""occupation"",""occupation"":""Process, plant and machine operatives"",""percentage"":5,""period"":""15 months after the course"",""population"":""students graduating 2022-23""},{""metric"":""in_unknown_work"",""percentage"":5,""period"":""15 months after the course"",""population"":""students graduating 2022-23""},{""data_year"":""2022-23"",""metric"":""go_on_to_work_and_or_study"",""percentage"":85,""population"":""Business and management graduates at University of Brighton"",""source"":""Graduate Outcomes survey"",""timeframe"":""15 months after the course""}]",10,0,14,24,36.84,3,0,40,0,100.00
University of Brighton,Pharmacy,UK,bachelor,other,discover-uk-stage1-021,770878eb-c3e4-583c-aeb7-0113b97486cf,MPharm (Hons) Pharmacy,MPharm (Hons),5 year course,Moulsecoomb,Full time,Dutch,Active,2026 HT,GBP 19692 / annual (international),programme,Additional fees may apply; see the institution fee schedule,institution,Mandatory fees vary by institution and enrolment,Application fee not specified in local artifacts,"{""details"": ""Scholarship provides a boost for University of Brighton student “The Scholarship has enabled me to build my professional network and hear from inspiring voices who have not taken the conventional career path using their Pharmacy degree."", ""funding_type"": ""financial_aid_policy""}","{""amount"":15000,""currency"":""GBP""}","{""details"":""However, this is subject to you being eligible (eg eligible for tuition fee and maintenance loans from the Student Loans Company and be ordinarily resident in the UK)."",""funding_type"":""financial_aid_policy""}","{""amount"":15000,""currency"":""GBP""}","However, this is subject to you being eligible (eg eligible for tuition fee and maintenance loans from the Student Loans Company and be ordinarily resident in the UK).",See funding provider deadlines,6,"{""minimum_each"": 5.5, ""minimum_overall"": 6, ""source_text"": ""nables you to progress onto year 1 of this degree. English language requirements If English is not your first language, IELTS 6.0 overall with a minimum of 5.5 in each element. Find out about the other English qualifications that we accept . Studied before or got relevant experience? If you have suitable qualifications, credits from a previous university course or relevant professional experience, these could count towards your course at Brighton and you could start the course in year 2 or 3. Transferring from another university Thinking about""}",100,105,"[""SAT or 33 in ACT""]","{""source_label"": ""Start date"", ""start_dates"": [""2026-09-07"", ""2028-06-07""]}",2027-01-13,2025-12-01,2027-01-13,True,https://www.brighton.ac.uk/courses/study/pharmacy-mpharm-with-preparatory-year.aspx,Secondary school diploma,2.5,4.0,including English and Maths or equivalent qualification,academic qualifications; a personal statement; evidence of your English language skills (with relevant qualifications); a reference,Reference,Personal statement,plus a portfolio demonstrating artistic ability,"{""details"": ""mature students with relevant life or employment experience will also be considered individually"", ""requirement_status"": ""conditional""}","What you can do with this degree A Pharmacy MPharm equips you for careers as a registered pharmacist in community, hospital and primary care settings, as well as roles in pharmaceutical research, industry and healthcare innovation. You’ll develop advanced clinical, diagnostic and prescribing skills alongside expertise in pharmaceutical science, preparing you for positions that make a real impact on patient care and public health. Typical roles include: community pharmacist hospital pharmacist clinical prescribing pharmacist pharmaceutical researcher medicines management specialist regulatory affairs officer. For more advice on pharmacy careers, visit our pharmacist career roles page .","{""audience"": null, ""metric"": ""go_on_to_work_and_or_study"", ""percentage"": 84, ""period"": ""15 months after the course"", ""population"": ""Pharmacy graduates at University of Brighton""}",10,1,14,24,36.84,4,1,40,0,100.00
University of Bristol,Computer Science,UK,bachelor,computer science,bristol-uk-canary,df53e148-1899-5eb0-b91b-2abd84256559,BSc (Hons) Computer Science,BSc (Hons),3 year course,University of Bristol,Full time,English,Active,2026,GBP 33400 / annual (international),programme,Additional fees may apply; see the institution fee schedule,institution,Mandatory fees vary by institution and enrolment,Application fee not specified in local artifacts,"{""details"": ""More information Find out more about the TMUA , including information on how to book, test fees, bursaries for UK candidates in financial need, access arrangements and how to prepare."", ""funding_type"": ""financial_aid_policy""}","{""amount"":15000,""currency"":""GBP""}","{""details"":""financial support ."",""funding_type"":""financial_aid_policy""}","{""amount"":15000,""currency"":""GBP""}","Imperial Bursary The Imperial Bursary is available to all Home undergraduate students with a household income below £70,000 per year.",See funding provider deadlines,6.5,"{""minimum_each"": 6, ""minimum_overall"": 6.5, ""source_text"": ""levels . English language requirements If English is not your first language, you need to have one of the following: • IELTS 6.5 overall with 6.0 in all skills • GCSE English Language grade C or 4 • an alternative qualification outlined in our Profile level E. Further information about English language requirements and profile levels Related courses See a list of all Computer Science degrees at Bristol, and find more information about the course, assessment and career prospects. MEng Computer Science MEng Computer Science with Innovation MEng""}",100,105,"[""SAT or 33 in ACT""]","{""source_label"": ""Start date"", ""start_dates"": [""2027-09-01""]}",2027-01-13,2025-12-01,2027-01-13,True,https://www.bristol.ac.uk/study/undergraduate/2026/computer-science/bsc-computer-science/,Secondary school diploma,2.5,4.0,"A* in Mathematics A-level contextual offer AAB including A in Mathematics Find out if you are eligible for a contextual offer BTEC D*DD in either Engineering BTEC National Level 3 Extended Diploma, plus A in Mathematics at A-level (or eq",academic qualifications; a personal statement; evidence of your English language skills (with relevant qualifications); a reference,Reference,Personal statement,plus a portfolio demonstrating artistic ability,"{""details"": ""Relevant work experience may be considered if you do not meet the above criteria"", ""requirement_status"": ""conditional""}","{""highly_skilled_work_percentage"": 80, ""information_technology_professionals_percentage"": 80, ""outcome_type"": ""occupation_distribution"", ""period"": ""15 months after the course""}","[{""metric"":""work_and_or_study"",""percentage"":95,""period"":""15 months after the course"",""population"":""BSc (Hons) Computer Science graduates at University of Bristol""},{""data_source"":""Graduate Outcomes survey"",""metric"":""go_on_to_work_and_or_study"",""percentage"":95,""period"":""15 months after the course"",""population"":""students graduating 2022-23""},{""metric"":""in_highly_skilled_work"",""percentage"":80,""period"":""15 months after the course"",""population"":""students graduating 2022-23""},{""metric"":""occupation"",""occupation"":""Information Technology Professionals"",""percentage"":80,""period"":""15 months after the course"",""population"":""students graduating 2022-23""},{""metric"":""in_other_work"",""percentage"":10,""period"":""15 months after the course"",""population"":""students graduating 2022-23""},{""metric"":""occupation"",""occupation"":""Elementary occupations"",""percentage"":10,""period"":""15 months after the course"",""population"":""students graduating 2022-23""},{""metric"":""in_unknown_work"",""percentage"":10,""period"":""15 months after the course"",""population"":""students graduating 2022-23""},{""outcome_type"":""employment_or_study_rate"",""percentage"":95,""period"":""15 months after the course"",""population"":""BSc (Hons) Computer Science graduates at University of Bristol""}]",10,0,12,26,31.58,2,0,40,0,100.00
University of Bristol,Data Science,UK,bachelor,data science,bristol-uk-canary,45389133-b30b-5620-a1f1-132881ea6575,BSc (Hons) Computer Science,BSc (Hons),4 year course,University of Bristol,Full time,Dutch,Active,2026 HT,GBP 33400 / annual (international),programme,Additional fees may apply; see the institution fee schedule,institution,Mandatory fees vary by institution and enrolment,Application fee not specified in local artifacts,"{""details"": ""Scholarships/sponsorships The University of Manchester is committed to attracting and supporting the very best students."", ""funding_type"": ""financial_aid_policy""}","{""amount"":15000,""currency"":""GBP""}","{""details"":""financial support ."",""funding_type"":""financial_aid_policy""}","{""amount"":15000,""currency"":""GBP""}","If you're eligible for a scholarship, you'll generally receive it automatically – there's no need to apply.",See funding provider deadlines,6.5,"{""minimum_each"": 6, ""minimum_overall"": 6.5, ""source_text"": ""levels . English language requirements If English is not your first language, you need to have one of the following: • IELTS 6.5 overall with 6.0 in all skills • GCSE English Language grade C or 4 • an alternative qualification outlined in our Profile level E. Further information about English language requirements and profile levels Related courses See a list of all Computer Science degrees at Bristol, and find more information about the course, assessment and career prospects. BSc Computer Science MEng Computer Science with Innovation MEng""}",100,105,"[""SAT or 33 in ACT""]","{""source_label"": ""Start date"", ""start_dates"": [""2027-09-01""]}",2027-01-13,2025-12-01,2027-01-13,True,https://www.bristol.ac.uk/study/undergraduate/2026/computer-science/meng-computer-science/,Secondary school diploma,2.5,4.0,"A* in Mathematics A-level contextual offer AAB including A in Mathematics Find out if you are eligible for a contextual offer BTEC D*DD in either Engineering BTEC National Level 3 Extended Diploma, plus A in Mathematics at A-level (or eq",academic qualifications; a personal statement; evidence of your English language skills (with relevant qualifications); a reference,Reference,Personal statement,plus a portfolio demonstrating artistic ability,"{""details"": ""Relevant work experience may be considered if you do not meet the above criteria"", ""requirement_status"": ""conditional""}","{""highly_skilled_work_percentage"": 80, ""information_technology_professionals_percentage"": 80, ""outcome_type"": ""occupation_distribution"", ""period"": ""15 months after the course""}","{""audience"": null, ""metric"": ""occupation"", ""occupation"": ""Elementary occupations"", ""percentage"": 10, ""period"": ""15 months after the course"", ""population"": ""students graduating 2022-23""}",8,4,13,25,34.21,3,4,40,0,100.00
University of Cambridge,Computer Science,UK,bachelor,computer science,cambridge-uk-canary,4ec2cb38-ac8f-597c-857d-18eabf99649b,Computer Science,BA (Hons),3 year course,University of Cambridge,Full time,English,Active,2026,GBP 45500 / annual (international),programme,Additional fees may apply; see the institution fee schedule,institution,Mandatory fees vary by institution and enrolment,Application fee not specified in local artifacts,"{""details"": ""More information Find out more about the TMUA , including information on how to book, test fees, bursaries for UK candidates in financial need, access arrangements and how to prepare."", ""funding_type"": ""financial_aid_policy""}","{""amount"":15000,""currency"":""GBP""}","{""details"":""Scholarships View all scholarships Imperial Inspires Scholarships Value per award £15,000 per year for each year of the course."",""funding_type"":""financial_aid_policy""}","{""amount"":15000,""currency"":""GBP""}","Imperial Bursary The Imperial Bursary is available to all Home undergraduate students with a household income below £70,000 per year.",See funding provider deadlines,6.5,"{""minimum_each"": 6.5, ""minimum_overall"": 7, ""source_text"": ""English Language grade B/6. GCSE/IGCSE English Literature will not be accepted in lieu of GCSE/IGCSE English Language. IELTS 7.0 overall, with no subscore below 6.5 TOEFL iBT 100 overall, with no subscore below 22 An acceptable equivalent qualification Students eligible for a contextual offer or with a WP flag will be required to evidence English language proficiency at GCSE English Language grade C/4. This concession only applies to GCSE/IGCSE. See our contextual admissions page for full details and to check your eligibility. If you need to""}",100,105,"[""SAT or 33 in ACT""]","{""source_label"": ""Start date"", ""start_dates"": [""2027-09-01""]}",2027-01-13,2025-12-01,2027-01-13,True,https://www.undergraduate.study.cam.ac.uk/courses/computer-science-ba-hons-meng,Secondary school diploma,2.5,4.0,"To include: A* in Mathematics A* in Further Mathematics A in a useful subject Recommended subjects Computer Science Physics Useful subjects Ancient Language, Biology, Chemistry, Economics, Electronics, English Literature, History, Languages, Law, Philosophy, Politics, Psychology Not accepted : ICT, Business Studies, General Studie",academic qualifications; a personal statement; evidence of your English language skills (with relevant qualifications); a reference,Reference,Personal statement,plus a portfolio demonstrating artistic ability,"{""details"": ""Relevant work experience may be considered if you do not meet the above criteria"", ""requirement_status"": ""conditional""}","{""cohort"": ""Computer science graduates at University of Cambridge"", ""currency"": ""GBP"", ""data_source"": ""Graduate Outcomes survey"", ""median_earnings"": 55000, ""period"": ""15 months after the course"", ""typical_range"": ""£40,000 - £80,000""}","{""cohort"":""BA (Hons) Computer Science graduates at University of Cambridge"",""employment_rate"":""90%"",""period"":""15 months after the course""}",6,0,7,31,18.42,1,0,40,0,100.00
University of Cambridge,Natural Sciences,UK,bachelor,computer science,cambridge-uk-canary,363052cb-99e3-5cb4-bfc4-512e4dc078a2,Natural Sciences,BA (Hons),3 year course,University of Cambridge,Full time,English,Active,2026,GBP 45500 / annual (international),programme,Additional fees may apply; see the institution fee schedule,institution,Mandatory fees vary by institution and enrolment,Application fee not specified in local artifacts,"{""details"": ""More information Find out more about the TMUA , including information on how to book, test fees, bursaries for UK candidates in financial need, access arrangements and how to prepare."", ""funding_type"": ""financial_aid_policy""}","{""amount"":15000,""currency"":""GBP""}","{""details"":""Scholarships View all scholarships Imperial Inspires Scholarships Value per award £15,000 per year for each year of the course."",""funding_type"":""financial_aid_policy""}","{""amount"":15000,""currency"":""GBP""}","Imperial Bursary The Imperial Bursary is available to all Home undergraduate students with a household income below £70,000 per year.",See funding provider deadlines,6.5,"{""minimum_each"": 6.5, ""minimum_overall"": 7, ""source_text"": ""English Language grade B/6. GCSE/IGCSE English Literature will not be accepted in lieu of GCSE/IGCSE English Language. IELTS 7.0 overall, with no subscore below 6.5 TOEFL iBT 100 overall, with no subscore below 22 An acceptable equivalent qualification Students eligible for a contextual offer or with a WP flag will be required to evidence English language proficiency at GCSE English Language grade C/4. This concession only applies to GCSE/IGCSE. See our contextual admissions page for full details and to check your eligibility. If you need to""}",100,105,"[""SAT or 33 in ACT""]","{""source_label"": ""Start date"", ""start_dates"": [""2027-09-01""]}",2027-01-13,2025-12-01,2027-01-13,True,https://www.undergraduate.study.cam.ac.uk/courses/natural-sciences-ba-hons-msci,Secondary school diploma,2.5,4.0,"To include: A* in Mathematics A* in Further Mathematics A in a useful subject Recommended subjects Computer Science Physics Useful subjects Ancient Language, Biology, Chemistry, Economics, Electronics, English Literature, History, Languages, Law, Philosophy, Politics, Psychology Not accepted : ICT, Business Studies, General Studie",academic qualifications; a personal statement; evidence of your English language skills (with relevant qualifications); a reference,Reference,Personal statement,plus a portfolio demonstrating artistic ability,"{""details"": ""Relevant work experience may be considered if you do not meet the above criteria"", ""requirement_status"": ""conditional""}","{""cohort"": ""Computer science graduates at University of Cambridge"", ""currency"": ""GBP"", ""data_source"": ""Graduate Outcomes survey"", ""median_earnings"": 55000, ""period"": ""15 months after the course"", ""typical_range"": ""£40,000 - £80,000""}","{""cohort"":""BA (Hons) Computer Science graduates at University of Cambridge"",""employment_rate"":""90%"",""period"":""15 months after the course""}",6,2,8,30,21.05,2,2,40,0,100.00
University of Nottingham,Computer Science,UK,bachelor,computer science,nottingham-uk-canary,e21a74fb-4986-5481-9095-01428fac91ef,BSc (Hons) Computer Science,BSc (Hons),3 year course,The University of Nottingham,Full time,English,Active,2026,GBP 10050 / annual (domestic),programme,Additional fees may apply; see the institution fee schedule,institution,Mandatory fees vary by institution and enrolment,Application fee not specified in local artifacts,"{""details"": ""Scholarships and bursaries The University of Nottingham offers a wide range of bursaries and scholarships."", ""funding_type"": ""financial_aid_policy""}","{""amount"":15000,""currency"":""GBP""}","{""details"":""Scholarships and bursaries The University of Nottingham offers a wide range of bursaries and scholarships."",""funding_type"":""financial_aid_policy""}","{""amount"":15000,""currency"":""GBP""}",Home students Over one third of our UK students receive our means-tested core bursary.,See funding provider deadlines,6.5,"{""minimum_each"": 6, ""minimum_overall"": 6.5, ""source_text"": ""ss to HE Diploma with 42 Level 3 graded credits at Distinction and 3 Level 3 graded at Merit IELTS/English requirements IELTS 6.5 (no less than 6.0 in any element) English language requirements As well as IELTS (listed above), we also accept other English language qualifications. This includes TOEFL iBT, Pearson PTE, GCSE, IB and O level English. Check our English language policies and equivalencies for further details. For pre-sessional English, or one-year foundation courses, you must take a Secure English Language Test (SELT) that is recogn""}",100,105,"[""PTE, GCSE, IB and O level English"",""SAT""]","{""source_label"": ""Start date"", ""start_dates"": [""2027-09-01""]}",2027-01-13,2025-12-01,2027-01-13,True,http://www.nottingham.ac.uk/studywithus/ugstudy/courses/UG/Computer-Science-BSc-Hons.html,Secondary school diploma,2.5,4.0,"To include: A* in Mathematics A* in Further Mathematics A in a useful subject Recommended subjects Computer Science Physics Useful subjects Ancient Language, Biology, Chemistry, Economics, Electronics, English Literature, History, Languages, Law, Philosophy, Politics, Psychology Not accepted : ICT, Business Studies, General Studie",academic qualifications; a personal statement; evidence of your English language skills (with relevant qualifications); a reference,Reference,Personal statement,plus a portfolio demonstrating artistic ability,"{""details"": ""Relevant work experience may be considered if you do not meet the above criteria"", ""requirement_status"": ""conditional""}",GBP 35000 / 15 months after the course,"[{""metric"":""work_and_or_study"",""percentage"":85,""period"":""15 months after the course"",""population"":""BSc (Hons) Computer Science graduates at The University of Nottingham""},{""data_source"":""Graduate Outcomes survey"",""metric"":""go_on_to_work_and_or_study"",""percentage"":85,""period"":""15 months after the course"",""population"":""students graduating 2022-23""},{""metric"":""in_highly_skilled_work"",""percentage"":90,""period"":""15 months after the course"",""population"":""students graduating 2022-23""},{""metric"":""occupation"",""occupation"":""Information Technology Professionals"",""percentage"":80,""period"":""15 months after the course"",""population"":""students graduating 2022-23""},{""metric"":""occupation"",""occupation"":""Managers, directors and senior officials"",""percentage"":5,""period"":""15 months after the course"",""population"":""students graduating 2022-23""},{""metric"":""occupation"",""occupation"":""Web and Multimedia Design Professionals"",""percentage"":5,""period"":""15 months after the course"",""population"":""students graduating 2022-23""},{""metric"":""occupation"",""occupation"":""Finance Professionals"",""percentage"":5,""period"":""15 months after the course"",""population"":""students graduating 2022-23""},{""metric"":""occupation"",""occupation"":""Sports and fitness occupations"",""percentage"":5,""period"":""15 months after the course"",""population"":""students graduating 2022-23""},{""metric"":""in_other_work"",""percentage"":5,""period"":""15 months after the course"",""population"":""students graduating 2022-23""},{""metric"":""occupation"",""occupation"":""Customer service occupations"",""percentage"":5,""period"":""15 months after the course"",""population"":""students graduating 2022-23""},{""metric"":""occupation"",""occupation"":""Process, plant and machine operatives"",""percentage"":5,""period"":""15 months after the course"",""population"":""students graduating 2022-23""},{""metric"":""in_unknown_work"",""percentage"":5,""period"":""15 months after the course"",""population"":""students graduating 2022-23""},{""metric"":""work_and_or_study_rate"",""percentage"":85,""period"":""15 months after the course"",""population"":""BSc (Hons) Computer Science graduates at The University of Nottingham""},{""metric"":""highly_skilled_work"",""percentage"":90,""period"":""15 months after the course"",""population"":""graduates of this course""},{""metric"":""occupation_distribution"",""occupations"":[{""occupation"":""Information Technology Professionals"",""percentage"":80},{""occupation"":""Managers, directors and senior officials"",""percentage"":5},{""occupation"":""Web and Multimedia Design Professionals"",""percentage"":5},{""occupation"":""Finance Professionals"",""percentage"":5}],""period"":""15 months after the course""}]",11,0,15,23,39.47,3,0,40,0,100.00
University of Nottingham,Computer Science,UK,bachelor,computer science,nottingham-uk-canary,203e027d-3bf3-57ca-9bf7-6bcaf82a909a,BSc (Hons) Computer Science,BSc (Hons),3 year course,The University of Nottingham,Full time,English,Active,2026,GBP 10050 / annual (domestic),programme,Additional fees may apply; see the institution fee schedule,institution,Mandatory fees vary by institution and enrolment,Application fee not specified in local artifacts,"{""details"": ""Scholarships and bursaries The University of Nottingham offers a wide range of bursaries and scholarships."", ""funding_type"": ""financial_aid_policy""}","{""amount"":15000,""currency"":""GBP""}","{""details"":""Scholarships and bursaries The University of Nottingham offers a wide range of bursaries and scholarships."",""funding_type"":""financial_aid_policy""}","{""amount"":15000,""currency"":""GBP""}",Home students Over one third of our UK students receive our means-tested core bursary.,See funding provider deadlines,6.5,"{""minimum_each"": 6, ""minimum_overall"": 6.5, ""source_text"": ""ur offer. * Additional eligibility requirements apply. View further details on this scheme . IELTS/English requirements IELTS 6.5 (no less than 6.0 in any element) English language requirements As well as IELTS (listed above), we also accept other English language qualifications. This includes TOEFL iBT, Pearson PTE, GCSE, IB and O level English. Check our English language policies and equivalencies for further details. For pre-sessional English, or one-year foundation courses, you must take a Secure English Language Test (SELT) that is recogn""}",100,105,"[""SAT""]","{""source_label"": ""Start date"", ""start_dates"": [""2027-09-01""]}",2027-01-13,2025-12-01,2027-01-13,True,http://www.nottingham.ac.uk/studywithus/ugstudy/courses/UG/Computer-Science-MSci-Hons.html,Secondary school diploma,2.5,4.0,"To include: A* in Mathematics A* in Further Mathematics A in a useful subject Recommended subjects Computer Science Physics Useful subjects Ancient Language, Biology, Chemistry, Economics, Electronics, English Literature, History, Languages, Law, Philosophy, Politics, Psychology Not accepted : ICT, Business Studies, General Studie",academic qualifications; a personal statement; evidence of your English language skills (with relevant qualifications); a reference,Reference,Personal statement,plus a portfolio demonstrating artistic ability,"{""details"": ""Relevant work experience may be considered if you do not meet the above criteria"", ""requirement_status"": ""conditional""}",GBP 35000 / 15 months after the course,"{""audience"": null, ""metric"": ""in_highly_skilled_work"", ""percentage"": 90, ""period"": ""15 months after the course"", ""population"": ""students graduating 2022-23""}",6,9,16,22,42.11,5,9,40,0,100.00
