Tên học bổng,Link,Expected slot/Acceptance Rate (optional),Ranking of the scholarship (optional),"Loại học bổng (merit-based, need-based,..)",Đối tượng,Trường áp dụng,"Thông tin cụ thể học bổng (Range tiền, số lượng học bổng, giá trị học bổng)",Điều kiện apply,Thời gian ,Insight of the scholarship
Fullbright Program,https://vn.usembassy.gov/fulbright-vietnamese-student-program/,N/A,,merit-based,"Dành cho sinh viên quốc tế (có Việt Nam), chủ yếu là bậc Thạc sĩ",Các trường Đại học tại Hoa Kỳ (Mỹ).,"I, Giá trị học bổng
Full tuition + living + vé máy bay

III, Số lượng học bổng
Số lượng: ~20–30 suất/năm (VN, ước tính theo program)","- Có ít nhất 2 năm kinh nghiệm làm việc sau khi tốt nghiệp đại học tính đến thời điểm nộp đơn.
 - Có chứng chỉ tiếng Anh hợp lệ: TOEFL iBT tối thiểu 79, IELTS tối thiểu 6.5, PTE-Academic tối thiểu 58, hoặc Duolingo tối thiểu 105.
- Demonstrated leadership & community engagement
- Cam kết quay về Việt Nam sau khi học",05 tháng 8 năm 2025 đến ngày 7 tháng 10 năm 2025 (DL từ AY 26/27),"- Đánh giá năng lực toàn diện: Chương trình không đặt ra mức điểm trung bình tích lũy tối thiểu nhưng yêu cầu ứng viên chứng minh năng lực học thuật kết hợp chuyên môn sâu thông qua kinh nghiệm làm việc thực tế và các hoạt động cộng đồng.
- Định hướng đóng góp xã hội và trao đổi văn hóa: Tiêu chí lựa chọn nhấn mạnh vào cam kết quay trở lại đóng góp cho Việt Nam và khả năng đóng vai trò đại sứ văn hóa nhằm tăng cường sự hiểu biết lẫn nhau giữa nhân dân hai nước. Chương trình ưu tiên những ứng viên chưa có nhiều trải nghiệm sống hoặc học tập tại Hoa Kỳ trước đây. Ngoài ra, các hồ sơ thuộc khối ngành Khoa học và Công nghệ được khuyến khích ứng tuyển."
 Học bổng Chevening (Anh),https://www.chevening.org/scholarship/vietnam/,Số lượng chỉ tiêu thay đổi và phụ thuộc vào ngân sách phân bổ cho từng quốc gia theo từng năm học.,,merit-based,"Người đi làm → Master (1 năm): Các cá nhân có tiềm năng trở thành lãnh đạo hoặc người ra quyết định, thuộc nhiều lĩnh vực khác nhau tại các quốc gia hợp lệ (bao gồm Việt Nam).",Các trường Đại học tại Vương quốc Anh (UK).,"I, Giá trị học bổng
Học phí đại học (Mức giá trị toàn phần từ Chevening áp dụng với mọi ngành, trừ MBA)
Trợ cấp hàng tháng
Chi phí đi lại đến và từ Vương quốc Anh
Trợ cấp khi đến
Trợ cấp khi về nước
Chi phí cho một lần xin thị thực vào Vương Quốc Anh
Trợ cấp đi lại để tham dự các sự kiện Chevening tại Vương quốc Anh

II, Số lượng học bổng
- ~1500 suất toàn cầu/năm","Bachelor degree đủ điều kiện học Master UK
≥2 năm kinh nghiệm (≥2,800 giờ, bao gồm cả internship/volunteer)
Apply ≥3 chương trình Master UK
Nhận ≥1 unconditional offer trước deadline
Cam kết quay về nước 2 năm","AY 2627:
Mở đơn từ 01/03/2026 và đóng vào 10/04/2026 ","- Tiêu chí đánh giá năng lực dẫn dắt: Học bổng này tập trung tìm kiếm các ứng viên thể hiện rõ nét khả năng lãnh đạo, tư duy quản trị và định hướng tạo ra tác động tích cực cho cộng đồng. Hồ sơ cần thể hiện được tầm nhìn dài hạn và mối liên hệ chặt chẽ giữa ngành học lựa chọn với các mục tiêu phát triển kinh tế xã hội hoặc giải quyết các thách thức toàn cầu tại địa phương.
- Tận dụng mạng lưới kết nối: Giá trị cốt lõi của chương trình không chỉ nằm ở việc hỗ trợ tài chính cho khóa học thạc sĩ một năm, mà còn ở cơ hội tiếp cận mạng lưới cựu sinh viên toàn cầu. Các dự án thực tế của cựu sinh viên tại Việt Nam trong các lĩnh vực như năng lượng tái tạo, phát triển bền vững và hành động khí hậu là những minh chứng thực tế về định hướng đầu tư phát triển nguồn lực con người của quỹ học bổng này."
Học bổng chính phủ Manaaki Scholarships (New Zealand),https://www.nzscholarships.govt.nz/,Số lượng chỉ tiêu thay đổi và phụ thuộc vào ngân sách phân bổ cho từng quốc gia theo từng năm học.,,merit-based,"Công dân Việt Nam và các nước đang phát triển được lựa chọn, dưới 40 tuổi",#NAME?,"Học phí toàn phần

Vé máy bay khứ hồi, bao gồm chuyến đi đầu khóa, cuối khóa và cơ hội về thăm nhà cho các khóa học kéo dài trên 1,6 năm

Trợ cấp ổn định ban đầu: 3.000 NZD (khoản hỗ trợ 1 lần)

Trợ cấp sinh hoạt: Đã tăng lên mức 531 NZD/tuần và được chi trả xuyên suốt, kể cả trong các kỳ nghỉ.

Bảo hiểm y tế

Bảo hiểm du lịch

Hỗ trợ gia sư riêng: Lên đến 1.000 NZD

Trợ cấp nghiên cứu (trong một số trường hợp)

Trợ cấp tái hòa nhập sau khi hoàn thành khóa học và trở về nước: 1.000 NZD","Là công dân Việt Nam, đủ 18 tuổi trở lên và dưới 39 tuổi vào thời điểm nộp hồ sơ xin học bổng.
Đã sinh sống tại Việt Nam ít nhất 2 năm trước khi nộp đơn.
Cam kết trở về Việt Nam làm việc ít nhất 2 năm sau khi hoàn thành khóa học.
Thể hiện được thành tích học tập xuất sắc và đáp ứng điều kiện nhập học của trường đại học mà ứng viên có nguyện vọng xin học.
Có tối thiểu 1 năm kinh nghiệm làm việc toàn thời gian hoặc 2 năm làm việc bán thời gian trong lĩnh vực liên quan đến ngành học (bao gồm cả công việc có trả lương hoặc không trả lương).
Trình độ tiếng Anh cần đáp ứng:
IELTS Academic: Tổng điểm 6.5 (không kỹ năng nào dưới 6.0).
PTE Academic: Tổng điểm 58 (không kỹ năng giao tiếp nào dưới 50).
Lưu ý là bạn chưa cần nộp chứng chỉ ngay vòng nộp đơn online, nhưng cần đảm bảo đạt mức này khi vào vòng xét tuyển sau.
",,
Học bổng Australian Awards Scholarships (AAS) (Úc),https://www.hotcourses.vn/study-in-australia/student-finance/hoc-bong-chinh-phu-uc-mo-nhan-ho-so/,Số lượng chỉ tiêu thay đổi và phụ thuộc vào ngân sách phân bổ cho từng quốc gia theo từng năm học.,,merit-based,,#NAME?,"I, Giá trị học bổng
Toàn bộ học phí
Vé máy bay
Chi phí sinh hoạt
Bảo hiểm y tế và các khoản hỗ trợ khác

","Quốc tịch: Là công dân Việt Nam và đang sinh sống, làm việc tại Việt Nam (không phải công dân Úc hoặc có hai quốc tịch).

Không kết hôn/đính hôn/sống chung không kết hôn với công dân Úc/New Zealand: Tại bất kỳ thời điểm nào trong quá trình nộp hồ sơ, xét tuyển và trước khi lên đường du học.

Chưa từng nhận Học bổng Chính phủ Úc dài hạn (Australia Awards Long Term Scholarship) trước đây, trừ khi đã ở ngoài nước Úc gấp đôi tổng thời gian đã ở Úc theo học bổng trước đó.

Không đang phục vụ trong quân đội.

Không nộp hồ sơ xin visa định cư tại Úc.

Đáp ứng các yêu cầu của Bộ Di trú và Bảo vệ Biên giới Úc (DIBP) để có được visa du học.

Cam kết trở về Việt Nam làm việc ít nhất 2 năm sau khi hoàn thành khóa học.
","AY 2627:
Ngày mở đơn: 01/02/2026.
Hạn chót nộp hồ sơ: 11:00 trưa ngày 30/04/2026 (giờ Việt Nam).
Kết quả sơ tuyển: Dự kiến tháng 06/2026.
Phỏng vấn: Tháng 07 - 08/2026.
Kết quả cuối cùng: Tháng 08/2026.",
Học bổng Quốc tế của Chính phủ GOI-IES (Ireland),https://www.hotcourses.vn/study-in-ireland/student-finance/hoc-bong-quoc-te-chinh-phu-ireland-goi-ies/,Khoảng 60 suất học bổng được cấp trên toàn thế giới cho mỗi năm học.,,merit-based,"Sinh viên quốc tế có quốc tịch ngoài khối Liên minh Châu Âu, Không gian Kinh tế Châu Âu, Thụy Sĩ và Vương quốc Anh.",#NAME?,"Học bổng được cấp cho 1 năm học chính thức duy nhất và không gia hạn, bao gồm:


- Khoản tiền sinh hoạt phí trị giá 10000 EUR một năm (tương đương khoảng 306186570 VND theo dữ liệu gốc).


- Miễn hoàn toàn học phí và phí đăng ký nhập học tại trường đại học tiếp nhận trong năm nhận học bổng.","1. Ứng viên phải sở hữu một thư mời nhập học có điều kiện hoặc chính thức (Conditional or Final Offer) từ một chương trình đào tạo hợp lệ tại trường đại học của Ireland tại thời điểm nộp đơn xin học bổng.
2. Chương trình học phải là khóa học toàn thời gian và học trực tiếp tại trường (Full-time, In-person), thuộc cấp độ 9 hoặc 10 của Khung bằng cấp quốc gia Ireland (bao gồm Thạc sĩ lên lớp, Thạc sĩ nghiên cứu, Chứng chỉ sau đại học hoặc Tiến sĩ). Khóa học trực tuyến hoặc bán thời gian không hợp lệ.
3. Ứng viên cần chứng minh năng lực học thuật vượt trội, kỹ năng giao tiếp tốt, tiềm năng lãnh đạo và lịch sử tham gia tích cực vào các hoạt động ngoại khóa như công tác nhân đạo, chính trị, nghệ thuật hoặc thể thao.
4. Chưa từng nhận học bổng này trước đây. Công dân Nga và Belarus không thuộc diện xét tuyển. Hồ sơ ứng tuyển bắt buộc kèm theo hai thư giới thiệu từ người có thẩm quyền chuyên môn.","- Thời gian mở đơn: Thường bắt đầu vào cuối tháng 1 hàng năm.


- Hạn chót nộp hồ sơ trực tuyến: Vào lúc 17 giờ chiều theo giờ Ireland ngày 12 tháng 3 năm 2026 đối với kỳ nhập học mùa thu năm 2026.


- Công bố kết quả: Đầu tháng 6 năm 2026.


- Thời gian nhập học: Tháng 9 hoặc tháng 10 năm 2026.","- Tính cạnh tranh và sự tập trung vào hồ sơ cá nhân: Đây là chương trình học bổng danh giá bậc nhất của Chính phủ Ireland với số lượng suất giới hạn cho toàn thế giới. Do đó, hội đồng tuyển chọn đánh giá rất cao những ứng viên có bài luận cá nhân xuất sắc, thể hiện rõ mối liên hệ chặt chẽ giữa mục tiêu học tập, định hướng nghề nghiệp dài hạn với những giá trị thực tế mà môi trường giáo dục Ireland có thể mang lại.
- Quy định về thời hạn hỗ trợ tài chính: Do học bổng chỉ tài trợ cố định khoản sinh hoạt phí trong vòng một năm học, đối với các chương trình học kéo dài hơn (như Thạc sĩ hai năm hoặc Tiến sĩ), ứng viên cần tự chuẩn bị nguồn tài chính cá nhân hoặc tìm kiếm các nguồn tài trợ bổ sung cho các năm tiếp theo. Một số trường đại học tiếp nhận có thể xem xét gia hạn việc miễn học phí cho các học kỳ sau nhưng khoản trợ cấp sinh hoạt phí từ chính phủ sẽ không thay đổi."
Học bổng Chính phủ Ireland Fellows Programme - IFP (Ireland),https://www.hotcourses.vn/study-in-ireland/student-finance/ifp-scholarship/,Không công bố,,Merit-based + Leadership-based + Development-based,"Công dân Việt Nam, Lào, Campuchia có kinh nghiệm làm việc và tiềm năng lãnh đạo","Các trường đại học tại Ireland có chương trình nằm trong ""Directory of Eligible Programmes""","- 100% học phí
- Vé máy bay khứ hồi
- Sinh hoạt phí €700/tháng
- Hỗ trợ chỗ ở 2 học kỳ đầu
- Trợ cấp €800–1.000 cho học kỳ luận văn
- Bảo hiểm y tế và du lịch
- Hỗ trợ visa và giấy phép cư trú
- Trợ cấp ban đầu và cuối khóa","- Quốc tịch Việt Nam
- GPA ≥ 3.0/4.0
- Tốt nghiệp ĐH trong vòng 12 năm
- Chưa có bằng Thạc sĩ/Tiến sĩ
- Tối thiểu 2 năm kinh nghiệm làm việc
- Có tiềm năng lãnh đạo
- Cam kết đóng góp phát triển bền vững tại Việt Nam
- Đáp ứng yêu cầu tiếng Anh và đầu vào của chương trình học","Mở hồ sơ khoảng tháng 7–8 hằng năm, đóng hồ sơ khoảng tháng 11–12","Học bổng không chỉ tìm người học giỏi mà ưu tiên ứng viên có kinh nghiệm làm việc, năng lực lãnh đạo và kế hoạch tạo tác động xã hội sau khi trở về Việt Nam. Đây là một trong những học bổng Chính phủ Ireland danh giá nhất dành cho các nước đang phát triển."
Học bổng Vanier CGS (Canada),https://www.hotcourses.vn/study-in-canada/student-finance/hoc-bong-vanier-cgs-cua-chinh-phu-canada/,Khoảng 166 suất/năm,,Merit-based + Research-based + Leadership-based,"Sinh viên quốc tế, công dân Canada, thường trú nhân Canada theo học Tiến sĩ",Các trường đại học Canada được cấp quota đề cử Vanier CGS,"- 50.000 CAD/năm
- Tối đa 3 năm
- Tổng giá trị lên đến 150.000 CAD (~2,7 tỷ VNĐ)
- Hỗ trợ nghiên cứu toàn thời gian","- Được trường đại học Canada đề cử
- Theo học Tiến sĩ đầu tiên (hoặc chương trình kết hợp MD/PhD, JD/PhD...)
- Thành tích học tập xuất sắc (First-class average)
- Tiềm năng nghiên cứu mạnh
- Thành tích lãnh đạo nổi bật
- Không đồng thời nhận học bổng tiến sĩ liên bang khác của Canada","Trường xét đề cử: Tháng 7–10
Hạn nộp quốc gia: Cuối tháng 10 – đầu tháng 11
Kết quả: Tháng 4 năm sau","Đây là học bổng dành cho các ""future academic leaders"". Không chỉ cần GPA và nghiên cứu xuất sắc, Vanier đặc biệt coi trọng leadership. Ứng viên thành công thường có hồ sơ học thuật mạnh, công bố khoa học và tác động xã hội rõ ràng."
Học bổng Erasmus+,https://www.hotcourses.vn/study-abroad-info/student-finance/what-is-erasmus-mundus/,,,merit-based,,Các trường Đại học thuộc các liên minh trường (consortium) tại Châu Âu và các quốc gia đối tác bên ngoài Châu Âu. Mỗi chương trình học sẽ bao gồm ít nhất 3 cơ sở giáo dục đại học đến từ ít nhất 3 quốc gia khác nhau.,"Học bổng tài trợ toàn phần cho thời gian học quy định, bao gồm:


- Toàn bộ chi phí tham gia khóa học (bao gồm học phí).


- Khoản hỗ trợ chi phí di chuyển.


- Khoản hỗ trợ chi phí thị thực (visa).


- Trợ cấp sinh hoạt phí hàng tháng.","1. Đã sở hữu bằng tốt nghiệp đại học (bằng đại học đầu tiên) hoặc đang học năm cuối của chương trình đại học và sẽ tốt nghiệp trước khi khóa học thạc sĩ bắt đầu. Ứng viên chứng minh được trình độ học tập tương đương bằng đại học được công nhận chính thức theo luật pháp quốc gia cũng có thể ứng tuyển.
2. Đáp ứng các yêu cầu nhập học cụ thể của từng chương trình thạc sĩ lựa chọn (về ngành học, ngoại ngữ và hồ sơ đi kèm).
3. Hồ sơ ứng tuyển được nộp trực tiếp cho cơ sở giáo dục điều hành chương trình thạc sĩ được lựa chọn, không nộp qua cổng chung của Erasmus+.
4. Nội dung đào tạo thường bao gồm các học kỳ học tập tại các quốc gia khác nhau, nghiên cứu, thực tập, chuẩn bị và bảo vệ luận văn theo thỏa thuận học tập được ký kết vào đầu khóa học.","- Thời gian nộp hồ sơ: Đối với hầu hết các chương trình, ứng viên cần nộp hồ sơ trong khoảng từ tháng 10 đến tháng 1 năm sau để chuẩn bị cho khóa học khai giảng vào năm học kế tiếp.


- Danh mục các chương trình thạc sĩ được cập nhật mới hàng năm trên hệ thống dữ liệu của trang web.","- Mô hình dịch chuyển và trải nghiệm đa văn hóa: Điểm đặc trưng của học bổng này là cấu trúc đào tạo liên kết bắt buộc giữa nhiều quốc gia. Sinh viên sẽ không học cố định tại một trường mà di chuyển qua ít nhất hai đến ba quốc gia thuộc khối liên minh trong suốt thời gian học từ một đến hai năm (tương đương 60, 90 hoặc 120 tín chỉ ECTS). Điều này đòi hỏi ứng viên phải có khả năng thích ứng cao với các môi trường văn hóa và hệ thống giáo dục khác nhau.
- Hình thức văn bằng sau tốt nghiệp: Tùy thuộc vào thỏa thuận học tập của từng chương trình cụ thể, sinh viên tốt nghiệp sẽ được cấp một văn bằng chung (một chứng nhận bằng cấp duy nhất đại diện cho ít nhất hai trường đại học trong liên minh) hoặc đa văn bằng (ít nhất hai chứng nhận bằng cấp riêng biệt được cấp bởi hai trường đại học trong liên minh). Ứng viên cần tìm hiểu kỹ cấu trúc bằng cấp của từng ngành trên trang thông tin riêng của khóa học trước khi nộp đơn."
Học bổng DAAD (Đức),https://www.daad-vietnam.org/vi/tim-nguon-tai-tro/cac-chuong-trinh-hoc-bong/,,,merit-based,,,,,,
"Commonwealth Scholarship and Fellowship Plan (CSFP)
",Link,Hơn 800 suất được cấp hàng năm (cho tất cả các hạng mục),,merit-based,"Công dân các nước thuộc khối Thịnh vượng chung (Commonwealth), đặc biệt ưu tiên các nước thu nhập thấp và trung bình (theo bảng DAC của OECD).",Các trường đại học tại Vương quốc Anh và các trường đại học thành viên trong khối Thịnh vượng chung.,"Thường là học bổng Toàn phần (bao gồm học phí, vé máy bay khứ hồi, sinh hoạt phí hàng tháng, trợ cấp đồ án/luận văn).","1. Là công dân nước thuộc khối Thịnh vượng chung.


2. Đã có bằng đại học (tối thiểu loại Khá/Giỏi - Upper Second Class).


3. Không đủ khả năng kinh tế để tự chi trả nếu không có học bổng.


4. Cam kết quay về đóng góp cho quê hương sau khi học xong.",Thường mở đơn vào khoảng tháng 9 - tháng 10 hàng năm cho kỳ nhập học năm sau.,"Học bổng này không chỉ tìm người giỏi nhất về học thuật, mà tìm những ""nhà lãnh đạo tương lai"" có kế hoạch cụ thể để giải quyết các vấn đề phát triển bền vững tại quốc gia của họ."
Chương trình Học bổng xuất sắc Eiffel (Pháp),https://www.campusfrance.org/en/france-excellence-eiffel-scholarship-program,,,merit-based,,,,,,
,,,,merit-based,,,,,,
Harvard MBA Scholarships for International Students,t chỉ tìm đc link isc th ko tìm đc link chính thống,,,merit-based,"Trường Kinh doanh Harvard cung cấp nhiều học bổng cho sinh viên quốc tế, đảm bảo rằng không còn sự hạn chế về tài chính với sinh viên có thành tích học tập xuất sắc",Harvard University,,,,
Harvard University Fellowships,https://www.isc.education/blog/hoc-bong-danh-cho-sinh-vien-viet-nam,,,merit-based,Đại học Harvard cung cấp nhiều học bổng khác nhau trong các ngành học dành cho sinh viên nghiên cứu quốc tế.,Harvard University,,,,
Oxford’s MBA Skoll Scholarships,https://www.sbs.ox.ac.uk/oxford-experience/scholarships-and-funding/skoll-scholarships,4 slots,,merit-based,"Các nhà đổi mới xã hội (social innovators), những người có thành tích xuất sắc trong khởi nghiệp xã hội và muốn dùng bằng MBA để mở rộng quy mô tác động.",University of Oxford,"- Bao gồm 100% học phí khóa học MBA.


- Cung cấp một khoản trợ cấp chi phí sinh hoạt (partial living expenses).","1. Nộp hồ sơ chương trình Oxford MBA hoặc 1+1 MBA đầy đủ.


2. Hoàn thành bài luận học bổng Skoll (nằm trong phần 'Funding' của đơn đăng ký MBA).


3. Chứng minh được hồ sơ năng lực mạnh mẽ về khởi nghiệp/đổi mới xã hội.",07 tháng 01 năm 2026 (Dành cho kỳ nhập học tương ứng).,"- Cộng đồng: Không chỉ là tiền bạc, học bổng cung cấp quyền truy cập vào mạng lưới Skoll Scholar community – nơi kết nối những cá nhân có tầm ảnh hưởng toàn cầu.


- Sứ mệnh: Dành riêng cho những người cam kết tạo ra thay đổi xã hội hơn là chỉ tập trung vào mục tiêu thương mại thuần túy.


- Giá trị cộng thêm: Cơ hội học tập suốt đời và kết nối với các nhà đổi mới xã hội khác trên thế giới."
Medical Scholarship for Students of ASEAN Heritage 2026,https://stemcellthailand.org/scholarship/,1,,merit-based,"Sinh viên đại học (Undergraduate) hoặc học viên cao học (Graduate) có nguồn gốc/gốc gác thuộc các quốc gia ASEAN (bao gồm Việt Nam), đang theo học hoặc có dự định nhập học ngành Y khoa, Khoa học, Sinh học hoặc Toán học.",Bất kỳ trường Cao đẳng hoặc Đại học nào được công nhận (Accredited college/university) trên toàn thế giới,"$1,000 USD (tương đương khoảng €890 Euros), cấp một lần dưới dạng tiền mặt (certified check) hoặc gửi thẳng về văn phòng hỗ trợ tài chính của trường.","1. Viết một bài luận nguyên bản (Original essay) bằng tiếng Anh, độ dài từ 500 - 1000 từ.


2. Chủ đề bài luận 2026: ""How will the Regen Center scholarship help you in your career goals?""


3. Cam kết tính nguyên bản (không đạo văn) và giới hạn mỗi thí sinh chỉ nộp 1 bản.",31 tháng 12 năm 2026.,
Clarendon Fund – University of Oxford,https://www.ox.ac.uk/admissions/graduate/fees-and-funding/funding/clarendon,200 slots,,merit-based,"Tất cả học viên ứng tuyển bậc Thạc sĩ (Master's) và Tiến sĩ (DPhil), cả hình thức toàn thời gian (full-time) và bán thời gian (part-time). Không giới hạn quốc tịch, nơi cư trú hay ngành học.",University of Oxford,"Giá trị học bổng: Tài trợ toàn phần (fully-funded), bao gồm toàn bộ học phí của khóa học (course fees) và một khoản trợ cấp chi phí sinh hoạt (grant for living expenses) trong suốt thời gian đóng học phí quy định của khóa học.

Số lượng: Hơn 200 học bổng mới mỗi năm (hiện có hơn 700 học bổng sinh đang theo học từ khoảng 70 quốc gia).",Ứng viên được lựa chọn dựa trên thành tích học tập xuất sắc và tiềm năng phát triển xuất sắc (outstanding academic merit and potential).,Ứng viên cần nộp hồ sơ trước hạn chót tháng 12 hoặc tháng 1 (tùy thuộc vào hạn chót nộp hồ sơ của từng khóa học cụ thể).,"Tự động xét duyệt: Ứng viên không cần nộp đơn xin học bổng riêng biệt. Chỉ cần hoàn thành hồ sơ ứng tuyển vào khóa học của Oxford trước hạn chót tháng 12/tháng 1 là sẽ được tự động đưa vào danh sách xét học bổng.

Cộng đồng: Học bổng không chỉ hỗ trợ tài chính mà còn đem lại cơ hội tham gia vào một trong những cộng đồng học giả quốc tế, đa ngành và năng động nhất tại Oxford. Năm học 2025/26 đánh dấu cột mốc kỷ niệm khóa học giả thứ 25 của Quỹ Clarendon."
Cambridge International Scholarships,https://www.cambridgetrust.org/,250,,merit-based,Sinh viên quốc tế (mọi quốc tịch ngoài Vương quốc Anh/Ireland) ứng tuyển vào bậc học Tiến sĩ (PhD/DPhil) hệ toàn thời gian (Full-time).,University of Cambridge,"Giá trị học bổng: Tài trợ toàn phần (Full-cost).

Range tiền/Hạng mục bao gồm: Bao gồm toàn bộ học phí chuyên ngành (University Composition Fee) và khoản trợ cấp sinh hoạt phí (Maintenance allowance) đủ cho một người độc thân sinh sống (khoảng hơn £22,000/năm tùy theo tỷ giá điều chỉnh hàng năm). Ngoài ra, một số trường thành viên (Colleges) liên kết có thể tài trợ thêm phí bảo hiểm sức khỏe (IHS) hoặc chi phí nghiên cứu.",,,
President’s PhD Scholarships,https://www.imperial.ac.uk/study/fees-and-funding/postgraduate-doctoral/grants-scholarships/presidents-phd/,50,,merit-based,"Sinh viên tốt nghiệp Đại học hoặc Thạc sĩ có thành tích xuất sắc. Áp dụng cho cả hệ toàn thời gian (full-time) và bán thời gian (part-time). Không giới hạn quốc tịch (hoan nghênh ứng viên toàn cầu). Lưu ý: Chỉ áp dụng cho nghiên cứu sinh mới, sinh viên PhD hiện tại của Imperial không được tham gia.",Imperial College London,"Tài trợ toàn phần trong 3.5 năm, bao gồm:


• Toàn bộ học phí (Tuition fees).


• Trợ cấp sinh hoạt phí: £26,500/năm (mức áp dụng cho năm học 2026-2027).


• Quỹ hỗ trợ vật tư nghiên cứu (Consumables fund): £2,000/năm cho 3 năm đầu tiên.


• Tham gia các chương trình và sự kiện đặc quyền được thiết kế riêng bởi Học viện Nghiên cứu viên Đầu sự nghiệp (ECRI).","1. Tiêu chí học thuật
Tốt nghiệp Đại học (hoặc Thạc sĩ tích hợp - Integrated Master’s) loại Xuất sắc (First class) hoặc tương đương.


• Hoặc: Đạt loại Xuất sắc (Distinction) ở bậc Thạc sĩ độc lập (Standalone Master's) nếu bằng Đại học không đạt First class.


• Trường hợp đặc biệt (Special Case): Nếu không đủ điểm do lý do bất khả kháng nhưng có năng lực nghiên cứu vượt trội (điểm project cao, có bài báo...), Khoa có thể xem xét đề cử riêng.


2. Tiêu chí kết nối: Phải liên hệ trước và được một Giáo sư hướng dẫn (Supervisor) tại Imperial đồng ý nhận vào dự án.",,
Advisory Board,https://www.imperial.ac.uk/study/fees-and-funding/scholarships-search/advisory-board-20262027.php,,,Merit-based & Need-based,"Thí sinh quốc tế (Overseas), tự túc học phí (self-funded), ứng tuyển mới vào chương trình Thạc sĩ Quản trị Kinh doanh toàn thời gian (Full-Time MBA). Lưu ý: Học viên đã nhập học từ trước không được tham gia.",Imperial College London,Tài trợ Toàn phần học phí (Full tuition fees) cho toàn bộ chương trình Full-Time MBA.,"Học thuật: Có thành tích/tiềm năng học tập xuất sắc qua bằng cấp cũ; có điểm GMAT hoặc GRE cạnh tranh và đồng đều giữa các phần.

Tài chính (Need-based): Chứng minh được khó khăn tài chính, nếu không có học bổng sẽ không thể theo học chương trình.

Sự nghiệp: Có thành tích chuyên môn tốt (sự thăng tiến, kinh nghiệm lãnh đạo hoặc có tầm ảnh hưởng trong ngành).

Thư giới thiệu: Đạt yêu cầu cao từ các bên giới thiệu về năng lực làm việc và sự phù hợp với MBA.

Yếu tố khác: Đánh giá tổng thể qua bài luận cá nhân (personal statement) và vòng phỏng vấn (interview) phải thể hiện được tinh thần đổi mới sáng tạo, cam kết trở thành nhà lãnh đạo có đóng góp tích cực cho cộng đồng.",,
AI for Antibody and Protein Design Studentship (Suất nghiên cứu sinh về AI trong thiết kế Kháng thể và Protein),https://www.imperial.ac.uk/study/fees-and-funding/scholarships-search/ai-for-antibody-and-protein-design-20262027.php,1,,Merit-based & Need-based,"Thí sinh mới ứng tuyển bậc Tiến sĩ (Postgraduate doctoral), áp dụng cho cả sinh viên bản xứ (Home) lẫn sinh viên quốc tế (Overseas). Học tập theo hình thức toàn thời gian (Full-time). Lưu ý: Không áp dụng cho nghiên cứu sinh hiện tại của trường.",Imperial College London,"Tài trợ toàn phần (Fully funded studentship), bao gồm học phí và trợ cấp (mức cụ thể theo quy chuẩn chung của hội đồng nghiên cứu trường).","Ứng viên lý tưởng cần có đam mê lớn với lập trình (Python), tư duy định lượng và học máy (Machine Learning).

Động lực cao trong việc ứng dụng các kỹ năng này vào lĩnh vực thiết kế cấu trúc sinh học.

Kinh nghiệm từ trước về ML là một điểm cộng nhưng không bắt buộc.","Không qua cổng chung ngay từ đầu, ứng viên cần chủ động gửi thư và hồ sơ trực tiếp cho Giáo sư hướng dẫn dự án là Professor Pietro Sormanni qua email để trao đổi chi tiết.","Dự án này nằm ở rìa công nghệ giao thoa giữa AI và Sinh học tổng hợp – một xu hướng cực kỳ khát nhân lực hiện nay.

Vì chỉ có đúng 1 suất duy nhất, việc bạn có sẵn nền tảng Python cứng và một tư duy toán học/định lượng tốt sẽ là vũ khí cạnh tranh lớn nhất, ngay cả khi bạn chưa có nhiều kinh nghiệm sâu về AI/ML.

Ứng viên trúng tuyển sẽ được làm việc trong môi trường lab liên ngành, có quyền truy cập vào các bộ dữ liệu thực nghiệm lớn, các framework ML hiện đại và có cơ hội lớn để xuất bản (publish) các công cụ, tập dữ liệu mới dưới tên mình."
"Business School Excellence Award
",https://www.imperial.ac.uk/study/fees-and-funding/scholarships-search/business-school-excellence-award-20262027.php,,,merit-based,"Thí sinh mới ứng tuyển bậc Đại học (Undergraduate), áp dụng cho cả sinh viên bản xứ (Home) lẫn sinh viên quốc tế (Overseas). Học tập theo hình thức toàn thời gian (Full-time). Lưu ý: Không áp dụng cho sinh viên đang theo học tại trường.",Imperial College London,"Tài trợ 50% tổng học phí mỗi năm.

Thời gian áp dụng kéo dài lên đến 3 năm học (với điều kiện sinh viên đạt tiến độ học tập xuất sắc qua từng năm để gia hạn quỹ).","Đạt đầy đủ các điều kiện tuyển sinh trong thư mời nhập học của trường (offer conditions).

Được Đội ngũ Tuyển sinh và Giảng viên hướng dẫn đánh giá là có thể hiện xuất sắc vượt trội trong suốt quá trình tuyển sinh (bao gồm đánh giá toàn diện hồ sơ, kết quả phỏng vấn và tiềm năng học thuật).

Điều kiện kết hợp học bổng: Người nhận học bổng này không được đồng thời nhận các học bổng khác của Imperial, ngoại trừ học bổng Imperial Bursary và giải thưởng Imperial Business School Widening Participation Award.",Tự động xét duyệt: Thí sinh nhận được thư mời nhập học (Offer) cho các ngành học hợp lệ tại Trường Kinh doanh sẽ tự động được đưa vào danh sách xét duyệt. Không yêu cầu nộp đơn xin học bổng riêng biệt.,"Đây là một suất học bổng bậc Cử nhân (Undergraduate) rất giá trị của Imperial vì nó tài trợ tới một nửa học phí trong suốt 3 năm học – một điều khá hiếm ở bậc đại học tại Anh đối với sinh viên quốc tế.

Điểm cốt lõi để ""lọt vào mắt xanh"" của hội đồng là vòng phỏng vấn. Học bổng không chỉ nhìn vào điểm số trên giấy tờ mà nhấn mạnh vào ""sự thể hiện xuất sắc trong quá trình tuyển sinh và phỏng vấn"". Do đó, việc chuẩn bị kỹ năng giao tiếp, tư duy phản biện và phong thái tự tin khi phỏng vấn trực tiếp với giáo sư của trường chính là chìa khóa quyết định."
"Dean's Impact Scholarship
",https://www.imperial.ac.uk/study/fees-and-funding/scholarships-search/deans-impact-scholarship-20262027.php,,,merit-based,"Thí sinh mới ứng tuyển bậc Cao học (Thạc sĩ học thuật hoặc Thạc sĩ nghiên cứu - Postgraduate taught, Master's research). Áp dụng cho cả sinh viên bản xứ (Home) và quốc tế (Overseas), học hệ toàn thời gian (Full time) hoặc bán thời gian (Part time). Lưu ý: Không áp dụng cho học viên đang theo học.",Imperial College London,"Tài trợ lên tới £30,000 trừ trực tiếp vào học phí.","Điều kiện apply: Ứng viên phải chứng minh được bản thân đã tạo ra tầm ảnh hưởng rõ rệt (demonstrable impact) trong ít nhất một hoặc nhiều lĩnh vực sau:

Khởi nghiệp (Entrepreneurship): Ra mắt các liên doanh, dự án khởi nghiệp thành công.

Công nghệ và Đổi mới (Technology and Innovation): Dẫn dắt các cải tiến về công nghệ.

Phát triển bền vững (Sustainability): Thúc đẩy các sáng kiến bảo vệ môi trường, bền vững.

Tác động xã hội (Social Impact): Đóng góp vào các thay đổi tích cực cho cộng đồng.

Năng lực lãnh đạo (Leadership): Thể hiện khả năng lãnh đạo vượt trội.

Ngoài ra, ứng viên cần có một bộ hồ sơ năng lực toàn diện mạnh, kỹ năng giao tiếp xuất sắc và kinh nghiệm làm việc thực tế đồng điệu với các giá trị cốt lõi của Imperial.","Quy trình chung: Sau khi bạn nộp hồ sơ và nhận được thư mời nhập học (Offer), trường sẽ gửi lời mời bạn hoàn thành một bài đánh giá qua video (video assessment) để xét học bổng. Do số lượng suất có hạn, trường khuyến khích ứng viên nộp hồ sơ ngành học càng sớm càng tốt.

Riêng với khóa Global Online MBA (Kỳ nhập học Tháng 1/2026): Chỉ áp dụng cho ứng viên nộp ở Vòng 1, 2, 3 (Vòng 4 không được xét). Kết quả học bổng sẽ được thông báo vào tuần bắt đầu từ các ngày: 26/05 (R1), 28/07 (R2), và 22/09 (R3).

Với khóa Global Online MBA (Kỳ nhập học Tháng 9/2026): Quyết định sẽ được thông báo khoảng 2 tuần sau khi ứng viên nhận được Offer ngành học.","Đúng như tên gọi ""Impact"", học bổng này tìm kiếm những ""nhà hành động"" thực tế chứ không chỉ là những người có điểm số GPA hay GMAT cao trên giấy tờ. Đích ngắm của Hiệu trưởng là những cá nhân đang trực tiếp thay đổi bộ mặt của kinh doanh và xã hội thông qua đổi mới sáng tạo.

Vũ khí tối thượng của bạn trong hồ sơ chính là bằng chứng số liệu (Clear evidence): Đừng chỉ nói ""tôi thích làm từ thiện"" hay ""tôi đam mê công nghệ"", hãy chứng minh bằng các con số cụ thể như: số vốn đã gọi được cho startup, số lượng người dùng công nghệ bạn phát triển, hoặc số lượng người được hưởng lợi từ dự án cộng đồng của bạn. Thêm vào đó, hãy chuẩn bị một phong thái thật tự tin và cô đọng cho vòng quay video assessment kế tiếp."
"W L “Bill” Byrnes Global Scholarship
",https://www.imperial.ac.uk/study/fees-and-funding/scholarships-search/w-l-bill-byrnes-global-scholarship-20262027.php,,,Merit-based & Need-based,"Thí sinh mới ứng tuyển bậc Cao học (Postgraduate taught), áp dụng cho cả sinh viên bản xứ (Home) và quốc tế (Overseas), học hệ toàn thời gian (Full time). Lưu ý: Không áp dụng cho học viên đang theo học tại trường.",Imperial College London,"Tài trợ £30,000 trừ trực tiếp vào học phí.","Học thuật: Có nền tảng kiến thức vững chắc và có tiềm năng thành công lớn trong tương lai.

Kinh nghiệm: Chứng minh được sự xuất sắc và thành tựu chuyên môn thông qua các kỳ thực tập (internships) và/hoặc kinh nghiệm làm việc thực tế.

Kỹ năng: Thể hiện kỹ năng giao tiếp xuất sắc xuyên suốt quá trình nộp hồ sơ, đặc biệt là trong vòng phỏng vấn học bổng.

Hoàn cảnh (Yếu tố Need-based quyết định): Có thể chứng minh được bản thân gặp bất lợi/khó khăn về mặt tài chính, hoặc là thế hệ đầu tiên trong gia đình học đại học (first-generation student).","Học bổng này chỉ dành riêng cho ứng viên nộp hồ sơ ngành học vào Vòng 1 (Round 1) hoặc Vòng 2 (Round 2) và nhận được thư mời nhập học (Offer). Những ứng viên đạt điều kiện này sẽ nhận được email hướng dẫn riêng để nộp một bài đánh giá qua video (video assessment).

Thời gian thông báo kết quả:

Ứng viên Vòng 1: Nhận kết quả vào tuần bắt đầu từ Thứ Hai, 15/12.

Ứng viên Vòng 2: Nhận kết quả vào tuần bắt đầu từ Thứ Hai, 30/03.","Đây là học bổng thiết kế riêng cho ngành Quản lý Đầu tư và Tài sản. Điểm đặc biệt nhất là trường mở rộng cơ hội cho nhóm sinh viên là thế hệ đầu tiên trong gia đình học đại học. Đây là một lợi thế cực lớn để bạn khai thác trong bài luận hoặc video nếu bản thân thuộc diện này.

Vì giá trị học bổng rất lớn nhưng chỉ xét ở hai vòng đầu, bạn bắt buộc phải nộp hồ sơ ngành học thật sớm ngay từ Round 1 hoặc Round 2. Nếu nộp muộn hơn, bạn sẽ mất hoàn toàn cơ hội ứng tuyển suất học bổng này bất kể hồ sơ của bạn có xuất sắc đến đâu."
"Military & Public Service Scholarship
",https://www.imperial.ac.uk/study/fees-and-funding/scholarships-search/military--public-service-scholarship-20262027.php,,,Merit-based,"Thí sinh mới ứng tuyển bậc Cao học (Postgraduate taught hoặc Master's research), áp dụng cho cả sinh viên bản xứ (Home) và quốc tế (Overseas), học hệ toàn thời gian (Full time) hoặc bán thời gian (Part time). Lưu ý: Không áp dụng cho học viên đang theo học tại trường",Imperial College London,"Tài trợ lên tới £25,000 trừ trực tiếp vào học phí.","Ứng viên cần đang làm việc hoặc vừa kết thúc sự nghiệp trong lực lượng vũ trang, quân đội hoặc các cơ quan dịch vụ công ích. Nhà trường yêu cầu ứng viên chứng minh các yếu tố sau:

Cách mà môi trường quân đội hoặc dịch vụ công đã hình thành nên thế giới quan và góc nhìn của bản thân cho đến nay.

Đưa ra các ví dụ rõ ràng về sự trưởng thành và phát triển cá nhân trong thời gian phục vụ.

Cách ứng viên dự định tận dụng những góc nhìn độc đáo này vào chương trình học MBA và sự nghiệp tương lai.

Có một bộ hồ sơ tổng thể mạnh, bao gồm cả trải nghiệm chuyên môn tốt và thể hiện xuất sắc ở vòng phỏng vấn.",Quyết định cấp học bổng sẽ được phản hồi trong vòng khoảng hai tuần kể từ ngày ứng viên nhận được thư mời nhập học chương trình MBA. Hạn chót xét học bổng bám sát theo hạn chót của các vòng tuyển sinh.,"Đây là suất học bổng hướng tới tính đa dạng hóa trải nghiệm của lớp học MBA. Trường Kinh doanh Imperial đánh giá rất cao tư duy kỷ luật, khả năng quản trị khủng hoảng và năng lực lãnh đạo từ những người có nền tảng quân đội hoặc làm việc trong khối nhà nước, dịch vụ công.

Điểm then chốt để ăn điểm là khả năng chuyển đổi năng lực (transferable skills). Bạn phải kết nối được những trải nghiệm đặc thù trong quá khứ của mình thành giá trị thực tế cho một lớp học kinh doanh thương mại. Trong bài đánh giá video, hãy tập trung vào các câu chuyện xử lý tình huống, lãnh đạo đội ngũ dưới áp lực cao và cách bạn mang tư duy đó đóng góp cho các bạn học xung quanh."
"LGBTQ+ Scholarship
",https://www.imperial.ac.uk/study/fees-and-funding/scholarships-search/lgbtq-scholarship-20262027.php,,,Merit-based,"Thí sinh mới ứng tuyển bậc Cao học (Postgraduate taught), áp dụng cho cả sinh viên bản xứ (Home) và quốc tế (Overseas), học hệ toàn thời gian (Full time) hoặc bán thời gian (Part time). Lưu ý: Không áp dụng cho học viên đang theo học tại trường.
Chương trình áp dụng: Áp dụng cho các chương trình Thạc sĩ (MSc) của trường như Finance, Management (MiM), Financial Technology, Risk Management, Business Analytics, Strategic Marketing, Climate Change, Management và Finance... và cả chương trình MBA.",Imperial College London,"Tài trợ lên tới £20,000 trừ trực tiếp vào học phí.","Ứng viên tự nhận định là thành viên của cộng đồng LGBTQ+ và cần chứng minh được các yếu tố:

Có lịch sử hoạt động tích cực trong việc thúc đẩy sự đa dạng và hòa nhập.

Có mong muốn dẫn dắt hoặc đóng góp vào các sáng kiến khuyến khích sự tham gia của cộng đồng LGBTQ+ trong giáo dục kinh doanh.

Cam kết ủng hộ bình đẳng giới và sự đa dạng tại Imperial cũng như các môi trường khác.

Có hồ sơ ứng tuyển ngành học mạnh về cả kinh nghiệm chuyên môn lẫn biểu hiện phỏng vấn.","Quy trình: Chỉ áp dụng cho ứng viên nộp hồ sơ ngành học vào Vòng 1 hoặc Vòng 2 và nhận được thư mời nhập học (Offer). Người đạt yêu cầu sẽ nhận email mời thực hiện một bài đánh giá qua video (video assessment).

Thời gian thông báo kết quả: Vòng 1 nhận kết quả vào tuần bắt đầu từ Thứ Hai, 15/12. Vòng 2 nhận kết quả vào tuần bắt đầu từ Thứ Hai, 30/03.","Đây là học bổng nằm trong cam kết thúc đẩy bình đẳng của trường. Điểm ăn tiền của hồ sơ là bạn phải thể hiện bản thân như một nhà lãnh đạo/nhà hoạt động có tư duy thay đổi xã hội. Đừng chỉ ghi nhận bản sắc cá nhân, hãy tập trung làm nổi bật các dự án, chiến dịch hoặc hành động thực tế bạn từng làm để bảo vệ quyền lợi và tăng nhận diện cho cộng đồng."
"J.P. Morgan Scholarship in Quantitative Finance
",https://www.imperial.ac.uk/study/fees-and-funding/scholarships-search/jp-morgan-scholarship-in-quantitative-finance-20262027.php,,,Merit-based& need-based,Thí sinh quốc tế (Overseas) hoặc bản xứ (Home) ứng tuyển mới và học hệ toàn thời gian (Full time).,Imperial College London,"Trị giá cố định là £45,100 dùng để chi trả học phí. Nếu còn dư, số tiền đó sẽ được chuyển thành sinh hoạt phí hoặc chi phí phụ trợ khác cho khóa học.","Ứng viên phải chứng minh được năng lực học thuật xuất sắc hoặc tiềm năng vượt trội trong lĩnh vực Toán tài chính, đồng thời phải đáp ứng ít nhất một trong các tiêu chí phụ sau:

Gặp khó khăn, bất lợi về mặt tài chính.

Thuộc nhóm thiểu số chưa được đại diện về mặt sắc tộc (underrepresented minority ethnicity).

Ứng viên là nữ giới.

Ứng viên bị khuyết tật hoặc có hạn chế về sức khỏe theo định nghĩa của Đạo luật Bình đẳng Vương quốc Anh 2010.",Hạn chót nộp đơn: Ngày 30 tháng 5 năm 2026.,"Đây là học bổng doanh nghiệp có giá trị cực lớn, tài trợ thẳng vào một ngành học siêu khó và đắt đỏ là Toán Tài chính. J.P. Morgan tài trợ suất này nhằm tìm kiếm và thúc đẩy tính đa dạng trong ngành tài chính định lượng (vốn thường ít nữ giới hoặc thiếu hụt các nhóm thiểu số).

Bài luận 1 trang của bạn cần phải rất súc tích: tập trung chứng minh tư duy Toán học đỉnh cao ở nửa đầu, và làm nổi bật tiêu chí đặc thù của bạn (ví dụ như là nữ giới làm kỹ thuật, hoặc vượt khó tài chính) ở nửa sau để thuyết phục hoàn toàn quỹ đầu tư doanh nghiệp này."
"Inspiring Women – Executive MBA Scholarships
",https://www.imperial.ac.uk/study/fees-and-funding/scholarships-search/inspiring-women--executive-mba-scholarships-20262027.php,2 slots,,Merit-based,Nữ giới (Ứng viên mới - New entrants). Quốc tịch: Cả Vương quốc Anh (Home) và Quốc tế (Overseas).,Imperial College London,"Giá trị: £25,000.

Số lượng: 2 suất.

Hình thức học: Toàn thời gian (Full-time).","Được nhận thư mời nhập học (Offer) chương trình Executive MBA trước ngày 22/08/2025.

Có thành tích lãnh đạo xuất sắc và tiềm năng giữ các vị trí quản lý cấp cao.

Có minh chứng từng hỗ trợ phụ nữ trong kinh doanh và cam kết cố vấn, truyền cảm hứng cho phụ nữ khác trong tương lai.

Phù hợp với giá trị của tổ chức 30% Club (thúc đẩy đa dạng giới trong ban lãnh đạo).","Thông báo kết quả (tùy theo đợt nộp): Tuần bắt đầu từ 26/05, 28/07 hoặc 22/09.",Học bổng này đồng hành cùng phái nữ có tham vọng lãnh đạo lớn. Việc liên kết với mạng lưới 30% Club mang lại đặc quyền cực lớn về mentoring (cố vấn) và networking (kết nối) với các lãnh đạo cấp cao thuộc nhóm FTSE-100 (100 công ty có vốn hóa lớn nhất sàn chứng khoán London).
"Female Future Leader Award
",https://www.imperial.ac.uk/study/fees-and-funding/scholarships-search/female-future-leader-award-20262027.php,,,Merit-based,"Nữ giới (Ứng viên mới - New entrants). Quốc tịch: Cả Vương quốc Anh (Home) và Quốc tế (Overseas).
Trường áp dụng: Imperial College Business School (Áp dụng cho rất nhiều ngành Master và MBA từ Global Online, Weekend MBA đến các ngành Thạc sĩ Tài chính, Quản trị, Marketing, Khoa học dữ liệu,...).",Imperial College London,"Giá trị: Lên tới £20,000 (khấu trừ trực tiếp vào học phí).

Hình thức học: Toàn thời gian hoặc Bán thời gian (Full-time / Part-time).","Nhận được thư mời nhập học từ một trong các ngành hợp lệ của trường.

Có thành tích xuất sắc về học tập, kinh nghiệm làm việc, thực tập hoặc hoạt động cộng đồng chứng minh được tiềm năng lãnh đạo vượt trội.

Hồ sơ ứng tuyển tổng thể xuất sắc (bao gồm cả vòng phỏng vấn).

Hoàn thành bài đánh giá qua video (Video assessment) sau khi nhận được offer.","Riêng với kỳ tuyển sinh Global Online MBA tháng 1/2026: Không áp dụng cho đợt nộp hồ sơ thứ 4 (Round 4). Kết quả thông báo vào các tuần 26/05, 28/07 hoặc 22/09 (tùy theo đợt nộp 1, 2, 3).

Với các ngành khác: Xét duyệt liên tục suốt chu kỳ tuyển sinh (Rolling basis). Nên nộp sớm vì số lượng học bổng có hạn.","Khác với học bổng số 1 (chỉ cho Executive MBA), học bổng này ""phủ sóng"" rộng hơn ở hầu hết các chương trình Thạc sĩ của Business School nhằm thu hẹp khoảng cách giới trong ngành kinh doanh toàn cầu. Vì xét duyệt theo cơ chế cuốn chiếu (early application encouraged), nộp hồ sơ càng sớm thì cơ hội cạnh tranh quỹ tiền thưởng càng cao."
"Empowering Futures Scholarship
",https://www.imperial.ac.uk/study/fees-and-funding/scholarships-search/empowering-futures-scholarship-20262027.php,,,Merit-based & need-based,Ứng viên mới (New entrants) có hoàn cảnh khó khăn hoặc là thế hệ đầu tiên trong gia đình học Đại học. Quốc tịch: Cả Vương quốc Anh (Home) và Quốc tế (Overseas).,Imperial College London,"Giá trị: Toàn phần (100% học phí + Trợ cấp sinh hoạt phí - Maintenance grant).

Hình thức học: Toàn thời gian (Full-time).","Nộp hồ sơ chương trình MSc Finance vào Đợt 1 hoặc Đợt 2 và nhận được thư mời nhập học.

Nền tảng học thuật xuất sắc và có tiềm năng thành công lớn.

Có thành tích làm việc/thực tập ấn tượng. kỹ năng giao tiếp xuất sắc (thể hiện qua phỏng vấn).

Chứng minh rõ ràng bản thân đã vượt qua các rào cản tài chính khó khăn hoặc là thế hệ đầu tiên đi học đại học (First-generation student).","Chỉ áp dụng cho ứng viên nộp hồ sơ ngành học ở Round 1 và Round 2.

Thông báo kết quả: Tuần bắt đầu từ 15/12 (Cho Round 1) và tuần bắt đầu từ 30/03 (Cho Round 2).","Đây là học bổng danh giá và có giá trị cao nhất trong danh sách (Tài trợ toàn phần). Học bổng này được tài trợ bởi đối tác MUFG Investor Services và lấy cảm hứng từ cựu sinh viên trường - John Sergides. Điểm đặc biệt vượt trội của học bổng này là chương trình Mentoring & Coaching 1-1 trực tiếp với các nhà lãnh đạo kỳ cựu tại tập đoàn tài chính MUFG, mở ra cơ hội việc làm cực kỳ rộng mở trong ngành Tài chính sau tốt nghiệp."
"Inhibiting the S6 kinase 2/hnRNPA1 pathway to sensitise osteosarcoma to CAR T-cell therapy
",https://www.imperial.ac.uk/study/fees-and-funding/scholarships-search/inhibiting-the-s6-kinase-2hnrnpa1-pathway-to-sensitise-osteosarcoma-to-car-t-cell-therapy-20262027.php,1 slot,,Merit-based,"Ứng viên bậc Tiến sĩ (New entrants). Quốc tịch: Cả Vương quốc Anh (Home) và Quốc tế (Overseas - lưu ý điều kiện học phí).
Trường áp dụng: Khoa Phẫu thuật và Ung thư (Department of Surgery and Cancer) - Imperial College London.",Imperial College London,"Giá trị: Tài trợ 100% học phí diện Home + Trợ cấp sinh hoạt phí (Stipend) miễn thuế £22,780/năm trong 4 năm.

Số lượng: 1 suất duy nhất.

Lưu ý cho SV Quốc tế: Học bổng chỉ trả mức học phí bằng SV bản xứ, ứng viên quốc tế nếu trúng tuyển phải tự chi trả phần chênh lệch học phí (~£39,000/năm trong 3.5 năm).","Tốt nghiệp Đại học bằng Giỏi (First or Upper-second class honours) hoặc tương đương các ngành: Sinh học tế bào, Sinh học phân tử hoặc Hóa sinh.

Ưu tiên có bằng Thạc sĩ thuộc các ngành trên.

Đáp ứng đủ điều kiện đầu vào bậc PhD của Imperial College London.",Hạn chót nộp hồ sơ (CV + Cover letter cho Giáo sư): 10/06/2026.,"Đây là một học bổng nghiên cứu chuyên sâu, mang tính thực tiễn cao do tổ chức Sarcoma UK tài trợ và có sự hợp tác với Đại học Oslo (Na Uy). Ứng viên sẽ được làm việc trực tiếp với Dr. Olivier E Pardo trong phòng thí nghiệm hiện đại, sử dụng các mô hình in vitro 2D/3D tiên tiến và mô hình chuột để tìm cách tối ưu hóa liệu pháp tế bào CAR T trị ung thư xương."
IOE Centenary Doctoral Scholarships,https://www.ucl.ac.uk/ioe/about-ioe/our-global-reach/scholarships-and-funding#IOE-Centenary-Doctoral-Scholarships,,,merit-based& need-based,Ứng viên quốc tế (New entrants) cư trú tại các quốc gia thuộc nhóm thu nhập thấp hoặc trung bình thấp theo phân loại của Ngân hàng Thế giới (World Bank).,University College London (UCL),"Giá trị: Toàn phần, bao gồm: 100% học phí + Chi phí chỗ ở trong một năm học tại ISH + Khoản trợ cấp sinh hoạt phí hàng năm (Annual stipend).

Thời hạn tài trợ: Lên đến 4 năm học (tùy thuộc vào kết quả đánh giá tiến độ học tập xuất sắc qua từng năm).

Hình thức học: Toàn thời gian (Full-time).","Phải có thư mời nhập học vô điều kiện (Official unconditional offer) để học chương trình Tiến sĩ (PhD) toàn thời gian tại IOE (thư do Ban tuyển sinh UCL cấp).

Lưu ý chương trình không hợp lệ: Học bổng không áp dụng cho các chương trình EdD (Tiến sĩ Giáo dục), DEdPsy (Tiến sĩ Tâm lý Giáo dục), các chương trình học bán thời gian (Part-time) hoặc học trực tuyến (Online).",Tháng 1 năm 2027,"Đây là một học bổng tiến sĩ cực kỳ danh giá và cạnh tranh khốc liệt nhằm tìm kiếm các nhà nghiên cứu xuất sắc từ các nước đang phát triển. Điểm cộng lớn nhất bên cạnh tài trợ tài chính toàn phần chính là quyền lợi lưu trú tại International Students House (ISH) ngay trung tâm London. Đây là một cộng đồng sinh viên quốc tế sôi động, giúp bạn dễ dàng kết nối, giao lưu văn hóa và xây dựng mạng lưới quan hệ học thuật toàn cầu trong suốt thời gian làm nghiên cứu sinh tại UCL."
Wolfson Postgraduate Scholarships - SHS,https://www.ucl.ac.uk/social-historical-sciences/study/scholarships-funding/wolfson-postgraduate-scholarships,3,,merit-based,Ứng viên bậc Tiến sĩ (New entrants). Học bổng mở rộng cho mọi quốc tịch (cả Vương quốc Anh và Quốc tế).,University College London (UCL),"Số lượng: 3 suất cho năm học 2026/2027.

Giá trị: 100% học phí (diện Home hoặc Overseas) + Học bổng sinh hoạt phí (Maintenance stipend) trong 3 năm (hoặc lên đến 6 năm nếu học bán thời gian).

Mức sinh hoạt phí năm thứ nhất (2026/2027): £29,650/năm cho hệ toàn thời gian (các năm sau sẽ được cập nhật sau). Định mức cho hệ bán thời gian sẽ được tính theo tỷ lệ tương ứng (pro rata).","Bắt đầu học Tiến sĩ vào đầu năm học 2026/2027.

Thành tích học tập xuất sắc: Thường yêu cầu bằng Đại học đạt loại Xuất sắc (First class honours) và có bằng Thạc sĩ từ một trường đại học uy tín trong lĩnh vực liên quan đến đề cương nghiên cứu.","Hạn chót để các khoa nộp danh sách đề cử lên Văn phòng Khoa (Faculty Office): Thứ Sáu, ngày 30/01/2026.

Lưu ý: Hạn chót nộp hồ sơ của từng khoa đối với sinh viên sẽ sớm hơn ngày này rất nhiều. Ứng viên cần kiểm tra kỹ website của khoa để kịp tiến độ.","Mức trợ cấp sinh hoạt cực cao: Mức stipend £29,650/năm cao hơn đáng kể so với mức chuẩn thông thường của Hội đồng Nghiên cứu Vương quốc Anh (UKRI), giúp nghiên cứu sinh hoàn toàn thoải mái về tài chính tại London.

Định hướng học thuật hàn lâm cao: Học bổng tìm kiếm những ""thủ lĩnh tư tưởng"" tương lai, những người có khả năng đóng góp lớn cho văn hóa xã hội và học thuật. Do tỉ lệ chọi rất cao (chỉ có 3 suất cho toàn bộ khối ngành Xã hội & Nhân văn của UCL), chìa khóa nằm ở một đề cương nghiên cứu (Research Proposal) xuất sắc dài tối đa 2 trang và một thư xác nhận mạnh mẽ từ Giáo sư hướng dẫn tương lai tại UCL."
Social Macroeconomics PhD Scheme and Scholarship,https://www.ucl.ac.uk/bartlett/global-prosperity/study/global-prosperity-scholarships-and-funding/social-macroeconomics-phd-scheme-and-scholarship,1 slot,,merit-based,Ứng viên tiềm năng bậc Tiến sĩ (cả Vương quốc Anh và Quốc tế).,University College London (UCL),"Số lượng: 1 suất duy nhất.

Giá trị: £6,400/năm (Chỉ bao gồm học phí, tương đương với mức học phí dành cho sinh viên bản xứ/Home fee rate).

Lưu ý: Ứng viên quốc tế (Overseas) được phép apply nhưng học bổng chỉ trả mức trần £6,400/năm, ứng viên phải tự chi trả phần chênh lệch học phí quốc tế và sinh hoạt phí.

Thời hạn & Hình thức: 3 năm đối với hệ toàn thời gian (Full-time) hoặc 5 năm đối với hệ bán thời gian (Part-time).","Yêu cầu: Đáp ứng đủ tiêu chuẩn đầu vào bậc Tiến sĩ của UCL. Bạn không cần phải có thư mời nhập học (Offer) của UCL trước khi nộp đơn xin học bổng này.

Quy trình nộp hồ sơ sơ bộ (Pre-application): Phải hoàn thành đầy đủ 3 bước gửi qua email bartlett.phd-ecidi@ucl.ac.uk (Tiêu đề email ghi rõ: ""Social macroeconomics PhD Scheme Scholarship""):

Gửi CV.

Gửi Đề cương nghiên cứu (Research Proposal): Độ dài từ 2,000 - 2,500 từ. Phải nêu rõ mục tiêu, câu hỏi nghiên cứu, tổng quan lý thuyết, phương pháp luận, cách thức thực hiện, thư mục tài liệu, mối liên hệ chặt chẽ với các chủ đề của Social Macroeconomics Hub, và 1-2 câu giải thích về phương án tài chính cá nhân của bạn.

Điền vào Form đăng ký trực tuyến của trường.","Tình trạng: Hệ thống hiện đang mở đơn.

Hạn chót nộp hồ sơ sơ bộ: 23:59 (giờ BST) Thứ Hai, ngày 29/06/2026 (Dành cho kỳ nhập học tháng 10/2026).","Môi trường kết nối cấp cao: Điểm đắt giá nhất của học bổng này không nằm ở giá trị tiền mặt (vì chỉ hỗ trợ một phần học phí và không có sinh hoạt phí), mà nằm ở hệ sinh thái học thuật. Bạn sẽ được hướng dẫn trực tiếp bởi các Giáo sư đầu ngành có tầm ảnh hưởng lớn như GS. Angus Armstrong, GS. Dennis Snower (Sáng lập GSI) và GS. William Hynes (Chuyên gia Kinh tế Khí hậu cấp cao tại World Bank).

Tác động chính sách thực tế: Nghiên cứu của bạn tại Hub này không chỉ nằm trên giấy mà có lộ trình tiếp cận trực tiếp để tác động lên các nhóm tư vấn chính sách toàn cầu thuộc khối G7 và G20 (như Think7 và Think20). Đây là bệ phóng hoàn hảo cho những ai muốn định hình lại các mô hình kinh tế vĩ mô toàn cầu thế hệ mới."
Sasakawa Studentship,https://www.ucl.ac.uk/scholarships/sasakawa-studentships,30 slots,,merit-based& need-based,"Sinh viên tương lai (Prospective) và sinh viên hiện tại (Current) bậc Sau đại học (Thạc sĩ và Tiến sĩ). Mở cho cả ứng viên Vương quốc Anh (Home) và Quốc tế (Overseas).

Điều kiện cư trú đặc biệt cho bậc Thạc sĩ: Ứng viên Thạc sĩ không có quốc tịch Anh chỉ hợp lệ nếu đã định cư ổn định tại Anh hoặc đã cư trú hợp pháp tại Anh ít nhất 3 năm liên tục trước ngày khai giảng khóa học. (Điều kiện này không áp dụng cho ứng viên bậc Tiến sĩ).

Trường hợp loại trừ: Ứng viên đã nhận được học bổng toàn phần từ các nguồn tài trợ khác sẽ không được ứng tuyển.",University College London (UCL),"Giá trị: £15,000/năm.

Thời hạn: Học bổng cấp cho 1 năm. Sinh viên có thể nộp đơn xin gia hạn/apply lại vào các năm học tiếp theo (tùy thuộc vào ngân sách quỹ và mức độ cạnh tranh).

Số lượng đề cử của UCL: UCL chỉ được chọn và đề cử tối đa 3 ứng viên chính thức + 1 ứng viên dự phòng lên Quỹ Sasakawa.","Về học thuật: Tốt nghiệp Đại học đạt bằng Khá trở lên (2:1 trở lên hoặc bằng cấp quốc tế tương đương) HOẶC đạt xếp loại Merit/Distinction ở bậc Thạc sĩ.

Về trạng thái học tập tại UCL:

Sinh viên mới: Đang học trường khác và sẽ nhập học UCL vào năm 2026/2027 hệ Thạc sĩ/Tiến sĩ.

Sinh viên hiện tại của UCL: Đang học Thạc sĩ hệ 2 năm và chuẩn bị lên năm 2 (vào năm 2026/2027) HOẶC đang học MPhil/PhD và năm 2026/2027 không phải là năm viết luận án tốt nghiệp (Writing-up year).","Hạn chót nộp hồ sơ cho UCL: 17:00 ngày 16/03/2026 (giờ GMT).

Thông báo kết quả từ UCL: Tháng 5 năm 2026.","Bệ phóng cho nghiên cứu về Nhật Bản (Japan Studies): Điểm đặc biệt của học bổng này là không giới hạn bạn phải học khoa Đông Á học hay Ngôn ngữ. Bạn có thể học Kinh tế, Xã hội học, hay Khoa học môi trường tại UCL, miễn là bài toán nghiên cứu của bạn lấy Nhật Bản làm trọng tâm.

Tỷ lệ chọi nội bộ rất cao: Vì UCL là trường top đầu thế giới với lượng nghiên cứu sinh lớn nhưng chỉ được phép đề cử đúng 3 người, vòng chọn lọc nội bộ của trường (internal selection) sẽ cực kỳ khắt khe. Để lọt vào mắt xanh của hội đồng UCL, hồ sơ của bạn không chỉ cần bảng điểm đẹp mà phần chứng minh ""tại sao đề tài Nhật Bản này lại quan trọng và cấp thiết"" trong form đăng ký phải cực kỳ sắc bén."
Research Excellence Scholarships (RES),https://www.ucl.ac.uk/scholarships/research-excellence-scholarship,40 slots,,merit-based,Ứng viên mới (Prospective students) chuẩn bị học bậc Tiến sĩ. Mở rộng cho mọi quốc tịch (cả Vương quốc Anh và Quốc tế). Sinh viên đã nhập học trước ngày 01/10/2026 không được áp dụng.,University College London (UCL),"Số lượng: 40 suất học bổng toàn phần.

Giá trị: 100% học phí (Home hoặc Overseas) + Học bổng sinh hoạt phí (Maintenance stipend - mức của năm 2025/26 là £22,780/năm, năm 2026/27 sẽ điều chỉnh tăng theo lạm phát) + Chi phí nghiên cứu bổ sung lên đến £1,200/năm.

Thời hạn tài trợ: Theo thời gian tiêu chuẩn của phần nghiên cứu trong chương trình. Thông thường là 3 năm (hệ toàn thời gian) hoặc 5 năm (hệ bán thời gian). Đối với chương trình Tiến sĩ tích hợp (Integrated doctoral), học bổng sẽ kéo dài đến năm thứ 4. Học bổng không bao gồm năm viết luận án (CRS/writing up year).","Tốt nghiệp Đại học đạt bằng Khá trở lên (Upper second-class Honours - 2:1 trở lên hoặc bằng cấp quốc tế tương đương).

Phải nộp một bộ hồ sơ đăng ký nhập học (Admission application) hoàn chỉnh vào một chương trình hợp lệ tại UCL trước hạn chót của học bổng.

Để được nhận học bổng (nếu trúng tuyển), ứng viên bắt buộc phải có thư mời nhập học (Offer) từ UCL.","Hạn chót nộp cả hồ sơ nhập học và hồ sơ học bổng: Thứ Sáu, ngày 09/01/2026 (Một số khoa có thể đặt hạn chót sớm hơn).

Thông báo kết quả cuối cùng: Giữa tháng 3 năm 2026.

Thời gian bắt đầu nhận quỹ học bổng: 01/10/2026.

Tình trạng hiện tại: Đợt nộp đơn cho năm học 2026/27 đã đóng. Hệ thống sẽ mở lại vào tháng 1 năm 2027 cho kỳ học 2027/28.","Cơ chế xét duyệt và yếu tố ""Xổ số"": Quy trình lọc hồ sơ đi qua 3 bước rất gắt gao (Khoa -> Faculty phân nhóm ưu tiên theo 4 nhóm lĩnh vực lớn -> Hội đồng trung tâm chọn ra 40 người từ 120 đề cử). Điểm đặc biệt nhất là nếu một nhóm lĩnh vực (Theme) bị quá tải hồ sơ xuất sắc ngang nhau, trường sẽ sử dụng biện pháp bốc thăm may mắn (lottery) để phân định người thắng giải.

Tầm quan trọng của Lay Summary: Bài tóm tắt đề cương 200 từ dành cho ""người ngoại đạo"" (lay summary) đóng vai trò quyết định. Vì hội đồng trung tâm xét duyệt cuối cùng bao gồm các giáo sư từ nhiều ngành hoàn toàn khác nhau, việc bạn có thể giải thích một nghiên cứu siêu chuyên sâu bằng ngôn ngữ tinh gọn, mạch lạc, giúp một người thuộc ngành khác cũng hiểu được tầm quan trọng của đề tài chính là chìa khóa để vượt qua vòng chấm chung kết."
Luciano Zucchi Bursary,https://www.ucl.ac.uk/bartlett/environment-energy-resources/environmental-design/study/masters/scholarships/luciano-zucchi-bursary,1 slot,,merit-based,Ứng viên mới (Prospective students) bậc Thạc sĩ hoặc Tiến sĩ. Mở cho tất cả quốc tịch.,University College London (UCL),"Giá trị: £6,250 (Hỗ trợ tài chính trực tiếp).

Số lượng: Không nêu cụ thể (thường là 1 suất/năm).","Có offer ngành học hợp lệ cho năm 2026-27 và chứng minh được tư duy thiết kế ánh sáng toàn diện, nhạy cảm với chất liệu, hình khối và bóng đổ.",Hiện đang mở đơn hệ thống cho năm học 2026-27 (Ứng viên cần check hạn chót cụ thể trên trang cá nhân của ngành).,"Ăn điểm bằng cách thể hiện tư duy liên ngành (interdisciplinary) trong hồ sơ: kết hợp chặt chẽ giữa kỹ thuật chiếu sáng với kiến trúc, nghệ thuật thị giác và tư duy không gian, thay vì chỉ tập trung vào thông số kỹ thuật thuần túy."
Frederick Bonnart-Braunthal Trust Scholaship,https://www.ucl.ac.uk/scholarships/frederick-bonnart-braunthal-trust-scholarship#:~:text=Key%20information&text=One%20scholarship%20is%20available%20f,1 slot,,merit-based,"Cả ứng viên mới (Prospective MPhil/PhD) đã có offer nhập học và nghiên cứu sinh hiện tại (Current students) đang theo học toàn thời gian. Mở rộng cho mọi quốc tịch (UK, Overseas).",University College London (UCL),"Số lượng: Chỉ 01 suất duy nhất cho kỳ tuyển sinh 2026/27.

Giá trị: £21,000/năm (Dùng làm sinh hoạt phí hoặc đóng học phí). Được phép kết hợp với các nguồn vay/học bổng khác nhưng tổng thu nhập nghiên cứu (trừ học phí) không được vượt quá £26,057/năm.

Quyền lợi thêm: Nhận thêm £500 sau khi hoàn thành ""Braunthal Report"" (Báo cáo tóm tắt kết quả nghiên cứu) dưới sự hỗ trợ của một biên tập viên chuyên nghiệp từ Quỹ.

Thời hạn tài trợ: Tối đa 3 năm (Năm 1, 2 và 3 của chương trình, xét gia hạn hàng năm).","FBB Scholarship cover sheet: Form thông tin bìa theo mẫu của Quỹ.

CV: Bản cập nhật mới nhất, liệt kê đầy đủ các công bố khoa học, giải thưởng và học bổng.

Lay summary (Tóm tắt đề cương nghiên cứu): Tối đa 200 từ. Phải do chính ứng viên viết bằng ngôn ngữ đại chúng (dành cho mọi ngành đều hiểu), làm rõ mục tiêu, phương pháp và tính đóng góp của đề tài đối với mục tiêu chống định kiến sắc tộc/tôn giáo của Quỹ.

Bảng điểm (Academic transcripts): Đính kèm giải thích thang điểm chi tiết.

2 Thư giới thiệu: Gửi theo form mẫu quy định. Thư 1 từ giảng viên của chương trình đại học/thạc sĩ gần nhất. Thư 2 bắt buộc phải từ Giáo sư hướng dẫn (Supervisor) tại UCL.","Hạn chót nộp hồ sơ hoàn chỉnh: 12/03/2026.

Hội đồng xét duyệt chấm điểm: Cuối tháng 4 / Đầu tháng 5 năm 2026.

Tình trạng hiện tại: Đợt tuyển sinh năm 2026 đã đóng. Hệ thống dự kiến mở lại vào đầu năm sau cho kỳ nhập học năm tiếp theo.","Ăn điểm tuyệt đối ở phần Lay summary (200 từ) bằng cách chứng minh trực diện ""tính thực tiễn"" của đề tài. Quỹ FBB không tìm kiếm lý thuyết suông; họ chọn ứng viên có khả năng chuyển hóa nghiên cứu học thuật thành công cụ hoặc giải pháp thực tế có tác động rõ rệt đến việc xóa bỏ định kiến xã hội."
Clara Collet Political Science PhD Award,https://www.ucl.ac.uk/social-historical-sciences/political-science/study/postgraduate-research/funding-opportunities/clara-collet-departmental-scholarship,,,merit-based,"Ứng viên mới (Prospective PhD candidates). Mở rộng cho mọi quốc tịch (UK, EU và Overseas).
Trường áp dụng: Khoa Khoa học Xã hội và Lịch sử (UCL Faculty of Social & Historical Sciences), cụ thể là Khoa Chính trị học (Department of Political Science / thể hiện qua email liên hệ).

Chương trình áp dụng: Nghiên cứu sinh Tiến sĩ với 2 lộ trình linh hoạt:

Lộ trình thẳng (3 năm): Dành cho ứng viên đã có bằng Thạc sĩ.

Lộ trình tích hợp 1+3 (4 năm): Học 1 năm Thạc sĩ tại khoa trước khi chuyển tiếp lên 3 năm PhD.
",University College London (UCL),"Note: Deadline: 05 December 2025

Value: £21,870 stipend, full fees and £1000 per year Research Training Grant (3 years only)
Criteria: Based on academic merit
Eligibility: UK, Overseas
Academic year: 2026/27
Available for: Prospective students
Level: Graduate research degrees","Điều kiện apply & Nghĩa vụ đi kèm:

Hồ sơ cạnh tranh dựa trên thành tích học tập xuất sắc và tiềm năng nghiên cứu, không xét hoàn cảnh tài chính.

Nghĩa vụ trợ giảng (Teaching requirement):

Năm 1: Tham gia 110 giờ (chỉ tính thời gian đào tạo trợ giảng và chấm điểm phụ - second marking).

Năm 2, 3 và 4: Trợ giảng tối đa 180 giờ/năm (bao gồm cả giờ đứng lớp trực tiếp và giờ chuẩn bị bài).","Hạn chót nộp hồ sơ trùng với hạn chót nộp đơn PhD: 05/12/2025 (cho kỳ nhập học 2026/27).

Tình trạng hiện tại: Đợt tuyển sinh cho năm học 2026/27 đã đóng. Hệ thống dự kiến mở lại vào cuối năm sau cho kỳ tiếp theo.","Học bổng này thực chất là một dạng Trợ lý giảng dạy (Teaching Assistantship) được tài trợ dài hạn. Để ăn điểm, hồ sơ của bạn ngoài năng lực nghiên cứu cần thể hiện rõ khả năng hoặc tiềm năng sư phạm, vì nghĩa vụ giảng dạy bắt buộc sẽ bắt đầu ngay từ năm đầu tiên."
AHRC Doctoral Landscape Award,https://www.ucl.ac.uk/arts-humanities/study/scholarships-and-funding/ahrc-doctoral-landscape-award,3 slot,,merit-based,"Chỉ dành cho ứng viên mới (Prospective students) chuẩn bị bắt đầu học Tiến sĩ. Không áp dụng cho nghiên cứu sinh hiện tại hoặc hoãn thời gian nhận học bổng (được cấp cho năm học nào phải nhập học đúng năm đó).
Chương trình áp dụng: Nghiên cứu sinh Tiến sĩ hệ toàn thời gian (Full-time) hoặc bán thời gian (Part-time, tối thiểu 50% thời lượng quy đổi) thuộc các khoa/viện hợp lệ thuộc:

Khoa Nghệ thuật và Nhân văn (Faculty of Arts and Humanities).

Khoa Khoa học Xã hội và Lịch sử (Faculty of Social and Historical Sciences).",University College London (UCL),"Số lượng: 03 suất cho đợt tuyển sinh tháng 10/2026 tại UCL.

Giá trị: Học bổng toàn phần gồm 100% học phí + Quỹ hỗ trợ đào tạo nghiên cứu (Research training support grant) + Sinh hoạt phí miễn thuế (Stipend) trị giá £23,466/năm (Mức trần ước tính theo UKRI năm 2026/27).

Thời hạn tài trợ: 3.5 năm (hệ toàn thời gian) hoặc tối đa 7 năm (hệ bán thời gian). Có cơ hội xin gia hạn tài trợ lên tối đa 4 năm dựa trên nhu cầu nghiên cứu hoặc thực tập chuyên môn.","Quốc tịch: Mở cho cả ứng viên Anh (Home) và Quốc tế (International). Tuy nhiên, theo quy định của UKRI, tỷ lệ phân bổ cho ứng viên Quốc tế tối đa chỉ chiếm 1/3 tổng số suất (tức là tối đa 1 suất tại UCL).

Hỗ trợ riêng của UCL: Đối với ứng viên quốc tế trúng tuyển, UCL sẽ cấp thêm học bổng ISAD (International Scholars Award for Doctoral Training) để bù vào khoản chênh lệch giữa học phí quốc tế và học phí nội địa (không bao gồm phí visa và phụ phí y tế NHS).

Tình trạng hồ sơ: Chưa cần có Offer chính thức nhưng bắt buộc phải đang trong quá trình được khoa xem xét hồ sơ nhập học. Khoa chỉ đề cử những ứng viên mà họ có ý định nhận vào học.","Hạn chót ứng viên nộp cho Khoa: Tùy thuộc vào quy định riêng từng khoa (Thường vào khoảng giữa tháng 12/2025 đến giữa tháng 1/2026).

Hạn chót các Khoa gửi danh sách đề cử lên Faculty: 30/01/2026.

Thông báo kết quả: Từ đầu đến giữa tháng 03/2026.

Tình trạng hiện tại: Đợt tuyển sinh cho kỳ tháng 10/2026 đã đóng. Hệ thống dự kiến mở lại vào cuối năm sau cho kỳ tiếp theo.","Tỷ lệ chọi cực kỳ khốc liệt (cả nước Anh chỉ có 150 suất/năm, mỗi trường lớn chỉ có khoảng 3 suất). Để vượt qua vòng lọc của khoa, hồ sơ của bạn bắt buộc phải có sự ăn khớp tuyệt đối với năng lực và chuyên môn của đội ngũ Giáo sư hướng dẫn (Alignment with supervisory expertise) tại UCL. Hãy liên hệ, thảo luận thật kỹ đề cương nghiên cứu với giáo sư đích danh tại trường trước khi nộp đơn; các hồ sơ nộp phút chót mà chưa qua thảo luận trước đều sẽ bị loại ngay từ vòng khoa."
GBSH Undergraduate Health Impact Scholarship,https://www.ucl.ac.uk/population-health-sciences/global-business-school-health/study/scholarships/undergraduate-health-impact,,,merit-based,"Ứng viên mới (Prospective students) chuẩn bị nhập học bậc Đại học.
Trường áp dụng: Trường Kinh doanh Toàn cầu về Y tế (Global Business School for Health - GBSH), trực thuộc Khoa Khoa học Sức khỏe Dân cư (Faculty of Population Health Sciences) – UCL, Vương quốc Anh.
",University College London (UCL),"Giá trị: £10,000/năm học.

Thời hạn tài trợ: Kéo dài trong suốt các năm học của chương trình Đại học (per year of study).","Trạng thái học phí (Fee status): Phải là sinh viên quốc tế (Overseas).

Quốc tịch: Phải đến từ các quốc gia nằm trong danh sách hỗ trợ phát triển của Ủy ban Hỗ trợ Phát triển (DAC-listed countries, bao gồm các nước đang phát triển, trong đó có Việt Nam).",Tình trạng hiện tại: Đợt tuyển sinh cho kỳ nhập học năm 2026 đã đóng đơn (Closed). Hệ thống sẽ mở lại vào cuối năm nay hoặc đầu năm sau cho kỳ nhập học tiếp theo.,"Điểm mấu chốt để săn học bổng này là chứng minh ""tác động"" (Impact). Dù tiêu chí chấm là năng lực học thuật, nhưng vì đây là học bổng ""Health Impact"" dành riêng cho các nước đang phát triển (DAC list), bạn cần thể hiện rõ trong hồ sơ năng lực/bài luận (nếu có) về việc bạn sẽ dùng kiến thức quản trị y tế từ GBSH để giải quyết các bài toán sức khỏe cụ thể tại quê nhà như thế nào."
GBSH Undergraduate International Excellence Scholarship,https://www.ucl.ac.uk/population-health-sciences/global-business-school-health/study/scholarships/undergraduate-international-excellence,,,merit-based,"Ứng viên mới (Prospective students) chuẩn bị nhập học bậc Đại học
Trường Kinh doanh Toàn cầu về Y tế (Global Business School for Health - GBSH), trực thuộc Khoa Khoa học Sức khỏe Dân cư (Faculty of Population Health Sciences) – UCL, Vương quốc Anh.
",University College London (UCL),"Giá trị: £5,000/năm học.

Thời hạn tài trợ: Kéo dài trong suốt các năm học của chương trình Đại học (per year of study).",Phải là sinh viên quốc tế (Overseas) có thành tích học tập vượt trội. Học bổng này mở rộng cho mọi quốc tịch quốc tế (không bị giới hạn theo danh sách các nước đang phát triển như suất Health Impact).,Tình trạng hiện tại: Đợt tuyển sinh cho kỳ nhập học năm 2026 đã đóng đơn (Closed). Hệ thống sẽ mở lại vào cuối năm nay hoặc đầu năm sau cho kỳ nhập học tiếp theo.,"Vì tiêu chí thuần học thuật và mở rộng cho toàn bộ sinh viên quốc tế, tỷ lệ cạnh tranh sẽ phụ thuộc hoàn toàn vào điểm số (GPA) và thành tích học tập của bạn. Hãy tập trung làm nổi bật các giải thưởng học thuật hoặc thứ hạng thủ khoa/á khoa trong hồ sơ để tối đa hóa cơ hội."
Global Undergraduate Scholarship,https://www.ucl.ac.uk/scholarships/ucl-global-undergraduate-scholarship,33 slots,,merit-based,Ứng viên mới (Prospective students) chuẩn bị học bậc Đại học. Mở rộng cho mọi quốc tịch ngoài Vương quốc Anh.,University College London (UCL),"Số lượng: Lên đến 33 suất cho kỳ tuyển sinh 2026/27, phân bổ cụ thể:

10 suất toàn phần: Bao gồm 100% học phí + Sinh hoạt phí (Maintenance allowance) + Khoản hỗ trợ cố định cho chi phí phát sinh (Visa, phụ phí y tế IHS).

20 suất học phí: Bao gồm 100% học phí.

3 suất học phí riêng biệt: Dành riêng cho sinh viên đến từ Ấn Độ.

Thời hạn tài trợ: Kéo dài theo thời gian tiêu chuẩn của chương trình Đại học đã đăng ký.","Trạng thái học phí: Phải đóng học phí theo diện quốc tế (Overseas fee status).

Mức thu nhập gia đình: Thuộc diện thu nhập thấp. UCL đưa ra mức tham khảo là £42,875 trở xuống/năm, tuy nhiên nếu thu nhập cao hơn mức này một chút trường vẫn xem xét hồ sơ.

Tình trạng hồ sơ: Chưa cần có Offer nhập học chính thức, nhưng bắt buộc phải hoàn thành việc nộp đơn đăng ký học tại UCL và được bộ phận Tuyển sinh xác nhận trạng thái học phí (Fee status).",Tình trạng hiện tại: Đợt tuyển sinh năm 2026 đã đóng. Hệ thống dự kiến mở lại vào đầu năm sau cho kỳ nhập học tiếp theo.,"Ăn điểm tối đa bằng cách chuẩn bị hồ sơ minh chứng tài chính cực kỳ minh bạch và chi tiết. Vì học bổng này chấm dựa trên 100% ""Financial need"", việc bạn chứng minh rõ ràng dòng thu nhập thấp của gia đình, đi kèm các giấy tờ pháp lý thuyết phục ở vòng Shortlist (tháng 5) sẽ quyết định hoàn toàn suất học bổng, thay vì điểm số GPA."
UCL - United World Colleges and International Student House Scholarship (UCL - UWC/ISH Scholarship),https://www.ucl.ac.uk/scholarships/scholarships-finder,,,merit-based,Ứng viên mới (Prospective students) chuẩn bị học bậc Đại học. Mở rộng cho mọi quốc tịch ngoài Vương quốc Anh.,University College London (UCL),"Học phí: Tài trợ 100% học phí toàn khóa học (thường là 3 năm, có thể xem xét gia hạn lên năm thứ 4 nếu ngành học yêu cầu).Sinh hoạt phí: Trợ cấp khoản tiền £7,280/năm cho việc chi tiêu cá nhân.  Nhà ở: Miễn phí hoàn toàn phòng ở (dạng phòng đôi tiêu chuẩn hoặc tương đương) tại Ký túc xá International Student House (ISH) trong tối đa 3 năm (hợp đồng 40 tuần mỗi năm).  Thủ tục thị thực: Hoàn trả toàn bộ chi phí nộp đơn xin thị thực (Visa Sinh viên - Tier 4 cũ).  Vé máy bay: Tài trợ vé máy bay khứ hồi quốc tế hạng phổ thông (bao gồm cả chi phí hành lý hợp lý) vào thời điểm bắt đầu và kết thúc khóa học.",Ứng viên cần đáp ứng đầy đủ các điều kiện khắt khe sau:Trường học: Phải là học sinh năm cuối đang theo học chương trình Tú tài Quốc tế (IB Diploma) tại một trường thuộc hệ thống các Trường Thế giới Liên kết (United World College - UWC). (Hoặc học sinh đã tốt nghiệp UWC trong năm dương lịch trước đó – điều kiện này chỉ áp dụng riêng cho cơ sở Waterford Kamhlaba UWC).  Hồ sơ nhập học: Phải nộp hồ sơ xin nhập học một chương trình cử nhân toàn thời gian tại UCL thông qua hệ thống UCAS trước ngày 14 tháng 1 năm 2026.  Tình trạng học phí: Được phân loại là sinh viên quốc tế (Non-UK domiciled / Overseas fee status).  Chứng minh tài chính: Hoàn toàn không có đủ khả năng kinh tế nếu không có sự hỗ trợ từ học bổng để theo học tại UCL.,Tình trạng hiện tại: Đợt tuyển sinh năm 2026 đã đóng. Hệ thống dự kiến mở lại vào đầu năm sau cho kỳ nhập học tiếp theo.,Bạn không thể tự nộp học bổng này trực tiếp trên website của UCL. Biểu mẫu đăng ký chỉ được cung cấp độc quyền thông qua Cố vấn Học đường (UWC Counsellors) tại trường UWC của bạn.  
UPC Progression Scholarships,https://www.ucl.ac.uk/languages-international-education/preparation-courses/upc-foundation/course-information/scholarships/progression,,,merit-based,"Sinh viên đang theo học chương trình Dự bị Đại học (UPC) tại UCL và chuyển tiếp lên bậc Đại học của trường.

Trường cấp: Trung tâm Ngôn ngữ & Giáo dục Quốc tế UCL (UCL Centre for Languages & International Education - CLIE), Vương quốc Anh.",University College London (UCL),"Số lượng: 02 suất mỗi năm (chia đều cho 2 nhánh: 1 suất cho nhánh Nhân văn UPCH và 1 suất cho nhánh Khoa học & Kỹ thuật UPCSE).

Giá trị: £5,000/năm học (Khoản tiền này được trừ thẳng vào học phí đại học).

Thời hạn và điều kiện gia hạn: Kéo dài trong suốt các năm học bậc Đại học. Để được gia hạn hàng năm, sinh viên bắt buộc phải duy trì kết quả học tập đạt bằng Khá trở lên (Upper second-class honours - 2:1 trở lên).","Đang theo học chương trình Undergraduate Preparatory Certificates for Humanities (UPCH) hoặc Undergraduate Preparatory Certificates for Science & Engineering (UPCSE) tại UCL.

Được nhận vào một chương trình Đại học chính thức tại UCL.

Phải là người có thành tích học tập xuất sắc nhất xuyên suốt lộ trình học UPC trong nhánh của mình.","Trung tâm CLIE sẽ đưa ra danh sách đề xuất vào tháng 7.

Sinh viên trúng tuyển sẽ được thông báo chính thức vào cuối tháng 8.","Đang theo học chương trình Undergraduate Preparatory Certificates for Humanities (UPCH) hoặc Undergraduate Preparatory Certificates for Science & Engineering (UPCSE) tại UCL.

Được nhận vào một chương trình Đại học chính thức tại UCL.

Phải là người có thành tích học tập xuất sắc nhất xuyên suốt lộ trình học UPC trong nhánh của mình."
GREAT Scholarships,https://registryservices.ed.ac.uk/scholarships-and-student-funding/prospective-postgraduates/funding-for-international-students/great,25-30 slots,,merit-based,Sinh viên Vương quốc Anh và Sinh viên Quốc tế (bao gồm Việt Nam) ứng tuyển năm nhất PhD.,"University of Edinburgh, Manchester","Giá trị: Toàn phần, bao gồm 100% học phí (phí quốc tế) + Sinh hoạt phí (Stipend) khoảng £20,780/năm (theo tỷ giá UKRI 2025/26).","1. Có bằng Cử nhân/Thạc sĩ loại Xuất sắc hoặc Giỏi (First class/2:1 hoặc tương đương).


2. Đã nộp đơn xin nhập học chương trình PhD tại trường.


3. Phải có mã sinh viên (UUN) để đăng ký trên cổng EUCLID.","Hầu hết các trường đã hết hạn (Deadline thường vào tháng 1 - tháng 2 hàng năm).


Lưu ý: Ngành Y & Thú y thường muộn hơn (tháng 4)",
School of Biological Sciences South and South-East Asia Academic Excellence Masters Scholarship,https://registryservices.ed.ac.uk/scholarships-and-student-funding/prospective-postgraduates/funding-for-international-students-3,,,merit-based,"Ứng viên mới (Prospective students) bậc Thạc sĩ đến từ khu vực Nam Á và Đông Nam Á.

Trường áp dụng: Trường Khoa học Sinh học (School of Biological Sciences), trực thuộc Đại học Edinburgh (The University of Edinburgh), Scotland, Vương quốc Anh.",University of Edinburgh,"Số lượng: Giới hạn (Limited number).

Giá trị: £10,000/suất.

Cơ chế giải ngân: Trừ thẳng vào học phí (Tuition fee). Nếu còn dư, số tiền còn lại sẽ được cấp tiếp cho sinh viên làm sinh hoạt phí (Living costs).

Thời hạn tài trợ: 1 năm học (One academic year).","Quốc tịch và Nơi cư trú: Phải là công dân và đang cư trú (domiciled) tại các nước thuộc Nam Á hoặc Đông Nam Á (bao gồm Việt Nam).

Học lực: Đã tốt nghiệp hoặc dự kiến tốt nghiệp Đại học đạt mức tương đương bằng Giỏi của Vương quốc Anh (UK First Class Honours degree).

Tình trạng hồ sơ: Đã nhận được thư mời nhập học (Offer) từ một trong các chương trình Thạc sĩ hợp lệ nêu trên.",Tình trạng hiện tại: Đợt nộp đơn cho năm học 2026-2027 đã đóng (Passed). Hệ thống dự kiến mở lại vào đầu năm sau cho kỳ nhập học tiếp theo.,"Hãy tối đa hóa lợi thế bằng cách nộp hồ sơ xin nhập học (Admission application) thật sớm. Do học bổng chỉ xét dựa trên những ứng viên đã có offer của trường và số lượng suất học bổng rất giới hạn, việc bạn có offer sớm sẽ giúp hồ sơ của bạn lọt vào danh sách xét duyệt học bổng ngay từ các vòng đầu của khoa."
Education Beyond Borders Postgraduate Scholarship,https://registryservices.ed.ac.uk/scholarships-and-student-funding/prospective-postgraduates/education-beyond-borders-postgraduate,,,merit-based,"Ứng viên có một trong các tình trạng nhập cư sau tại Anh:

Người xin tị nạn (Asylum Seeker)

Tình trạng tị nạn (Refugee status - không bao gồm quyền cư trú vô thời hạn)

Bảo hộ nhân đạo (Humanitarian Protection)

Cư trú có giới hạn với lý do tìm kiếm sự bảo hộ (Limited leave to remain)

Cư trú theo Chương trình tái định cư (Leave under a resettlement Scheme).",University of Edinburgh,"Học phí: Bao trả một phần hoặc toàn bộ học phí (theo mức học phí của sinh viên bản địa Anh).

Sinh hoạt phí (Stipend): Cấp một khoản tiền mặt để chi tiêu hàng tháng. Mức tham chiếu của năm 2025/2026 là £20,780/năm (khoảng hơn 650 triệu VNĐ).","Đây là học bổng dành cho các đối tượng có tình trạng cư trú đặc biệt tại Anh, cụ thể bạn phải thuộc một trong các diện sau:

Người đang xin tị nạn (Asylum Seeker).

Người có tư cách tị nạn (Refugee status).

Người được bảo vệ nhân đạo (Humanitarian Protection).

Các trường hợp được phép ở lại Anh vì lý do bảo hộ hoặc theo diện tái định cư.

Yêu cầu học thuật: Vẫn phải đáp ứng đầy đủ điều kiện đầu vào của ngành học bạn chọn.","Mở đơn: 10h sáng (giờ Anh) ngày thứ Ba, 09/12/2025.

Hạn chót nộp đơn: 5h chiều (giờ Anh) ngày thứ Ba, 17/02/2026.","Quy trình nộp đơn linh hoạt: Bạn không cần phải có thư mời nhập học (offer) từ ngành học trước khi nộp đơn xin học bổng này. Tuy nhiên, việc nộp hồ sơ khóa học sớm là rất cần thiết vì nhiều ngành có tỷ lệ cạnh tranh cao và thời hạn đóng đơn của mỗi ngành là khác nhau.

Tính chất nhân văn cao: Đây là học bổng mang tính hỗ trợ nhân đạo rõ rệt, hướng tới việc bình đẳng cơ hội giáo dục cho những nhóm yếu thế và người tị nạn chính trị/nhân đạo tại Vương quốc Anh."
"Edinburgh Doctoral College Scholarships
",https://registryservices.ed.ac.uk/student-funding/postgraduate/international/doctoral-college,,26 slots,merit-based,Sinh viên Vương quốc Anh (UK) và sinh viên quốc tế (Overseas) đăng ký học năm thứ nhất chương trình Tiến sĩ hệ chính quy hoặc bán thời gian (học tại trường hoặc học từ xa).,University of Edinburgh,"Giá trị học bổng: Tài trợ 100% học phí của trường + Cấp sinh hoạt phí (stipend) hàng năm theo chuẩn UKRI (Mức tham chiếu năm gần nhất là £20,780/năm).

Thời gian cấp: Từ 3 đến 4 năm (tùy theo quy định của từng Khoa cụ thể).","Phải nộp hồ sơ xin nhập học chương trình PhD tại trường trước để được cấp tài khoản hệ thống.

Tốt nghiệp Đại học đạt bằng Danh dự hạng Nhất (First class) hoặc Hạng Nhị thượng (2:1) của Vương quốc Anh, hoặc bằng cấp quốc tế tương đương.

Đáp ứng yêu cầu tiếng Anh đầu vào của ngành học (được phép nộp đơn học bổng trước và bổ sung chứng chỉ sau).

Chưa từng có bằng Tiến sĩ (PhD) hoặc tương đương. Không nhận đồng thời với học bổng toàn phần khác.",Đã hết hạn cho kỳ nhập học 2027,"Độ trễ của hệ thống: Ứng viên bắt buộc phải nộp đơn xin học PhD trước ít nhất 5 ngày làm việc thì hệ thống mới kịp xử lý và cấp quyền truy cập vào phần nộp đơn học bổng trên EUCLID.

Cơ chế xét duyệt đặc biệt: Khoa Tin học (Informatics) và Khoa Vật lý - Thiên văn không yêu cầu nộp đơn học bổng riêng; trường sẽ tự động đánh giá học bổng khi ứng viên nộp hồ sơ xin học PhD. Trong khi đó, Khoa Khoa học Sinh học lại yêu cầu nộp đơn trực tiếp cho Khoa thay vì nộp qua hệ thống chung.

Yêu cầu phát triển toàn diện: Học bổng này đi kèm điều kiện bắt buộc ứng viên phải tham gia các gói đào tạo kỹ năng ngoài nghiên cứu như: giảng dạy, truyền thông cộng đồng, khởi nghiệp và khoa học dữ liệu nhằm chuẩn bị cho sự nghiệp dài hạn."
Postgraduate research funding,https://www.manchester.ac.uk/study/postgraduate-research/funding/,100 slots,,merit-based,Sinh viên Vương quốc Anh (Home) và Sinh viên Quốc tế (International).,University of Manchester,"Tài trợ toàn phần trong 3.5 năm.Bao gồm 100% học phí (tính theo mức học phí của sinh viên quốc tế hoặc sinh viên bản xứ).
Sinh hoạt phí (Stipend) hằng năm miễn thuế theo chuẩn của Hội đồng Nghiên cứu Vương quốc Anh (UKRI). 
 Đặc quyền thêm: Được cộng thêm £1,000/năm vào sinh hoạt phí; được tham gia các sự kiện độc quyền với Hiệu trưởng, tham gia khóa đào tạo kỹ năng lãnh đạo, truyền thông, thương mại hóa nghiên cứu độc quyền.","Tốt nghiệp Đại học bằng Danh dự hạng Nhất (First-class honours) hoặc tương đương từ các trường đại học uy tín.  Ưu tiên ứng viên có bằng Thạc sĩ đạt điểm Merit hoặc Distinction.
Có thành tích nghiên cứu thực tế (ví dụ: tham gia viết bài báo/ấn phẩm khoa học, đạt giải thưởng nghiên cứu).
Phải liên hệ trước và được sự đồng ý hướng dẫn của một Giáo sư (Supervisor) tại trường cho dự án thuộc danh mục.","Mở đơn: Thường vào khoảng giữa tháng 2 hằng năm.

Hạn chót đóng đơn: Khoảng giữa tháng 3 hằng năm.

Phỏng vấn: Tháng 5 hằng năm.","Học bổng này không chỉ tìm kiếm ""mọt sách"" mà tìm kiếm các nhà lãnh đạo nghiên cứu tương lai. Dự án nghiên cứu của bạn phải có tính liên ngành cao. Bạn sẽ được trực tiếp điều hành các sáng kiến lớn của trường như Postgraduate Summer Research Showcase."
"PhD by Enterprise Programme – Funded Studentships
",https://www.manchester.ac.uk/study/postgraduate-research/funding/phd-by-enterprise/,5 slots,,merit-based,Sinh viên Vương quốc Anh (Home) và Sinh viên Quốc tế (International).,University of Manchester,"Tài trợ toàn phần trong vòng 4 năm.Bao gồm 100% học phí và sinh hoạt phí (Stipend) hằng năm theo tỷ lệ chuẩn UKRI (miễn thuế).  
Đặc quyền đặc biệt: Được hỗ trợ hoàn trả chi phí làm Thị thực (Visa) và Phí nhập cư cho sinh viên quốc tế trúng tuyển. 
Được cung cấp cố vấn (mentors) từ các vườn ươm doanh nghiệp hàng đầu như Masood Entrepreneurship Centre và Innovation Factory.  ","Tốt nghiệp Đại học từ hạng Khá trở lên (First or Upper Second class UK honours - bằng 2:1 trở lên) hoặc bằng cấp quốc tế tương đương trong các ngành liên quan tùy theo dự án (như Dược, Khoa học vật liệu, AI, Sinh học, Kỹ thuật...).  
Phải thể hiện tư duy nhạy bén, đam mê đối với việc đưa nghiên cứu lab ra thị trường (Translational/Commercial research).Bắt buộc phải liên hệ và thảo luận trực tiếp với Giáo sư đứng đầu dự án trước khi nộp hồ sơ chính thức.","Hạn chót nộp hồ sơ cho kỳ gần nhất: 29 tháng 5.

Nhập học: Tháng 9 hoặc tháng 10.","Đây không phải là một tấm bằng Tiến sĩ hàn lâm thuần túy. Điểm mấu chốt (KPI) của chương trình này là khi tốt nghiệp, ngoài một cuốn Luận án Tiến sĩ thông thường, bạn bắt buộc phải nộp một Bản kế hoạch kinh doanh (Business Plan) sẵn sàng gọi vốn cho chính công nghệ/nghiên cứu bạn làm ra trong 4 năm đó. Nó hướng tới việc thành lập các công ty spin-off (công ty tách ra từ đại học)."
Carbon Reduction Scholarship,https://www.manchester.ac.uk/study/international/finance-and-scholarships/funding/carbon-reduction-scholarship/,30 slots,,merit-based,"Áp dụng cho tất cả ứng viên (cả sinh viên Anh và sinh viên quốc tế, bao gồm Việt Nam) đăng ký học hệ đào tạo từ xa (distance learning).",University of Manchester,"• Giá trị học bổng: Giảm 10% học phí.


• Số lượng: 30 suất.


• Ngành học áp dụng: Chỉ áp dụng duy nhất cho chương trình MA Education for a Sustainable Environment (Thạc sĩ Giáo dục vì Môi trường Bền vững) học theo hình thức Từ xa (Distance Learning).","• Nhận được thư mời nhập học (Offer) từ chương trình Thạc sĩ nêu trên.


• Phải đăng ký và nhập học với tư cách là sinh viên học từ xa (Distance learning student).","• Hạn chót ra quyết định: 1 tháng 9 năm 2025.


• Trường sẽ chỉ liên hệ với những ứng viên thành công sau ngày này. (Lưu ý: Vì mốc thời gian hiển thị trong văn bản gốc là tháng 9/2025, chương trình này thường sẽ mở lại theo chu kỳ cho các kỳ nhập học tiếp theo).",Học bổng này nhắm tới việc xây dựng một lớp học có hồ sơ học thuật và văn hóa đa dạng. Họ tìm kiếm những ứng viên có tiềm năng đóng góp tích cực và làm phong phú thêm các khía cạnh của chương trình Thạc sĩ về Môi trường này.
"Spärck AI Scholarship
",https://www.manchester.ac.uk/study/masters/fees-and-funding/masters-student-funding/sparck-ai-scholarship/,10 slots,,Merit-based,"Áp dụng cho cả sinh viên Anh (Home) và sinh viên quốc tế (International), bao gồm Việt Nam.",The University of Manchester,"Học bổng Toàn phần, bao gồm:


• Miễn 100% học phí (Full tuition fee waiver).


• Cấp sinh hoạt phí hằng năm (Stipend): Tương đương mức tối thiểu của UKVI (Kỳ 2025/26 là £20,780/năm, khoảng hơn 680 triệu VNĐ).","• Có bằng Cử nhân xếp loại Xuất sắc (First-class honours, tương đương mức điểm trung bình 70% của Anh) ngành Khoa học máy tính hoặc các ngành liên quan.


• Có thư mời nhập học có điều kiện (Conditional offer) hoặc vô điều kiện (Unconditional offer) của 1 trong 5 ngành nêu trên tại Đại học Manchester.


• Chứng minh động lực mạnh mẽ muốn đóng góp cho hệ sinh thái AI tại Vương quốc Anh thông qua hồ sơ.","• Hạn chót nộp hồ sơ học bổng: 30 tháng 4 hằng năm.


• Vòng phỏng vấn và kết quả cuối cùng: Trước ngày 15 tháng 6 hằng năm.","Đây là chương trình chiến lược mới của Chính phủ Anh nhằm xây dựng thế hệ lãnh đạo AI tiếp theo. Trọng tâm của học bổng không chỉ là tiền bạc, mà là đặc quyền kết nối: Bạn sẽ tham gia vào một mạng lưới (cohort) các học giả xuất sắc, tham gia hoạt động xây dựng cộng đồng và đặc biệt là có cơ hội thực tập (work placement) tại các tập đoàn đối tác công nghệ lớn về AI vào cuối khóa học. Trường cũng nhấn mạnh việc chào đón các ứng viên thuộc nhóm chưa được đại diện nhiều (underrepresented groups) trong ngành công nghệ."
Think Big international scholarships,https://www.bristol.ac.uk/international/fees-finance/scholarships/career-accelerator/,,,merit-based,"International students (overseas fee status)
- Ứng viên đã apply chương trình Postgraduate Taught Master's đủ điều kiện tại University of Bristol
- Sinh viên nhập học kỳ September 2026",University of Bristol,"- Giá trị: £3,000
- Hình thức: giảm trực tiếp vào tuition fee
- Ngoài tiền học bổng còn có chương trình hỗ trợ nghề nghiệp đi kèm","Ứng viên cần đáp ứng:

1. Có overseas fee status (sinh viên quốc tế đóng học phí quốc tế)

2. Đã nộp đơn vào University of Bristol trước khi apply scholarship

3. Được nhận Application ID từ Bristol

4. Apply chương trình Master's đủ điều kiện","21 Oct 2025: Mở đơn scholarship
14 Jan 2026: Early consideration deadline Round 1
Feb 2026: Công bố Round 1 outcomes
10 Apr 2026 – 10:00 AM UK Time: Đóng đơn
Late May 2026: Công bố kết quả
July 2026: Gửi scholarship award letters","- Đây không phải học bổng ""full funding"" mà là career-enhancement scholarship.

- Giá trị tiền (£3,000) tương đối nhỏ so với học phí Master UK (~£25,000–£40,000), nhưng điểm mạnh nằm ở networking + employability support.

- Bristol dùng học bổng này như công cụ tăng graduate employability outcomes cho sinh viên quốc tế.

- Điểm cộng lớn cho ứng viên muốn xây hồ sơ nghề nghiệp UK sau tốt nghiệp.
- Vì chỉ cần một form duy nhất để xét nhiều scholarship quốc tế Bristol → effort apply thấp, đáng nộp."
Think Big Career Accelerator,https://www.bristol.ac.uk/international/fees-finance/scholarships/career-accelerator/,,,Merit-based / Employability-focused,Áp dụng cho tất cả ứng viên quốc tế (bao gồm Việt Nam) thuộc diện nộp học phí nước ngoài (overseas fee status).,University of Bristol,"• Giá trị học bổng: £3,000 (Khoảng 100 triệu VNĐ), trừ thẳng vào học phí.


• Đặc quyền đi kèm: Tham gia tiệc chào mừng, các hội thảo định hướng, ngày hội việc làm, các buổi hướng dẫn sửa CV, kỹ năng phỏng vấn và quyền truy cập vào kho tài nguyên chuẩn bị sự nghiệp trực tuyến của trường.","• Đã nộp hồ sơ xin học một chương trình Thạc sĩ hợp lệ tại Đại học Bristol và nhận được mã định danh ứng viên (Application ID).


• Không được sử dụng đồng thời cùng lúc với học bổng Think Big Postgraduate (nếu trúng Think Big lớn, suất Career Accelerator này sẽ tự động nâng cấp lên gói Think Big lớn).","• Mở đơn: 21/10/2025.


• Hạn chót Vòng 1: 14/01/2026 (Thông báo kết quả vào tháng 2/2026).


• Hạn chót đóng cổng hoàn toàn: 10/04/2026.


• Thông báo kết quả chung: Cuối tháng 5/2026.


• Gửi thư mời học bổng chính thức: Tháng 7/2026.","Đây là gói học bổng kết hợp giữa hỗ trợ tài chính nhẹ và đầu tư mạnh vào năng lực cạnh tranh trên thị trường việc làm cho sinh viên quốc tế. Trường Bristol thiết kế lộ trình này nhằm biến sinh viên thành các ứng viên ""sẵn sàng làm việc"" ngay khi tốt nghiệp. Điểm hay của cấu trúc tuyển sinh ở đây là cơ chế ""xét duyệt kép"": Nếu bạn đỗ gói Career Accelerator này ở Vòng 1, hồ sơ của bạn sẽ tự động được giữ lại để xét tiếp lên gói Think Big toàn phần/bán phần giá trị cao hơn vào tháng 5."
Aber Scholarships in Applied Science & Engineering,https://awardexplorer.utoronto.ca/,,,merit-based,,University of Toronto,,,,
Trinity College Scholarship,https://scholarships.unimelb.edu.au/awards/trinity-college-scholarships,Không công bố (xét hằng năm),,Need-based + Equity-based + Merit-based (tùy từng quỹ thành phần),Sinh viên trong nước và quốc tế bậc đại học,University of Melbourne,"- Giá trị từ AUD 5,000 đến AUD 120,000
- Có nhiều mức học bổng khác nhau
- Có thể hỗ trợ một phần hoặc toàn bộ phí nội trú (residential fees)
- Thời gian hỗ trợ từ 1 năm trở lên","- Phải nộp đơn riêng (Application Required)
- Sinh viên đại học tương lai hoặc đang theo học
- Điều kiện cụ thể tùy từng học bổng thành phần của Trinity College
- Ưu tiên sinh viên có hoàn cảnh khó khăn hoặc xuất thân đa dạng",,"Đây không phải một học bổng duy nhất mà là một ""hệ sinh thái học bổng"" của Trinity College. Mục tiêu chính là giúp sinh viên có hoàn cảnh tài chính hạn chế tiếp cận môi trường nội trú danh tiếng của Trinity College."
Queen's College Scholarships,https://scholarships.unimelb.edu.au/awards/queens-college-scholarships,Khoảng 100 suất/năm,,Need-based + Merit-based + Community Contribution,Sinh viên trong nước và quốc tế,University of Melbourne,"- Giá trị tối đa AUD 38,000
- Học bổng hỗ trợ phí nội trú (accommodation fee scholarships)
- Nhiều mức hỗ trợ khác nhau, tối đa AUD 15,000/năm
- Hỗ trợ từ 1 năm trở lên","- Phải nộp hồ sơ riêng (Application Required)
- Xét dựa trên hoàn cảnh tài chính, thành tích học tập và đóng góp cho cộng đồng Queen's College
- Áp dụng cho sinh viên tương lai và đang theo học",,"Đây là một quỹ học bổng lớn của Queen's College với khoảng 100 suất mỗi năm. So với nhiều học bổng cạnh tranh cao khác, cơ hội nhận hỗ trợ tương đối tốt do số lượng suất lớn và tiêu chí xét tuyển đa chiều."
Alumni Leadership Scholarship,https://scholarships.unimelb.edu.au/awards/alumni-leadership-scholarship,2 suất/năm,,Leadership-based + Merit-based,Sinh viên đang học Bachelor of Commerce,University of Melbourne,"- AUD 5,000 (one-off payment)
- Không gia hạn
- Tổng số: 2 suất/năm","- Đang theo học Bachelor of Commerce
- WAM ≥ 75
- Hoàn thành ít nhất 100 tín chỉ (100 points)
- Chứng minh được hoạt động cộng đồng và tiềm năng lãnh đạo
- Không ở học kỳ cuối
- Tham gia phỏng vấn nếu được shortlist","Mở đơn: 24/07/2026
Đóng đơn: 23/08/2026","Đây là học bổng leadership điển hình của khối Business. GPA chỉ là điều kiện cần; yếu tố quyết định thường là hồ sơ lãnh đạo, tác động cộng đồng và khả năng thể hiện trong phỏng vấn."
Eve Landman Scholarship,https://scholarships.unimelb.edu.au/awards/eve-landman-scholarship,1 suất/năm,,Need-based + Merit-based + Equity-based,Sinh viên đang theo học Doctor of Dental Surgery (DDS) hoặc Bachelor of Oral Health,University of Melbourne,"- Trợ cấp sinh hoạt AUD 30,000/năm
- Tổng giá trị tối đa AUD 120,000
- Chi trả theo quý (quarterly instalments)
- Hỗ trợ trong suốt thời gian học","- Đang theo học DDS hoặc Bachelor of Oral Health
- Chứng minh hoàn cảnh khó khăn tài chính (Financial Need)
- Nộp Student Financial Assessment Form
- Xét thêm thành tích học tập và GAM Score
- DDS: xét GPA + GAMSAT
- Oral Health: xét ATAR hoặc tương đương","Mở đơn: 01/01/2026
Đóng đơn: 08/03/2026","Đây là học bổng hỗ trợ sinh hoạt có giá trị rất lớn dành riêng cho ngành Nha khoa và Oral Health. Khác với nhiều học bổng chỉ xét thành tích học tập, Eve Landman ưu tiên sinh viên có hoàn cảnh khó khăn nhưng vẫn đạt thành tích học tập xuất sắc."
Ben Cowen Scholarship,https://scholarships.unimelb.edu.au/awards/ben-cowen-scholarship,1 suất,,Need-based / Equity-based,"Sinh viên trong nước và quốc tế từ nền tảng không nói tiếng Anh, người tị nạn hoặc người nhập cư",University of Melbourne,Trợ cấp sinh hoạt 10.000 AUD/năm trong 3 năm; tổng giá trị tối đa 30.000 AUD; số lượng: 1 suất,"- Đăng ký chương trình Bachelor of Arts tại University of Melbourne.
- Nộp VTAC Equity Schemes and Scholarships Application (SEAS).
- Thuộc nhóm non-English speaking background, refugee hoặc migrant background.
- Xét theo mức độ hoàn cảnh khó khăn (disadvantage).",Mở xét tự động (Open for automatic consideration). Không cần nộp đơn riêng. Xét khi nộp hồ sơ nhập học và SEAS cho năm học kế tiếp sau khi hoàn thành Year 12/IB.,"Học bổng hướng đến hỗ trợ tiếp cận giáo dục nhân văn cho người nhập cư, người tị nạn và các nhóm yếu thế. Trọng tâm không phải thành tích học tập xuất sắc mà là hoàn cảnh khó khăn và tiềm năng phát triển. Phù hợp với ứng viên có câu chuyện vượt khó mạnh và hồ sơ equity tốt."
Commerce Undergraduate International Merit Scholarships,https://scholarships.unimelb.edu.au/awards/international-undergraduate-merit-scholarships,,,merit-based,Sinh viên quốc tế đăng ký Bachelor of Commerce,University of Melbourne,Miễn giảm 50% học phí trong toàn bộ thời gian học Bachelor of Commerce (tối đa 300 credit points). Giá trị thực tế có thể lên tới hàng chục nghìn AUD tùy học phí từng năm. Số lượng: không công bố.,"- Là sinh viên quốc tế.
- Hoàn thành chương trình Year 12 hoặc tương đương đủ điều kiện vào Bachelor of Commerce.
- Nhận được unconditional offer từ Bachelor of Commerce.
- Được xét dựa trên thành tích học tập (academic merit).","Không cần nộp đơn riêng. Tự động xét khi nộp hồ sơ nhập học.

Kỳ nhập học Semester 1/2027: xét từ 07/2026–01/2027.
Kỳ nhập học Semester 2/2027: xét từ 03/2027–06/2027.","Đây là học bổng ""top target"" cho sinh viên quốc tế ngành Kinh doanh/Thương mại vì không yêu cầu hồ sơ riêng, không cần chứng minh tài chính hay hoạt động ngoại khóa. Yếu tố quyết định gần như hoàn toàn là GPA/điểm học tập. Phù hợp với ứng viên có thành tích học thuật xuất sắc nhưng chưa có nhiều thành tích ngoại khóa hoặc nghiên cứu. Do số lượng không công bố nên tính cạnh tranh khá cao, đặc biệt với học sinh từ các quốc gia có nhiều ứng viên mạnh như Trung Quốc, Ấn Độ, Việt Nam và Singapore."
Melbourne Humanitarian Access Scholarship,https://scholarships.unimelb.edu.au/awards/melbourne-humanitarian-access-scholarship,Ít nhất 8 suất,,Need-based / Equity-based / Humanitarian Scholarship,Sinh viên quốc tế đang xin tị nạn hoặc có visa nhân đạo tại Úc,University of Melbourne,"- Miễn 100% học phí toàn khóa học.
- Trợ cấp sinh hoạt 5.000 AUD/năm trong suốt thời gian học toàn thời gian.
- Tổng giá trị lên tới hơn 20.000 AUD tiền sinh hoạt + toàn bộ học phí.
- Số lượng: ít nhất 8 suất.","- Không phải công dân Úc hoặc New Zealand và không có thường trú nhân Úc.
- Đang sinh sống tại Úc.
- Đã nộp hoặc đang sở hữu visa nhân đạo (Humanitarian Visa) hoặc Protection Visa của Úc.
- Đáp ứng điều kiện đầu vào của một chương trình Undergraduate hoặc Graduate Coursework tại University of Melbourne.
- Nộp hồ sơ học bổng kèm bằng chứng về tình trạng visa.","Mở đơn: 01/05/2026
Hạn nộp: 30/11/2026
Kết quả: từ cuối tháng 12/2026",Đây là học bổng hỗ trợ tiếp cận giáo dục cho người tị nạn và người xin tị nạn tại Úc. Tiêu chí chính là hoàn cảnh nhân đạo kết hợp năng lực học thuật (course entry score). Giá trị cực cao vì bao gồm toàn bộ học phí và trợ cấp sinh hoạt. Tuy nhiên chỉ phù hợp với nhóm ứng viên đặc thù đang ở Úc theo diện bảo hộ nhân đạo.
"Nell Norris Fellowship
",https://scholarships.unimelb.edu.au/awards/nell-norris-fellowship,Ít nhất 1 suất/năm (thực tế rất hạn chế),,Merit-based / Research-based,Nghiên cứu sinh trong nước và quốc tế đăng ký Doctor of Philosophy (PhD) – Architecture,University of Melbourne,"- Trợ cấp nghiên cứu: 39.500 AUD/năm (mức 2026, có thể điều chỉnh theo lạm phát).
- Hỗ trợ tối đa 3,5 năm.
- Trợ cấp chuyển vùng: 2.000 AUD (ngoài bang Victoria) hoặc 3.000 AUD (ngoài Australia).
- Bảo hiểm OSHC toàn thời gian cho sinh viên quốc tế cần visa du học.
- Tổng giá trị tối đa: khoảng 140.000 AUD.
- Số lượng: ít nhất 1 suất.","- Đáp ứng điều kiện tuyển sinh chương trình Doctor of Philosophy – Architecture.
- Nộp hồ sơ học bổng riêng.
- Hồ sơ gồm: Personal Statement, Research Proposal, CV, Academic Transcripts, Thư giới thiệu học thuật và/hoặc nghề nghiệp.
- Có thể được yêu cầu tham gia phỏng vấn.",,"Đây là fellowship nghiên cứu chuyên ngành Kiến trúc có giá trị rất cao, hướng tới các ứng viên PhD xuất sắc về học thuật và nghiên cứu. Học bổng đánh giá toàn diện chất lượng đề cương nghiên cứu, tiềm năng học thuật và định hướng nghề nghiệp. Do số lượng cực ít nên mức độ cạnh tranh rất cao."
"HWC Simpson Research Scholarship
",https://scholarships.unimelb.edu.au/awards/hwc-simpson-research-scholarship,Tối thiểu 1 suất (có thể nhiều hơn tùy từng năm),,"Merit-based, Research-based Fellowship",Nghiên cứu sinh trong nước và quốc tế theo học PhD Architecture,University of Melbourne,"- Trị giá tối đa: 140.000 AUD.
- Stipend: 39.500 AUD/năm (2026 rate) trong tối đa 3,5 năm.
- Trợ cấp chuyển vùng: 2.000 AUD (ngoài bang Victoria) hoặc 3.000 AUD (ngoài Australia).
- Hỗ trợ OSHC cho sinh viên quốc tế cần visa.
- Số lượng: ít nhất 1 suất.","- Đã nộp hồ sơ và đáp ứng điều kiện vào chương trình Doctor of Philosophy – Architecture.
- Nộp: Personal Statement, Research Proposal, CV, Academic Transcripts, thư giới thiệu học thuật hoặc nghề nghiệp.
- Có thể được mời phỏng vấn.
- Xét dựa trên thành tích học thuật (academic merit).",,"Học bổng chỉ dành riêng cho PhD Architecture, không áp dụng cho các ngành khác. Đây là fellowship nghiên cứu chuyên sâu, ưu tiên ứng viên có hồ sơ học thuật mạnh, đề cương nghiên cứu chất lượng và định hướng nghiên cứu rõ ràng. Giá trị học bổng đủ để trang trải phần lớn chi phí sinh hoạt trong thời gian làm PhD. Phù hợp với ứng viên muốn theo đuổi sự nghiệp học thuật hoặc nghiên cứu trong lĩnh vực kiến trúc, quy hoạch và thiết kế đô thị."
"Veterinary Research Scholarship
",https://scholarships.unimelb.edu.au/awards/veterinary-research-scholarship,Tối thiểu 1 suất,,"Merit-based, Research-based",Nghiên cứu sinh trong nước và quốc tế đăng ký Doctor of Philosophy – Veterinary Science,University of Melbourne,"- Trợ cấp nghiên cứu (stipend): 25.000 AUD/năm.
- Thời gian hỗ trợ: 3,5 năm.
- Tổng giá trị tối đa: 87.500 AUD.
- Số lượng: ít nhất 1 suất.","- Đáp ứng điều kiện tuyển sinh chương trình Doctor of Philosophy – Veterinary Science.
- Nộp hồ sơ học bổng riêng.
- Hồ sơ gồm: Personal Statement về mục tiêu và cam kết nghiên cứu; CV (bao gồm kinh nghiệm lãnh đạo, công bố khoa học hoặc bài thuyết trình liên quan); Statement of Support từ giáo sư hướng dẫn.
- Xét dựa trên chất lượng hồ sơ và điểm đầu vào nghiên cứu (entry score).
- Các học bổng khác ứng viên đã nhận cũng được xem xét trong quá trình tuyển chọn.",,"Học bổng hướng đến các nghiên cứu sinh PhD trong lĩnh vực Thú y và Khoa học Thú y. Ngoài thành tích học thuật, hội đồng đánh giá rất chú trọng cam kết nghiên cứu, kinh nghiệm học thuật (publications, presentations) và sự ủng hộ từ giáo sư hướng dẫn. Đây là học bổng phù hợp với ứng viên đã có định hướng nghiên cứu rõ ràng và hồ sơ nghiên cứu tương đối mạnh trước khi nộp PhD."
"Eileen Mary Harris Scholarship
",https://scholarships.unimelb.edu.au/awards/eileen-mary-harris-scholarship,2 suất,,Merit-based,Sinh viên trong nước và quốc tế theo học Bachelor of Agriculture hoặc Master of Agricultural Sciences,University of Melbourne,"- Trợ cấp sinh hoạt 3.333 AUD/năm.
- Bachelor of Agriculture: tối đa 3 năm (tổng khoảng 10.000 AUD).
- Master of Agricultural Sciences: tối đa 1,5 năm (tổng khoảng 5.000 AUD).
- Chi trả thành 2 đợt/năm (tháng 4 và tháng 9).
- Tổng giá trị tối đa: 10.000 AUD.
- Số lượng: 2 suất.","- Được nhận vào chương trình Bachelor of Agriculture hoặc Master of Agricultural Sciences.
- Xét dựa trên thành tích học tập (academic merit).
- Không cần nộp hồ sơ học bổng riêng.","Open for automatic consideration.
Tự động xét cùng hồ sơ nhập học trong năm tuyển sinh.",Đây là học bổng bổ trợ (supplementary scholarship) hơn là học bổng toàn phần. Giá trị không đủ chi trả học phí nhưng có thể hỗ trợ một phần chi phí sinh hoạt. Điểm thuận lợi là không cần nộp đơn riêng và sinh viên quốc tế vẫn đủ điều kiện xét tuyển. Phù hợp với ứng viên ngành Nông nghiệp có thành tích học tập tốt muốn tăng tổng mức hỗ trợ tài chính từ nhiều nguồn học bổng khác nhau.
"Science Advanced (Honours) Excellence Scholarship
",https://scholarships.unimelb.edu.au/awards/science-advanced-honours-excellence-scholarship2,Tối thiểu 1 suất,,Merit-based,Sinh viên quốc tế theo học Bachelor of Science Advanced (Honours),University of Melbourne,"- Miễn giảm 20% học phí cho chương trình Bachelor of Science Advanced (Honours).
- Áp dụng cho 2 năm học.
- Giá trị thực tế phụ thuộc vào học phí từng năm.
- Số lượng: tối thiểu 1 suất.","- Nhận được offer cho một Overseas Fee Place trong chương trình Bachelor of Science Advanced (Honours).
- Xét dựa trên course entry score (thành tích học tập đầu vào).
- Không cần nộp hồ sơ học bổng riêng.","Open for automatic consideration.
Tự động xét cùng hồ sơ nhập học.
Học bổng không được bảo lưu (defer) sang năm sau.",Đây là học bổng dành cho nhóm sinh viên quốc tế xuất sắc theo học chương trình Science Advanced (Honours) – một chương trình nghiên cứu chuyên sâu dành cho sinh viên khoa học có năng lực học thuật cao. Mức hỗ trợ 20% học phí không quá lớn nhưng có lợi thế là xét tự động và hoàn toàn dựa trên thành tích học tập.
"Marie Skłodowska-Curie Actions
",https://scholarships.unimelb.edu.au/awards/marie-sklodowska-curie-actions,"Rất cạnh tranh, tỷ lệ thành công thường thấp (thường dưới 15–20% tùy chương trình)",,"Merit-based, Research-based, Mobility Fellowship","Nhà nghiên cứu ở mọi giai đoạn sự nghiệp, không phân biệt quốc tịch",University of Melbourne,"- Tổng ngân sách chương trình khoảng 1 tỷ EUR.
- Giá trị tài trợ từ khoảng 20.000 USD đến 16.000.000 USD tùy loại dự án.
- Có 4 nhóm chương trình khác nhau (Doctoral Networks, Postdoctoral Fellowships, Staff Exchanges, COFUND).
- Hỗ trợ lương, chi phí nghiên cứu, đào tạo, di chuyển quốc tế và xây dựng mạng lưới học thuật.","Điều kiện khác nhau theo từng chương trình MSCA. Thông thường yêu cầu:
- Có dự án nghiên cứu rõ ràng.
- Đáp ứng quy định về mobility (di chuyển giữa các quốc gia/tổ chức).
- Có đơn vị chủ trì hoặc host institution phù hợp.
- Đáp ứng các tiêu chuẩn học thuật và nghiên cứu của từng nhánh MSCA.","Open for applications.
Thời hạn mở/đóng đơn khác nhau tùy từng nhánh của MSCA và từng năm","Đây không phải là một học bổng đơn lẻ mà là một hệ thống các chương trình tài trợ nghiên cứu thuộc Horizon Europe của Liên minh Châu Âu. MSCA được xem là một trong những nguồn tài trợ nghiên cứu uy tín nhất toàn cầu, tập trung vào phát triển nhà nghiên cứu thông qua hợp tác quốc tế và luân chuyển học thuật."
"University College Scholarships
",https://scholarships.unimelb.edu.au/awards/ormond-college-scholarships,50 suất,,"Need-based (chủ yếu), có thể kết hợp Merit-based tùy từng quỹ thành phần","Sinh viên trong nước và quốc tế bậc Undergraduate, Honours, Graduate Coursework và Graduate Research có nhu cầu cư trú tại Ormond College",University of Melbourne,"- Học bổng hỗ trợ chi phí ký túc xá/nội trú (accommodation fees).
- Giá trị từ 5.000 – 36.000 AUD/năm.
- Số lượng khoảng 50 suất.
- Có thể kéo dài nhiều năm tùy loại học bổng và điều kiện duy trì.","- Phải nộp đơn trực tiếp cho Ormond College.
- Thông thường cần đăng ký hoặc có ý định cư trú tại Ormond College.
- Các tiêu chí cụ thể khác nhau giữa bậc Undergraduate và Graduate.
- Nhiều học bổng ưu tiên sinh viên gặp khó khăn tài chính hoặc có hoàn cảnh đặc biệt.","Open for Applications.
Thời hạn cụ thể phụ thuộc từng chương trình học bổng của Ormond College.","Đây là học bổng hỗ trợ chi phí ăn ở, không phải học bổng học phí. Giá trị cao nhất (36.000 AUD/năm) có thể bao phủ phần lớn hoặc toàn bộ chi phí nội trú tại Ormond College. Với số lượng lên tới 50 suất, đây là một trong những chương trình hỗ trợ tài chính có tỷ lệ tiếp cận tốt hơn nhiều học bổng cạnh tranh khác của Melbourne."
"Ormond College Scholarships
",https://scholarships.unimelb.edu.au/awards/ormond-college-scholarships,50 suất,,Need-based / Financial Assistance,Sinh viên trong nước và quốc tế đang hoặc sẽ học tại University of Melbourne và cư trú tại Ormond College,University of Melbourne,"Học bổng hỗ trợ phí nội trú (accommodation fees) từ 5,000 AUD đến 36,000 AUD/năm. Có nhiều mức hỗ trợ khác nhau tùy hoàn cảnh và nhu cầu tài chính.","- Phải nộp đơn riêng qua Ormond College.
- Dành cho sinh viên Undergraduate, Honours, Graduate Coursework hoặc Graduate Research.
- Xét trên cơ sở nhu cầu hỗ trợ tài chính và các tiêu chí cụ thể của từng chương trình học bổng tại Ormond College.",Hiện đang mở đơn (Open for applications). Thời hạn cụ thể phụ thuộc từng chương trình Undergraduate hoặc Graduate Scholarship của Ormond College.,"Đây là một trong những chương trình hỗ trợ tài chính lớn nhất dành cho sinh viên nội trú tại Melbourne với 50 suất, cao hơn rất nhiều so với phần lớn học bổng chỉ có 1–5 suất. Học bổng tập trung vào việc giảm gánh nặng chi phí ăn ở hơn là học phí. Đặc biệt phù hợp với sinh viên quốc tế cần hỗ trợ tài chính để sinh sống tại Melbourne."
"Commerce Global Merit Scholarship
",https://scholarships.unimelb.edu.au/awards/commerce-global-merit-scholarship,"Ít nhất 1 suất (thực tế thường nhiều hơn, không công bố số lượng cụ thể)",,Merit-based,Sinh viên quốc tế nhập học Bachelor of Commerce,University of Melbourne,Miễn giảm 20% học phí trong toàn bộ thời gian học Bachelor of Commerce. Giá trị thực tế có thể lên tới hàng chục nghìn AUD tùy mức học phí từng năm.,"- Nhận được offer học Bachelor of Commerce theo diện Overseas Fee Place.
- Chưa hoàn thành các môn học thuộc một chương trình đại học trước đó (ngoại trừ foundation, diploma và các chương trình chuyển tiếp được chấp thuận).
- Để duy trì học bổng: phải đậu tất cả các môn và đạt tối thiểu WAM 60 mỗi kỳ học nửa năm.",Không cần nộp đơn riêng. Tự động xét khi nộp hồ sơ nhập học Bachelor of Commerce,"Đây là học bổng tuyển sinh quốc tế tiêu biểu của Faculty of Business and Economics. Điểm đặc biệt là ngoài thành tích học tập, trường còn xét quốc gia nơi ứng viên học bằng cấp gần nhất, đồng thời giới hạn không quá 10% học bổng cho cùng một quốc gia trong mỗi năm học nhằm tăng tính đa dạng quốc tế."
"Cutler Scholarship
",https://scholarships.unimelb.edu.au/awards/cutler-scholarship,Ít nhất 1 suất,,Merit-based,Sinh viên trong nước và quốc tế bắt đầu học Bachelor of Fine Arts hoặc Master's by Coursework tại Victorian College of the Arts (VCA),University of Melbourne,"Trợ cấp sinh hoạt 10,000 AUD/năm trong toàn bộ thời gian học toàn thời gian; trả 2 đợt/năm (5,000 AUD vào tháng 4 và tháng 9). Tổng giá trị tối đa 30,000 AUD.","- Được nhận offer vào Bachelor of Fine Arts hoặc Master's by Coursework tại Victorian College of the Arts trong năm trao học bổng.
- Được đề cử bởi Trưởng khoa/Bộ môn.
- Xếp hạng dựa trên chất lượng portfolio (folio) hoặc audition và điểm đầu vào chương trình.
- Không được hoãn (defer) học bổng.",Không cần nộp đơn riêng. Tự động được xét khi đủ điều kiện nhập học trong năm trao học bổng.,"Đây là học bổng nghệ thuật danh giá dành cho sinh viên có năng lực sáng tạo nổi bật tại Victorian College of the Arts. Khác với nhiều học bổng dựa trên GPA, tiêu chí chính là chất lượng portfolio hoặc buổi audition, vì vậy rất phù hợp với ứng viên có hồ sơ nghệ thuật mạnh. Giá trị hỗ trợ sinh hoạt khá tốt (tối đa 30,000 AUD) và không yêu cầu nộp hồ sơ riêng."
"Loxton Scholarship
",https://scholarships.unimelb.edu.au/awards/loxton-scholarship,Khoảng 1 suất/năm,,Merit-based,Sinh viên nam trong lĩnh vực Nông nghiệp và Thú y; gồm sinh viên trong nước và quốc tế,University of Melbourne,"2,500 AUD/năm trong 3 năm; trả thành 2 đợt mỗi năm (1,250 AUD vào tháng 4 và tháng 9); tổng giá trị tối đa 7,500 AUD",Phải là nam giới và thuộc một trong các diện sau: (1) nhập học Doctor of Veterinary Medicine thông qua chuyên ngành Veterinary Bioscience năm 3 Bachelor of Science hoặc năm 1 Doctor of Veterinary Medicine; hoặc (2) nhập học năm nhất Bachelor of Agriculture. Xét dựa trên academic merit.,Không cần nộp đơn. Tự động xét khi đủ điều kiện. Kết quả thường công bố từ cuối tháng 4 hằng năm.,"Học bổng khá nhỏ về giá trị nhưng rất cạnh tranh do chỉ có khoảng 1 suất/năm. Phù hợp với nam sinh có thành tích học tập tốt theo đuổi Nông nghiệp hoặc Thú y tại Melbourne. Điểm mạnh là không cần nộp hồ sơ riêng, được tự động xét tuyển."
Cbus Super Mavis Robertson Scholarship,https://scholarships.unimelb.edu.au/awards/cbus-super-mavis-robertson,1 suất mỗi đợt (offered biannually),,Need-based,Sinh viên Bachelor of Commerce đang theo học; sinh viên trong nước và quốc tế đều đủ điều kiện,University of Melbourne,"13,000 AUD/năm cho năm 2 và năm 3 Bachelor of Commerce; tổng giá trị tối thiểu 26,000 AUD. Ngoài ra có thể được mời thực tập tại Cbus Super và cơ hội ứng tuyển vị trí graduate sau khi tốt nghiệp.","- Đã hoàn thành ít nhất 100 credit points của Bachelor of Commerce tại thời điểm nộp hồ sơ.
- Đăng ký học năm 2 Bachelor of Commerce.
- Nộp Student Financial Assessment Form.
- Nộp cover letter (~1 trang) trình bày hoàn cảnh hiện tại, tác động tới việc học và cách học bổng hỗ trợ hoàn thành chương trình.
- Sinh viên được shortlist sẽ tham gia phỏng vấn.","Mở đơn: 18/09/2026
Hạn nộp: 30/11/2026
Nộp Financial Assessment Form từ 01/09–29/11/2026","Đây là học bổng có giá trị khá cao dành riêng cho sinh viên BCom năm 2 gặp khó khăn về tài chính. Tiêu chí trọng tâm là mức độ bất lợi (disadvantage) chứ không phải GPA cao nhất. Ưu tiên nữ sinh, đồng thời mang lại lợi ích nghề nghiệp lớn nhờ cơ hội thực tập và kết nối trực tiếp với Cbus Super. Phù hợp với ứng viên có câu chuyện cá nhân thuyết phục về hoàn cảnh và động lực học tập."
ANU College of Arts and Social Sciences Academic Excellence Masters Scholarship,https://study.anu.edu.au/scholarships/find-scholarship/anu-college-arts-and-social-sciences-academic-excellence-masters,10 slots,,merit-based,Sinh viên quốc tế theo học bậc Master/Postgraduate Coursework,Australian National University (ANU),"Giá trị: lên đến AUD 20,000/năm. Thời gian hỗ trợ: 1 năm. Thanh toán: chia thành 2 đợt bằng nhau sau census date mỗi học kỳ. Số lượng: tối đa 10 suất mỗi năm. Lưu ý: học bổng không bao gồm học phí, sách, tài liệu học tập, chỗ ở hoặc các chi phí sinh hoạt khác","- Là international student
- Là công dân thuộc danh sách quốc gia đủ điều kiện: Việt Nam, Trung Quốc, Ấn Độ, Malaysia, Singapore, Hong Kong, Saudi Arabia, UAE, Indonesia
- Được nhận thư mời nhập học vào chương trình Master hoặc Master Advanced tại ANU College of Arts and Social Sciences (không áp dụng cho Master of Studies/Master of Studies Advanced)
- Xét tuyển dựa trên academic merit
- Duy trì tình trạng full-time study load để tiếp tục nhận học bổng",Áp dụng hằng năm. Thanh toán học bổng theo từng học kỳ trong 1 năm học,"Đây là học bổng phù hợp với ứng viên quốc tế có hồ sơ học thuật mạnh muốn học nhóm ngành Arts, Humanities hoặc Social Sciences tại ANU. Điểm đáng chú ý là Việt Nam nằm trong nhóm quốc gia ưu tiên, đồng thời học bổng tương đối cạnh tranh (tối đa 10 suất). Vì học bổng không chi trả học phí toàn phần hay chi phí sinh hoạt, ứng viên cần chuẩn bị kế hoạch tài chính bổ sung."
ACTION Trust Honours Scholarship,https://study.anu.edu.au/scholarships/find-scholarship/action-trust-honours-scholarship,2 slots,,Merit-based + Research-based,"Domestic, International, Current, Prospective Students",Australian National University (ANU) – Fenner School of Environment and Society & Research School of Earth Sciences,"Giá trị: lên đến AUD 5,000/năm. Số lượng: 2 suất. Thời gian hỗ trợ: 1 năm","- Được nhận vào chương trình Honours year tại Fenner School of Environment and Society hoặc Earth and Marine Science program thuộc Research School of Earth Sciences
- Có thành tích học tập tốt (strong academic record)
- Có định hướng nghiên cứu liên quan environment và sustainability
- Có người hướng dẫn nghiên cứu (suitable supervision)
- Có thể yêu cầu 2 thư giới thiệu học thuật (academic referees)",,"Học bổng phù hợp với sinh viên muốn phát triển nghiên cứu về môi trường, phát triển bền vững, khoa học trái đất hoặc khoa học biển. Tuy giá trị tài trợ không quá lớn, học bổng có tính học thuật cao vì ngoài điểm số còn đánh giá đề tài nghiên cứu, định hướng thesis và khả năng được supervision phù hợp. Phù hợp với ứng viên định hướng nghiên cứu hoặc học tiếp PhD sau Honours."
Agent Based Modelling Scholarship,https://study.anu.edu.au/scholarships/find-scholarship/agent-based-modelling-scholarship,1 slot,,Merit-based + Research-based + PhD Scholarship,"Sinh viên trong nước và quốc tế (Domestic, International, Prospective Students)",Australian National University (ANU) – College of Asia and the Pacific,"Giá trị: AUD 27,652/năm. Thời gian hỗ trợ: 4 năm. Thanh toán: hai tuần/lần (fortnightly). Số lượng: 1 suất. Hỗ trợ bổ sung gồm: kinh phí thực địa tại Indonesia (nếu mong muốn), phần mềm nghiên cứu, hỗ trợ hội nghị quốc tế năm thứ 2 và 3 của PhD, hỗ trợ di chuyển quốc tế","- Có bằng Bachelor degree với tối thiểu Upper Second-Class Honours (ưu tiên First-Class Honours) hoặc tương đương
- Hoặc có Graduate Diploma/Master degree với thành phần nghiên cứu đáng kể (research thesis) và/hoặc kinh nghiệm liên quan
- Có nền tảng mạnh về modelling và quan tâm ứng dụng vào archaeology và ecology
- Đủ điều kiện vào chương trình PhD in Culture, History and Language (Program 9050) thuộc ANU College of Asia and the Pacific",,"Đây là học bổng research-intensive và highly specialised, gắn với Australian Laureate Fellowship của Professor Sue O’Connor, tập trung nghiên cứu quá trình con người hiện đại đầu tiên định cư tại Island Southeast Asia. Học bổng phù hợp với ứng viên có thế mạnh computational modelling, simulation hoặc quantitative methods muốn ứng dụng vào khảo cổ học và sinh thái học. Điểm nổi bật là cơ hội tham gia fieldwork quốc tế tại Indonesia, networking học thuật và hỗ trợ tham dự hội thảo quốc tế trong quá trình làm PhD."
Cochrane Scholarship (Achieving Potential Scholarship for Distinction),https://www.monash.edu/study/fees-scholarships/scholarships/find-a-scholarship/cochrane-scholarship-6155,1 slot,,Merit-based + Equity-based + Humanitarian Scholarship,Sinh viên quốc tế đang ở Úc theo diện tị nạn hoặc visa bảo hộ nhân đạo,Monash University (Australia) – Monash Business School,"100% học phí quốc tế cho toàn bộ chương trình đại học (tối đa 4 năm) + AUD 6,000/năm sinh hoạt phí (48 credit points mỗi năm). Số lượng: 1 suất học bổng tại một thời điểm","Visa yêu cầu: Bridging Visa E; hoặc Bridging Visa A đã nộp Permanent Protection Visa; hoặc Temporary Protection Visa; hoặc Safe Haven Enterprise Visa.

Là sinh viên mới hoặc đang học chương trình single undergraduate degree tại Monash Business School (Australia campus).

Để duy trì học bổng: duy trì Weighted Average Mark (WAM) ≥ 50 mỗi học kỳ","2026: Không trao học bổng (""Not awarded in 2026""). Không được defer.

VTAC applicants: xét tự động qua VTAC Equity Scheme (SEAS).
Non-VTAC/current students: nộp Monash Humanitarian Scholarship application form","Đây là học bổng mang tính social mobility và educational equity rất mạnh, hướng tới người học có hoàn cảnh nhân đạo đặc biệt (asylum seekers/protection visa holders). Không chỉ đánh giá học lực mà còn xét hoàn cảnh cá nhân (personal circumstances). Giá trị nổi bật là 100% tuition + trợ cấp sinh hoạt, giúp giảm gần như toàn bộ rào cản tài chính. Ưu tiên sinh viên theo học Bachelor of Business."
"Resident Advisor Scholarship
",https://www.monash.edu/study/fees-scholarships/scholarships/find-a-scholarship/residential-advisor-scholarship-5692,,,Merit-based + Leadership-based + Service-based,"Sinh viên trong nước và quốc tế (Australian citizen, NZ citizen, PR, humanitarian visa holder, international student)",Monash University,"Full scholarship: tối đa AUD 6,139; 3/4 scholarship: tối đa AUD 4,604; Half scholarship: tối đa AUD 3,069. Học bổng được chia thành 10 đợt thanh toán hàng tháng (Feb–Nov). Một số suất trao thêm Dec–Jan cho ứng viên được chọn. Hỗ trợ dưới dạng rental rebate (giảm phí ký túc xá) trả trực tiếp vào Monash University Accommodation.","- Đang là sinh viên undergraduate/graduate/postgraduate tại Monash Australia
- Đang ở Monash University Accommodation
- Được bổ nhiệm làm Resident Advisor (RA)
- Không vi phạm điều kiện cư trú của Monash Accommodation
- Có Volunteer Working with Children Check hợp lệ
- GPA tối thiểu Pass Average (50%) năm học trước",Tự động xét khi apply vị trí Resident Advisor; không nêu deadline cố định,"Đây là học bổng hướng mạnh vào leadership và đóng góp cộng đồng ký túc xá, không chỉ thành tích học tập. Giá trị lớn nhất là cơ hội phát triển kỹ năng mềm (leadership, conflict resolution, communication, event management), networking và trải nghiệm quản lý cộng đồng sinh viên. Phù hợp với sinh viên muốn xây dựng hồ sơ hoạt động ngoại khóa và năng lực lãnh đạo."
K.C. Kuok Scholarship,https://www.monash.edu/study/fees-scholarships/scholarships/find-a-scholarship/kc-kuok-scholarship-6073,1 slot,,need based & merit-based,"Là sinh viên quốc tế.

Có quốc tịch thuộc: Trung Quốc đại lục, Hồng Kông, Indonesia hoặc các quốc gia Đông Nam Á (bao gồm Việt Nam).

Đến từ gia đình có thu nhập thấp (chứng minh được hoàn cảnh khó khăn).

Chưa từng học tập tại Đại học Monash trước đây.

Chưa từng bắt đầu học đại học ở bất kỳ tổ chức/trường đại học nào khác",Monash University,"Tổng giá trị tối đa: Lên đến $360.000 AUD cho toàn bộ khóa học 4 năm.

Các khoản bao trả:

Toàn bộ học phí (Full tuition fees).

Trợ cấp sinh hoạt phí: $14.000 AUD/năm.

Chi phí ký túc xá tại Đại học Monash (Monash University Accommodation) cho toàn bộ thời gian học (áp dụng cho hợp đồng nhà ở tiêu chuẩn hàng năm, không bao gồm kỳ nghỉ hè).

Chi phí làm thị thực sinh viên (Student visa).

Khoản trợ cấp ổn định ban đầu (một lần duy nhất vào năm đầu): $3,000 AUD.

Vé máy bay chuyến đầu tiên đến Úc (vào năm học đầu tiên).","Điều kiện Apply (Đăng ký học bổng):

Phải nộp hồ sơ xin học một khóa học đại học bậc đơn (Single degree) toàn thời gian tại Monash (Lưu ý: Bậc học bằng kép - Double degree không được chấp nhận).

Nộp mẫu đơn đăng ký học bổng trực tuyến riêng biệt (hoặc điền form offline gửi về email trường).

Nộp bài luận cá nhân (Personal aspiration statement) và tài liệu chứng minh tài chính (Financial support statement).

Phải trải qua vòng phỏng vấn (Interview)","Thời gian mở đơn: Thường mở từ khoảng tháng 4 đến tháng 7 hàng năm cho kỳ nhập học tháng 3 năm sau.

Kỳ tuyển sinh hiện tại: Kỳ tuyển sinh 2025 (nhập học tháng 2/2026) đã đóng đơn. Kỳ tuyển sinh tiếp theo sẽ mở vào khoảng tháng 4 - tháng 7 năm 2026 cho kỳ nhập học tháng 3 năm 2027.

Thời gian thông báo kết quả: Tất cả ứng viên ứng tuyển cho kỳ trước đó sẽ nhận được thông báo kết quả vào tuần bắt đầu từ ngày 18 tháng 8 năm 2025.","Được miễn lệ phí nộp đơn trường: Ứng viên nộp học bổng này sẽ được miễn phí $125 AUD phí xét đơn nhập học (Course application fee). Bạn cần email cho trường trước để xin mã giảm phí (waiver code) trước khi nộp hồ sơ khóa học.

Hỗ trợ toàn diện ngoài tài chính: Học bổng không chỉ cho tiền, mà người nhận học bổng còn được tiếp cận các mạng lưới hỗ trợ học tập, đời sống xã hội, cơ hội ứng tuyển thực tập và các đặc quyền phi tài chính khác từ Monash.

Tính nghiêm ngặt: Học bổng này KHÔNG cho phép hoãn (Cannot be deferred). Bạn bắt buộc phải nhập học đúng kỳ hạn nếu trúng tuyển, nếu không học bổng sẽ bị hủy.

Tập trung vào câu chuyện cá nhân: Vì học bổng xét dựa trên cả yếu tố hoàn cảnh và tài năng, vòng bài luận khát vọng cá nhân (Aspiration statement) và vòng phỏng vấn trực tiếp đóng vai trò cốt lõi để thuyết phục hội đồng trường lựa chọn bạn thay vì các ứng viên khác."
"Monash Hardship Scholarship
",https://www.monash.edu/study/fees-scholarships/scholarships/find-a-scholarship/monash-hardship-scholarship-8003,430 slots,,Need-based / Equity scholarship,"Công dân Úc (Australian citizen)
- Công dân New Zealand
- Thường trú nhân Úc (Australian permanent resident)
- Người giữ humanitarian visa của Úc

Sinh viên mới hoặc đang học bậc undergraduate hoặc graduate coursework tại Monash Australia.",Monash University,"Giá trị: AUD 3,000 (one-off payment – cấp một lần)
- Số lượng: 430 suất
- Tổng range tiền: tối đa AUD 3,000/người
- Sinh viên chỉ được nhận 1 lần/năm","Ứng viên cần đáp ứng:

1. Điều kiện quốc tịch/cư trú thuộc nhóm eligible phía trên.

2. Có hoàn cảnh khó khăn ảnh hưởng việc học, ví dụ:
- Khó khăn gia đình hoặc biến cố cuộc sống
- Khuyết tật (disability)
- Tình trạng sức khỏe dài hạn (long-term medical condition) ảnh hưởng khả năng học tập

3. Đang học hoặc dự định học chương trình undergraduate/graduate coursework tại Monash Australia","Không ghi deadline cố định trên trang học bổng. Sinh viên:
- Nếu apply qua hệ thống tuyển sinh Victoria (VTAC) → cần đăng ký SEAS (Special Entry Access Scheme) để được xét tự động.
- Sinh viên Monash hiện tại → apply trực tiếp qua Monash.","Đây là học bổng thiên về hỗ trợ duy trì việc học (retention support) hơn là thu hút nhân tài học thuật. Điểm đáng chú ý:

- Không cạnh tranh GPA cao, trọng tâm là financial hardship + equity background.
- Phù hợp với sinh viên gặp khó khăn tài chính, biến cố gia đình, hoặc vấn đề sức khỏe kéo dài.
- Giá trị tiền không quá lớn (AUD 3,000) nhưng số lượng suất nhiều (430 suất) → xác suất nhận thường khả quan hơn nhóm merit scholarship.
- Không phù hợp với sinh viên quốc tế thông thường, vì eligibility giới hạn chủ yếu ở đối tượng có quyền cư trú tại Úc/New Zealand."
"Vice-Chancellor ASEAN Award for Onshore School Leavers
",https://www.monash.edu/study/fees-scholarships/scholarships/find-a-scholarship/vice-chancellor-asean-award-for-onshore-school-leavers-6286,5 slots,,merit-based,Sinh viên quốc tế có quốc tịch thuộc ASEAN Sinh viên bắt đầu chương trình Undergraduate Coursework tại Monash Australia Dành cho nhóm Onshore School Leavers tức học sinh quốc tế đang học trung học tại Australia trước khi vào đại học,Monash University,Tổng giá trị tối đa lên tới 76 719 AUD Hỗ trợ 20% học phí mỗi năm tối đa 3 năm Hỗ trợ phí visa một lần trị giá 2 000 AUD OSHC bảo hiểm y tế sinh viên quốc tế trị giá 2 511 AUD cho khoảng 3 năm 4 tháng Myki Local Travel Card trị giá 683 AUD cho 12 tháng Số lượng 5 suất mỗi năm,Là sinh viên quốc tế thuộc quốc gia ASEAN Đăng ký Undergraduate Degree tại Monash Australia Có ATAR từ 97 trở lên Đã nhận Monash course offer Không áp dụng cho Bachelor of Medicine and Bachelor of Surgery Honours Không áp dụng cho Medical Science and Doctor of Medicine MD,Hồ sơ và tuyển chọn được quản lý bởi International Admissions Không được defer học bổng,Đây là học bổng ASEAN có mức cạnh tranh rất cao vì chỉ có 5 suất và yêu cầu ATAR từ 97 trở lên tương đương nhóm học sinh top đầu Điểm khác biệt lớn là học bổng này hướng tới học sinh quốc tế ASEAN đang học trung học tại Australia thay vì học sinh nộp từ nước ngoài Phù hợp với học sinh Việt Nam học chương trình THPT tại Australia muốn chuyển tiếp lên Monash Nếu so với Vice Chancellor ASEAN Award thông thường thì đây là phiên bản chọn lọc hơn với yêu cầu học thuật cao hơn và quy mô nhỏ hơn
"Vice-Chancellor ASEAN Pathway Award
",https://www.monash.edu/study/fees-scholarships/scholarships/find-a-scholarship/vice-chancellor-asean-pathway-award-6302,,,merit-based,Sinh viên quốc tế thuộc 10 quốc gia ASEAN gồm Brunei Cambodia Indonesia Laos Malaysia Myanmar Philippines Singapore Thailand và Việt Nam Sinh viên bắt đầu học chương trình pathway tại Monash,Monash University,Hỗ trợ 40% học phí chương trình tại Monash College Áp dụng cho Monash University Foundation Year Standard hoặc Monash College Diploma Part 2 Số lượng học bổng linh hoạt theo từng năm,Là sinh viên quốc tế thuộc một trong 10 quốc gia ASEAN Có kế hoạch học toàn thời gian Monash University Foundation Year Standard hoặc Monash College Diploma Part 2 Là sinh viên bắt đầu chương trình học mới Để duy trì học bổng cần đạt satisfactory academic progress tức vượt qua toàn bộ môn học đăng ký mỗi học kỳ,Không cần nộp hồ sơ riêng Ứng viên đủ điều kiện sẽ được tự động xét khi đăng ký chương trình phù hợp tại Monash College Không được defer học bổng,Đây là học bổng phù hợp với học sinh ASEAN muốn đi theo pathway route vào Monash thay vì vào thẳng đại học Điểm mạnh lớn là Việt Nam nằm trong nhóm ASEAN đủ điều kiện và học bổng hỗ trợ trực tiếp 40% học phí pathway giúp giảm đáng kể chi phí năm đầu So với Vice Chancellor ASEAN Award học bổng này tập trung vào Foundation Year và Diploma pathway thay vì undergraduate chính thức Phù hợp với học sinh cần lộ trình chuyển tiếp vào Monash hoặc chưa đủ điều kiện đầu vào trực tiếp Undergraduate
"Vice Chancellor's ASEAN Award
",https://www.monash.edu/study/fees-scholarships/scholarships/find-a-scholarship/vice-chancellors-asean-award-6280,67 slots,,merit-based,Sinh viên quốc tế thuộc 10 quốc gia ASEAN gồm Brunei Cambodia Indonesia Laos Malaysia Myanmar Philippines Singapore Thailand và Việt Nam Ứng viên bắt đầu chương trình Undergraduate toàn thời gian tại Monash Australia,Monash University,Tổng giá trị tối đa lên tới 37 054 AUD Bao gồm hỗ trợ 20% học phí tối đa 3 năm Vé máy bay một chiều economy trị giá 2 000 AUD Hỗ trợ phí visa 2 000 AUD Relocation grant hỗ trợ ổn định cuộc sống 5 000 AUD Hỗ trợ di chuyển địa phương Myki 12 tháng trị giá 683 AUD Airport pickup service trị giá 187 AUD Bảo hiểm OSHC trị giá 2 511 AUD Số lượng 67 suất mỗi năm,Là sinh viên quốc tế thuộc một trong 10 nước ASEAN Đăng ký chương trình Undergraduate toàn thời gian tại Monash campus Australia Là sinh viên bắt đầu chương trình học mới tại Monash,Không cần nộp hồ sơ riêng Tất cả ứng viên đủ điều kiện sẽ được tự động xét khi nộp hồ sơ chương trình phù hợp tại Monash,Đây là học bổng rất đáng chú ý với sinh viên Việt Nam vì Việt Nam nằm trong nhóm ASEAN được ưu tiên Khác với nhiều học bổng chỉ hỗ trợ học phí học bổng này hỗ trợ khá toàn diện gồm học phí visa bảo hiểm vé máy bay và chi phí ổn định cuộc sống ban đầu Số lượng 67 suất mỗi năm giúp mức cạnh tranh dễ tiếp cận hơn so với các học bổng Monash chỉ 4 đến 20 suất Phù hợp với học sinh Việt Nam muốn học Undergraduate tại Australia nhưng cần giảm áp lực tài chính ban đầu Vì xét tự động nên trọng tâm là xây hồ sơ đầu vào thật mạnh GPA hoạt động ngoại khóa leadership và profile cá nhân
Monash Humanitarian Scholarship,https://www.monash.edu/study/fees-scholarships/scholarships/find-a-scholarship/monash-humanitarian-scholarship,,,merit-based & equity-based,Australian Humanitarian Visa Holder Ứng viên nghiên cứu sau đại học bị ảnh hưởng bất lợi trong quá trình học tập trước đây do hoàn cảnh cá nhân hoặc yếu tố bất bình đẳng giáo dục,Monash University,Giá trị học bổng 37 145 AUD mỗi năm theo mức năm 2026 Bao gồm Living Allowance hỗ trợ sinh hoạt phí Bao gồm Relocation Allowance cho người chuyển đến bang Victoria từ bang khác hoặc từ nước ngoài Số lượng học bổng thay đổi theo từng năm,Là Australian Humanitarian Visa Holder Đáp ứng yêu cầu cạnh tranh học bổng của Monash Đạt yêu cầu tiếng Anh của Monash Có quá trình học tập trước đây bị ảnh hưởng bởi equity grounds Có thể thuộc một hoặc nhiều nhóm hoàn cảnh gồm Disability hoặc Long-term Medical Condition Regional hoặc Remote Area Background Difficult Personal Circumstances như trách nhiệm chăm sóc người thân ly hôn thiên tai mất người thân hoàn cảnh gia đình khó khăn vô gia cư Recent Refugee theo diện Global Special Humanitarian Visa Subclass 202,Có 2 đợt nộp hồ sơ mỗi năm Round 2 đóng ngày 31 tháng 5 Round 4 đóng ngày 31 tháng 10,Đây không phải học bổng nghiên cứu thuần merit như MGS hoặc Maxwell King Scholarship mà là học bổng ưu tiên yếu tố công bằng giáo dục và hoàn cảnh đặc biệt Điểm khác biệt lớn là hồ sơ được đánh giá cả năng lực nghiên cứu lẫn mức độ bất lợi mà ứng viên từng trải qua Phù hợp với ứng viên nghiên cứu có humanitarian visa và hành trình học tập bị ảnh hưởng bởi yếu tố hoàn cảnh cá nhân xã hội hoặc sức khỏe Đây là học bổng mang định hướng equity access hơn là cạnh tranh nghiên cứu thuần túy
Monash International Leadership Scholarship,https://www.monash.edu/study/fees-scholarships/scholarships/find-a-scholarship/monash-international-leadership-scholarship-5571Z,4 slots,,merit-based,Sinh viên quốc tế đăng ký chương trình Undergraduate tại Monash University Australia,Monash University,Học bổng hỗ trợ 100% học phí toàn khóa học cho đến khi hoàn thành số tín chỉ tối thiểu của chương trình Không bao gồm OSHC (bảo hiểm y tế sinh viên quốc tế) Không bao gồm chi phí sinh hoạt và chỗ ở Có cơ hội tham gia Campus Ambassador Program từ học kỳ thứ hai Có cơ hội tham gia Monash Minds Leadership Program dành cho sinh viên năm nhất Số lượng 4 suất mỗi năm,Là sinh viên quốc tế Đã nhận full course offer không điều kiện từ Monash Có kế hoạch học toàn thời gian bậc Undergraduate tại campus Monash ở Australia Không áp dụng với sinh viên đang học tại Monash Không áp dụng với học sinh Australian Year 12 Không áp dụng với Bachelor of Medical Science và Doctor of Medicine (MD) Không áp dụng với Monash Foundation Year hoặc Monash College pathway programs Không áp dụng với sinh viên chuyển campus hoặc chuyển từ đại học Australia khác,Không cần nộp hồ sơ riêng Ứng viên đủ điều kiện được tự động xét khi nhận undergraduate offer từ Monash Có thể defer trong cùng năm dương lịch,Đây là học bổng undergraduate quốc tế cạnh tranh nhất của Monash vì chỉ có 4 suất toàn cầu mỗi năm và hỗ trợ toàn bộ học phí Điểm nổi bật là ngoài hỗ trợ tài chính còn phát triển leadership thông qua Ambassador Program và Monash Minds Hồ sơ mạnh thường cần GPA rất cao kết hợp thành tích hoạt động ngoại khóa leadership hoặc community engagement nổi bật Vì không cần nộp hồ sơ riêng nên điều quan trọng nhất là xây hồ sơ đầu vào undergraduate thật mạnh ngay từ đầu Phù hợp với học sinh quốc tế thành tích học tập xuất sắc muốn săn học bổng gần full ride tại Australia
Monash Graduate Scholarship (MGS),https://www.monash.edu/study/fees-scholarships/scholarships/find-a-scholarship/monash-graduate-scholarship-mgs,,,merit-based,Sinh viên quốc tế Công dân Australia Công dân New Zealand Permanent Resident Australia Humanitarian Visa Holder Ứng viên đăng ký Research Doctorate hoặc Research Masters tại Monash,Monash University,Giá trị học bổng 37 145 AUD mỗi năm theo mức năm 2026 Bao gồm Living Allowance hỗ trợ sinh hoạt phí Relocation Allowance hỗ trợ chuyển nơi ở nếu đủ điều kiện Sinh viên quốc tế có thể được kết hợp thêm Tuition Scholarship hỗ trợ học phí,Đáp ứng yêu cầu cạnh tranh học bổng của Monash Đạt yêu cầu tiếng Anh của Monash Đăng ký Research Doctorate hoặc Research Masters tại Monash Nếu là ứng viên mới cần nhận invitation to apply từ faculty liên quan trước khi nộp,Có 4 đợt xét mỗi năm Round 1 International đóng ngày 31 tháng 3 Round 2 Domestic đóng ngày 31 tháng 5 Round 3 International đóng ngày 31 tháng 8 (riêng năm 2026 đóng ngày 31 tháng 7) Round 4 Domestic đóng ngày 31 tháng 10,Đây là học bổng nghiên cứu cốt lõi của Monash dành cho Research Master và PhD So với Co-funded Monash Graduate Scholarship thì MGS được tài trợ hoàn toàn bởi Monash University thay vì đồng tài trợ với faculty Điểm mạnh là sinh viên quốc tế có thể kết hợp thêm học bổng học phí tạo thành package hỗ trợ tương đối mạnh Ứng viên có publication research assistant thesis mạnh hoặc kinh nghiệm nghiên cứu tốt sẽ có lợi thế đáng kể Phù hợp với ứng viên định hướng học thuật hoặc nghiên cứu lâu dài
Co-funded Monash Graduate Scholarship (CF-MGS),https://www.monash.edu/study/fees-scholarships/scholarships/find-a-scholarship/co-funded-monash-graduate-scholarship-cf-mgs,,,merit-based,Sinh viên quốc tế Công dân Australia Công dân New Zealand Permanent Resident Australia Humanitarian Visa Holder Ứng viên đăng ký Research Doctorate hoặc Research Masters tại Monash,Monash University,Giá trị học bổng 37 145 AUD mỗi năm theo mức năm 2026 Bao gồm Living Allowance hỗ trợ sinh hoạt phí Relocation Allowance hỗ trợ chuyển nơi ở nếu đủ điều kiện Sinh viên quốc tế được cấp thêm Faculty Tuition Paying Scholarship hỗ trợ học phí Được tài trợ đồng thời bởi Monash University và faculty hoặc academic unit nơi sinh viên theo học,Đáp ứng yêu cầu cạnh tranh học bổng của Monash Đạt yêu cầu tiếng Anh của Monash Đăng ký chương trình Research Masters hoặc Research Doctorate tại Monash Nếu là ứng viên mới cần nhận invitation to apply từ faculty liên quan trước khi nộp,Có 4 đợt xét mỗi năm Round 1 International đóng ngày 31 tháng 3 Round 2 Domestic đóng ngày 31 tháng 5 Round 3 International đóng ngày 31 tháng 8 (riêng năm 2026 đóng ngày 31 tháng 7) Round 4 Domestic đóng ngày 31 tháng 10,Đây là học bổng phù hợp với ứng viên Research Master hoặc PhD muốn có hỗ trợ sinh hoạt ổn định trong quá trình nghiên cứu Điểm mạnh lớn với sinh viên quốc tế là có thêm Faculty Tuition Paying Scholarship hỗ trợ học phí ngoài stipend Vì xét dựa trên research profile nên publication research assistant thesis hoặc research experience sẽ tạo lợi thế đáng kể Mức cạnh tranh thấp hơn các học bổng cực chọn lọc như Maxwell King Scholarship nhưng vẫn đòi hỏi hồ sơ học thuật và nghiên cứu tốt
Sir James McNeill Foundation Postgraduate Research Scholarship,https://www.monash.edu/study/fees-scholarships/scholarships/find-a-scholarship/sir-james-mcneill-postgraduate-research-scholarship,1 slot per 2 years,,merit-based,Sinh viên quốc tế Công dân Australia Công dân New Zealand Australian Permanent Resident Australian Humanitarian Visa Holder Ứng viên nghiên cứu sau đại học Graduate Research tại Monash,Monash University,Giá trị học bổng 53 608 AUD mỗi năm (mức năm 2026) Bao gồm Living Allowance hỗ trợ sinh hoạt phí Research Allowance hỗ trợ nghiên cứu Relocation Allowance hỗ trợ chuyển nơi ở nếu đủ điều kiện Số lượng 1 suất mỗi 2 năm,Đã nộp hồ sơ Graduate Research Scholarship trong năm học bổng được trao Thực hiện nghiên cứu có tính trách nhiệm môi trường (environmentally responsible) và mang lại lợi ích xã hội (socially beneficial) Đáp ứng yêu cầu cạnh tranh học bổng của Monash Đạt yêu cầu tiếng Anh của Monash Nếu là ứng viên mới phải nhận invitation to apply từ faculty liên quan trước khi nộp Chỉ áp dụng cho nghiên cứu thuộc Arts (School of Music) Engineering Medicine Nursing and Health Sciences Science,Deadline 31 tháng 10 hàng năm Chỉ xét trong scholarship round ngày 31 tháng 10 Học bổng được trao 1 lần mỗi 2 năm,Đây là học bổng nghiên cứu rất cạnh tranh do chỉ có 1 suất mỗi 2 năm Điểm khác biệt lớn là không chỉ xét thành tích nghiên cứu mà còn đánh giá mức độ đóng góp xã hội và phát triển bền vững của đề tài nghiên cứu Ứng viên mạnh thường có GPA cao kinh nghiệm nghiên cứu publication hoặc research outputs tốt và đề tài có social impact rõ ràng Phù hợp với ứng viên định hướng PhD học thuật lâu dài đặc biệt trong các lĩnh vực sustainability healthcare science engineering hoặc social impact research
Maxwell King PhD Scholarship,https://www.monash.edu/study/fees-scholarships/scholarships/find-a-scholarship/maxwell-king-phd-scholarship,2 slots,,merit-based,Ứng viên trong nước và quốc tế đăng ký chương trình PhD / Graduate Research tại Monash University.,Monash University,"53 608 AUD mỗi năm theo mức năm 2026
Living allowance hỗ trợ sinh hoạt phí Research allowance hỗ trợ chi phí nghiên cứu Relocation allowance hỗ trợ chuyển nơi ở nếu đủ điều kiện",Đã nộp hồ sơ học bổng Graduate Research trong năm hiện tại Đáp ứng yêu cầu cạnh tranh học bổng của Monash Đạt yêu cầu tiếng Anh đầu vào của Monash Nếu là ứng viên mới phải nhận được invitation to apply từ faculty liên quan,Đóng đơn ngày 31 tháng 10 hàng năm,Đây là học bổng PhD rất cạnh tranh của Monash vì chỉ có 2 suất mỗi năm Hồ sơ mạnh thường có GPA cao kinh nghiệm nghiên cứu publication và định hướng nghiên cứu rõ ràng Research output là yếu tố được Monash đánh giá cao nên ứng viên có paper hoặc kinh nghiệm nghiên cứu sẽ có lợi thế lớn Phù hợp với ứng viên định hướng học thuật lâu dài hoặc nghiên cứu chuyên sâu
Monash International Merit Scholarship,https://www.monash.edu/study/fees-scholarships/scholarships/find-a-scholarship/international-merit-5770,20 slots,,merit-based,Sinh viên quốc tế (mọi quốc gia) đăng ký chương trình Undergraduate (Cử nhân) tại Monash Australia.,Monash University,• Giá trị: 15.000 AUD/năm (áp dụng học bổng cấp từ 2026 trở đi) • Tổng giá trị tối đa: 75.000 AUD • Duy trì đến khi hoàn thành số tín chỉ tối thiểu của chương trình học • Thêm quyền được mời tham gia Monash Minds Leadership Program (chương trình phát triển lãnh đạo năm nhất),Điều kiện đủ: • Là sinh viên quốc tế • Đã nhận full course offer không điều kiện (unconditional offer) từ Monash • Có kế hoạch học toàn thời gian bậc undergraduate tại campus Monash ở Australia Không đủ điều kiện nếu: • Đang là sinh viên Monash • Học Australian Year 12 • Học Bachelor of Medical Science + Doctor of Medicine (MD) • Thuộc chương trình pathway (Monash College/Foundation Year) • Chuyển campus Monash hoặc chuyển từ đại học Australia khác sang,Không cần nộp đơn riêng → Sinh viên đủ điều kiện sẽ được tự động xét (automatic consideration) khi nhận undergraduate offer từ Monash. Có thể defer trong cùng năm dương lịch.,"• Đây là học bổng merit khá cạnh tranh vì chỉ có 20 suất toàn cầu mỗi năm. • Điểm mạnh là không cần hồ sơ học bổng riêng, giảm workload apply. • GPA/academic excellence gần như là yếu tố quyết định. • Học bổng này phù hợp với học sinh quốc tế profile học thuật mạnh nhưng chưa đủ để săn full-ride toàn phần. • Khoản 15.000 AUD/năm hỗ trợ đáng kể học phí nhưng thường chưa cover toàn bộ chi phí học + sinh hoạt tại Australia. • Điều kiện duy trì 70% mỗi kỳ tương đối “gắt”, cần giữ phong độ học tập ổn định."
Bocconi4Access to Education,https://www.unibocconi.it/en/applying-bocconi/bachelor-and-law-programs/funding,,,merit-based,Ứng viên quốc tế nộp chương trình Bachelor và Law Programs tại Bocconi năm học 2026–2027.,Bocconi University,"Sẽ có ba nấc:100% Full tuition waiver
80% Partial tuition waiver
60% Partial tuition waiver","• Đăng ký qua một đơn chung: “Bocconi4Access to Education a.y. 2026–27 application” • Hồ sơ chủ yếu xem xét: – Tình hình tài chính gia đình (economic situation) – Tài sản gia đình (asset situation) – Một số yếu tố về thành tích và đặc điểm sinh viên • Áp dụng cho học sinh có động lực học tập và phù hợp với giá trị trường: plurality, inclusion, accessibility",,• Đây là mô hình financial aid package hơn là một học bổng merit scholarship truyền thống. • Nếu gia đình có nhu cầu hỗ trợ tài chính đáng kể thì đây là chương trình đáng ưu tiên vì có khả năng cover phần lớn hoặc toàn bộ học phí. • Hồ sơ chứng minh tài chính sẽ rất quan trọng. • Vì nguồn quỹ phụ thuộc donor từng năm nên nộp sớm thường có lợi thế. • Phù hợp với học sinh quốc tế có profile học tập tốt nhưng cần hỗ trợ tài chính để học tại Italy.
Global Excellence Undergraduate Scholarships,https://www.tcd.ie/study/international/scholarships/undergraduate/geug.php,,,merit-based,Sinh viên quốc tế bậc Undergraduate (Đại học) có học phí diện non-EU fee status.,Trinity College Dublin (TCD),• Giá trị học bổng: 2.000 EUR – 5.000 EUR • Hình thức hỗ trợ: giảm học phí năm nhất (Year 1 tuition fee reduction) • Chỉ áp dụng cho chương trình đại học toàn thời gian,• Có non-EU fee status • Đã nhận course offer cho năm học 2026–2027 tại Trinity College Dublin • Phải bắt đầu học năm nhất chương trình undergraduate toàn thời gian • Nộp thông tin cá nhân + kết quả học THPT + bài viết trình bày cách bản thân sẽ đóng góp cho cộng đồng Trinity • Không đủ điều kiện nếu là sinh viên Trung Quốc (được chuyển sang học bổng Claddagh Undergraduate Scholarship),Deadline theo khu vực: • Africa: 01/05/2026 • North/Central/South America: 01/04/2026 • Southeast Asia & Oceania: 15/07/2026 • Các khu vực khác: 15/06/2026 → Việt Nam thuộc Southeast Asia → Deadline: 15/07/2026,"• Đây là học bổng partial scholarship (bán phần) chứ không phải full-ride. • Điểm khác biệt là trường đánh giá ""community contribution potential"", nên bài essay rất quan trọng. • Vì xét rolling nên nộp càng sớm càng lợi thế. • Giá trị 2.000–5.000 EUR không cover toàn bộ chi phí Ireland (chi phí sinh hoạt Dublin khá cao), nên phù hợp với người đã có kế hoạch tài chính hoặc học bổng bổ sung. • Nếu GPA mạnh + hoạt động ngoại khóa tốt + leadership/community impact rõ thì có lợi thế cạnh tranh."
"The Monbukagakusho Honors Scholarship for Privately-Financed International Students
",https://www.jasso.go.jp/en/ryugaku/scholarship_j/shoreihi/about.html,,,merit-based,"Sinh viên quốc tế tự túc (không nhận học bổng Chính phủ) đang học tại: Đại học, Cao học, Cao đẳng, Trường nghề, Dự bị đại học, hoặc Trường tiếng Nhật.",Tất cả các cơ sở giáo dục tại Nhật Bản được JASSO công nhận,"Hệ Đại học/Cao học: 48,000 yen/tháng.


- Hệ Trường tiếng: 30,000 yen/tháng.


- Thời gian: 12 tháng (từ tháng 4) hoặc 6 tháng (từ tháng 10).","1. Đang là sinh viên chính quy tại Nhật.


2. Thành tích học tập đạt chuẩn GPA của JASSO.


3. Ngoại ngữ: Tiếng Nhật (N2+, EJU 200+) hoặc Tiếng Anh (B2 CEFR+).


4. Tài chính: Tiền gửi từ gia đình < 90,000 yen/tháng; Thu nhập người bảo lãnh tại Nhật < 5 triệu yen/năm.",Thường nộp đơn thông qua nhà trường vào khoảng tháng 4 - tháng 5 hàng năm.,"• Đây là học bổng ""top-up living allowance"" (hỗ trợ sinh hoạt), không phải học bổng cover toàn bộ học phí. • Rất phù hợp với sinh viên Việt Nam du học tự túc muốn giảm áp lực chi phí. • Vì trường là nơi đề cử nên network với International Office và GPA cao khá quan trọng. • Điều kiện tài chính (≤90.000 JPY hỗ trợ/tháng) cho thấy chương trình ưu tiên người thực sự cần hỗ trợ. • Nếu mục tiêu của bạn là full-ride thì nên nhắm thêm MEXT Scholarship, còn nếu đã tự túc sang Nhật rồi thì JASSO là lựa chọn thực tế và có tính khả thi cao hơn."
The University of Tokyo Fellowship (Special Scholarship for International Students),https://www.u-tokyo.ac.jp/en/prospective-students/fellowship.html,"Khoảng 40 - 50 suất mới mỗi năm (Năm 2025 có 44 người mới, tổng 110 người đang nhận).",,merit-based,"Sinh viên quốc tế tự túc (self-funded) đang theo học hoặc dự định học các chương trình Thạc sĩ, Tiến sĩ tại UTokyo.",University of Tokyo,"Giá trị: 200,000 yen/tháng (Khoảng 33-35 triệu VNĐ).


- Thời gian: Cấp trong suốt thời gian học tiêu chuẩn (Thạc sĩ 2 năm, Tiến sĩ 3 năm).


- Số lượng: Hiện có khoảng 110 sinh viên đang nhận học bổng này.","1. Là sinh viên quốc tế xuất sắc, tự túc tài chính.


2. Phải được Khoa/Trường thành viên (Graduate School) đề cử.


3. Có kế hoạch nghiên cứu tiềm năng và đóng góp cho học thuật.",Thường nộp thông qua hồ sơ nhập học hoặc nộp tại văn phòng Khoa vào kỳ nhập học (Tháng 4 hoặc tháng 9).,
Scholarship for Vietnamese Students by Fast Retailing Foundation (Tập đoàn sở hữu Uniqlo),https://www.fastretailing-foundation.or.jp/eng/scholarships/,Khoảng 10 sinh viên Việt Nam,,Merit-based & Potential( leadership),Chỉ dành cho sinh viên Việt Nam chuẩn bị du học Nhật Bản.,University of Tokyo,"Bao gồm học phí, phí nhập học, bảo hiểm; hỗ trợ chuẩn bị 200,000 JPY; sinh hoạt phí 128,000 - 160,000 JPY/tháng.",Phải nộp đơn riêng trực tiếp cho Quỹ Fast Retailing. Cần đáp ứng các tiêu chuẩn về học lực và đạo đức.,Nhận đăng ký từ 01/07/2025 đến 04/08/2025.,
Eiffel Excellence Scholarship,https://www.campusfrance.org/en/the-france-excellence-eiffel-scholarship-program,thường phân bổ theo chỉ tiêu ngân sách hàng năm của Bộ Ngoại giao Pháp,,Merit-based,"Sinh viên quốc tế xuất sắc có nguyện vọng học bậc Thạc sĩ (Master) hoặc Tiến sĩ (Doctorate/PhD) nhằm trở thành các nhà hoạch định chính sách, lãnh đạo tương lai trong cả khu vực công và tư.",Tất cả các cơ sở giáo dục đại học tại Pháp,"- Bậc Thạc sĩ: Trợ cấp hàng tháng €1,200.


- Bậc Tiến sĩ: Trợ cấp hàng tháng €2,100.


- Tiện ích đi kèm: Vé máy bay khứ hồi quốc tế, chi phí di chuyển nội địa, bảo hiểm y tế, hỗ trợ tìm nhà ở, và các hoạt động văn hóa.


⚠️ Lưu ý: Học bổng không chi trả học phí trường (Tuition fees are not covered).
- Thạc sĩ: Tối đa 12 tháng (với M2), tối đa 24 tháng (với M1), tối đa 36 tháng (với hệ kỹ sư).


- Tiến sĩ: Tối đa từ 12 đến 36 tháng (bắt đầu từ ngày 1 tháng 9 của năm nhận học bổng).","1. Bước 1: Liên hệ Campus France tại nước sở tại hoặc Phòng Quan hệ Quốc tế của trường Đại học tại Pháp để bày tỏ nguyện vọng và lấy thông tin deadline riêng của trường.


2. Bước 2: Trường Đại học tại Pháp đồng ý tiếp nhận, bảo trợ và thay mặt sinh viên nộp hồ sơ trực tuyến lên Campus France.


❌ Hồ sơ do sinh viên tự nộp hoặc do trường ngoài nước Pháp nộp sẽ bị coi là không hợp lệ.",,"- Cơ chế nộp gián tiếp: Đây là học bổng mà ứng viên không thể tự nộp trực tiếp. Chìa khóa quyết định nằm ở việc bạn phải thuyết phục thành công một trường Đại học tại Pháp công nhận năng lực và đứng ra ""bảo lãnh"" nộp hồ sơ cho bạn.


- Định hướng nhân sự chiến lược: Học bổng tập trung tối ưu hóa nguồn lực cho các ngành trọng điểm như Kinh tế, Quản lý, Kỹ thuật số và Công nghệ cao. Hội đồng tuyển chọn tìm kiếm những người có tư duy quản trị vững vàng, có khả năng tối ưu hóa nguồn lực thời gian và vận hành để tạo ra các tác động phát triển bền vững sau khi học xong."
Học bổng France Excellence của Đại sứ quán Pháp tại Việt Nam,https://www.vietnam.campusfrance.org/vi/hoc-bong-france-excellence-cua-dai-su-quan-phap-tai-viet-nam,,,Merit-based,"Tất cả các sinh viên Việt Nam mong muốn theo học chương trình Thạc sĩ 2 hoặc Tiến sĩ tại Pháp.
Chuyên ngành ưu tiên: Khoa học cơ bản; Đào tạo kỹ sư; Kinh tế và quản lý; Luật - chính trị; Y, dược và sức khỏe; Khoa học bền vững; Khoa học xã hội - nhân văn
",Các trường Đại học và các trường lớn của Pháp.,Học phí max €5000 + hỗ trợ sinh hoạt  phí 860 €/tháng,"1. Vòng 1 (Xét duyệt hồ sơ): Thí sinh nộp hồ sơ năng lực theo yêu cầu.


2. Vòng 2 (Phỏng vấn trực tiếp): Thí sinh vượt qua vòng hồ sơ sẽ phỏng vấn với đại diện của Đại sứ quán Pháp và các chuyên gia theo từng lĩnh vực.","- Hạn chót nộp hồ sơ: Thường là muộn nhất vào tháng 12 (cho kỳ khai giảng tháng 9 của năm sau).


- Vòng phỏng vấn: Diễn ra vào tháng 1.


- Công bố kết quả: Khoảng cuối tháng 2.","- Sự khác biệt cốt lõi: Khác với học bổng Eiffel (ứng viên phải nộp thông qua một trường đại học tại Pháp bảo lãnh), học bổng France Excellence của Đại sứ quán cho phép sinh viên Việt Nam chủ động nộp hồ sơ trực tiếp.
- Yếu tố quyết định từ vòng phỏng vấn: Việc vượt qua vòng lọc hồ sơ mới chỉ là điều kiện cần. Điểm mấu chốt nằm ở vòng phỏng vấn trực tiếp với các chuyên gia, nơi ứng viên phải chứng minh được tư duy mạch lạc, khả năng lập kế hoạch và tối ưu hóa lộ trình nghiên cứu/học tập nhằm đóng góp vào mối quan hệ hợp tác giữa hai quốc gia."
IdEx Master's Scholarship – Université Paris-Saclay,https://www.universite-paris-saclay.fr/admission/bourses-et-aides-financieres/bourses-internationales-de-master-0?fbclid=IwZXh0bgNhZW0CMTAAYnJpZBExU1pRSHhaTngzSlpUa00zVnNydGMGYXBwX2lkEDIyMjAzOTE3ODgyMDA4OTIAAR4dHHxUBxAdbrQ-obWTGmEGw_Q5EM2NGsBWDG_6tpmel_GSwLVmXkxBfnCgsw_aem_YHaIQmBkyC98diM9LOCJMw,Phụ thuộc vào ngân sách quỹ IDEX hàng năm của trường,,Merit-based,"Sinh viên mang quốc tịch nước ngoài, dưới 30 tuổi trong năm nộp hồ sơ, lần đầu tiên nhập học tại Pháp (chưa từng học đại học/cao học tại Pháp trước đó, trừ diện trao đổi hoặc thực tập ngắn hạn).",Université Paris-Saclay,"- Học bổng sinh hoạt phí: €10,000 / năm, được chia đều và chi trả theo tháng từ tháng 9 đến tháng 6 năm sau.


- Hỗ trợ di chuyển & Visa: Lên đến €900 / năm (mức chi trả phụ thuộc vào quốc gia gốc của ứng viên).


- Tiện ích đi kèm: Hỗ trợ thủ tục hành chính và tìm kiếm nhà ở (không cam kết giữ chỗ).


❌ Điều kiện loại trừ: Không được đồng thời nhận các nguồn tài trợ khác lớn hơn €600/tháng. Không gộp cùng học bổng Eiffel, Europa hay Erasmus Mundus.","Áp dụng cho cả Thạc sĩ năm 1 (M1) và năm 2 (M2). Với ứng viên trúng tuyển từ M1, học bổng sẽ tự động gia hạn sang M2 nếu tích lũy đủ tín chỉ và được trường thông qua.","- Hạn chót khoa lọc ứng viên: Trước 23:59 ngày 25 tháng 03 năm 2026.


- Hạn chót nộp hồ sơ học bổng & Thư giới thiệu: Trước 23:59 ngày 31 tháng 03 năm 2026.


- Thông báo kết quả: Giữa tháng 05 năm 2026. (Tất cả tính theo giờ Paris GMT+1)","- Bàn đạp chuyển tiếp lên Tiến sĩ (PhD): Hội đồng tuyển chọn không chỉ tìm kiếm một sinh viên giỏi học lý thuyết, họ tìm kiếm những hạt giống có mục tiêu nghiên cứu rõ ràng. Nếu bạn thể hiện được một lộ trình nghiên cứu nghiêm túc và có nguyện vọng học tiếp lên PhD tại Paris-Saclay, hồ sơ của bạn sẽ có lợi thế vượt trội.
- Cơ chế điểm thưởng (Bonus system): Trường phối hợp với UNHCR và hiệp hội MENS để áp dụng hệ thống cộng điểm ưu tiên cho học sinh thuộc diện tị nạn hoặc được bảo hộ phụ thuộc.
- Rủi ro cắt giảm ngân sách: Số tiền tài trợ có thể bị giảm trừ tỉ lệ thuận nếu bạn có kỳ học bắt buộc ở nước ngoài hoặc thực tập ngoài hệ thống phòng thí nghiệm trực thuộc Đại học Paris-Saclay. Do đó, việc thiết lập chiến lược tối ưu hóa nguồn lực thời gian học tập tại chỗ là điều tối quan trọng để giữ toàn vẹn giá trị học bổng."
IdEx Scholarship – Université Grenoble Alpes (UGA),https://www.univ-grenoble-alpes.fr/call-for-applications-idex-master-scholarships-2025-2026-academic-year-1545508.kjsp?fbclid=IwZXh0bgNhZW0CMTAAYnJpZBExU1pRSHhaTngzSlpUa00zVnNydGMGYXBwX2lkEDIyMjAzOTE3ODgyMDA4OTIAAR5Ypj2DOnVc3ef2rRhvcH9jg10xouZQPuzaAM8KIavNxY9XIgh_o85Lvz0nIQ_aem_hMh43Ou2ObwTjler48RClA,Phụ thuộc vào ngân sách phân bổ cho chương trình Sáng kiến Xuất sắc - IdEx hàng năm,,Merit-based,"Sinh viên quốc tế thỏa mãn một trong các điều kiện:


- Đang theo học tại một trường đại học ngoài nước Pháp.


- Đã tốt nghiệp văn bằng gần nhất tại một trường đại học nước ngoài.


- Tốt nghiệp THPT (Baccalauréat) hoặc tương đương tại nước ngoài (kể cả sau đó có học tại Pháp).",Université Grenoble Alpes (UGA),"Chia theo bậc học áp dụng (Cấp cho thời gian 1 năm):


- Bậc M1 / Kỹ sư năm 2 (Ingé 2A): 9,000 Euro / năm học (2 học kỳ).


- Bậc M2 / Kỹ sư năm 3 (Ingé 3A): 5,500 Euro / năm học.


❌ Lưu ý quan trọng: Học bổng không bao gồm việc miễn học phí (Tuition fees are not automatically waived).","1. Thí sinh phải trúng tuyển hoặc đang trong quá trình nộp đơn ứng tuyển vào chương trình Thạc sĩ (M1/M2) hoặc hệ Kỹ sư (năm 2/năm 3) tại UGA cho năm học 2026-2027.


2. Ngành học lựa chọn phải nằm trong danh mục các ngành có quyền cấp học bổng IdEx (Không phải tất cả các ngành tại UGA đều được cấp gói học bổng này).


3. Có hồ sơ học tập xuất sắc (Academic records) để được khoa đào tạo xét duyệt và lựa chọn.",Hạn nộp đơn: Phụ thuộc vào lịch tuyển sinh riêng của từng ngành/phân khoa.,"- Sự chủ động từ phía ứng viên: Trái ngược với học bổng Eiffel buộc trường phải chủ động chọn và nộp gián tiếp, IdEx của UGA cho phép bạn thể hiện sự chủ động khi nộp đơn đồng thời lúc ứng tuyển ngành. Quyền quyết định tối cao nằm ở các Giám đốc chương trình (Master's supervisors) – những người trực tiếp duyệt hồ sơ chuyên ngành của bạn.


- Bài toán quản trị nguồn lực tài chính ban đầu: Vì học bổng không miễn học phí và đợt giải ngân đầu tiên diễn ra vào giữa tháng 10, ứng viên cần có một tư duy quản trị tài chính sẵn sàng. Bạn phải chuẩn bị một nguồn lực ngân sách dự phòng để hoàn thành nghĩa vụ đóng học phí và sinh hoạt phí trong ít nhất 2 tháng đầu khi đặt chân đến Pháp trước khi khoản hỗ trợ của IdEx được kích hoạt."
IdEx Scholarship – Université Côte d’Azur,https://univ-cotedazur.eu/msc-programs/tuition-fees/are-you-an-international-student/academic-excellence-scholarships?fbclid=IwZXh0bgNhZW0CMTAAYnJpZBExU1pRSHhaTngzSlpUa00zVnNydGMGYXBwX2lkEDIyMjAzOTE3ODgyMDA4OTIAAR7X7FkIWcfXftqKVTgo5Bf_IA9_mncvknP6XSiKmeeNHDL-iQzzJDXVCBztRA_aem_GrBgAfAbXkJbz1u0X6OhYg,10 slots,,Merit-based,Áp dụng cho cả sinh viên Pháp (French) và Sinh viên Quốc tế (International).,Université Côte d'Azur,"Miễn 100% học phí của chương trình học.

Cấp một khoản sinh hoạt phí (stipend) trị giá €5,000, được giải ngân thành 2 đợt.

Thời hạn áp dụng: Chỉ có giá trị trong 1 năm duy nhất.","Nằm trong nhóm những ứng viên có hồ sơ năng lực học thuật xuất sắc nhất trong kỳ tuyển sinh MSc.

Điều kiện duy trì: Việc giải ngân học bổng sẽ bị ràng buộc nghiêm ngặt bởi việc sinh viên phải đi học đầy đủ, tham gia đầy đủ các kỳ thi và có tư cách đạo đức/hành vi chuẩn mực trong suốt năm học.","Không cố định, ứng viên cần theo dõi trực tiếp tại mục ""Dates & Deadlines"" trên hệ thống cổng tuyển sinh của trường khi nộp hồ sơ MSc.","Học bổng này được tích hợp trực tiếp vào quá trình xét tuyển ngành học. Do số lượng cực kỳ giới hạn (chỉ 10 suất cho toàn bộ các chương trình MSc quốc tế của trường), bạn cần có một hồ sơ học thuật cực kỳ vượt trội và nộp hồ sơ càng sớm càng tốt."
MIAI@Grenoble Alpes Master 2 Scholarship - Grenoble Alpes University or INP Grenoble,https://miai-cluster.univ-grenoble-alpes.fr/education/m1-m2-scholarships-bourses--1554093.kjsp?fbclid=IwZXh0bgNhZW0CMTAAYnJpZBExU1pRSHhaTngzSlpUa00zVnNydGMGYXBwX2lkEDIyMjAzOTE3ODgyMDA4OTIAAR6VEIHZCWQGqWVMMBJyaYUM09rodBvdenZRqWY7UtXjUkYkaKUWXdHhuJ1VAA_aem_sP5zEaIDhnTJPZ3woMAdww,Hội đồng sẽ xếp hạng dựa trên danh sách ứng viên xuất sắc đã trúng tuyển chính thức vào trường.,,Merit-based,Áp dụng cho cả sinh viên Pháp (French) và Sinh viên Quốc tế (International).,Đại học Grenoble Alpes (Université Grenoble Alpes - UGA) hoặc Viện Công nghệ Grenoble (Grenoble INP-UGA),"Giá trị học bổng: €8,000/năm.

Ràng buộc phân bổ quỹ: Khoản tiền này chỉ được cấp cho học kỳ 1 (kỳ học lý thuyết) để sinh viên tập trung hoàn toàn vào việc học. Sinh viên sẽ không nhận được khoản trợ cấp MIAI này trong học kỳ 2 (giai đoạn làm luận án nghiên cứu/thực tập), do giai đoạn này đã được nhận lương/trợ cấp thực tập theo quy định của Pháp.","Nộp hồ sơ và được chấp nhận vào một chương trình Thạc sĩ (M1 hoặc M2) thuộc danh mục liên kết về AI của UGA hoặc Grenoble INP.

Có thành tích học tập vượt trội (minh chứng qua bảng điểm và thư giới thiệu).

Có kế hoạch học tập rõ ràng, tham vọng lớn trong lĩnh vực Trí tuệ Nhân tạo.

Đối với bậc M2: Cấu trúc gồm 5 tháng học lý thuyết và 5 tháng làm luận án tốt nghiệp (thực tập). Đề tài luận án này bắt buộc phải liên quan chặt chẽ đến AI.

Điều kiện loại trừ: Học bổng không áp dụng cho hệ vừa học vừa làm (Apprenticeship).

Nghĩa vụ bắt buộc: Phải tham gia buổi gặp mặt thông tin (Information meeting) trực tiếp trên campus vào Tháng 9/2026. Đối với các chương trình học từ xa (Distance learning), sinh viên bắt buộc phải tham gia buổi họp này qua video conference.","Mở cổng nộp đơn: Từ ngày 01/03/2026.

Hạn chót nộp hồ sơ: Ngày 16/05/2026.

Hội đồng xét duyệt: Diễn ra vào Đầu tháng 6/2026.

Thông báo kết quả: Kết quả học bổng sẽ được thông báo cuốn chiếu ngay sau mỗi đợt công bố kết quả tuyển sinh của các ngành Thạc sĩ.","Tách biệt quy trình: Quy trình nộp đơn xin học bổng và quy trình nộp đơn xin học chuyên ngành Thạc sĩ là hoàn toàn độc lập. Bạn bắt buộc phải tự hoàn thành các yêu cầu nhập học riêng của ngành đó.

Ràng buộc kết quả: Học bổng phụ thuộc hoàn toàn vào kết quả trúng tuyển của bạn. Nếu bạn chuẩn bị một hồ sơ xin học bổng rất xuất sắc nhưng lại bị từ chối nhận vào ngành Thạc sĩ đã chọn tại UGA/Grenoble INP, tư cách nhận học bổng của bạn sẽ lập tức bị hủy bỏ tự động."
"MixtAI Scholarship - SaclAI School, Paris Saclay",https://www.dataia.eu/actualites/saclai-schoolappel-candidature-bourses-mixtai-2025?fbclid=IwZXh0bgNhZW0CMTAAYnJpZBExU1pRSHhaTngzSlpUa00zVnNydGMGYXBwX2lkEDIyMjAzOTE3ODgyMDA4OTIAAR7X7FkIWcfXftqKVTgo5Bf_IA9_mncvknP6XSiKmeeNHDL-iQzzJDXVCBztRA_aem_GrBgAfAbXkJbz1u0X6OhYg,30-50 slots,,Merit-based,Sinh viên theo hệ đào tạo chính quy (formation initiale). Không áp dụng cho hệ vừa học vừa làm hoặc học nghề có lương (alternance / apprentissage).,Université Paris-Saclay,"Bậc Cử nhân (L2, L3): €5,000/năm.

Bậc Thạc sĩ (M1, M2): €10,000/năm.

Thời hạn: Học bổng cấp theo từng năm một (chỉ có giá trị 1 năm). Sinh viên học L2 hoặc M1 có thể nộp đơn xin gia hạn (renew) vào năm sau (L3/M2) nếu tiếp tục học đúng chuyên ngành đó.

Quy định cộng dồn (Cumulation):

KHÔNG được cộng dồn với các học bổng khác thuộc quỹ nội bộ của Đại học Paris-Saclay (như học bổng Idex, FMJH...).

ĐƯỢC PHÉP nhận song song với các nguồn tài trợ ngoài trường như: Học bổng Chính phủ Pháp (BGF), Học bổng Campus France, Học bổng trao đổi Erasmus","Ngành học áp dụng: Các lộ trình học (parcours) liên quan trực tiếp đến Trí tuệ nhân tạo (AI) và Khoa học dữ liệu (Data Science). Hội đồng sẽ đánh giá tỷ trọng các môn học về AI trong toàn bộ chương trình của bạn.

Điều kiện và Hồ sơ ứng tuyển:

Quy trình bắt buộc: Ứng viên không tự nộp tự do. Bạn phải chủ động liên hệ với Trưởng ngành/Trưởng lộ trình đào tạo (Responsable de formation/parcours) của mình. Mỗi Trưởng ngành chỉ được đề cử tối đa 4 hồ sơ xuất sắc nhất kèm theo bảng xếp hạng thứ tự nghiêm ngặt.

Bộ hồ sơ yêu cầu:

Phần học thuật (Bắt buộc): CV, Thư động lực (Motivation letter), Bảng điểm của 3 năm học gần nhất.

Phần hồ sơ xã hội (Không bắt buộc - để xét diện hỗ trợ tài chính): Chứng nhận học bổng CROUS (nếu có); hoặc Giấy khai thuế thu nhập của gia đình tại Pháp; hoặc Bản kê khai tài chính chi tiết về chi phí sinh hoạt/nguồn trợ cấp từ gia đình nếu không có thu nhập khai báo tại Pháp (theo mẫu có sẵn trên hệ thống).

Ràng buộc duy trì: Trường sẽ kiểm tra độ chuyên cần (Assiduité) của sinh viên 2 lần vào Tháng 1 và Tháng 3. Việc giải ngân các đợt tiền tiếp theo (vào tháng 2 và tháng 4) phụ thuộc hoàn toàn vào việc bạn có đi học và tham gia thi cử đầy đủ hay không.","Đợt 1 (Gia hạn cho L2/M1 lên năm tiếp theo): Nộp đơn từ 15/04 đến 30/04. Công bố kết quả: 15/05.

Đợt 2 (Cấp mới cho cả 4 bậc L2, L3, M1, M2): Nộp đơn từ 01/05 đến 15/05 (hạn chót 23h). Công bố kết quả: 02/06.

Lưu ý: Lên bậc M1 luôn tính là hồ sơ cấp mới, dù trước đó đã nhận học bổng ở bậc L3.","Học bổng này cực kỳ giá trị đối với một sinh viên thuộc khối Kinh tế / Định lượng có định hướng nghiên cứu sâu về ứng dụng AI hoặc Khoa học dữ liệu. Điểm mấu chốt để chiến thắng là bạn phải thuyết phục được Trưởng ngành của mình đưa bạn vào danh sách đề cử (tối đa 4 người). Vì họ yêu cầu bảng điểm của tận 3 năm gần nhất, phong độ học tập ổn định cùng một mức GPA thuộc nhóm dẫn đầu ngành học hiện tại sẽ là lợi thế cạnh tranh tuyệt đối của bạn khi hội đồng chấm điểm."
IDIL International Scholarship – Université de Montpellier,https://idil.edu.umontpellier.fr/en/accueil-des-etudiants-internationaux-2/la-prise-en-charge-idil/?fbclid=IwZXh0bgNhZW0CMTAAYnJpZBExU1pRSHhaTngzSlpUa00zVnNydGMGYXBwX2lkEDIyMjAzOTE3ODgyMDA4OTIAAR4dHHxUBxAdbrQ-obWTGmEGw_Q5EM2NGsBWDG_6tpmel_GSwLVmXkxBfnCgsw_aem_YHaIQmBkyC98diM9LOCJMw,"Cấp tự động cho tất cả sinh viên quốc tế đáp ứng đủ điều kiện và được nhận vào các ngành học thuộc hệ thống IDIL (Mô hình xét duyệt bao trọn, không giới hạn chỉ tiêu cố định cho học bổng mà phụ thuộc vào chỉ tiêu tuyển sinh của ngành).",,Merit-based,Sinh viên quốc tế mới đến Pháp lần đầu (primo-arrivants) và không mang quốc tịch Pháp.,Université de Montpellier - UM,"Tính chất: Đây là học bổng hỗ trợ một phần (partial aid), sinh viên bắt buộc phải tự chuẩn bị thêm tài chính cho các chi phí sinh hoạt phát sinh khác. Học bổng không bao gồm vé máy bay hay chi phí di chuyển quốc tế.

Năm thứ nhất (Master 1): Tổng cộng €3,000 (Nhận từ tháng 8 đến tháng 12)

Nhận ngay €600 vào khoảng tháng 9 - tháng 10 ngay khi hoàn thành xác thực hồ sơ giấy tờ tại Pháp (khoản này hỗ trợ ổn định cuộc sống ban đầu và chỉ cấp ở năm M1, năm M2 không có).

Nhận €600/tháng liên tục từ tháng 9 đến tháng 12 (trả sau vào cuối mỗi tháng và dựa trên mức độ đi học chuyên cần).

Năm thứ hai (Master 2): Tổng cộng €2,400 (Nhận từ tháng 9 đến tháng 12)

Nhận €600/tháng liên tục từ tháng 9 đến tháng 12 dựa trên mức độ chuyên cần.

Lưu ý về Học kỳ 2 (M1 & M2): Học bổng IDIL chỉ chi trả cho học kỳ 1 của cả 2 năm học. Sang học kỳ 2, sinh viên sẽ làm luận án/thực tập và nhận khoản lương thực tập bắt buộc (funded internship) khoảng €600/tháng từ đơn vị tiếp nhận theo luật Pháp.

Ngành học áp dụng (Domaines d'études):
Áp dụng cho rất đa dạng lĩnh vực thuộc các lộ trình Master IDIL, bao gồm: Khoa học kinh tế và chính trị; Quản lý, quản trị, tài chính và thương mại; Tin học/CNTT; Toán học; Sinh học; Hóa học; Vật lý; Môi trường và khoa học Trái đất; Nông nghiệp - Thực phẩm; Dược & Sức khỏe; Luật; Khoa học kỹ thuật; Khoa học xã hội và nhân văn; Thể thao.","BẮT BUỘC phải trúng tuyển chính thức vào một trong các lộ trình Thạc sĩ IDIL của trường.

Điều kiện cư trú: Trong vòng 2 năm gần nhất, không được học tập tại bất kỳ cơ sở giáo dục đại học nào trên lãnh thổ Pháp.

Yêu cầu ngôn ngữ: Đạt trình độ Tiếng Anh tối thiểu từ B2 trở lên. (Tùy ngành học cụ thể, trường có thể yêu cầu thêm trình độ tiếng Pháp cơ bản, sinh viên sẽ được cung cấp khóa học tiếng Pháp FLE miễn phí khi nhập học).

Yêu cầu thủ tục khi đến Pháp: Để được kích hoạt giải ngân tiền, sinh viên phải hoàn thiện bộ hồ sơ hành chính sạch tại Pháp gồm: Địa chỉ nhà ở tại Pháp, Số điện thoại & Email bản xứ, Tài khoản ngân hàng Pháp (RIB), Thị thực/Visa hợp lệ (đối với sinh viên ngoài khối EEE), Bảo hiểm trách nhiệm dân sự sinh viên, Thẻ sinh viên hoặc Giấy chứng nhận học tập tại UM.","Không có quy trình nộp đơn riêng cho học bổng này. Thí sinh chỉ cần tập trung nộp đơn xin học chuyên ngành Master IDIL trên các cổng tuyển sinh quốc gia tương ứng (Cổng Études en France cho các quốc gia theo quy trình CEF, hoặc cổng Mon Master nếu đang cư trú tại Châu Âu).","Tối ưu hóa cơ hội: Vì đây là học bổng tự động, áp lực của bạn hoàn toàn chuyển sang việc làm thế nào để bộ hồ sơ năng lực học thuật của bạn được nhận vào ngành Master IDIL. Đối với một sinh viên thuộc khối ngành Quản lý, Tài chính hoặc Kinh tế, việc sở hữu một nền tảng điểm số (GPA) ấn tượng và chứng chỉ tiếng Anh tốt gần như đã bảo chứng cho việc bạn sẽ có nguồn tài trợ này một khi được trường gửi thư mời nhập học (Admitted).

Chiến lược tài chính: Hãy nhớ rằng học bổng chỉ kéo dài tối đa 5 tháng ở kỳ 1 năm đầu và 4 tháng ở kỳ 1 năm hai. Bạn cần có phương án chuẩn bị thêm một khoản tài chính dự phòng cho các tháng còn lại để chi trả các chi phí sinh hoạt tại Montpellier, trước khi bắt đầu nhận được tiền lương từ kỳ thực tập ở học kỳ 2."
"Attractiveness Scholarship - Manutech-SLEIGHT Graduate School, Université de Lyon",https://manutech-sleight.com/graduate-studies/opportunities/attractiveness-scholarship-261412.kjsp?fbclid=IwZXh0bgNhZW0CMTAAYnJpZBExU1pRSHhaTngzSlpUa00zVnNydGMGYXBwX2lkEDIyMjAzOTE3ODgyMDA4OTIAAR5RkymFTEqpb0wi72w6LGvTcugEf37oc7ehvJlJRQmSJGO78CHA3Vc14Xy_Lg_aem_nqmq9yhQipofJzEGRg11_w,,,Merit-based,Thí sinh nộp mới có hồ sơ năng lực vượt trội muốn theo học các chương trình Thạc sĩ của Viện.,Université Jean Monnet,"Học bổng có thể được cấp cho thời hạn 1 học kỳ hoặc 2 học kỳ, áp dụng cho cả năm nhất (Master 1) hoặc năm hai (Master 2) của chương trình Thạc sĩ.

Mức tài trợ cho 2 học kỳ (Two semesters): 9,000€.

Mức tài trợ cho 1 học kỳ (One semester): 5,500€.","Về ngành học: Bạn phải nộp hồ sơ và được chấp nhận (hoặc đang trong quá trình xét tuyển) vào một trong các ngành Thạc sĩ Khoa học (MSc) được Viện tài trợ, bao gồm:

MSc Optics, Image, Vision, Multimedia (Quang học, Hình ảnh, Thị giác máy tính)

MSc Computer Science (Khoa học máy tính / Tin học)

MSc Health Engineering / Bio-engineering (Kỹ thuật y tế / Sinh học)

Các hệ đào tạo kỹ sư định hướng nghiên cứu chuyên sâu về Quang tử (Photonics) hoặc Kỹ thuật bề mặt.

Về thành tích học tập: Bạn cần có một nền tảng học thuật xuất sắc. Điều này được thể hiện qua:

Điểm trung bình tích lũy (GPA) thuộc nhóm dẫn đầu ở bậc Đại học.

Có thư giới thiệu (Letters of recommendation) chất lượng từ các Giáo sư hoặc Giảng viên đại học uy tín.

Có định hướng hoặc kinh nghiệm nghiên cứu khoa học rõ ràng thông qua bài luận động lực (Motivation letter).",,"Tương tự mô hình của một số Viện nghiên cứu lớn tại Pháp, điểm mấu chốt ở đây là sự công nhận của Giáo sư phụ trách ngành. Bạn không cần chuẩn bị thêm một bộ hồ sơ học bổng riêng lẻ nào, mà toàn bộ thế mạnh về GPA, bài luận định hướng nghiên cứu và thư giới thiệu của bạn phải được thể hiện trọn vẹn ngay trong hồ sơ xin học chuyên ngành. Nhóm ngành mạnh nhất ở đây tập trung vào Quang học, Xử lý hình ảnh (Image/Vision) và AI ứng dụng, nếu hồ sơ của bạn có các dự án liên quan đến các mảng này thì tỷ lệ được ngành ""chọn mặt gửi vàng"" đề cử lên Viện sẽ rất cao."
Ampère Merit Scholarship,https://www.ens-lyon.fr/en/studies/admissions/application-masters-degrees-and-scholarships?fbclid=IwZXh0bgNhZW0CMTAAYnJpZBExU1pRSHhaTngzSlpUa00zVnNydGMGYXBwX2lkEDIyMjAzOTE3ODgyMDA4OTIAAR4dHHxUBxAdbrQ-obWTGmEGw_Q5EM2NGsBWDG_6tpmel_GSwLVmXkxBfnCgsw_aem_YHaIQmBkyC98diM9LOCJMw,,,Merit-based,Sinh viên quốc tế (cả trong và ngoài khối EU/EEA).,Trường Đại học Sư phạm cấp cao Lyon (ENS de Lyon),"Giá trị học bổng: 1,000€/tháng.

Thời gian cấp: Kéo dài trong 12 tháng.

Liên kết quốc gia đặc biệt: Sinh viên từ Mỹ, Canada và Ấn Độ trúng tuyển học bổng này có thể xin thêm các khoản tài trợ bổ sung từ Đại sứ quán Pháp tại nước sở tại (như Lafayette Fellowship của Mỹ).","Áp dụng cho tất cả các chương trình Thạc sĩ mở cho sinh viên quốc tế thuộc khối ngành Khoa học chính xác (Exact Sciences), Nghệ thuật (The Arts), và Khoa học Nhân văn & Xã hội (Human and Social Sciences).

Điều kiện loại trừ: Không áp dụng cho các chương trình Thạc sĩ hệ FEADéP và một vài ngành đặc thù quy định riêng.

Ứng viên bậc M1 phải có bằng Cử nhân (L3 - 180 ECTS) hoặc tương đương. Ứng viên bậc M2 phải có bằng Thạc sĩ năm 1 (M1 - 240 ECTS) hoặc tương đương.
Lưu ý loại trừ: Không áp dụng cho các chương trình Thạc sĩ hệ FEADéP và một vài ngành đặc thù quy định trong điều lệ.","Mở cổng đăng ký hằng năm: Khoảng giữa tháng 11 (Kỳ gần nhất: 14/11/2025).

Hạn chót nộp hồ sơ trực tuyến: Khoảng cuối tháng 1 hằng năm (Kỳ gần nhất: 23/01/2026).

Thông báo kết quả: Giữa tháng 3 hằng năm.","ENS de Lyon là cái nôi đào tạo các nhà nghiên cứu và giáo sư đầu ngành. Quy trình nộp đơn là hệ thống tích hợp 2-trong-1: Bạn dùng chung một form trực tuyến để vừa xin học ngành Thạc sĩ, vừa xin xét học bổng xuất sắc. Hồ sơ sẽ bị loại tự động nếu thiếu giấy tờ hoặc nộp sai form mà trường không thông báo trước."
GRADUATE + Scholarship,https://www.ens-lyon.fr/en/studies/admissions/application-masters-degrees-and-scholarships?fbclid=IwZXh0bgNhZW0CMTAAYnJpZBExU1pRSHhaTngzSlpUa00zVnNydGMGYXBwX2lkEDIyMjAzOTE3ODgyMDA4OTIAAR4dHHxUBxAdbrQ-obWTGmEGw_Q5EM2NGsBWDG_6tpmel_GSwLVmXkxBfnCgsw_aem_YHaIQmBkyC98diM9LOCJMw,,,Merit-based,Sinh viên quốc tế xuất sắc ứng tuyển bậc M1 hoặc M2.,Trường Đại học Sư phạm cấp cao Lyon (ENS de Lyon),"Giá trị học bổng: 1,000€/tháng.

Thời gian cấp: Kéo dài trong 10 tháng.","Ứng viên bắt buộc phải trúng tuyển vào một trong các lộ trình Thạc sĩ thuộc 4 khối sáng kiến sau:

- Khối CORE (Xung đột và Tái cấu trúc trong thế giới toàn cầu hóa): Nghiên cứu Châu Âu, Kinh tế nâng cao (Advanced Economics).

- Khối MathInfi (Toán học, nền tảng tin học và tương tác): Thạc sĩ Toán nâng cao (M2), Khoa học máy tính: Khái niệm và ứng dụng (M1&M2), Toán học trong hành động (M2), Toán ứng dụng & Thống kê (M1), Toán học đại cương (M1), Học máy và Khai phá dữ liệu — Machine Learning and Data Mining (M1&M2).

- Khối DynLifeSys (Động lực đa quy mô của các hệ thống sống): Biosciences, Biosciences phục vụ mô phỏng các hệ thống phức tạp.

- Khối PACE (Vật lý, Thiên văn, Hóa học, Trái đất) — Chỉ áp dụng cho bậc M2: Vật lý & Hóa học, Khoa học vũ trụ/trái đất, Hóa hữu cơ, Khoa học khí hậu... (Email hỗ trợ: graduateplus.pace@ens-lyon.fr).",Trùng với khung thời gian của học bổng Ampère (Mở giữa tháng 11 – Hạn chót cuối tháng 1 – Kết quả giữa tháng 3 hằng năm).,"Học bổng này cực kỳ lý tưởng cho những sinh viên có tư duy định lượng và phân tích dữ liệu mạnh. Các chương trình Thạc sĩ như Advanced Economics (khối CORE) hay Machine Learning and Data Mining (khối MathInfi) được thiết kế tích hợp sâu với các phòng nghiên cứu (Laboratoires) lớn tại Lyon, tạo bước đệm hoàn hảo nếu ứng viên có định hướng làm việc trong môi trường EdTech, AI hoặc tiếp tục làm Tiến sĩ (PhD)."
"Excellence Scholarship – Institut Galilée, Université Sorbonne Paris Nord",https://galilee.univ-paris13.fr/relations-internationales/bourse_internationale_excellence_institut_galilee-2/?fbclid=IwZXh0bgNhZW0CMTAAYnJpZBExU1pRSHhaTngzSlpUa00zVnNydGMGYXBwX2lkEDIyMjAzOTE3ODgyMDA4OTIAAR4dHHxUBxAdbrQ-obWTGmEGw_Q5EM2NGsBWDG_6tpmel_GSwLVmXkxBfnCgsw_aem_YHaIQmBkyC98diM9LOCJMw,,,Merit-based,Sinh viên quốc tế hiện đang học tập tại nước ngoài (ngoài Pháp) mong muốn theo học chương trình Thạc sĩ hoặc chương trình Kỹ sư tại trường.,"Viện Galilée (Institut Galilée) và Trường Kỹ sư Sup Galilée (Sup Galilée Engineering School) thuộc Đại học Sorbonne Paris Nord (Đại học Paris 13 cũ), Pháp.","Hệ Thạc sĩ (Master):

Chương trình 2 năm (nhập học từ năm 1 - M1): 10.500 EUR.

Chương trình 1 năm (nhập học từ năm 2 - M2): 3.500 EUR (chưa bao gồm khoản lương nhận được từ kỳ thực tập bắt buộc ở học kỳ 2).

Hệ Kỹ sư (Master in Engineering / Engineer):

Chương trình 2 năm (nhập học từ năm 2 của chu kỳ kỹ sư dành cho người đã có bằng M1 hoặc tương đương): 10.500 EUR.","Phải hoàn thành việc đăng ký trước (pre-registration/enrollment) vào một chương trình đào tạo chính quy (initial training) bậc Thạc sĩ hoặc Kỹ sư tại Viện Galilée.

Đối với hệ Kỹ sư 2 năm, ứng viên cần có bằng Thạc sĩ năm 1 (Master 1) hoặc một văn bằng tương đương được công nhận.

Hồ sơ ứng tuyển phải được điền đầy đủ theo mẫu quy định (chỉ hồ sơ hoàn chỉnh mới được hội đồng xét duyệt).",16:00 ngày 12 tháng 06 năm 2026 (giờ Pháp),"- Học bổng này tập trung mạnh vào yếu tố học thuật (""excellence of academic results"") và bài luận/thư động lực (""motivation of the candidate""). Việc chuẩn bị một hồ sơ học tập có GPA cạnh tranh và một bài luận làm nổi bật lý do chọn trường sẽ là điểm cộng lớn.

- Đối với lộ trình Master 2, dù giá trị học bổng thấp hơn (3.500 EUR) nhưng trường đã tính toán tối ưu tài chính cho sinh viên thông qua việc kết hợp với kỳ thực tập có trả lương (paid internship) ở học kỳ 2. Đây là một điểm thuận lợi giúp sinh viên trang trải chi phí sinh hoạt tại Pháp dưới góc độ tối ưu hóa nguồn lực cá nhân.

- Quy trình xét duyệt được thực hiện bởi các ban hội đồng chuyên trách riêng cho từng ngành (dedicated committees), do đó hồ sơ cần có độ tương thích cao với chuyên ngành đăng ký."
Scholarship for the Finance Graduate Program,https://dauphine.psl.eu/en/training/scholarships-and-social-assistance?fbclid=IwZXh0bgNhZW0CMTAAYnJpZBExU1pRSHhaTngzSlpUa00zVnNydGMGYXBwX2lkEDIyMjAzOTE3ODgyMDA4OTIAAR5BV3ABOCrbc0Pl7wmyTyBxWEOsIQ8QP0pP5dVUFZGMT_eDluPRoiGY1nQZMA_aem_nyjKL3gLO40Kfzph7_i2Iw#c78296,,,Merit-based,Sinh viên Pháp và Quốc tế (Việt Nam) học Thạc sĩ ngành Tài chính.,Université Paris Dauphine – PSL.,"€12,000 / năm, chia làm 2 lần chuyển khoản/năm. Không bao gồm học phí (sinh viên vẫn phải tự đóng học phí). Có thể được gia hạn thêm năm 2 nếu đạt kết quả tốt ở năm 1.",Đã trúng tuyển vào một trong các chương trình: Master 1 Finance (ngành Research in Finance) hoặc Master 2 Research in Finance (104). Điều kiện nhận khoản tiền thứ 2 là phải pass học kỳ liền trước.,Nộp đơn cùng lúc với hồ sơ xin nhập học. Kết quả có vào tháng 7.,"Mức học bổng rất lớn (€12,000) đủ để trang trải phần lớn chi phí sinh hoạt tại Paris. Vì là học bổng ngành hẹp (chỉ cho chuyên ngành Nghiên cứu Tài chính) nên tỷ lệ chọi sẽ bớt căng thẳng hơn Eiffel, nhưng đòi hỏi background toán/kinh tế lượng rất mạnh."
Excellence Scholarships Master's Graduate Program in Mathematics and Applications,https://dauphine.psl.eu/en/training/scholarships-and-social-assistance?fbclid=IwZXh0bgNhZW0CMTAAYnJpZBExU1pRSHhaTngzSlpUa00zVnNydGMGYXBwX2lkEDIyMjAzOTE3ODgyMDA4OTIAAR5BV3ABOCrbc0Pl7wmyTyBxWEOsIQ8QP0pP5dVUFZGMT_eDluPRoiGY1nQZMA_aem_nyjKL3gLO40Kfzph7_i2Iw#c78296,,,Merit-based,Sinh viên Pháp và Quốc tế (Việt Nam) học Thạc sĩ Toán.,Université Paris Dauphine – PSL.,Trợ cấp cố định €650 / tháng + Hỗ trợ chi phí nhà ở tối đa €500 / tháng (khi có hóa đơn). Thời gian nhận trong 10 tháng. Học phí được tính gộp trong học bổng nhưng sinh viên phải tự thanh toán khi nhập học.,"Phải theo học một trong các chương trình Toán cụ thể của PSL (ví dụ: Advanced Mathematics, Foundational Mathematics, MATH, IASD-Mathematics, MASEF). Việc gia hạn năm 2 phụ thuộc vào kết quả năm 1.","Nộp đơn vào tháng 5, kết quả có vào tháng 7.","Ngành Toán của Paris Dauphine và PSL thuộc hàng top đầu thế giới. Gói học bổng này thiết kế rất thực tế khi tách riêng tiền sinh hoạt và tiền hỗ trợ nhà ở (lên tới €500), giúp giảm áp lực tìm nhà rất lớn tại Paris."
Graduate Program in Computer Science Excellence Scholarships,https://dauphine.psl.eu/en/training/scholarships-and-social-assistance?fbclid=IwZXh0bgNhZW0CMTAAYnJpZBExU1pRSHhaTngzSlpUa00zVnNydGMGYXBwX2lkEDIyMjAzOTE3ODgyMDA4OTIAAR5BV3ABOCrbc0Pl7wmyTyBxWEOsIQ8QP0pP5dVUFZGMT_eDluPRoiGY1nQZMA_aem_nyjKL3gLO40Kfzph7_i2Iw#c78296,,,Merit-based,Sinh viên Pháp và Quốc tế (Việt Nam) học Thạc sĩ Khoa học máy tính.,Université Paris Dauphine – PSL.,"Trợ cấp cố định €1,200 / tháng trong vòng 10 tháng.","Sinh viên thuộc các ngành: M1 Computer Science, Decision, Data (I2D); M2 IASD; M2 MODO tại Dauphine.",,"Khoản trợ cấp €1,200/tháng là mức rất xông xênh cho sinh viên tại Pháp. Học bổng này nhắm vào các ngành hot như Trí tuệ nhân tạo (AI) và Khoa học dữ liệu (Data Science)."
PRAIRIE Scholarship,https://dauphine.psl.eu/en/training/scholarships-and-social-assistance?fbclid=IwZXh0bgNhZW0CMTAAYnJpZBExU1pRSHhaTngzSlpUa00zVnNydGMGYXBwX2lkEDIyMjAzOTE3ODgyMDA4OTIAAR5BV3ABOCrbc0Pl7wmyTyBxWEOsIQ8QP0pP5dVUFZGMT_eDluPRoiGY1nQZMA_aem_nyjKL3gLO40Kfzph7_i2Iw#c78296,,,Merit-based,Sinh viên ngành Trí tuệ nhân tạo và Dữ liệu.,Université Paris Dauphine – PSL.,"€12,00",Sinh viên đăng ký các chương trình thuộc khối 3IA (Artificial Intelligence; Data Systems and Mathematics;... ).,Nộp cùng hồ sơ nhập học. Kết quả vào tháng 7.,N/A
FSMP Scholarship,https://dauphine.psl.eu/en/training/scholarships-and-social-assistance?fbclid=IwZXh0bgNhZW0CMTAAYnJpZBExU1pRSHhaTngzSlpUa00zVnNydGMGYXBwX2lkEDIyMjAzOTE3ODgyMDA4OTIAAR5BV3ABOCrbc0Pl7wmyTyBxWEOsIQ8QP0pP5dVUFZGMT_eDluPRoiGY1nQZMA_aem_nyjKL3gLO40Kfzph7_i2Iw,,,Merit-based,Sinh viên nước ngoài (Việt Nam) đã học xong Cử nhân hoặc M1 ngành Toán / Khoa học máy tính cơ bản.,Các trường trong mạng lưới FSMP,"€600 / tháng + Trợ cấp cố định €500 / tháng (tổng cộng €1,100/tháng) trong 10 tháng. Được đóng bảo hiểm xã hội và miễn học phí. Có thể được nhận thêm 2 tháng nếu tiếp tục làm PhD tại Pháp.",Là quỹ học bổng giành riêng cho những cử nhân tài năng Toán học,,"Đây là quỹ cực lớn của Paris dành riêng cho Toán học. Nếu bạn có background từ các lớp cử nhân tài năng Toán tại Việt Nam, đây là đích nhắm vô cùng phù hợp."
Academic Merit-Based Fee Exemption,https://dauphine.psl.eu/en/training/scholarships-and-social-assistance?fbclid=IwZXh0bgNhZW0CMTAAYnJpZBExU1pRSHhaTngzSlpUa00zVnNydGMGYXBwX2lkEDIyMjAzOTE3ODgyMDA4OTIAAR5BV3ABOCrbc0Pl7wmyTyBxWEOsIQ8QP0pP5dVUFZGMT_eDluPRoiGY1nQZMA_aem_nyjKL3gLO40Kfzph7_i2Iw,,,Merit-based & need-based,"Sinh viên quốc tế ngoài EU (bao gồm Việt Nam), có nơi cư trú thuế ngoài EEA (Khu vực kinh tế châu Âu).",Université Paris Dauphine – PSL,Miễn 50% hoặc 100% học phí cho năm 1 và năm 2 bậc Thạc sĩ (chương trình Grande École Diploma với mức phí phân tầng - modulated tuition fees).,Xét dựa trên những cá nhân có thành tích học thuật xuất sắc và dựa trên hoàn cảnh gia đình,Nộp đơn đồng thời khi nộp hồ sơ nhập học trên hệ thống MyCandidature. Kết quả có vào tháng 7.,"Đối với sinh viên Việt Nam không xin được các học bổng tiền mặt lớn, đây là cứu cánh thực tế nhất để giảm bớt gánh nặng chi phí khi du học tự túc tại trường lớn (Grande École) như Dauphine, nơi học phí thường cao hơn trường công lập thông thường."
Eiffel Excellence Scholarship,https://dauphine.psl.eu/en/training/scholarships-and-social-assistance?fbclid=IwZXh0bgNhZW0CMTAAYnJpZBExU1pRSHhaTngzSlpUa00zVnNydGMGYXBwX2lkEDIyMjAzOTE3ODgyMDA4OTIAAR5BV3ABOCrbc0Pl7wmyTyBxWEOsIQ8QP0pP5dVUFZGMT_eDluPRoiGY1nQZMA_aem_nyjKL3gLO40Kfzph7_i2Iw,,,Merit-based,Sinh viên quốc tế (bao gồm Việt Nam) đăng ký học Thạc sĩ hoặc Tiến sĩ. Tuổi dưới 30 (Thạc sĩ) và dưới 35 (Tiến sĩ).,Các trường đại học ở Pháp,"
Bậc Thạc sĩ: €1,181 / tháng.

Bậc Tiến sĩ: €1,800 / tháng.

Hỗ trợ thêm: Vé máy bay khứ hồi (quốc tế), vé tàu nội địa Pháp, và có thể có trợ cấp nhà ở (ngoài ký túc xá trường).",Thành tích học tập xuất sắc. Ngành học phải thuộc 5 lĩnh vực: Kinh tế & Quản lý; Luật; Kỹ thuật; Khoa học chính trị; Toán học & Kỹ thuật số. Hồ sơ phải được trường Dauphine chấp nhận và đứng ra tiến cử lên Campus France (bạn không thể tự nộp trực tiếp cho Campus France). Không gộp chung được với học bổng khác của chính phủ Pháp hoặc Erasmus+.,Hạn nộp cho trường thường vào khoảng giữa tháng 11 hàng năm. Kết quả có vào giữa tháng 4 năm sau.,"Đây là học bổng danh giá bậc nhất của Chính phủ Pháp. Tỷ lệ cạnh tranh cực kỳ cao (Acceptance Rate thấp). Bí quyết là bạn phải có một hồ sơ học thuật vượt trội và liên hệ với trường sớm để họ đồng ý đứng ra ""bảo lãnh"" và nộp hồ sơ của bạn đi tiếp."
MARTS-UP Scholarship – Université Paris Cité,https://mobility.smarts-up.fr/?fbclid=IwZXh0bgNhZW0CMTAAYnJpZBExU1pRSHhaTngzSlpUa00zVnNydGMGYXBwX2lkEDIyMjAzOTE3ODgyMDA4OTIAAR5TCyKkJpvPEEXj5gqTRbPedB7F5BTIV5k3mg8cwJK-BYQn6G0_G3_-YevFQw_aem_ga35HYbBlBzB2aqEaBzb1g,400 slots,,Merit-based,Sinh viên quốc tế nộp Master 1 hoặc Master 2 tại trường.,Université Paris Cité,"• Giá trị: 10.000 EUR / suất • Thời gian tài trợ: 1 năm học (2026–2027) • Loại hỗ trợ: incoming mobility scholarship (hỗ trợ sinh viên quốc tế sang học Master) • Khoảng 3.000 sinh viên Master, trong đó khoảng 400 sinh viên quốc tế thuộc hệ sinh thái chương trình.",Điều kiện chung: • Có quốc tịch nước ngoài và lần đầu vào học tại đại học Pháp (primo-arrivant) • Không được có bằng đại học quốc gia của Pháp trước đó • Sinh viên học chương trình double degree với trường cũng đủ điều kiện • Sinh viên ngoài châu Âu cần đồng thời đăng ký qua nền tảng Études en France để xin visa Master 1: • Có bằng Bachelor/Licence tương đương cấp ở nước ngoài Master 2: • Hoàn thành ít nhất 1 năm Master toàn thời gian đúng/chuẩn ngành liên quan Trường hợp song tịch: • Có quốc tịch Pháp vẫn eligible nếu chưa từng học tại Pháp,"Mở đơn: 1/12/2025 Deadline: 16/01/2026 lúc 12:00 trưa (CET) Lưu ý: Chỉ nộp 1 hồ sơ duy nhất, nộp nhiều hồ sơ sẽ không được xét.","• Phù hợp với ứng viên định hướng research / PhD pathway vì chương trình công khai mục tiêu xây dựng nguồn tuyển nghiên cứu sinh tương lai. • Giá trị 10.000 EUR tương đối tốt với học phí công lập Pháp (nhiều chương trình Master ở Pháp có học phí thấp hơn Anh/Mỹ đáng kể), nên học bổng này có thể cover phần lớn chi phí sinh hoạt ban đầu. • Không thiên về hoàn cảnh tài chính → GPA, hồ sơ học thuật, nghiên cứu, motivation letter và định hướng học thuật sẽ quan trọng. • Vì chỉ dành cho người chưa từng học đại học tại Pháp, đây là điểm cần kiểm tra kỹ eligibility."
InnovInOnco Scholarship - Université de Lyon,https://graduate-plus.fr/en/training-in-oncology/2026-master-excellence-scholarships-innovinonco/?fbclid=IwZXh0bgNhZW0CMTAAYnJpZBExU1pRSHhaTngzSlpUa00zVnNydGMGYXBwX2lkEDIyMjAzOTE3ODgyMDA4OTIAAR5-4ZQrsZat_YtiE5h4FKmkEM1spxqYQkSiWdSVbjoRKSeTST8-gcQNRupQEA_aem_blqKcK5E4iXVC4Hf6kfqSA,8 slots,,Merit-based,"Sinh viên quốc tế, mới đến Pháp, có bằng Cử nhân/M1 ngành Ung thư, Sinh học, Lý sinh, Tin sinh...",Université de Lyon,€10.000 / năm (€1.000/tháng X 10 tháng),"Thạc sĩ Ung thư (Master Cancer) hoặc Thạc sĩ Kỹ thuật Nano (Master Nanoscale Engineering)
Hồ sơ yêu cầu:CV (1 trang), Thư động lực (1 trang), Bằng cấp, Bảng điểm (+Xếp hạng lớp), Chứng chỉ tiếng Anh, 1-2 Thư giới thiệu (giáo sư gửi trực tiếp). Dịch thuật tiếng Anh/Pháp.
Tiêu chí xét duyệt: Điểm số xuất sắc + Kinh nghiệm thực tập nghiên cứu + Định hướng nghề nghiệp hợp lý",,"- Chương trình học bằng tiếng Anh, nặng về nghiên cứu (yêu cầu thực tập từ 2-6 tháng).

- Phải nộp hồ sơ xin học bổng và hồ sơ xin học vào trường song song vì đây là 2 quy trình độc lập."
CARe Graduate School’s Master scholarships,https://care-graduateschool.fr/contact/?fbclid=IwZXh0bgNhZW0CMTAAYnJpZBExU1pRSHhaTngzSlpUa00zVnNydGMGYXBwX2lkEDIyMjAzOTE3ODgyMDA4OTIAAR7X7FkIWcfXftqKVTgo5Bf_IA9_mncvknP6XSiKmeeNHDL-iQzzJDXVCBztRA_aem_GrBgAfAbXkJbz1u0X6OhYg,,,Merit-based,"Sinh viên quốc tế đã trúng tuyển chương trình Thạc sĩ “Bio–Santé” (ngành Ung thư, Lão hóa và Trẻ hóa) tại Đại học Toulouse.","CARe Graduate School (Université de Toulouse, Pháp)","Năm 1: 7.000 € (700 €/tháng từ tháng 9 đến tháng 6). 
Năm 2: 4.000 € (400 €/tháng) + khoảng 3.000 € lương thực tập bán thời gian. Tài trợ 1 vé máy bay khứ hồi","Có bằng Cử nhân sinh học, toán, tin học, hóa, lý... tại trường quốc tế. Đã nộp hồ sơ và trúng tuyển khóa Master “Bio–Santé” trước ngày 15/05/2026. Hồ sơ Master gồm: CV (max 2 trang), Thư động lực (max 2 trang), Bảng điểm từ cấp 3 đến Đại học, Thư giới thiệu, Chứng chỉ Anh ngữ (TOEIC > 750, TOEFL iBT > 85, hoặc IELTS > 6.5). Ưu tiên ứng viên đang sống ngoài nước Pháp.","* Hạn nộp hồ sơ Master: Trước 15/05/2026.


* Hạn nộp thư đăng ký học bổng: Trước 30/06/2026.


* Nhập học: Tháng 9/2026.","Học bổng này cực kỳ mở cho các bạn có gốc ngành định lượng (Toán, Tin) muốn chuyển dịch sang làm EdTech, Y sinh hoặc Quản trị y tế. Đầu mối liên hệ: Cô Christa Rachelle Joseph và cô Scarlett Weale qua email: christa-rachelle.joseph@utoulouse.fr / scarlett.weale@utoulouse.fr"
CARe Graduate School’s internship support,https://care-graduateschool.fr/contact/?fbclid=IwZXh0bgNhZW0CMTAAYnJpZBExU1pRSHhaTngzSlpUa00zVnNydGMGYXBwX2lkEDIyMjAzOTE3ODgyMDA4OTIAAR7X7FkIWcfXftqKVTgo5Bf_IA9_mncvknP6XSiKmeeNHDL-iQzzJDXVCBztRA_aem_GrBgAfAbXkJbz1u0X6OhYg,,,Mobility / Internship grant,"1. Chiều đến (Incoming): Sinh viên quốc tế thực tập tại lab đối tác ở Toulouse.


2. Chiều đi (Outgoing): Học viên M1, M2, PhD của CARe đi thực tập quốc tế.",CARe Graduate School và các phòng thí nghiệm đối tác tại Toulouse hoặc quốc tế.,"1. Chiều đến: Chi trả thù lao thực tập theo luật Pháp + vé khứ hồi (tối đa 4.500 €).


2. Chiều đi: Hỗ trợ đi lại, ở tại nước ngoài: tối đa 3.600 € (khóa 3 tháng), tối đa 6.600 € (khóa 6 tháng).","Có bằng Cử nhân ngành phù hợp. Chiều đến: Được một phòng lab đối tác của CARe tại Toulouse đồng ý tiếp nhận thực tập.


Chiều đi: Nộp dự án thực tập trước ít nhất 2 tháng, nêu rõ đề tài (ưu tiên giao thoa sinh học với toán/tin/lý/hóa), thông tin lab nhận và thời gian đi.",Nhận hồ sơ liên tục quanh năm (Ứng viên lưu ý nộp trước thời gian thực tập dự kiến ít nhất 2 tháng để làm thủ tục xét duyệt kinh phí).,"Đây là cơ hội tối ưu chi phí rất tốt cho những bạn muốn có trải nghiệm trao đổi, nhúng mình vào môi trường nghiên cứu chuẩn châu Âu ngắn hạn mà không bị áp lực tài chính về vé máy bay và lưu trú."
2026 Call for PhD proposals- Hệ Tiến sĩ (EUR CARe PhD Program),https://care-graduateschool.fr/contact/?fbclid=IwZXh0bgNhZW0CMTAAYnJpZBExU1pRSHhaTngzSlpUa00zVnNydGMGYXBwX2lkEDIyMjAzOTE3ODgyMDA4OTIAAR7X7FkIWcfXftqKVTgo5Bf_IA9_mncvknP6XSiKmeeNHDL-iQzzJDXVCBztRA_aem_GrBgAfAbXkJbz1u0X6OhYg,,,Merit-based + Research project funding,"Ứng viên Tiến sĩ có năng lực nghiên cứu đa ngành, liên kết giữa sinh học/y khoa với toán, tin học, lý, hóa.","CARe Graduate School (Đại học Toulouse) phối hợp với các trường độc lập/đối tác quốc tế (Harvard, UCL, KTH...).",Tài trợ toàn bộ kinh phí nghiên cứu Tiến sĩ. Bao gồm cả chi phí đi lại và ăn ở cho kỳ thực tập bắt buộc từ 3 đến 6 tháng tại nước ngoài hoặc trong khối doanh nghiệp đối tác.,"Giai đoạn 1 (Hạn 27/02/2026): Nộp đề xuất sơ bộ giấu tên ứng viên, chấm điểm theo chất lượng khoa học (6 điểm) và tính đồng hướng dẫn đa ngành/quốc tế (4 điểm). Dự án phải bắt buộc có tính đa ngành rõ rệt, thúc đẩy học viên phát triển công cụ/mô hình mới thay vì dùng sẵn.
Giai đoạn 2 (Hạn 31/05/2026): Ứng viên được xác định danh tính nộp hồ sơ đầy đủ kèm CV, người giới thiệu và chứng nhận ký kết từ lab quốc tế nhận thực tập. Phỏng vấn bảo vệ đề xuất bằng tiếng Anh vào tháng 6/2026 (12 phút thuyết trình, 15 phút hỏi đáp).",,"Chương trình đòi hỏi tính tự chủ tuyệt đối của ứng viên. Hội đồng nêu rõ dự án phải đặt ứng viên làm trung tâm, không được là một phần kéo dài của một dự án có sẵn từ trước, và bắt buộc phải có yếu tố thiết kế thuật toán/thiết bị mới."
CARe PhD support- Hỗ trợ Nhà ở Tiến sĩ (PhD Support),https://care-graduateschool.fr/contact/?fbclid=IwZXh0bgNhZW0CMTAAYnJpZBExU1pRSHhaTngzSlpUa00zVnNydGMGYXBwX2lkEDIyMjAzOTE3ODgyMDA4OTIAAR7X7FkIWcfXftqKVTgo5Bf_IA9_mncvknP6XSiKmeeNHDL-iQzzJDXVCBztRA_aem_GrBgAfAbXkJbz1u0X6OhYg,,,merit-based,Nghiên cứu sinh quốc tế đã đăng ký học tại CARe Graduate School và có bằng Thạc sĩ từ trường quốc tế.,"CARe Graduate School (Université de Toulouse, Pháp)","Hỗ trợ 500 €/tháng tiền thuê nhà tại Toulouse (tối đa 6 tháng, tổng cộng 3.000 €) + Tài trợ 1 vé máy bay khứ hồi.","Đang theo học Tiến sĩ tại CARe. Có bằng Thạc sĩ nước ngoài. Nộp CV (2 trang) + Đề xuất dự án khoa học (3 trang gồm tổng quan, mục tiêu, phương pháp) chứng minh tính đa ngành và đúng định hướng của CARe. Ưu tiên học viên làm Tiến sĩ đồng hướng dẫn (co-tutorship) với một đại học nước ngoài.",Nhận hồ sơ liên tục quanh năm (Mở tự do cho các nghiên cứu sinh đạt điều kiện tại trường nộp hồ sơ xét duyệt phân bổ quỹ nhà ở).,Phù hợp nhất cho các dự án Tiến sĩ có sự liên kết chặt chẽ với một trường đại học ngoài nước Pháp để gia tăng điểm ưu tiên khi hội đồng xét duyệt cấp ngân sách hỗ trợ nhà ở.
Excellence Grants for the Graduate Programme in Mathematics and Applicationn - Dauphine PSL,https://psl.eu/programmes-gradues/mathematiques-et-applications?fbclid=IwZXh0bgNhZW0CMTAAYnJpZBExU1pRSHhaTngzSlpUa00zVnNydGMGYXBwX2lkEDIyMjAzOTE3ODgyMDA4OTIAAR5VQHSUvs6VQMMUDLnWW5OTveQSJXk-rMlbtV5QtnIYJhyXq-96AD62rImkXw_aem_NlUT1MrgGVPuCEEAo7oPjA,,,Merit-based,"Sinh viên đăng ký chương trình Thạc sĩ ngành Toán học và Ứng dụng, có định hướng nghiên cứu rõ ràng",Université PSL (Paris Sciences & Lettres),"Học bổng tài trợ cho chương trình tích hợp Thạc sĩ - Tiến sĩ kéo dài 5 năm (A 5-year master-doctoral course). Người học được cá nhân hóa lộ trình, huấn luyện 1-1 (mentorship) từ đầu, nhúng sâu vào môi trường nghiên cứu tại 4 phòng thí nghiệm chuẩn quốc tế và tiếp cận các chương trình liên ngành (Data Program, Paris School of AI).","1. Ngành học áp dụng: Phải đăng ký vào chương trình Master's Degree in Mathematics and Applications, thuộc một trong các định hướng: Toán học cơ bản/ứng dụng/nâng cao, Kỹ thuật thống kê và tài chính, Toán-học máy và khoa học nhân văn, Bảo hiểm-kinh tế và tài chính, Khoa học định phí (Actuarial Science).
2. Yêu cầu chuyên môn: Thể hiện tư duy nghiên cứu mạnh mẽ, cam kết xây dựng kế hoạch học tập phối hợp chặt chẽ với đội ngũ giảng viên ngay từ khi bắt đầu Master.
3. Hồ sơ và quy trình: Xét tuyển dựa trên năng lực học thuật xuất sắc trong các lĩnh vực Toán học, Tin học (AI) hoặc Kinh tế định lượng.",,"Học bổng này cực kỳ phù hợp cho ứng viên ngành Kinh tế có thế mạnh định lượng sâu, muốn ứng dụng Toán học vào Quản trị nguồn lực, Kinh tế học hoặc AI/Khoa học dữ liệu (Data Program). Chương trình nhấn mạnh tính liên ngành tối đa. Địa chỉ liên hệ điều phối: Giáo sư Vincent RIVOIRARD (Dauphine - PSL) - email: gp-maths@psl.eu"
"@iaelyon Graduate School ""International Entrepreneurship and Innovation for Society (IEIS) ",https://iae.univ-lyon3.fr/ieis-graduate-school-excellence-scholarship-call-for-applications-open-until-20th-march-2026?fbclid=IwZXh0bgNhZW0CMTAAYnJpZBExU1pRSHhaTngzSlpUa00zVnNydGMGYXBwX2lkEDIyMjAzOTE3ODgyMDA4OTIAAR5TCyKkJpvPEEXj5gqTRbPedB7F5BTIV5k3mg8cwJK-BYQn6G0_G3_-YevFQw_aem_ga35HYbBlBzB2aqEaBzb1g,,,Merit-based,"Sinh viên nước ngoài, lần đầu đến học tại iaelyon (Đại học Jean Moulin Lyon 3) và đang sống ngoài nước Pháp tại thời điểm nộp hồ sơ (Cho phép người có 2 quốc tịch Pháp).","iaelyon School of Management (thuộc Université Jean Moulin Lyon 3, Pháp)","Giá trị: 1.000 €/tháng trong vòng 10 tháng (tổng cộng 10.000 €/năm).


* Hỗ trợ thêm: Có thể nhận thêm khoản trợ cấp tái định cư trị giá 2.000 €.


* Quyền lợi đi kèm: Được tham gia chương trình đào tạo xuất sắc ""Honours IEIS"", môi trường nghiên cứu quốc tế tại Phòng thí nghiệm Magellan, tham gia Tuần lễ Quốc tế iaelyon, và chương trình tiền ươm tạo (pre-incubation) của trường.","1. Chương trình học áp dụng: Phải đăng ký vào 1 trong 2 chương trình Thạc sĩ 2 (Master 2) sau, đồng thời cam kết hoàn thành khóa học “Honours IEIS”:
* Sustainable Management for International Business (SMIB)
* Etudes et Recherche en Management (ERM)

2. Yêu cầu khóa Honours IEIS: Học 5 trụ cột (nghiên cứu, khởi nghiệp, đổi mới, phát triển bền vững, quốc tế); tham gia 2 hội thảo; làm nghiên cứu cho nhóm CREATE; viết luận văn Thạc sĩ theo chủ đề của IEIS.

3. Bộ hồ sơ yêu cầu (Gộp chung thành 1 file PDF):
* Bằng cấp cao nhất: Cử nhân và năm 1 Thạc sĩ (tương đương 240 ECTS).
* CV (gói gọn trong 1 trang).
* Thư động lực (Motivation letter - 1 trang) nêu rõ mục tiêu nghề nghiệp, lý do chọn trường và định hướng nghiên cứu.
* Bảng điểm từ bậc Cử nhân trở đi.
* Bản tóm tắt các công trình nghiên cứu trước đây (khóa luận, bài báo khoa học, báo cáo thực tập, nếu có).
* Chứng chỉ tiếng Anh (TOEFL, IELTS...) tối thiểu B2 (Miễn nếu là bản xứ hoặc đã học bằng tiếng Anh 2 năm). Biết tiếng Pháp là một lợi thế.
* Bản sao giấy tờ tùy thân chính thức (Hộ chiếu/CCCD).

4. Thư giới thiệu (Bắt buộc): Ít nhất 1 thư do giảng viên/người hướng dẫn ký và phải được gửi trực tiếp từ email của người viết đến email nhận hồ sơ, không thông qua ứng viên.",20/3/2026,"Học bổng tìm kiếm ứng viên có tư duy quản trị kết hợp giữa kinh doanh, đổi mới sáng tạo và tạo tác động xã hội bền vững. Tiêu chí đánh giá dựa trên: Sự xuất sắc của nền tảng học thuật; Kinh nghiệm thực tập và kỹ năng nghiên cứu; Độ nhất quán của dự án nghề nghiệp; Năng lực ngoại ngữ. Địa chỉ nhận hồ sơ và liên hệ: Cô Mélanie Montcharmont (Điều phối viên) - email: melanie.montcharmont@univ-lyon3.fr"
VLIR-OUS ( Học bổng chính phủ Bỉ),https://www.vliruos.be/get-funded/study-scholarships,Số lượng học bổng được phân bổ giới hạn theo từng chương trình đào tạo cụ thể trong danh mục hàng năm,,Merit-based & Development-oriented,"Công dân thuộc các nước đang phát triển trong danh sách hợp lệ (bao gồm Việt Nam) và đang sinh sống tại nước sở tại lúc nộp hồ sơ.


- Về độ tuổi: Từ 35 tuổi trở xuống đối với Thạc sĩ cơ bản (2 năm) và từ 45 tuổi trở xuống đối với Thạc sĩ nâng cao (1 năm) tính đến ngày 1 tháng 1 của năm nhập học.","Các trường Đại học thuộc vùng Flanders, Vương quốc Bỉ (Hệ thống giáo dục nói tiếng Hà Lan của Bỉ).","• Học phí: Miễn 100%.


• Sinh hoạt phí: Trợ cấp từ 1.000 – 1.200 EUR/tháng.


• Di chuyển: Vé máy bay khứ hồi (Việt Nam – Bỉ – Việt Nam) và hỗ trợ chi phí đi lại nội địa tại Bỉ.


• Y tế: Bảo hiểm y tế và tai nạn toàn diện.


• Học thuật: Tài trợ chi phí nghiên cứu, tài liệu và luận văn tốt nghiệp.","1. Có bằng tốt nghiệp Đại học và bảng điểm hợp lệ (dịch thuật sang tiếng Anh hoặc tiếng Pháp).

2. Chứng chỉ tiếng Anh: IELTS từ 6.5 trở lên hoặc TOEFL iBT từ 80 trở lên (hoặc cao hơn tùy ngành).

3. Hồ sơ bắt buộc: CV học thuật, Thư động lực (Motivation Letter), 1 đến 2 Thư giới thiệu (ưu tiên từ email tổ chức).

4. Ràng buộc hồ sơ: Mỗi năm chỉ được chọn nộp đơn cho duy nhất 1 ngành học trong danh mục ICP Connect. Chưa từng nhận học bổng của chính phủ Bỉ và chưa từng đăng ký học tại trường đại học Bỉ trước ngày 1 tháng 1 năm nhập học.",Thường mở và đóng đơn trong khoảng từ tháng 1 đến tháng 3 hàng năm (hạn chót chính xác phụ thuộc vào cổng đăng ký riêng của từng ngành học).,"- Yếu tố Đóng góp xã hội vượt trội: Học bổng này không chỉ tìm kiếm người có điểm số cao, mà ưu tiên cực kỳ lớn cho ứng viên đang làm việc trong khu vực công (nhà nước), các viện nghiên cứu, trường đại học hoặc các tổ chức phi chính phủ (NGOs).- Chiến lược chọn ngành quyết định thành bại: Vì VLIR-UOS chỉ giới hạn trong một số ngành trọng điểm về phát triển bền vững (như Quản lý nguồn nước, An toàn thực phẩm, Thống kê dữ liệu, Dịch tễ học, Quản trị đô thị), ứng viên cần chứng minh được kiến thức tiếp thu từ Bỉ sẽ giúp giải quyết trực tiếp bài toán thực tế tại Việt Nam sau khi về nước."
"Sydney International Undergraduate Academic Excellence Scholarship
",https://www.sydney.edu.au/scholarships/e/sydney-international-undergraduate-academic-excellence-scholarship.html?fbclid=IwZXh0bgNhZW0CMTAAYnJpZBExU1pRSHhaTngzSlpUa00zVnNydGMGYXBwX2lkEDIyMjAzOTE3ODgyMDA4OTIAAR7hmRPTPeFpUm4ouA47cp_2etHBPDMGg2nd42adPVxLyBTF7IRr5KWLS4corQ_aem_KE3TTw0SBqHJnINDpkKSsg,"Khoảng 20 suất học bổng được cấp trên toàn cầu mỗi năm, chia đều cho 2 kỳ nhập học.",,merit-based,"Sinh viên quốc tế xuất sắc đến từ các thị trường mục tiêu đa dạng của trường, đáp ứng các điều kiện về nhân thân và chưa từng học đại học trước đó.",The University of Sydney,"- Học phí: Hỗ trợ 100 phần trăm học phí cho toàn bộ thời gian học chuẩn của một văn bằng cử nhân đơn (lên đến tối đa 4 năm học toàn thời gian).


- Phí dịch vụ: Hỗ trợ 100 phần trăm Phí dịch vụ và tiện ích sinh viên (SSAF).


- Các chi phí khác: Sinh viên tự chi trả bảo hiểm y tế quốc tế (OSHC), chi phí sinh hoạt, chỗ ở, sách vở, vé máy bay.","1. Đã nộp đơn ứng tuyển nhưng chưa bắt đầu học một chương trình cử nhân đơn hệ chính quy (có thể bao gồm cả năm học danh dự - embedded honours) có thời gian đào tạo tối đa 4 năm.
2. Phải cam kết nhập học hệ toàn thời gian (Full-time).
3. Không áp dụng cho các chương trình học bằng kép có cấu phần sau đại học, chương trình song bằng với Sciences Po Pháp, và các bằng cấp có bao gồm Bachelor of Advanced Studies.
4. Là sinh viên quốc tế (Không có quốc tịch Úc, không phải thường trú nhân Úc hoặc người có hai quốc tịch có quốc tịch Úc).
5. Đã tốt nghiệp trung học phổ thông hoặc hoàn thành chương trình dự bị đại học được Đại học Sydney công nhận.
6. Chưa từng theo học bất kỳ chương trình đại học/cao đẳng nào trước đây (trừ các môn học mở rộng được hoàn thành khi đang học lớp 12).",,"- Tiêu chí đa dạng hóa nguồn lực toàn cầu: Hội đồng tuyển chọn phân bổ số lượng 20 suất học bổng rất giới hạn này dựa trên hai nguyên tắc cốt lõi là đa dạng hóa ngành học và đa dạng hóa quốc tịch của ứng viên.


- Quản trị tài chính cá nhân: Mặc dù tài trợ toàn bộ học phí và phí SAAF, học bổng hoàn toàn không bao gồm sinh hoạt phí hay bảo hiểm tại Úc. Do đó, ứng viên cần có kế hoạch phân bổ nguồn lực tài chính cá nhân vững vàng cho các chi phí phát sinh trong suốt 4 năm học để đảm bảo lộ trình học tập không bị gián đoạn."
Melbourne Research Scholarship,https://scholarships.unimelb.edu.au/awards/melbourne-research-scholarship?fbclid=IwZXh0bgNhZW0CMTAAYnJpZBExU1pRSHhaTngzSlpUa00zVnNydGMGYXBwX2lkEDIyMjAzOTE3ODgyMDA4OTIAAR5Ypj2DOnVc3ef2rRhvcH9jg10xouZQPuzaAM8KIavNxY9XIgh_o85Lvz0nIQ_aem_hMh43Ou2ObwTjler48RClA,350 slots,,Merit-based,Sinh viên trong nước (Úc) và sinh viên quốc tế chuẩn bị theo học hoặc đang theo học chương trình nghiên cứu sau đại học.,University of Melbourne,"Học bổng được chia làm các cấu phần bổ trợ nhau với tổng giá trị lên đến 138000 USD:


- Học phí: Miễn 100 phần trăm học phí tối đa 2 năm cho Thạc sĩ nghiên cứu (Masters by Research) hoặc tối đa 4 năm cho Tiến sĩ (Doctoral degree).

- Trợ cấp sinh hoạt (Stipend): Khoảng 39500 USD mỗi năm (tỷ lệ theo tỷ giá năm 2026), chi trả định kỳ 2 tuần một lần. Thời gian cấp tối đa 2 năm cho Thạc sĩ và 3.5 năm cho Tiến sĩ.


- Trợ cấp định cư một lần: 2000 USD cho sinh viên di chuyển từ các bang khác ngoài bang Victoria, hoặc 3000 USD cho sinh viên di chuyển từ ngoài nước Úc.


- Bảo hiểm: Tài trợ Bảo hiểm y tế du học sinh (OSHC) gói đơn cho sinh viên quốc tế cần visa.","1. Đã nộp đơn ứng tuyển và đáp ứng đủ điều kiện đầu vào của một chương trình nghiên cứu sau đại học (Thạc sĩ nghiên cứu hoặc Tiến sĩ) tại Đại học Melbourne, HOẶC đang theo học một chương trình nghiên cứu sau đại học tại trường.
2. Thí sinh được xếp hạng cao nhất bởi hội đồng tuyển chọn dựa trên kết quả học tập trước đó và tiềm năng nghiên cứu trong lĩnh vực đăng ký.
3. Các yếu tố điểm thưởng được cân nhắc thêm bao gồm: Hoàn thành văn bằng cùng cấp độ nghiên cứu, kinh nghiệm làm việc chuyên môn liên quan, các bài báo/ấn phẩm khoa học đã được bình duyệt (refereed publications), chứng chỉ y khoa chuyên khoa, hoặc có tác phẩm âm nhạc gốc.","- Hệ thống xét duyệt tự động (Không cần nộp đơn riêng): Nếu ứng viên nộp hồ sơ khóa học nghiên cứu đúng hạn chót của ngành đó, hệ thống sẽ tự động đưa hồ sơ vào diện xét học bổng này (xác nhận tự động gửi trong vòng 7 ngày sau khi nộp đơn khóa học).


- Trường hợp phải nộp đơn riêng: Áp dụng nếu ứng viên đã có thư mời học nhưng hoãn thời gian nhập học sang năm sau, hoặc là sinh viên đang học tại trường muốn xin học bổng (phải điền form trực tuyến).","- Quản trị rủi ro khoảng trống tài chính: Trợ cấp sinh hoạt phí cho bậc Tiến sĩ chỉ kéo dài tối đa 3.5 năm trong khi thời gian học và miễn học phí tối đa là 4 năm. Ứng viên cần có tư duy quản trị nguồn lực thời gian và tiến độ nghiên cứu thật tốt để hoàn thành luận án trong thời gian nhận trợ cấp, tránh rơi vào khoảng trống tài chính 0.5 năm cuối cùng.
- Sự dịch chuyển từ thâm dụng chứng chỉ sang thâm dụng thực lực: Học bổng này sở hữu tỷ lệ chọi cao do số lượng giới hạn 350 suất cho toàn trường. Hội đồng không chỉ nhìn vào bảng điểm đại học thuần túy mà đánh giá rất cao các sản phẩm đầu ra chứng minh năng lực thực tế như bài báo khoa học hay kinh nghiệm chuyên môn sâu."
NL Scholarship,https://www.studyinnl.org/finances/nl-scholarship,Số lượng chỉ tiêu thay đổi và phân bổ riêng về từng trường đại học thành viên theo từng năm,,Merit-based,"Sinh viên quốc tế có quốc tịch ngoài Khối Kinh tế Châu Âu (Non-EEA), bao gồm Việt Nam, muốn theo học chương trình Cử nhân hoặc Thạc sĩ tại Hà Lan.","Các trường Đại học Nghiên cứu (Research universities) và Đại học Khoa học Ứng dụng (Universities of applied sciences) tại Hà Lan nằm trong danh sách tham gia của năm học 2026-2027 (Ví dụ: Eindhoven University of Technology, University of Groningen, Utrecht University, Fontys, Hanze, NHL Stenden).","- Giá trị học bổng: 5000 EUR.


- Hình thức cấp: Chỉ cấp một lần duy nhất vào năm học đầu tiên.


- Lưu ý quan trọng: Đây không phải là học bổng toàn phần học phí (Not a full-tuition scholarship), sinh viên phải tự chi trả phần học phí còn lại và toàn bộ sinh hoạt phí.","1. Có quốc tịch ngoài Khối Kinh tế Châu Âu (Non-EEA).
2. Đang nộp đơn ứng tuyển vào một chương trình Cử nhân hoặc Thạc sĩ hệ chính quy toàn thời gian (Full-time) tại một trong các trường đại học Hà Lan có tham gia liên kết cấp học bổng này.
3. Đáp ứng đầy đủ các yêu cầu tuyển sinh cụ thể về học thuật và ngoại ngữ của trường đại học đã lựa chọn.
4. Chưa từng sở hữu bất kỳ bằng cấp nào từ các cơ sở giáo dục tại Hà Lan trước đây.
5. Tuân thủ nghiêm ngặt Quy tắc ứng xử và liêm chính (Code of conduct), không liên quan đến các hành vi sai phạm tài chính, pháp lý hoặc hình sự.","- Ngày mở cổng đăng ký chung cho năm học 2026-2027: Từ ngày 1 tháng 11 năm 2025.


- Hạn chót nộp hồ sơ (Deadlines): Ứng viên phải chủ động tra cứu trực tiếp tại website của trường đại học mình đăng ký học để biết hạn chót chính xác của từng ngành (thường rơi vào khoảng tháng 2 đến tháng 5 hàng năm).","- Phân bổ tài chính: Khoản hỗ trợ 5000 EUR này tập trung giảm bớt chi phí ban đầu cho sinh viên. Người ứng tuyển cần chủ động lập kế hoạch ngân sách cho các năm học tiếp theo của khóa học.

- Thẩm quyền xét duyệt: Quỹ học bổng do Bộ Giáo dục Hà Lan cấp ngân sách nhưng việc đánh giá hồ sơ và đưa ra quyết định chọn lựa ứng viên thuộc thẩm quyền riêng của từng trường đại học tiếp nhận. Do đó, việc hoàn thiện hồ sơ năng lực đáp ứng tiêu chí riêng của trường và nộp sớm là yếu tố cần thiết."
SBW Berlin International Scholarships,https://ehsaskafaalat.com/sbw-berlin-international-scholarships/?fbclid=IwY2xjawR79rBleHRuA2FlbQIxMABicmlkETFtdG03V3BmOWdJeHdpb1Jrc3J0YwZhcHBfaWQQMjIyMDM5MTc4ODIwMDg5MgABHpzAbp4XaX7cddhfMBg4vpngnlwX2_ZQQPa9xq_lx4Bh-OtM-2K66DHftX8U_aem_hboPKGiWIRwzjNxawJoXEw,20 slots,,merit-based,"Ứng viên đến từ các quốc gia đang phát triển hoặc người nước ngoài có hoàn cảnh khó khăn (vô gia cư, tị nạn được công nhận, hoặc cư dân dài hạn tại EU).

Độ tuổi từ 18 đến 30 tuổi.

Có thu nhập hộ gia đình ở mức thấp.

Không có người thân thế hệ thứ nhất (bố, mẹ, anh, chị, em ruột) đang sinh sống tại Đức.",Bất kỳ trường Đại học công lập hoặc được nhà nước công nhận nào tại Berlin hoặc Potsdam (Đức),"Học phí: Miễn phí 100% học phí (nếu chương trình học có thu phí).

Nhà ở: Được cung cấp chỗ ở miễn phí trong căn hộ chia sẻ (shared accommodation) do tổ chức SBW Berlin sắp xếp.

Trợ cấp hàng tháng: Một khoản sinh hoạt phí cố định đủ để trang trải ăn uống và chi phí cá nhân cơ bản tại Berlin.

Hỗ trợ khác: Trợ cấp chi phí đi lại (trong một số trường hợp nhất định), cơ hội tham gia các khóa đào tạo kỹ năng và các dự án xã hội của tổ chức.","Đáp ứng đầy đủ các tiêu chí về đối tượng (tuổi, thu nhập, quốc tịch).

Có điểm trung bình học tập tương đương 2.0 trở lên theo thang điểm của Đức (điểm càng nhỏ càng giỏi).

Cam kết quan trọng nhất: Sau khi tốt nghiệp, phải quay trở về nước sở tại để thực hiện các dự án phi lợi nhuận/xã hội đã định hướng từ trước.

Đã được nhận học hoặc có bằng chứng đã nộp đơn ứng tuyển vào một trường đại học tại Berlin/Potsdam.

Chưa từng nhận học bổng nào khác từ các tổ chức của Đức.","Mở quanh năm (Rolling basis). Tuy nhiên, vì số lượng suất có hạn (20 suất/năm) nên nộp hồ sơ càng sớm càng tốt ngay sau khi bạn có xác nhận ứng tuyển từ trường Đại học.","Lỗi sai phổ biến: Rất nhiều bạn bị loại ngay từ vòng gửi xe vì chưa nộp đơn xin học tại trường Đại học trước, hoặc viết một bài Motivation letter chung chung kiểu ""tôi muốn học ở Đức vì nền giáo dục tốt"".

Bí quyết: Điểm làm nên sự khác biệt của SBW Berlin không nằm ở điểm số cao chót vót, mà nằm ở Cam kết xã hội. Bạn cần chứng minh bằng một kế hoạch hành động cụ thể cho cộng đồng tại Việt Nam sau khi bạn tốt nghiệp. Hãy biến bài luận của mình thành một bản ""đề xuất dự án xã hội"" đầy tính thuyết phục."
,https://www.nyu.edu/academics/studying-abroad/upperclassmen-semester-academic-year-study-away/costs-financial-aid/scholarships-financial-aid0.html?challenge=d06e90d7-4d8f-4b88-9d8c-10b73beb60f1&utm_source=chatgpt.com,,,,,,,,,
Lester B. Pearson Scholarship,https://future.utoronto.ca/pearson-scholarships,~37 scholars,Top Canada,Merit+Leadership,UG,University of Toronto,Full tuition + residence + books,Nomination + leadership,Oct-Nov,Danh giá nhất Canada UG
UBC IMES,https://you.ubc.ca/financial-planning/scholarships-awards-international-students/,~125,Top Canada,Merit,UG,UBC,CAD 10k-25k/year,High GPA,Jan,Auto xét
MIT Need-Based Aid,https://studentfinancialservices.mit.edu/,Need-blind,Top USA,Need-based,UG,MIT,Full demonstrated need,Strong SAT/GPA,Jan-Feb,Need-blind for internationals
Harvard Financial Aid,https://college.harvard.edu/financial-aid,~55% aid,Ivy League,Need-based,UG,Harvard,100% demonstrated need,CSS + strong profile,Jan,Very generous aid
Princeton Financial Aid,https://admission.princeton.edu/costs-aid,~60% aid,Ivy League,Need-based,UG,Princeton,100% grants,Academic excellence,Jan,No-loan policy
Yale Financial Aid,https://finaid.yale.edu/,Need-blind,Ivy League,Need-based,UG,Yale,Full need met,Strong academics,Jan,Excellent low-income support
NUS Undergraduate Merit,https://nus.edu.sg/oam/scholarships,Hundreds,Top Asia,Merit,UG,NUS,Full tuition + stipend,Excellent academics,Mar,Strong ASEAN reputation
Nanyang Scholarship,https://www.ntu.edu.sg/admissions/undergraduate/financing-your-studies/scholarships,Competitive,Top Singapore,Merit,UG,NTU,Full package,Leadership + GPA,Mar,Includes laptop grant
KAIST Scholarship,https://admission.kaist.ac.kr/intl-undergraduate/scholarship/,~100% intl,Top STEM Asia,Merit STEM,UG,KAIST,Full tuition + stipend,STEM profile,Sep-Oct,English-medium STEM
GKS,https://studyinkorea.go.kr/,~2200+,Government,Government+Merit,UG/MS/PhD,Korea Universities,Full ride,GPA ≥80%,Feb/Sep,Quota VN khá cao
Knight-Hennessy,https://knight-hennessy.stanford.edu/,~100,Top global,Merit+Leadership,Graduate,Stanford,Full ride,Leadership,Oct,Elite leadership network
Gates Cambridge,https://www.gatescambridge.org/,~90,Top global,Merit+Research,Master/PhD,Cambridge,Full ride,Research potential,Oct-Dec,Rhodes of Cambridge
McCall MacBain,https://www.mcgill.ca/mcallmacbain/,~20,Top Canada,Merit+Leadership,Master,McGill,Full tuition + stipend,Leadership,Aug-Sep,Strong mentorship
SINGA,https://www.a-star.edu.sg/Scholarships/For-Graduate-Studies/Singapore-International-Graduate-Award-SINGA,Hundreds,Top SG Research,Research,PhD,Singapore Universities,Full ride + stipend,Research potential,Jun-Dec,Bond-free
HEC Paris Merit,https://www.hec.edu/en/master-s-programs/hec-mim/scholarship-financial-aid,Many,Top Europe Business,Merit,Master,HEC Paris,€14k-40k,GMAT/GRE,Rolling,Round 1 strongest
Amsterdam Excellence,https://www.uva.nl/en/education/master-s/scholarships-and-grants/excellence-scholarships/aes/,~25,Top Netherlands,Merit,Master,UvA,€25k,Top GPA,Feb-Apr,Highly competitive
van Effen Excellence,https://www.tudelft.nl/en/education/study-programme-orientation/practical-matters/scholarships,Limited,Top Engineering,Merit,Master,TU Delft,Full tuition + living,GPA ≥80%,Feb,Excellent STEM
Schwarzman Scholars,https://www.schwarzmanscholars.org/,~200,Rhodes of China,Leadership,Master,Tsinghua,Full ride,Leadership,Sep,Strong alumni network
Rhodes Scholarship,https://www.rhodeshouse.ox.ac.uk/scholarships/,~100,Most prestigious,Merit+Leadership,Master/PhD,Oxford,Full ride,Leadership + academics,Aug-Oct,Top prestige globally
ETH Zurich ESOP,https://ethz.ch/en/studies/financial/scholarships/excellencescholarship.html,~100,Top Europe STEM,Merit,Master,ETH Zurich,Tuition + stipend,Top GPA,Dec,Elite engineering
EPFL Excellence Fellowship,https://www.epfl.ch/education/master/excellence-fellowships/,~150,Top STEM Europe,Merit,Master,EPFL,CHF 15k-25k,Excellent academics,Jan-Apr,Auto xét
DAAD Research Grants,https://www.daad.de/en/study-and-research-in-germany/scholarships/,Thousands,German government,Government,PhD,Germany Universities,€750-1200/month,Research proposal,Nov-Mar,Germany tuition-free
HKU Postgraduate Scholarship,https://gradsch.hku.hk/prospective-students/financial-support/postgraduate-scholarships,Most funded,Top HK,Research,PhD,HKU,Tuition + stipend,Research profile,Rolling,English-medium
HKUST Studentship,https://fytgs.hkust.edu.hk/admissions/Admission-to-Hong-Kong-Campus/costs-and-funding,Most funded,Top STEM HK,Research,PhD,HKUST,Tuition + stipend,Supervisor contact,Nov-May,Strong STEM
Yenching Academy,https://yenchingacademy.pku.edu.cn/,~125,Top China Studies,Leadership,Master,Peking University,Full ride,Essays + interview,Dec,Harvard of China
CSC Scholarship,https://www.csc.edu.cn/studyinchina/,"~50,000",Largest globally,Government,UG/MS/PhD,China Universities,Full ride,Good GPA,Feb-Apr,Huge quota worldwide
UBC IMES,https://you.ubc.ca/financial-planning/scholarships-awards-international-students/,~125,Top Canada,Merit,UG,UBC,CAD 10k-25k/year,High GPA,Jan,Auto xét
MIT Need-Based Aid,https://studentfinancialservices.mit.edu/,Need-blind,Top USA,Need-based,UG,MIT,Full demonstrated need,Strong SAT/GPA,Jan-Feb,Need-blind for internationals
Harvard Financial Aid,https://college.harvard.edu/financial-aid,~55% aid,Ivy League,Need-based,UG,Harvard,100% demonstrated need,CSS + strong profile,Jan,Very generous aid
Princeton Financial Aid,https://admission.princeton.edu/costs-aid,~60% aid,Ivy League,Need-based,UG,Princeton,100% grants,Academic excellence,Jan,No-loan policy
Yale Financial Aid,https://finaid.yale.edu/,Need-blind,Ivy League,Need-based,UG,Yale,Full need met,Strong academics,Jan,Excellent low-income support
NUS Undergraduate Merit,https://nus.edu.sg/oam/scholarships,Hundreds,Top Asia,Merit,UG,NUS,Full tuition + stipend,Excellent academics,Mar,Strong ASEAN reputation
Nanyang Scholarship,https://www.ntu.edu.sg/admissions/undergraduate/financing-your-studies/scholarships,Competitive,Top Singapore,Merit,UG,NTU,Full package,Leadership + GPA,Mar,Includes laptop grant
KAIST Scholarship,https://admission.kaist.ac.kr/intl-undergraduate/scholarship/,~100% intl,Top STEM Asia,Merit STEM,UG,KAIST,Full tuition + stipend,STEM profile,Sep-Oct,English-medium STEM
GKS,https://studyinkorea.go.kr/,~2200+,Government,Government+Merit,UG/MS/PhD,Korea Universities,Full ride,GPA ≥80%,Feb/Sep,Quota VN khá cao
Knight-Hennessy,https://knight-hennessy.stanford.edu/,~100,Top global,Merit+Leadership,Graduate,Stanford,Full ride,Leadership,Oct,Elite leadership network
Gates Cambridge,https://www.gatescambridge.org/,~90,Top global,Merit+Research,Master/PhD,Cambridge,Full ride,Research potential,Oct-Dec,Rhodes of Cambridge
McCall MacBain,https://www.mcgill.ca/mcallmacbain/,~20,Top Canada,Merit+Leadership,Master,McGill,Full tuition + stipend,Leadership,Aug-Sep,Strong mentorship
SINGA,https://www.a-star.edu.sg/Scholarships/For-Graduate-Studies/Singapore-International-Graduate-Award-SINGA,Hundreds,Top SG Research,Research,PhD,Singapore Universities,Full ride + stipend,Research potential,Jun-Dec,Bond-free
HEC Paris Merit,https://www.hec.edu/en/master-s-programs/hec-mim/scholarship-financial-aid,Many,Top Europe Business,Merit,Master,HEC Paris,€14k-40k,GMAT/GRE,Rolling,Round 1 strongest
Amsterdam Excellence,https://www.uva.nl/en/education/master-s/scholarships-and-grants/excellence-scholarships/aes/,~25,Top Netherlands,Merit,Master,UvA,€25k,Top GPA,Feb-Apr,Highly competitive
van Effen Excellence,https://www.tudelft.nl/en/education/study-programme-orientation/practical-matters/scholarships,Limited,Top Engineering,Merit,Master,TU Delft,Full tuition + living,GPA ≥80%,Feb,Excellent STEM
Schwarzman Scholars,https://www.schwarzmanscholars.org/,~200,Rhodes of China,Leadership,Master,Tsinghua,Full ride,Leadership,Sep,Strong alumni network
Rhodes Scholarship,https://www.rhodeshouse.ox.ac.uk/scholarships/,~100,Most prestigious,Merit+Leadership,Master/PhD,Oxford,Full ride,Leadership + academics,Aug-Oct,Top prestige globally
ETH Zurich ESOP,https://ethz.ch/en/studies/financial/scholarships/excellencescholarship.html,~100,Top Europe STEM,Merit,Master,ETH Zurich,Tuition + stipend,Top GPA,Dec,Elite engineering
EPFL Excellence Fellowship,https://www.epfl.ch/education/master/excellence-fellowships/,~150,Top STEM Europe,Merit,Master,EPFL,CHF 15k-25k,Excellent academics,Jan-Apr,Auto xét
DAAD Research Grants,https://www.daad.de/en/study-and-research-in-germany/scholarships/,Thousands,German government,Government,PhD,Germany Universities,€750-1200/month,Research proposal,Nov-Mar,Germany tuition-free
HKU Postgraduate Scholarship,https://gradsch.hku.hk/prospective-students/financial-support/postgraduate-scholarships,Most funded,Top HK,Research,PhD,HKU,Tuition + stipend,Research profile,Rolling,English-medium
HKUST Studentship,https://fytgs.hkust.edu.hk/admissions/Admission-to-Hong-Kong-Campus/costs-and-funding,Most funded,Top STEM HK,Research,PhD,HKUST,Tuition + stipend,Supervisor contact,Nov-May,Strong STEM
Yenching Academy,https://yenchingacademy.pku.edu.cn/,~125,Top China Studies,Leadership,Master,Peking University,Full ride,Essays + interview,Dec,Harvard of China
CSC Scholarship,https://www.csc.edu.cn/studyinchina/,"~50,000",Largest globally,Government,UG/MS/PhD,China Universities,Full ride,Good GPA,Feb-Apr,Huge quota worldwide
UBC IMES,https://you.ubc.ca/financial-planning/scholarships-awards-international-students/,~125,Top Canada,Merit,UG,UBC,CAD 10k-25k/year,High GPA,Jan,Auto xét
MIT Need-Based Aid,https://studentfinancialservices.mit.edu/,Need-blind,Top USA,Need-based,UG,MIT,Full demonstrated need,Strong SAT/GPA,Jan-Feb,Need-blind for internationals
Harvard Financial Aid,https://college.harvard.edu/financial-aid,~55% aid,Ivy League,Need-based,UG,Harvard,100% demonstrated need,CSS + strong profile,Jan,Very generous aid
Princeton Financial Aid,https://admission.princeton.edu/costs-aid,~60% aid,Ivy League,Need-based,UG,Princeton,100% grants,Academic excellence,Jan,No-loan policy
Yale Financial Aid,https://finaid.yale.edu/,Need-blind,Ivy League,Need-based,UG,Yale,Full need met,Strong academics,Jan,Excellent low-income support
NUS Undergraduate Merit,https://nus.edu.sg/oam/scholarships,Hundreds,Top Asia,Merit,UG,NUS,Full tuition + stipend,Excellent academics,Mar,Strong ASEAN reputation
Nanyang Scholarship,https://www.ntu.edu.sg/admissions/undergraduate/financing-your-studies/scholarships,Competitive,Top Singapore,Merit,UG,NTU,Full package,Leadership + GPA,Mar,Includes laptop grant
KAIST Scholarship,https://admission.kaist.ac.kr/intl-undergraduate/scholarship/,~100% intl,Top STEM Asia,Merit STEM,UG,KAIST,Full tuition + stipend,STEM profile,Sep-Oct,English-medium STEM
GKS,https://studyinkorea.go.kr/,~2200+,Government,Government+Merit,UG/MS/PhD,Korea Universities,Full ride,GPA ≥80%,Feb/Sep,Quota VN khá cao
Knight-Hennessy,https://knight-hennessy.stanford.edu/,~100,Top global,Merit+Leadership,Graduate,Stanford,Full ride,Leadership,Oct,Elite leadership network
Gates Cambridge,https://www.gatescambridge.org/,~90,Top global,Merit+Research,Master/PhD,Cambridge,Full ride,Research potential,Oct-Dec,Rhodes of Cambridge
McCall MacBain,https://www.mcgill.ca/mcallmacbain/,~20,Top Canada,Merit+Leadership,Master,McGill,Full tuition + stipend,Leadership,Aug-Sep,Strong mentorship
